Unnamed: 0_level_0_Rk,Unnamed: 1_level_0_Player,Unnamed: 2_level_0_Nation,Unnamed: 3_level_0_Pos,Unnamed: 4_level_0_Squad,Unnamed: 5_level_0_Age,Unnamed: 6_level_0_Born,Unnamed: 7_level_0_90s,Tackles_Tkl,Tackles_TklW,Tackles_Def 3rd,Tackles_Mid 3rd,Tackles_Att 3rd,Challenges_Tkl,Challenges_Att,Challenges_Tkl%,Challenges_Lost,Blocks_Blocks,Blocks_Sh,Blocks_Pass,Unnamed: 20_level_0_Int,Unnamed: 21_level_0_Tkl+Int,Unnamed: 22_level_0_Clr,Unnamed: 23_level_0_Err,Unnamed: 24_level_0_Matches
1,Tammy Abraham,eng ENG,FW,Roma,25,1997,2.7,3,1,0,1,2,0,0,,0,1,0,1,0,3,4,0,Matches
2,Francesco Acerbi,it ITA,DF,Inter,35,1988,26.5,22,13,16,6,0,11,14,78.6,3,20,13,7,32,54,77,1,Matches
3,Yacine Adli,fr FRA,MF,Milan,23,2000,15.6,34,17,17,13,4,13,35,37.1,22,22,8,14,20,54,15,1,Matches
4,Michel Aebischer,ch SUI,MF,Bologna,26,1997,24.8,35,20,9,20,6,15,34,44.1,19,28,6,22,12,47,22,0,Matches
5,Lucien Agoume,fr FRA,MF,Inter,21,2002,0.1,0,0,0,0,0,0,0,,0,0,0,0,0,0,0,0,Matches
6,Marley Aké,fr FRA,FW,Udinese,22,2001,0.1,0,0,0,0,0,0,0,,0,0,0,0,0,0,0,0,Matches
7,Ebenezer Akinsanmiro,ng NGA,MF,Inter,18,2004,0.2,0,0,0,0,0,0,1,0.0,1,0,0,0,0,0,0,0,Matches
8,Jean-Daniel Akpa-Akpro,ci CIV,MF,Monza,30,1992,7.8,20,11,14,4,2,3,9,33.3,6,10,4,6,12,32,15,1,Matches
9,David Akpan Ankeye,ng NGA,FW,Genoa,21,2002,0.6,1,0,0,1,0,0,1,0.0,1,1,0,1,0,1,0,0,Matches
10,Luis Alberto,es ESP,MF,Lazio,30,1992,25.7,35,20,16,12,7,15,53,28.3,38,34,4,30,7,42,13,0,Matches
11,Carlos Alcaraz,ar ARG,MF,Juventus,20,2002,4.2,6,6,0,6,0,5,10,50.0,5,5,2,3,5,11,4,0,Matches
12,Pontus Almqvist,se SWE,"FW,MF",Lecce,24,1999,23.4,45,29,16,22,7,23,51,45.1,28,21,2,19,14,59,10,0,Matches
13,Lorenzo Amatucci,it ITA,MF,Fiorentina,19,2004,0.2,0,0,0,0,0,0,0,,0,0,0,0,0,0,0,0,Matches
14,Bruno Amione,ar ARG,DF,Hellas Verona,21,2002,6.4,11,3,9,2,0,4,5,80.0,1,4,2,2,9,20,19,2,Matches
15,Felipe Anderson,br BRA,"FW,MF",Lazio,30,1993,30.8,78,45,32,33,13,34,90,37.8,56,45,3,42,27,105,23,0,Matches
16,Angeliño,es ESP,DF,Roma,26,1997,12.7,21,11,12,6,3,11,19,57.9,8,11,5,6,12,33,37,1,Matches
17,Houssem Aouar,dz ALG,"MF,FW",Roma,25,1998,8.4,16,11,4,10,2,3,12,25.0,9,5,0,5,4,20,2,1,Matches
18,Simone Aresti,it ITA,GK,Cagliari,37,1986,0.0,0,0,0,0,0,0,0,,0,0,0,0,0,0,0,0,Matches
19,Marko Arnautović,at AUT,FW,Inter,34,1989,8.9,10,4,3,5,2,4,7,57.1,3,8,1,7,5,15,5,0,Matches
20,Kristjan Asllani,al ALB,MF,Inter,21,2002,8.7,7,2,3,4,0,2,11,18.2,9,9,3,6,11,18,8,0,Matches
21,Emil Audero,id IDN,GK,Inter,26,1997,3.7,0,0,0,0,0,0,0,,0,0,0,0,0,0,1,0,Matches
22,Tommaso Augello,it ITA,DF,Cagliari,28,1994,26.9,26,19,18,6,2,16,25,64.0,9,21,10,11,17,43,89,0,Matches
23,Carlos Augusto,br BRA,DF,Inter,24,1999,19.2,29,21,20,9,0,15,22,68.2,7,20,8,12,16,45,52,0,Matches
24,Yann Aurel Bisseck,de GER,DF,Inter,22,2000,10.0,14,6,10,3,1,6,9,66.7,3,10,7,3,5,19,23,0,Matches
25,Sardar Azmoun,ir IRN,"FW,MF",Roma,28,1995,6.5,8,5,2,5,1,4,8,50.0,4,4,1,3,3,11,6,1,Matches
26,Paulo Azzi,br BRA,"DF,MF",Cagliari,29,1994,10.6,19,11,10,6,3,9,18,50.0,9,11,2,9,16,35,23,0,Matches
27,Oussama El Azzouzi,ma MAR,MF,Bologna,22,2001,6.1,12,7,4,5,3,7,14,50.0,7,8,2,6,6,18,12,0,Matches
28,Milan Badelj,hr CRO,MF,Genoa,34,1989,28.2,51,27,23,24,4,24,61,39.3,37,45,13,32,50,101,54,1,Matches
29,Jaime Báez,uy URU,"FW,MF",Frosinone,28,1995,5.6,4,1,0,2,2,0,7,0.0,7,5,0,5,4,8,1,0,Matches
30,Nicola Bagnolini,it ITA,GK,Bologna,19,2004,0.1,0,0,0,0,0,0,0,,0,0,0,0,0,0,0,0,Matches
31,Nedim Bajrami,al ALB,"MF,FW",Sassuolo,24,1999,14.6,13,6,6,3,4,5,13,38.5,8,5,1,4,6,19,8,0,Matches
32,Mitchel Bakker,nl NED,DF,Atalanta,23,2000,4.2,7,3,6,1,0,2,12,16.7,10,5,0,5,3,10,6,0,Matches
33,Tommaso Baldanzi,it ITA,"MF,FW",Empoli,20,2003,8.3,4,2,1,1,2,3,10,30.0,7,7,0,7,2,6,0,0,Matches
34,Tommaso Baldanzi,it ITA,"FW,MF",Roma,20,2003,5.8,9,5,3,4,2,1,1,100.0,0,2,0,2,0,9,4,0,Matches
35,Lameck Banda,zm ZAM,FW,Lecce,22,2001,15.0,27,23,11,12,4,7,21,33.3,14,18,0,18,3,30,7,0,Matches
36,Daniel Bandeira,pt POR,MF,Hellas Verona,23,2000,5.0,6,5,1,4,1,3,7,42.9,4,3,0,3,3,9,9,0,Matches
37,Mattia Bani,it ITA,DF,Genoa,29,1993,25.6,26,10,18,7,1,11,22,50.0,11,51,31,20,22,48,116,1,Matches
38,Antonín Barák,cz CZE,"MF,FW",Fiorentina,28,1994,9.0,6,2,1,3,2,3,7,42.9,4,5,0,5,2,8,4,0,Matches
39,Nicolò Barella,it ITA,MF,Inter,26,1997,31.6,46,30,17,20,9,19,63,30.2,44,31,1,30,10,56,12,1,Matches
40,Enzo Barrenechea,ar ARG,MF,Frosinone,22,2001,31.2,65,42,28,29,8,28,70,40.0,42,47,12,35,27,92,61,2,Matches
41,Davide Bartesaghi,it ITA,"DF,MF",Milan,17,2005,0.9,2,0,1,1,0,2,4,50.0,2,1,1,0,0,2,7,0,Matches
42,Federico Baschirotto,it ITA,DF,Lecce,26,1996,36.6,21,12,16,5,0,8,15,53.3,7,42,26,16,23,44,144,1,Matches
43,Toma Bašić,hr CRO,MF,Salernitana,26,1996,12.9,20,13,10,9,1,10,27,37.0,17,18,6,12,14,34,29,0,Matches
44,Alessandro Bastoni,it ITA,DF,Inter,24,1999,25.2,46,33,31,12,3,26,40,65.0,14,25,11,14,23,69,48,1,Matches
45,Simone Bastoni,it ITA,"MF,DF",Empoli,26,1996,8.3,22,13,12,7,3,11,22,50.0,11,8,0,8,11,33,18,0,Matches
46,Reda Belahyane,ma MAR,MF,Hellas Verona,19,2004,1.0,1,1,0,1,0,1,1,100.0,0,0,0,0,1,2,0,0,Matches
47,Raoul Bellanova,it ITA,DF,Torino,23,2000,33.8,36,26,15,17,4,18,31,58.1,13,21,4,17,15,51,36,3,Matches
48,Andrea Belotti,it ITA,FW,Fiorentina,29,1993,10.5,8,3,1,5,2,5,12,41.7,7,8,1,7,2,10,3,0,Matches
49,Andrea Belotti,it ITA,FW,Roma,29,1993,7.5,8,4,2,3,3,3,6,50.0,3,7,0,7,2,10,3,0,Matches
50,Lucas Beltrán,ar ARG,"FW,MF",Fiorentina,22,2001,18.8,27,14,4,18,5,11,20,55.0,9,29,3,26,2,29,11,0,Matches
51,Ismaël Bennacer,dz ALG,MF,Milan,25,1997,12.8,29,19,11,16,2,11,22,50.0,11,12,4,8,12,41,9,2,Matches
52,Domenico Berardi,it ITA,FW,Sassuolo,28,1994,15.9,17,8,7,9,1,2,21,9.5,19,17,0,17,13,30,9,0,Matches
53,Bartosz Bereszyński,pl POL,DF,Empoli,31,1992,19.6,41,25,25,13,3,24,40,60.0,16,22,10,12,21,62,52,0,Matches
54,Etrit Berisha,al ALB,GK,Empoli,34,1989,14.0,0,0,0,0,0,0,1,0.0,1,0,0,0,0,0,7,1,Matches
55,Medon Berisha,al ALB,"FW,MF",Lecce,19,2003,2.3,3,1,3,0,0,0,2,0.0,2,2,2,0,1,4,0,0,Matches
56,Victor Bernth Kristiansen,dk DEN,DF,Bologna,20,2002,25.6,52,34,23,22,7,20,35,57.1,15,35,8,27,12,64,45,1,Matches
57,Beto,gw GNB,FW,Udinese,25,1998,0.8,1,0,0,0,1,0,0,,0,0,0,0,0,1,0,0,Matches
58,Davide Bettella,it ITA,MF,Monza,23,2000,0.0,0,0,0,0,0,0,0,,0,0,0,0,0,0,0,0,Matches
59,Sam Beukema,nl NED,DF,Bologna,24,1998,28.3,27,11,14,11,2,16,25,64.0,9,35,21,14,15,42,99,2,Matches
60,Jaka Bijol,si SVN,DF,Udinese,24,1999,23.2,43,27,34,9,0,22,35,62.9,13,36,21,15,23,66,140,1,Matches
61,El Bilal Touré,ml MLI,FW,Atalanta,21,2001,4.4,1,1,0,1,0,0,1,0.0,1,0,0,0,1,2,2,0,Matches
62,Cristiano Biraghi,it ITA,DF,Fiorentina,30,1992,26.2,47,28,20,24,3,28,52,53.8,24,30,5,25,14,61,43,0,Matches
63,Davide Biraschi,it ITA,DF,Genoa,29,1994,1.0,3,3,1,2,0,1,3,33.3,2,0,0,0,2,5,5,0,Matches
64,Samuele Birindelli,it ITA,DF,Monza,24,1999,22.4,28,19,16,7,5,14,25,56.0,11,30,11,19,18,46,48,0,Matches
65,Alexis Blin,fr FRA,MF,Lecce,26,1996,18.2,33,19,11,19,3,15,43,34.9,28,16,2,14,22,55,39,0,Matches
66,Jérôme Boateng,de GER,DF,Salernitana,34,1988,2.6,0,0,0,0,0,0,0,,0,6,5,1,4,4,21,0,Matches
67,Emil Bohinen,no NOR,MF,Genoa,24,1999,0.6,1,1,0,1,0,0,0,,0,1,0,1,0,1,3,0,Matches
68,Emil Bohinen,no NOR,MF,Salernitana,24,1999,5.9,8,6,5,3,0,2,10,20.0,8,8,2,6,14,22,6,1,Matches
69,Daniel Boloca,ro ROU,MF,Sassuolo,24,1998,22.5,48,33,18,25,5,27,46,58.7,19,23,13,10,14,62,33,2,Matches
70,Giacomo Bonaventura,it ITA,MF,Fiorentina,33,1989,25.3,26,13,6,10,10,9,21,42.9,12,16,1,15,14,40,10,0,Matches
71,Federico Bonazzoli,it ITA,"FW,MF",Hellas Verona,26,1997,11.3,4,1,1,3,0,1,8,12.5,7,9,1,8,3,7,3,0,Matches
72,Warren Bondo,fr FRA,MF,Monza,19,2003,16.4,29,22,16,10,3,13,17,76.5,4,13,3,10,6,35,13,0,Matches
73,Giovanni Bonfanti,it ITA,DF,Atalanta,20,2003,1.0,4,2,2,2,0,2,3,66.7,1,1,1,0,1,5,1,0,Matches
74,Kevin Bonifazi,it ITA,DF,Bologna,27,1996,1.0,4,0,0,4,0,1,2,50.0,1,0,0,0,0,4,7,1,Matches
75,Kevin Bonifazi,it ITA,DF,Frosinone,27,1996,3.4,5,3,2,3,0,2,3,66.7,1,1,0,1,3,8,9,0,Matches
76,Gennaro Borrelli,it ITA,FW,Frosinone,23,2000,0.3,0,0,0,0,0,0,0,,0,0,0,0,0,0,0,0,Matches
77,Erik Botheim,no NOR,"FW,MF",Salernitana,23,2000,3.5,2,0,2,0,0,0,1,0.0,1,3,0,3,0,2,2,0,Matches
78,Mehdi Bourabia,ma MAR,MF,Frosinone,31,1991,2.2,5,4,1,4,0,2,4,50.0,2,3,0,3,0,5,4,0,Matches
79,Edoardo Bove,it ITA,MF,Roma,21,2002,19.8,60,31,16,31,13,27,46,58.7,19,21,1,20,11,71,11,1,Matches
80,Domagoj Bradarić,hr CRO,DF,Salernitana,23,1999,30.5,29,20,13,10,6,15,25,60.0,10,22,7,15,32,61,62,1,Matches
81,Josip Brekalo,hr CRO,FW,Fiorentina,25,1998,7.2,8,6,6,2,0,2,11,18.2,9,7,0,7,1,9,0,0,Matches
82,Gleison Bremer,br BRA,DF,Juventus,26,1997,35.9,58,42,32,21,5,21,29,72.4,8,45,27,18,40,98,147,0,Matches
83,Brenner,br BRA,"MF,FW",Udinese,23,2000,2.1,8,7,1,5,2,4,7,57.1,3,2,0,2,0,8,2,0,Matches
84,Marco Brescianini,it ITA,MF,Frosinone,23,2000,25.8,28,13,13,12,3,9,25,36.0,16,22,5,17,10,38,37,0,Matches
85,Dylan Bronn,tn TUN,"DF,MF",Salernitana,28,1995,0.6,0,0,0,0,0,0,1,0.0,1,2,0,2,0,0,4,0,Matches
86,Tajon Buchanan,ca CAN,DF,Inter,24,1999,1.8,1,1,0,0,1,1,2,50.0,1,1,0,1,0,1,4,0,Matches
87,Alessandro Buongiorno,it ITA,DF,Torino,24,1999,28.1,70,39,43,24,3,24,34,70.6,10,20,12,8,69,139,131,0,Matches
88,Rareș-Cătălin Burnete,ro ROU,FW,Lecce,19,2004,0.1,0,0,0,0,0,0,0,,0,0,0,0,0,0,0,0,Matches
89,Jovane Cabral,cv CPV,"MF,FW",Salernitana,25,1998,7.5,13,9,4,7,2,3,9,33.3,6,3,0,3,1,14,4,0,Matches
90,Liberato Cacace,nz NZL,DF,Empoli,22,2000,21.2,40,24,24,13,3,24,38,63.2,14,23,6,17,19,59,56,0,Matches
91,Jens Cajuste,se SWE,MF,Napoli,23,1999,11.3,36,24,13,17,6,20,37,54.1,17,20,3,17,4,40,15,0,Matches
92,Davide Calabria,it ITA,DF,Milan,26,1996,24.3,70,38,38,25,7,44,72,61.1,28,26,7,19,24,94,49,1,Matches
93,Riccardo Calafiori,it ITA,DF,Bologna,21,2002,26.1,47,32,28,16,3,22,32,68.8,10,38,13,25,50,97,74,3,Matches
94,Mattia Caldara,it ITA,DF,Milan,29,1994,0.4,1,1,1,0,0,1,1,100.0,0,1,1,0,1,2,1,0,Matches
95,Luca Caldirola,it ITA,DF,Monza,32,1991,23.8,25,14,19,4,2,13,22,59.1,9,26,17,9,29,54,53,0,Matches
96,Hakan Çalhanoğlu,tr TUR,MF,Inter,29,1994,28.4,66,33,29,29,8,32,49,65.3,17,29,13,16,24,90,22,0,Matches
97,Francesco Camarda,it ITA,FW,Milan,15,2008,0.2,0,0,0,0,0,0,2,0.0,2,0,0,0,0,0,0,0,Matches
98,Nicolò Cambiaghi,it ITA,"FW,MF",Empoli,22,2000,28.4,51,39,15,20,16,16,35,45.7,19,26,1,25,14,65,8,0,Matches
99,Andrea Cambiaso,it ITA,"DF,FW",Juventus,23,2000,26.4,47,30,23,15,9,25,43,58.1,18,28,3,25,11,58,26,1,Matches
100,Matteo Cancellieri,it ITA,"FW,MF",Empoli,21,2002,19.9,35,22,12,16,7,13,36,36.1,23,19,0,19,6,41,18,0,Matches
101,Antonio Candreva,it ITA,"MF,FW",Salernitana,36,1987,30.6,18,13,8,8,2,9,25,36.0,16,9,0,9,7,25,23,0,Matches
102,Luigi Canotto,it ITA,FW,Frosinone,29,1994,0.2,0,0,0,0,0,0,0,,0,0,0,0,0,0,0,0,Matches
103,Gianluca Caprari,it ITA,"MF,FW",Monza,30,1993,3.2,2,1,1,1,0,0,1,0.0,1,0,0,0,2,4,0,0,Matches
104,Elia Caprile,it ITA,GK,Empoli,21,2001,23.0,1,0,1,0,0,1,1,100.0,0,0,0,0,0,1,16,2,Matches
105,Francesco Caputo,it ITA,FW,Empoli,35,1987,14.1,2,0,0,0,2,0,1,0.0,1,4,0,4,1,3,3,0,Matches
106,Andrea Carboni,it ITA,DF,Monza,22,2001,16.5,38,22,24,12,2,20,31,64.5,11,23,13,10,17,55,56,1,Matches
107,Valentin Carboni,ar ARG,"MF,FW",Monza,18,2005,13.0,25,15,10,12,3,8,26,30.8,18,12,1,11,7,32,4,0,Matches
108,Marco Carnesecchi,it ITA,GK,Atalanta,23,2000,26.9,0,0,0,0,0,0,0,,0,0,0,0,0,0,22,3,Matches
109,Nicolò Casale,it ITA,DF,Lazio,25,1998,17.3,15,9,13,2,0,6,15,40.0,9,19,16,3,12,27,61,0,Matches
110,Giuseppe Caso,it ITA,"FW,MF",Frosinone,24,1998,4.6,4,3,2,0,2,2,3,66.7,1,0,0,0,0,4,0,0,Matches
111,Valentín Castellanos,ar ARG,FW,Lazio,24,1998,18.7,22,10,1,12,9,6,20,30.0,14,22,2,20,2,24,18,0,Matches
112,Samu Castillejo,es ESP,"FW,MF",Sassuolo,28,1995,6.0,12,10,5,5,2,7,19,36.8,12,16,1,15,1,13,3,0,Matches
113,Santiago Castro,ar ARG,FW,Bologna,18,2004,2.7,2,1,0,1,1,1,3,33.3,2,1,0,1,1,3,1,0,Matches
114,Gaetano Castrovilli,it ITA,"FW,MF",Fiorentina,26,1997,4.1,3,2,1,2,0,1,8,12.5,7,4,0,4,2,5,3,0,Matches
115,Danilo Cataldi,it ITA,MF,Lazio,28,1994,15.1,24,12,7,16,1,8,18,44.4,10,15,7,8,17,41,19,1,Matches
116,Emil Ceide,no NOR,"FW,MF",Sassuolo,21,2001,2.0,2,2,1,1,0,1,1,100.0,0,6,1,5,0,2,0,0,Matches
117,Zeki Çelik,tr TUR,DF,Roma,26,1997,7.5,23,16,10,10,3,14,25,56.0,11,12,5,7,8,31,25,0,Matches
118,Fabien Centonze,fr FRA,DF,Hellas Verona,27,1996,7.5,14,8,10,4,0,5,10,50.0,5,14,2,12,10,24,18,0,Matches
119,Michele Cerofolini,it ITA,GK,Frosinone,24,1999,7.5,0,0,0,0,0,0,0,,0,0,0,0,0,0,5,1,Matches
120,Alberto Cerri,it ITA,FW,Empoli,27,1996,6.1,3,3,1,1,1,2,5,40.0,3,3,1,2,3,6,7,0,Matches
121,Leonardo Cerri,it ITA,DF,Juventus,20,2003,0.1,0,0,0,0,0,0,0,,0,0,0,0,0,0,0,0,Matches
122,Charlys,br BRA,MF,Hellas Verona,19,2004,0.3,0,0,0,0,0,0,0,,0,0,0,0,1,1,0,0,Matches
123,Walid Cheddira,ma MAR,FW,Frosinone,25,1998,23.6,12,7,1,8,3,4,8,50.0,4,6,1,5,5,17,10,0,Matches
124,Federico Chiesa,it ITA,FW,Juventus,25,1997,24.4,20,10,7,6,7,3,13,23.1,10,17,1,16,6,26,4,0,Matches
125,Oliver Christensen,dk DEN,GK,Fiorentina,24,1999,4.0,0,0,0,0,0,0,0,,0,0,0,0,0,0,1,0,Matches
126,Samuel Chukwueze,ng NGA,FW,Milan,24,1999,11.3,18,7,11,5,2,9,17,52.9,8,3,1,2,6,24,3,0,Matches
127,Alphadjo Cissè,it ITA,FW,Hellas Verona,16,2006,0.1,0,0,0,0,0,0,0,,0,0,0,0,0,0,0,0,Matches
128,Giorgio Cittadini,it ITA,DF,Monza,21,2002,0.2,1,1,1,0,0,1,1,100.0,0,1,1,0,0,1,0,0,Matches
129,Giorgio Cittadini,it ITA,DF,Genoa,21,2002,1.2,5,4,4,1,0,3,3,100.0,0,1,0,1,3,8,5,0,Matches
130,Patrick Ciurria,it ITA,"DF,MF",Monza,28,1995,17.8,30,18,13,13,4,13,21,61.9,8,20,5,15,9,39,28,0,Matches
131,Lorenzo Colombo,it ITA,FW,Monza,21,2002,15.1,17,12,3,9,5,8,14,57.1,6,18,5,13,0,17,14,0,Matches
132,Andrea Colpani,it ITA,"MF,FW",Monza,24,1999,29.5,25,15,6,13,6,11,20,55.0,9,11,4,7,14,39,14,0,Matches
133,Pietro Comuzzo,it ITA,"DF,FW",Fiorentina,18,2005,0.5,1,1,1,0,0,1,1,100.0,0,1,0,1,1,2,2,0,Matches
134,Andrea Consigli,it ITA,GK,Sassuolo,36,1987,35.0,0,0,0,0,0,0,0,,0,1,0,1,1,1,19,1,Matches
135,Nikita Contini Baranovsky,it ITA,GK,Napoli,27,1996,0.2,0,0,0,0,0,0,0,,0,0,0,0,0,0,1,0,Matches
136,Diego Coppola,it ITA,DF,Hellas Verona,19,2003,18.2,36,22,25,9,2,20,33,60.6,13,26,9,17,27,63,89,1,Matches
137,Tommaso Corazza,it ITA,DF,Bologna,19,2004,2.2,10,4,9,1,0,4,9,44.4,5,2,0,2,5,15,3,0,Matches
138,Jeppe Corfitzen,dk DEN,FW,Lecce,18,2004,0.1,1,0,0,1,0,1,1,100.0,0,0,0,0,0,1,0,0,Matches
139,Giacomo Corona,it ITA,FW,Empoli,19,2004,0.1,0,0,0,0,0,0,0,,0,0,0,0,0,0,0,0,Matches
140,João Costa,br BRA,"MF,FW",Roma,18,2005,0.2,0,0,0,0,0,0,0,,0,0,0,0,0,0,0,0,Matches
141,Benoît Costil,fr FRA,GK,Salernitana,36,1987,13.0,2,1,1,1,0,2,3,66.7,1,0,0,0,0,2,5,1,Matches
142,Lassana Coulibaly,ml MLI,MF,Salernitana,27,1996,23.1,47,32,20,21,6,22,49,44.9,27,23,5,18,16,63,29,0,Matches
143,Mamadou Coulibaly,sn SEN,DF,Salernitana,24,1999,0.0,0,0,0,0,0,0,0,,0,0,0,0,0,0,0,0,Matches
144,Alessio Cragno,it ITA,GK,Sassuolo,29,1994,3.0,0,0,0,0,0,0,0,,0,0,0,0,0,0,3,1,Matches
145,Bryan Cristante,it ITA,"MF,DF",Roma,28,1995,36.5,72,41,33,28,11,28,50,56.0,22,36,6,30,25,97,55,2,Matches
146,Juan Cruz,ar ARG,"FW,MF",Hellas Verona,24,1999,1.2,2,2,0,0,2,0,0,,0,1,0,1,1,3,0,0,Matches
147,Juan Cuadrado,co COL,DF,Inter,35,1988,3.0,4,3,2,2,0,3,5,60.0,2,6,1,5,1,5,2,0,Matches
148,Marvin Cuni,al ALB,FW,Frosinone,22,2001,5.9,8,3,1,3,4,3,4,75.0,1,10,1,9,1,9,0,0,Matches
149,Danilo D'Ambrosio,it ITA,DF,Monza,34,1988,17.1,57,34,34,20,3,28,41,68.3,13,22,13,9,14,71,31,0,Matches
150,Flavius Daniliuc,at AUT,DF,Salernitana,22,2001,8.3,19,11,12,5,2,9,19,47.4,10,13,4,9,8,27,15,0,Matches
151,Danilo,br BRA,DF,Juventus,32,1991,27.2,60,36,38,18,4,32,48,66.7,16,34,15,19,37,97,94,0,Matches
152,Matteo Darmian,it ITA,DF,Inter,33,1989,26.7,48,22,23,15,10,20,53,37.7,33,27,11,16,13,61,55,0,Matches
153,Juan David Cabal,co COL,DF,Hellas Verona,22,2001,16.6,36,27,19,14,3,18,29,62.1,11,30,9,21,26,62,55,2,Matches
154,Keinan Davis,eng ENG,"FW,MF",Udinese,25,1998,2.1,0,0,0,0,0,0,0,,0,0,0,0,0,0,3,0,Matches
155,Paweł Dawidowicz,pl POL,DF,Hellas Verona,28,1995,23.8,53,30,33,18,2,17,29,58.6,12,17,9,8,24,77,114,1,Matches
156,Charles De Ketelaere,be BEL,"FW,MF",Atalanta,22,2001,22.5,33,21,3,12,18,10,20,50.0,10,30,2,28,7,40,6,0,Matches
157,Mattia De Sciglio,it ITA,DF,Juventus,30,1992,0.5,0,0,0,0,0,0,0,,0,1,0,1,1,1,2,0,Matches
158,Lorenzo De Silvestri,it ITA,DF,Bologna,35,1988,7.5,10,8,5,2,3,4,7,57.1,3,9,4,5,6,16,27,0,Matches
159,Koni De Winter,be BEL,DF,Genoa,21,2002,26.4,44,25,26,13,5,21,31,67.7,10,30,10,20,21,65,78,0,Matches
160,Grégoire Defrel,mq MTQ,"FW,MF",Sassuolo,32,1991,8.4,17,8,7,5,5,7,15,46.7,8,10,0,10,3,20,9,0,Matches
161,Alessandro Deiola,it ITA,MF,Cagliari,27,1995,17.9,33,19,13,16,4,18,47,38.3,29,16,6,10,9,42,37,0,Matches
162,Alessandro Dellavalle,it ITA,DF,Torino,19,2004,0.2,0,0,0,0,0,0,0,,0,1,1,0,1,1,0,0,Matches
163,Diego Demme,de GER,MF,Napoli,31,1991,0.8,1,1,0,1,0,0,1,0.0,1,0,0,0,0,1,0,0,Matches
164,Leander Dendoncker,be BEL,MF,Napoli,28,1995,0.3,0,0,0,0,0,0,0,,0,1,1,0,0,0,0,0,Matches
165,Mattia Destro,it ITA,"FW,MF",Empoli,32,1991,4.1,2,1,0,2,0,1,1,100.0,0,4,0,4,2,4,3,0,Matches
166,Federico Di Francesco,it ITA,"FW,MF",Lecce,29,1994,0.2,1,0,0,1,0,0,0,,0,0,0,0,0,1,0,0,Matches
167,Raffaele Di Gennaro,it ITA,GK,Inter,29,1993,0.3,0,0,0,0,0,0,0,,0,0,0,0,0,0,0,0,Matches
168,Michele Di Gregorio,it ITA,GK,Monza,26,1997,31.9,1,0,1,0,0,1,4,25.0,3,1,0,1,1,2,10,2,Matches
169,Giovanni Di Lorenzo,it ITA,DF,Napoli,29,1993,35.9,58,36,26,26,6,32,68,47.1,36,43,16,27,24,82,45,0,Matches
170,Alessandro Di Pardo,it ITA,"DF,MF",Cagliari,24,1999,4.0,4,1,3,0,1,0,3,0.0,3,9,2,7,5,9,7,0,Matches
171,Boulaye Dia,sn SEN,"FW,MF",Salernitana,26,1996,12.7,4,2,2,2,0,1,3,33.3,2,5,0,5,3,7,7,0,Matches
172,Federico Dimarco,it ITA,DF,Inter,25,1997,23.1,42,25,19,14,9,17,35,48.6,18,18,3,15,9,51,34,1,Matches
173,Tiago Djaló,pt POR,DF,Juventus,23,2000,0.2,0,0,0,0,0,0,0,,0,1,0,1,0,0,1,0,Matches
174,Koffi Djidji,ci CIV,DF,Torino,30,1992,8.4,14,9,9,5,0,3,4,75.0,1,10,5,5,10,24,20,0,Matches
175,Berat Djimsiti,al ALB,DF,Atalanta,30,1993,31.5,42,24,29,12,1,19,31,61.3,12,53,33,20,57,99,100,0,Matches
176,Dodô,br BRA,DF,Fiorentina,24,1998,5.8,5,3,1,4,0,2,5,40.0,3,2,0,2,5,10,11,0,Matches
177,Josh Doig,sct SCO,DF,Hellas Verona,21,2002,9.2,16,9,9,7,0,13,17,76.5,4,12,3,9,4,20,17,1,Matches
178,Josh Doig,sct SCO,DF,Sassuolo,21,2002,14.9,25,17,16,9,0,15,27,55.6,12,31,10,21,16,41,38,0,Matches
179,Nicolás Domínguez,ar ARG,MF,Bologna,25,1998,1.1,1,0,1,0,0,0,2,0.0,2,3,0,3,0,1,2,0,Matches
180,Giulio Donati,it ITA,DF,Monza,33,1990,0.4,0,0,0,0,0,0,0,,0,0,0,0,0,0,1,1,Matches
181,Patrick Dorgu,dk DEN,"DF,MF",Lecce,18,2004,17.4,43,22,22,17,4,22,34,64.7,12,16,5,11,9,52,45,2,Matches
182,Alberto Dossena,it ITA,DF,Cagliari,24,1998,33.1,55,35,43,12,0,32,48,66.7,16,50,27,23,45,100,172,2,Matches
183,Radu Drăgușin,ro ROU,DF,Genoa,21,2002,19.0,16,11,9,6,1,8,9,88.9,1,18,12,6,21,37,87,3,Matches
184,Ondrej Duda,sk SVK,MF,Hellas Verona,28,1994,27.3,59,39,17,35,7,31,52,59.6,21,29,12,17,26,85,21,0,Matches
185,Denzel Dumfries,nl NED,DF,Inter,27,1996,18.2,22,13,9,11,2,9,23,39.1,14,15,6,9,12,34,33,1,Matches
186,Alfred Duncan,gh GHA,MF,Fiorentina,30,1993,21.0,35,22,13,15,7,15,35,42.9,20,27,5,22,11,46,13,0,Matches
187,Paulo Dybala,ar ARG,"FW,MF",Roma,29,1993,21.8,22,13,3,10,9,2,18,11.1,16,12,0,12,3,25,6,1,Matches
188,Festy Ebosele,ie IRL,DF,Udinese,20,2002,18.9,33,20,23,9,1,21,35,60.0,14,33,2,31,10,43,27,0,Matches
189,Enzo Ebosse,cm CMR,DF,Udinese,24,1999,0.1,1,1,1,0,0,0,1,0.0,1,0,0,0,1,2,0,0,Matches
190,Tyronne Ebuehi,ng NGA,DF,Empoli,27,1995,12.2,14,9,9,5,0,7,11,63.6,4,9,4,5,6,20,27,1,Matches
191,Éderson,br BRA,MF,Atalanta,24,1999,31.9,83,49,38,38,7,44,63,69.8,19,48,8,40,41,124,33,1,Matches
192,Kingsley Ehizibue,nl NED,DF,Udinese,28,1995,10.6,22,14,16,4,2,11,18,61.1,7,21,3,18,8,30,36,0,Matches
193,Emmanuel Ekong,se SWE,FW,Empoli,21,2002,0.1,0,0,0,0,0,0,0,,0,0,0,0,0,0,0,0,Matches
194,Caleb Ekuban,gh GHA,FW,Genoa,29,1994,12.6,8,4,2,4,2,5,9,55.6,4,11,3,8,1,9,7,0,Matches
195,Elif Elmas,mk MKD,"FW,MF",Napoli,23,1999,3.8,4,3,1,3,0,2,2,100.0,0,2,0,2,2,6,8,0,Matches
196,Martin Erlic,hr CRO,DF,Sassuolo,25,1998,29.1,37,22,26,8,3,20,30,66.7,10,31,16,15,28,65,128,1,Matches
197,Giovanni Fabbian,it ITA,"MF,FW",Bologna,20,2003,11.7,17,10,9,7,1,7,12,58.3,5,5,2,3,7,24,11,0,Matches
198,Nicolò Fagioli,it ITA,MF,Juventus,22,2001,4.9,5,3,1,3,1,3,7,42.9,4,3,0,3,4,9,1,0,Matches
199,Wladimiro Falcone,it ITA,GK,Lecce,28,1995,38.0,0,0,0,0,0,0,0,,0,1,0,1,1,1,21,2,Matches
200,Davide Faraoni,it ITA,DF,Hellas Verona,31,1991,6.7,13,10,5,6,2,7,10,70.0,3,9,5,4,6,19,21,0,Matches
201,Davide Faraoni,it ITA,DF,Fiorentina,31,1991,4.4,9,4,5,2,2,5,11,45.5,6,3,1,2,5,14,14,0,Matches
202,Federico Fazio,ar ARG,DF,Salernitana,36,1987,15.1,18,11,14,4,0,8,14,57.1,6,22,19,3,17,35,99,1,Matches
203,Jacopo Fazzini,it ITA,MF,Empoli,20,2003,13.7,49,25,27,13,9,30,53,56.6,23,21,3,18,12,61,18,0,Matches
204,Lewis Ferguson,sct SCO,MF,Bologna,23,1999,30.1,37,21,16,17,4,16,37,43.2,21,25,8,17,17,54,27,1,Matches
205,Andrea Ferraris,it ITA,MF,Monza,20,2003,0.1,1,1,1,0,0,0,0,,0,0,0,0,0,1,0,0,Matches
206,João Ferreira,pt POR,DF,Udinese,22,2001,20.2,58,42,36,18,4,34,58,58.6,24,27,6,21,29,87,89,0,Matches
207,Seydou Fini,it ITA,"DF,FW",Genoa,17,2006,0.4,0,0,0,0,0,0,0,,0,0,0,0,0,0,0,0,Matches
208,Vincenzo Fiorillo,it ITA,GK,Salernitana,33,1990,4.0,0,0,0,0,0,0,0,,0,0,0,0,0,0,0,1,Matches
209,Alessandro Florenzi,it ITA,DF,Milan,32,1991,19.2,43,21,26,12,5,26,48,54.2,22,16,9,7,20,63,25,1,Matches
210,Michael Folorunsho,it ITA,"MF,FW",Hellas Verona,25,1998,30.9,50,28,21,22,7,23,57,40.4,34,45,12,33,17,67,44,2,Matches
211,Davide Frattesi,it ITA,MF,Inter,23,1999,10.6,10,6,3,7,0,4,8,50.0,4,9,3,6,5,15,19,0,Matches
212,Morten Frendrup,dk DEN,MF,Genoa,22,2001,34.9,133,72,47,70,16,55,91,60.4,36,55,14,41,51,184,42,1,Matches
213,Remo Freuler,ch SUI,MF,Bologna,31,1992,29.2,78,50,41,32,5,38,69,55.1,31,37,9,28,36,114,53,2,Matches
214,Gerardo Fusco,it ITA,FW,Salernitana,18,2005,0.2,0,0,0,0,0,0,0,,0,0,0,0,0,0,0,0,Matches
215,Matteo Gabbia,it ITA,DF,Milan,23,1999,14.2,29,20,15,13,1,18,24,75.0,6,11,6,5,10,39,48,0,Matches
216,Gianluca Gaetano,it ITA,"FW,MF",Cagliari,23,2000,8.3,7,4,0,4,3,2,7,28.6,5,4,0,4,3,10,4,0,Matches
217,Gianluca Gaetano,it ITA,MF,Napoli,23,2000,1.8,4,1,0,4,0,2,4,50.0,2,5,2,3,1,5,4,0,Matches
218,Roberto Gagliardini,it ITA,"MF,DF",Monza,29,1994,26.2,61,30,27,25,9,31,50,62.0,19,30,11,19,31,92,38,0,Matches
219,Pablo Galdames Millán,cl CHI,"MF,DF",Genoa,26,1996,0.1,0,0,0,0,0,0,0,,0,1,0,1,0,0,0,0,Matches
220,Antonino Gallo,it ITA,DF,Lecce,23,2000,27.7,43,27,31,11,1,31,49,63.3,18,34,9,25,25,68,67,0,Matches
221,Luca Garritano,it ITA,"MF,DF",Frosinone,29,1994,5.4,10,5,7,2,1,5,15,33.3,10,13,0,13,4,14,8,1,Matches
222,Federico Gatti,it ITA,DF,Juventus,25,1998,29.3,33,19,16,16,1,19,24,79.2,5,26,15,11,19,52,90,1,Matches
223,Francesco Gelli,it ITA,"MF,DF",Frosinone,26,1996,17.3,19,13,8,4,7,10,24,41.7,14,19,3,16,11,30,27,1,Matches
224,Luca Gemello,it ITA,GK,Torino,23,2000,2.0,0,0,0,0,0,0,1,0.0,1,0,0,0,0,0,1,1,Matches
225,Valentin Gendrey,fr FRA,DF,Lecce,23,2000,33.8,55,33,35,16,4,30,46,65.2,16,40,11,29,35,90,99,0,Matches
226,Farés Ghedjemis,fr FRA,"FW,MF",Frosinone,20,2002,2.0,2,0,1,0,1,0,2,0.0,2,2,0,2,1,3,2,0,Matches
227,Lautaro Gianetti,ar ARG,DF,Udinese,29,1993,7.0,9,4,7,2,0,4,5,80.0,1,10,6,4,19,28,39,0,Matches
228,Mario Gila,es ESP,DF,Lazio,22,2000,20.1,32,14,23,8,1,19,34,55.9,15,27,14,13,20,52,69,0,Matches
229,Gvidas Gineitis,lt LTU,MF,Torino,19,2004,6.0,11,7,3,8,0,4,7,57.1,3,10,4,6,4,15,9,1,Matches
230,Olivier Giroud,fr FRA,FW,Milan,36,1986,26.3,17,11,6,6,5,2,14,14.3,12,14,3,11,6,23,22,0,Matches
231,Edoardo Goldaniga,it ITA,DF,Cagliari,29,1993,11.2,12,7,9,3,0,4,10,40.0,6,11,7,4,15,27,37,1,Matches
232,Pierluigi Gollini,it ITA,GK,Napoli,28,1995,7.0,1,1,1,0,0,1,1,100.0,0,0,0,0,1,2,2,0,Matches
233,Papu Gómez,ar ARG,"MF,FW",Monza,35,1988,0.5,0,0,0,0,0,0,2,0.0,2,0,0,0,1,1,0,0,Matches
234,Iron Gomis,fr FRA,MF,Salernitana,23,1999,1.5,4,1,2,2,0,0,1,0.0,1,2,0,2,2,6,2,0,Matches
235,Joan Gonzàlez,es ESP,MF,Lecce,21,2002,14.3,31,18,16,12,3,17,28,60.7,11,20,3,17,5,36,9,0,Matches
236,Nicolás González,ar ARG,FW,Fiorentina,25,1998,21.3,28,18,15,8,5,8,28,28.6,20,26,1,25,12,40,9,0,Matches
237,Alberto Grassi,it ITA,MF,Empoli,28,1995,20.1,30,18,13,13,4,10,26,38.5,16,26,11,15,41,71,37,0,Matches
238,Mattéo Guendouzi,fr FRA,MF,Lazio,24,1999,26.3,34,15,11,18,5,21,49,42.9,28,24,6,18,21,55,24,1,Matches
239,Axel Guessand,fr FRA,DF,Udinese,18,2004,0.5,1,1,0,1,0,1,1,100.0,0,1,0,1,0,1,0,0,Matches
240,Albert Guðmundsson,is ISL,"FW,MF",Genoa,26,1997,33.5,23,10,8,10,5,12,44,27.3,32,15,2,13,11,34,13,0,Matches
241,Emmanuel Gyasi,gh GHA,"DF,FW",Empoli,29,1994,20.9,34,17,18,13,3,15,32,46.9,17,30,12,18,5,39,27,1,Matches
242,Norbert Gyömbér,sk SVK,DF,Salernitana,31,1992,19.6,36,18,30,6,0,20,26,76.9,6,33,23,10,23,59,77,2,Matches
243,Nicolas Haas,ch SUI,MF,Empoli,27,1996,1.0,5,3,1,2,2,3,3,100.0,0,1,0,1,1,6,1,0,Matches
244,Ridgeciano Haps,sr SUR,DF,Genoa,30,1993,8.6,7,6,3,2,2,5,8,62.5,3,3,0,3,6,13,11,1,Matches
245,Abdou Harroui,nl NED,"MF,FW",Frosinone,25,1998,11.3,23,11,11,11,1,8,16,50.0,8,19,3,16,5,28,8,0,Matches
246,Hans Hateboer,nl NED,DF,Atalanta,29,1994,12.4,12,5,8,2,2,5,15,33.3,10,21,7,14,4,16,21,0,Matches
247,Pantelis Hatzidiakos,gr GRE,DF,Cagliari,26,1997,9.5,22,10,12,10,0,10,17,58.8,7,14,5,9,13,35,30,1,Matches
248,Silvan Hefti,ch SUI,"MF,DF",Genoa,25,1997,1.3,6,1,2,3,1,4,7,57.1,3,2,0,2,0,6,1,0,Matches
249,Liam Henderson,sct SCO,MF,Empoli,27,1996,0.1,0,0,0,0,0,0,0,,0,0,0,0,0,0,0,0,Matches
250,Matheus Henrique,br BRA,MF,Sassuolo,25,1997,27.8,43,29,21,18,4,18,43,41.9,25,18,8,10,25,68,31,6,Matches
251,Thomas Henry,fr FRA,FW,Hellas Verona,28,1994,3.7,0,0,0,0,0,0,0,,0,0,0,0,0,0,5,0,Matches
252,Theo Hernández,fr FRA,DF,Milan,25,1997,31.0,30,17,19,11,0,11,22,50.0,11,33,13,20,23,53,42,1,Matches
253,Isak Hien,se SWE,DF,Hellas Verona,24,1999,9.6,17,10,10,7,0,10,19,52.6,9,12,5,7,7,24,33,1,Matches
254,Isak Hien,se SWE,DF,Atalanta,24,1999,10.4,18,12,8,10,0,7,15,46.7,8,12,5,7,14,32,33,0,Matches
255,Emil Holm,se SWE,DF,Atalanta,23,2000,10.5,28,19,17,9,2,16,36,44.4,20,25,3,22,7,35,25,0,Matches
256,Martin Hongla,cm CMR,MF,Hellas Verona,25,1998,12.0,24,13,9,13,2,8,11,72.7,3,8,3,5,7,31,24,0,Matches
257,Sydney van Hooijdonk,nl NED,FW,Bologna,23,2000,2.4,3,0,0,2,1,1,2,50.0,1,1,1,0,1,4,4,0,Matches
258,Dean Huijsen,es ESP,DF,Roma,18,2005,5.7,10,5,5,5,0,1,4,25.0,3,7,4,3,4,14,26,2,Matches
259,Dean Huijsen,es ESP,DF,Juventus,18,2005,0.1,0,0,0,0,0,0,0,,0,0,0,0,0,0,1,0,Matches
260,Elseid Hysaj,al ALB,DF,Lazio,29,1994,13.3,24,14,8,13,3,15,24,62.5,9,16,6,10,17,41,31,0,Matches
261,Arijon Ibrahimović,de GER,"FW,DF",Frosinone,17,2005,5.3,7,6,4,2,1,1,9,11.1,8,4,0,4,1,8,3,0,Matches
262,Jonathan Ikone,fr FRA,FW,Fiorentina,25,1998,18.7,22,11,7,9,6,10,17,58.8,7,12,0,12,3,25,8,0,Matches
263,Chukwubuikem Ikwuemesi,ng NGA,FW,Salernitana,21,2001,11.8,3,1,0,2,1,2,6,33.3,4,1,1,0,1,4,8,0,Matches
264,Ivan Ilić,rs SRB,MF,Torino,22,2001,23.3,22,8,9,10,3,13,27,48.1,14,20,7,13,20,42,31,0,Matches
265,Samuel Iling-Junior,eng ENG,"DF,MF",Juventus,19,2003,9.0,23,13,9,11,3,11,18,61.1,7,17,5,12,6,29,19,0,Matches
266,Ciro Immobile,it ITA,FW,Lazio,33,1990,18.4,11,9,2,5,4,3,14,21.4,11,9,3,6,5,16,11,0,Matches
267,Gino Infantino,ar ARG,MF,Fiorentina,20,2003,1.1,1,1,0,1,0,0,1,0.0,1,4,0,4,3,4,1,0,Matches
268,Gustav Isaksen,dk DEN,FW,Lazio,22,2001,11.9,4,3,2,1,1,1,9,11.1,8,11,1,10,4,8,4,0,Matches
269,Ardian Ismajli,al ALB,DF,Empoli,26,1996,22.7,26,16,18,6,2,18,23,78.3,5,28,17,11,23,49,126,1,Matches
270,Armando Izzo,it ITA,DF,Monza,31,1992,18.3,27,17,17,9,1,16,27,59.3,11,20,16,4,27,54,49,1,Matches
271,Filip Jagiełło,pl POL,MF,Genoa,25,1997,0.4,0,0,0,0,0,0,1,0.0,1,1,1,0,1,1,0,0,Matches
272,Jakub Jankto,cz CZE,"MF,FW",Cagliari,27,1996,9.7,12,9,9,1,2,8,20,40.0,12,5,1,4,5,17,20,0,Matches
273,Juan Jesus,br BRA,DF,Napoli,32,1991,23.5,42,19,28,12,2,23,33,69.7,10,23,12,11,23,65,67,1,Matches
274,Álex Jiménez,es ESP,DF,Milan,18,2005,0.8,2,1,2,0,0,2,5,40.0,3,0,0,0,0,2,4,0,Matches
275,Kaio Jorge,br BRA,FW,Frosinone,21,2002,9.0,6,4,0,1,5,3,4,75.0,1,6,0,6,1,7,0,0,Matches
276,Luka Jović,rs SRB,FW,Milan,25,1997,9.7,6,4,0,3,3,4,6,66.7,2,3,0,3,1,7,9,0,Matches
277,Hamed Junior Traorè,ci CIV,MF,Napoli,23,2000,4.2,4,2,2,0,2,1,6,16.7,5,3,0,3,2,6,1,1,Matches
278,Mohamed Kaba,fr FRA,MF,Lecce,21,2001,15.3,39,23,15,16,8,17,34,50.0,17,22,4,18,12,51,13,0,Matches
279,Christian Kabasele,be BEL,DF,Udinese,32,1991,9.6,10,7,4,5,1,2,11,18.2,9,15,9,6,12,22,56,0,Matches
280,Yayah Kallon,sl SLE,FW,Hellas Verona,22,2001,0.0,0,0,0,0,0,0,0,,0,0,0,0,0,0,0,0,Matches
281,Pierre Kalulu,fr FRA,DF,Milan,23,2000,4.2,5,1,2,3,0,1,2,50.0,1,4,3,1,1,6,12,1,Matches
282,Daichi Kamada,jp JPN,MF,Lazio,26,1996,17.2,53,36,22,22,9,28,52,53.8,24,24,5,19,18,71,7,0,Matches
283,Hassane Kamara,ci CIV,DF,Udinese,29,1994,24.7,45,32,26,13,6,25,38,65.8,13,29,2,27,26,71,66,0,Matches
284,Yann Karamoh,fr FRA,"MF,FW",Torino,25,1998,1.8,1,0,0,0,1,0,0,,0,0,0,0,0,1,1,0,Matches
285,Jesper Karlsson,se SWE,FW,Bologna,25,1998,3.8,3,3,2,1,0,2,8,25.0,6,4,0,4,4,7,1,0,Matches
286,Rick Karsdorp,nl NED,DF,Roma,28,1995,13.2,25,18,11,8,6,16,24,66.7,8,13,4,9,9,34,16,0,Matches
287,Grigoris Kastanos,cy CYP,"MF,DF",Salernitana,25,1998,16.4,23,14,8,9,6,9,20,45.0,11,13,4,9,8,31,9,0,Matches
288,Michael Kayode,it ITA,DF,Fiorentina,19,2004,22.9,53,30,27,15,11,35,48,72.9,13,25,12,13,18,71,46,2,Matches
289,Moise Kean,it ITA,FW,Juventus,23,2000,7.3,7,4,3,2,2,1,3,33.3,2,4,1,3,2,9,5,0,Matches
290,Simon Kjær,dk DEN,DF,Milan,34,1989,13.0,24,15,11,11,2,14,22,63.6,8,22,16,6,14,38,46,2,Matches
291,Davy Klaassen,nl NED,MF,Inter,30,1993,2.3,4,2,0,4,0,1,3,33.3,2,5,1,4,3,7,4,0,Matches
292,Sead Kolašinac,ba BIH,DF,Atalanta,30,1993,24.2,44,32,23,19,2,30,49,61.2,19,22,9,13,21,65,47,0,Matches
293,Teun Koopmeiners,nl NED,MF,Atalanta,25,1998,29.2,39,24,12,22,5,17,50,34.0,33,33,3,30,10,49,35,0,Matches
294,Filip Kostić,rs SRB,DF,Juventus,30,1992,20.2,37,23,20,13,4,17,33,51.5,16,29,8,21,9,46,43,0,Matches
295,Christian Kouamé,ci CIV,FW,Fiorentina,25,1997,12.1,13,4,7,6,0,6,10,60.0,4,16,0,16,2,15,10,0,Matches
296,Viktor Kovalenko,ua UKR,MF,Empoli,27,1996,6.8,5,2,2,2,1,2,8,25.0,6,12,2,10,1,6,7,0,Matches
297,Rasmus Kristensen,dk DEN,DF,Roma,26,1997,19.4,36,19,25,8,3,28,50,56.0,22,27,7,20,8,44,50,0,Matches
298,Thomas Kristensen,dk DEN,DF,Udinese,21,2002,23.3,35,24,25,10,0,21,33,63.6,12,29,20,9,29,64,118,0,Matches
299,Nikola Krstović,me MNE,FW,Lecce,23,2000,26.4,17,6,3,9,5,6,10,60.0,4,12,4,8,4,21,22,0,Matches
300,Rade Krunić,ba BIH,MF,Milan,29,1993,7.6,10,8,3,6,1,4,9,44.4,5,7,3,4,11,21,14,0,Matches
301,Marash Kumbulla,al ALB,DF,Sassuolo,23,2000,4.0,3,2,2,1,0,1,2,50.0,1,8,6,2,0,3,22,0,Matches
302,Justin Kumi,it ITA,FW,Sassuolo,19,2004,0.0,0,0,0,0,0,0,0,,0,0,0,0,0,0,0,0,Matches
303,Berkan Kutlu,tr TUR,MF,Genoa,25,1998,2.2,6,4,5,1,0,3,6,50.0,3,3,0,3,4,10,5,0,Matches
304,Khvicha Kvaratskhelia,ge GEO,FW,Napoli,22,2001,30.4,42,21,11,19,12,15,49,30.6,34,15,1,14,13,55,9,0,Matches
305,Giorgi Kvernadze,ge GEO,"FW,DF",Frosinone,20,2003,0.7,3,0,2,0,1,2,2,100.0,0,1,0,1,1,4,0,0,Matches
306,Giorgos Kyriakopoulos,gr GRE,DF,Monza,27,1996,19.0,19,10,16,3,0,11,24,45.8,13,18,1,17,13,32,28,0,Matches
307,Gianluca Lapadula,pe PER,FW,Cagliari,33,1990,13.4,1,1,0,0,1,1,10,10.0,9,2,1,1,2,3,5,0,Matches
308,Armand Lauriente,fr FRA,FW,Sassuolo,24,1998,32.3,31,20,8,14,9,13,44,29.5,31,29,4,25,15,46,11,0,Matches
309,Valentino Lazaro,at AUT,"DF,MF",Torino,27,1996,22.2,18,11,7,9,2,13,19,68.4,6,14,1,13,8,26,29,0,Matches
310,Darko Lazović,rs SRB,"FW,MF",Hellas Verona,32,1990,21.4,26,16,11,6,9,16,31,51.6,15,10,1,9,6,32,14,0,Matches
311,Manuel Lazzari,it ITA,DF,Lazio,29,1993,18.6,26,18,13,10,3,18,28,64.3,10,20,4,16,12,38,37,1,Matches
312,Nicola Leali,it ITA,GK,Genoa,30,1993,2.0,0,0,0,0,0,0,0,,0,0,0,0,0,0,0,0,Matches
313,Rafael Leão,pt POR,FW,Milan,24,1999,27.9,16,10,3,8,5,8,13,61.5,5,15,1,14,9,25,19,0,Matches
314,Jesper Lindstrøm,dk DEN,"FW,MF",Napoli,23,2000,4.8,8,3,2,3,3,4,8,50.0,4,3,0,3,2,10,6,0,Matches
315,Karol Linetty,pl POL,MF,Torino,28,1995,20.6,30,21,9,20,1,9,29,31.0,20,24,8,16,23,53,27,1,Matches
316,Luca Lipani,it ITA,MF,Sassuolo,18,2005,4.3,9,7,4,3,2,3,11,27.3,8,9,2,7,6,15,7,0,Matches
317,Pol Lirola,es ESP,DF,Frosinone,25,1997,17.1,30,18,14,15,1,17,35,48.6,18,12,1,11,19,49,41,1,Matches
318,Marcin Listkowski,pl POL,FW,Lecce,25,1998,0.1,0,0,0,0,0,0,0,,0,0,0,0,0,0,0,0,Matches
319,Diego Llorente,es ESP,DF,Roma,29,1993,24.1,31,19,20,10,1,11,24,45.8,13,40,27,13,22,53,79,0,Matches
320,Stanislav Lobotka,sk SVK,MF,Napoli,28,1994,36.5,61,39,18,30,13,24,60,40.0,36,30,8,22,30,91,29,0,Matches
321,Manuel Locatelli,it ITA,MF,Juventus,25,1998,33.4,69,43,24,35,10,31,58,53.4,27,43,17,26,25,94,65,0,Matches
322,Ruben Loftus-Cheek,eng ENG,MF,Milan,27,1996,23.0,28,18,7,14,7,15,27,55.6,12,24,12,12,9,37,10,1,Matches
323,Ademola Lookman,ng NGA,"FW,MF",Atalanta,25,1997,21.0,20,15,2,11,7,8,22,36.4,14,19,0,19,9,29,0,1,Matches
324,Maxime Lopez,fr FRA,MF,Fiorentina,25,1997,8.9,18,9,5,10,3,6,12,50.0,6,3,1,2,7,25,6,0,Matches
325,Maxime Lopez,fr FRA,MF,Sassuolo,25,1997,1.6,2,1,1,1,0,1,2,50.0,1,1,1,0,2,4,0,0,Matches
326,Matteo Lovato,it ITA,DF,Torino,23,2000,6.0,10,7,5,5,0,4,5,80.0,1,9,5,4,13,23,10,0,Matches
327,Matteo Lovato,it ITA,DF,Salernitana,23,2000,10.5,27,14,17,8,2,16,24,66.7,8,14,7,7,18,45,41,1,Matches
328,Sandi Lovrić,si SVN,MF,Udinese,25,1998,22.1,25,12,9,11,5,9,23,39.1,14,21,2,19,21,46,24,0,Matches
329,Lorenzo Lucca,it ITA,FW,Udinese,22,2000,28.8,19,11,4,11,4,5,20,25.0,15,18,3,15,3,22,36,1,Matches
330,Jhon Lucumí,co COL,DF,Bologna,25,1998,24.6,48,29,31,17,0,27,36,75.0,9,32,17,15,16,64,68,2,Matches
331,José Luis Palomino,ar ARG,DF,Atalanta,33,1990,0.3,2,1,1,1,0,1,1,100.0,0,2,1,1,1,3,6,0,Matches
332,Romelu Lukaku,be BEL,FW,Roma,30,1993,29.3,6,5,1,2,3,2,4,50.0,2,7,1,6,0,6,19,1,Matches
333,Karlo Lulić,hr CRO,MF,Frosinone,27,1996,0.2,0,0,0,0,0,0,0,,0,1,0,1,1,1,0,0,Matches
334,Sebastiano Luperto,it ITA,DF,Empoli,26,1996,37.8,37,26,25,10,2,15,24,62.5,9,46,35,11,32,69,157,1,Matches
335,Mateus Lusuardi,br BRA,DF,Frosinone,19,2004,2.4,2,1,1,1,0,1,3,33.3,2,4,2,2,4,6,8,0,Matches
336,Zito Luvumbo,ao ANG,"FW,MF",Cagliari,21,2002,21.6,9,6,5,2,2,4,15,26.7,11,19,0,19,1,10,2,0,Matches
337,Charalampos Lykogiannis,gr GRE,DF,Bologna,29,1993,10.0,10,6,5,4,1,5,10,50.0,5,15,5,10,5,15,30,0,Matches
338,Giulio Maggiore,it ITA,MF,Salernitana,25,1998,20.0,49,29,26,22,1,20,42,47.6,22,27,5,22,24,73,38,0,Matches
339,Giangiacomo Magnani,it ITA,DF,Hellas Verona,27,1995,27.2,33,18,23,10,0,15,25,60.0,10,50,28,22,45,78,118,0,Matches
340,Mike Maignan,fr FRA,GK,Milan,28,1995,29.0,1,0,1,0,0,1,1,100.0,0,1,0,1,1,2,4,3,Matches
341,Antoine Makoumbou,cg CGO,MF,Cagliari,25,1998,30.0,41,24,21,15,5,15,30,50.0,15,23,4,19,16,57,27,2,Matches
342,Daniel Maldini,it ITA,"MF,FW",Monza,21,2001,3.7,3,2,0,2,1,3,6,50.0,3,2,0,2,2,5,1,0,Matches
343,Daniel Maldini,it ITA,"FW,MF",Empoli,21,2001,2.9,4,2,0,2,2,2,2,100.0,0,5,0,5,2,6,2,0,Matches
344,Youssef Maleh,ma MAR,MF,Empoli,24,1998,28.9,74,48,30,36,8,23,52,44.2,29,62,7,55,25,99,29,0,Matches
345,Ruslan Malinovskyi,ua UKR,MF,Genoa,30,1993,17.2,35,20,18,11,6,17,41,41.5,24,22,8,14,5,40,16,0,Matches
346,Gianluca Mancini,it ITA,DF,Roma,27,1996,31.9,34,20,21,11,2,11,27,40.7,16,38,26,12,36,70,77,1,Matches
347,Marco Mancosu,it ITA,"MF,FW",Cagliari,34,1988,1.7,3,0,0,2,1,1,2,50.0,1,0,0,0,0,3,0,0,Matches
348,Christos Mandas,gr GRE,GK,Lazio,21,2001,8.0,0,0,0,0,0,0,1,0.0,1,0,0,0,1,1,3,1,Matches
349,Rolando Mandragora,it ITA,MF,Fiorentina,26,1997,17.6,26,11,8,13,5,10,22,45.5,12,14,3,11,9,35,18,1,Matches
350,Kostas Manolas,gr GRE,DF,Salernitana,32,1991,5.4,9,5,6,3,0,6,8,75.0,2,10,7,3,2,11,20,0,Matches
351,Riccardo Marchizza,it ITA,DF,Frosinone,25,1998,12.8,7,6,4,3,0,3,13,23.1,10,10,2,8,7,14,33,0,Matches
352,Gian Marco Ferrari,it ITA,DF,Sassuolo,31,1992,25.2,22,10,11,11,0,12,18,66.7,6,28,17,11,25,47,76,0,Matches
353,Pablo Marí,es ESP,DF,Monza,29,1993,29.1,41,25,34,7,0,22,34,64.7,12,40,25,15,37,78,115,1,Matches
354,Mirko Marić,hr CRO,FW,Monza,28,1995,3.2,4,0,2,1,1,0,2,0.0,2,4,0,4,2,6,3,0,Matches
355,Răzvan Marin,ro ROU,MF,Empoli,27,1996,20.2,40,22,13,23,4,19,29,65.5,10,16,4,12,6,46,30,2,Matches
356,Agustín Martegani,ar ARG,MF,Salernitana,23,2000,8.1,13,7,7,3,3,6,18,33.3,12,4,1,3,4,17,7,1,Matches
357,Aarón Martín,es ESP,DF,Genoa,26,1997,15.3,21,10,7,10,4,9,22,40.9,13,12,4,8,9,30,15,0,Matches
358,Tommaso Martinelli,it ITA,GK,Fiorentina,17,2006,1.0,0,0,0,0,0,0,0,,0,0,0,0,0,0,0,0,Matches
359,Josep Martinez,es ESP,GK,Genoa,25,1998,36.0,0,0,0,0,0,0,0,,0,0,0,0,1,1,21,3,Matches
360,Lautaro Martínez,ar ARG,FW,Inter,25,1997,29.5,22,16,4,13,5,4,19,21.1,15,30,1,29,20,42,10,0,Matches
361,Lucas Martínez Quarta,ar ARG,DF,Fiorentina,27,1996,25.5,75,47,43,28,4,36,54,66.7,18,38,14,24,30,105,69,4,Matches
362,Adam Marušić,me MNE,DF,Lazio,30,1992,34.4,45,31,24,19,2,27,49,55.1,22,27,7,20,29,74,63,2,Matches
363,Adam Masina,ma MAR,DF,Udinese,29,1994,0.7,4,0,2,2,0,2,4,50.0,2,2,1,1,2,6,5,0,Matches
364,Adam Masina,ma MAR,DF,Torino,29,1994,11.4,17,12,8,8,1,5,20,25.0,15,12,6,6,11,28,30,0,Matches
365,Alan Matturro,uy URU,DF,Genoa,18,2004,1.2,1,1,1,0,0,1,1,100.0,0,6,3,3,2,3,4,0,Matches
366,Luca Mazzitelli,it ITA,MF,Frosinone,27,1995,24.6,45,23,15,24,6,26,49,53.1,23,23,7,16,19,64,62,0,Matches
367,Pasquale Mazzocchi,it ITA,DF,Salernitana,28,1995,14.1,25,19,14,10,1,16,29,55.2,13,14,6,8,5,30,31,0,Matches
368,Pasquale Mazzocchi,it ITA,DF,Napoli,28,1995,4.8,5,2,1,2,2,2,3,66.7,1,5,1,4,1,6,13,0,Matches
369,Jordi Mboula,es ESP,"FW,MF",Hellas Verona,24,1999,3.4,4,4,1,2,1,4,7,57.1,3,4,1,3,1,5,0,0,Matches
370,Weston McKennie,us USA,"MF,DF",Juventus,24,1998,28.8,48,29,31,11,6,17,27,63.0,10,28,7,21,18,66,69,0,Matches
371,Arthur Melo,br BRA,MF,Fiorentina,26,1996,22.1,45,30,17,24,4,26,42,61.9,16,27,3,24,18,63,8,0,Matches
372,Leonardo Mendicino,it ITA,MF,Atalanta,17,2006,0.0,0,0,0,0,0,0,0,,0,0,0,0,0,0,0,0,Matches
373,Alex Meret,it ITA,GK,Napoli,26,1997,30.8,1,0,1,0,0,1,2,50.0,1,0,0,0,0,1,10,1,Matches
374,Junior Messias,br BRA,"MF,DF",Genoa,32,1991,11.7,26,20,19,5,2,8,19,42.1,11,9,1,8,5,31,22,0,Matches
375,Nikola Milenković,rs SRB,DF,Fiorentina,25,1997,27.9,41,21,24,14,3,22,36,61.1,14,22,14,8,27,68,95,1,Matches
376,Arkadiusz Milik,pl POL,FW,Juventus,29,1994,10.2,9,5,2,5,2,3,5,60.0,2,7,1,6,5,14,3,0,Matches
377,Vanja Milinković-Savić,rs SRB,GK,Torino,26,1997,36.0,1,0,1,0,0,1,1,100.0,0,0,0,0,1,2,14,4,Matches
378,Yerry Mina,co COL,"DF,MF",Fiorentina,28,1994,0.5,1,1,1,0,0,1,2,50.0,1,0,0,0,0,1,2,0,Matches
379,Yerry Mina,co COL,DF,Cagliari,28,1994,13.5,20,13,14,6,0,13,19,68.4,6,23,14,9,4,24,77,0,Matches
380,Aleksei Miranchuk,ru RUS,"MF,FW",Atalanta,27,1995,13.1,12,6,6,4,2,5,13,38.5,8,6,1,5,2,14,5,1,Matches
381,Kevin Miranda,it ITA,DF,Sassuolo,20,2003,0.2,0,0,0,0,0,0,0,,0,0,0,0,0,0,1,0,Matches
382,Antonio Mirante,it ITA,GK,Milan,40,1983,2.0,0,0,0,0,0,0,0,,0,0,0,0,0,0,1,0,Matches
383,Fabio Miretti,it ITA,MF,Juventus,19,2003,12.3,18,14,6,8,4,10,26,38.5,16,10,1,9,7,25,6,0,Matches
384,Filippo Missori,it ITA,DF,Sassuolo,19,2004,3.0,6,3,2,4,0,4,11,36.4,7,3,2,1,4,10,8,0,Matches
385,Stefan Mitrović,rs SRB,"FW,MF",Hellas Verona,20,2002,4.3,6,3,0,5,1,2,5,40.0,3,6,1,5,0,6,4,0,Matches
386,Henrikh Mkhitaryan,am ARM,MF,Inter,34,1989,30.9,62,34,18,35,9,24,49,49.0,25,23,4,19,29,91,43,0,Matches
387,Ilario Monterisi,it ITA,DF,Frosinone,21,2001,16.3,23,13,14,7,2,12,26,46.2,14,22,18,4,8,31,63,0,Matches
388,Lorenzo Montipò,it ITA,GK,Hellas Verona,27,1996,37.0,1,1,1,0,0,1,3,33.3,2,0,0,0,0,1,25,2,Matches
389,Nikola Moro,hr CRO,MF,Bologna,25,1998,9.3,21,16,8,12,1,8,15,53.3,7,14,1,13,7,28,10,0,Matches
390,Dany Mota,pt POR,"FW,MF",Monza,25,1998,22.8,13,7,2,5,6,8,17,47.1,9,4,1,3,2,15,18,0,Matches
391,Samuele Mulattieri,it ITA,"FW,MF",Sassuolo,22,2000,5.1,1,1,0,0,1,1,2,50.0,1,7,2,5,1,2,2,0,Matches
392,Luis Muriel,co COL,"FW,MF",Atalanta,32,1991,4.5,3,2,0,2,1,1,1,100.0,0,4,0,4,1,4,0,0,Matches
393,Yunus Musah,us USA,"MF,FW",Milan,20,2002,16.4,25,14,15,6,4,8,15,53.3,7,18,4,14,10,35,16,1,Matches
394,Juan Musso,ar ARG,GK,Atalanta,29,1994,11.0,1,0,1,0,0,1,1,100.0,0,0,0,0,0,1,6,0,Matches
395,Kingstone Mutandwa,zm ZAM,"FW,MF",Cagliari,20,2003,0.4,1,0,1,0,0,1,4,25.0,3,1,0,1,0,1,2,0,Matches
396,Obite N'Dicka,ci CIV,DF,Roma,23,1999,24.1,32,18,12,19,1,12,20,60.0,8,30,16,14,16,48,75,0,Matches
397,Nahitan Nández,uy URU,"MF,DF",Cagliari,27,1995,26.0,59,40,27,23,9,27,64,42.2,37,25,2,23,19,78,32,0,Matches
398,Natan,br BRA,DF,Napoli,22,2001,10.6,14,10,10,3,1,5,10,50.0,5,12,9,3,8,22,32,0,Matches
399,Lapo Nava,it ITA,GK,Milan,19,2004,0.0,0,0,0,0,0,0,0,,0,0,0,0,0,0,0,0,Matches
400,Michel Ndary Adopo,fr FRA,MF,Atalanta,23,2000,1.2,4,3,0,3,1,1,1,100.0,0,0,0,0,0,4,2,1,Matches
401,Dan Ndoye,ch SUI,"FW,MF",Bologna,22,2000,19.7,30,15,17,11,2,17,39,43.6,22,20,1,19,10,40,14,0,Matches
402,Cyril Ngonge,be BEL,"FW,MF",Hellas Verona,23,2000,15.9,14,9,5,3,6,5,14,35.7,9,7,1,6,4,18,10,0,Matches
403,Cyril Ngonge,be BEL,FW,Napoli,23,2000,3.5,5,3,1,4,0,2,2,100.0,0,2,0,2,0,5,2,0,Matches
404,M'Baye Niang,sn SEN,FW,Empoli,28,1994,7.9,3,1,0,1,2,0,6,0.0,6,7,1,6,3,6,10,0,Matches
405,Hans Nicolussi Caviglia,it ITA,MF,Juventus,23,2000,3.0,5,2,1,3,1,4,6,66.7,2,5,1,4,0,5,2,0,Matches
406,Joseph Nonge,be BEL,MF,Juventus,18,2005,0.3,0,0,0,0,0,0,0,,0,0,0,0,0,0,1,0,Matches
407,Tijjani Noslin,nl NED,"FW,MF",Hellas Verona,24,1999,14.9,18,8,5,7,6,6,16,37.5,10,17,2,15,2,20,14,0,Matches
408,Simeon Nwankwo,ng NGA,FW,Salernitana,31,1992,7.6,6,3,0,2,4,1,3,33.3,2,7,0,7,0,6,4,0,Matches
409,M'Bala Nzola,ao ANG,FW,Fiorentina,26,1996,17.2,11,8,1,4,6,6,7,85.7,1,10,1,9,0,11,22,0,Matches
410,Adam Obert,sk SVK,DF,Cagliari,20,2002,10.5,17,9,8,8,1,8,17,47.1,9,13,7,6,21,38,41,1,Matches
411,Pedro Obiang,gq EQG,MF,Sassuolo,31,1992,5.0,8,4,3,4,1,2,10,20.0,8,6,4,2,8,16,10,0,Matches
412,Guillermo Ochoa,mx MEX,GK,Salernitana,38,1985,21.0,0,0,0,0,0,0,1,0.0,1,0,0,0,0,0,9,1,Matches
413,Jens Odgaard,dk DEN,"FW,MF",Bologna,24,1999,4.8,4,4,1,1,2,1,3,33.3,2,9,0,9,1,5,3,0,Matches
414,Noah Okafor,ch SUI,"FW,MF",Milan,23,2000,9.9,6,4,1,4,1,3,10,30.0,7,8,1,7,0,6,10,0,Matches
415,David Okereke,ng NGA,"FW,MF",Torino,25,1997,2.8,3,1,1,1,1,0,3,0.0,3,2,0,2,1,4,0,0,Matches
416,Caleb Okoli,it ITA,DF,Frosinone,22,2001,32.4,56,34,33,22,1,29,44,65.9,15,48,32,16,29,85,156,4,Matches
417,Maduka Okoye,ng NGA,GK,Udinese,23,1999,21.0,0,0,0,0,0,0,0,,0,0,0,0,1,1,4,2,Matches
418,Mathías Olivera,uy URU,DF,Napoli,25,1997,17.4,50,29,29,15,6,23,39,59.0,16,35,6,29,20,70,25,0,Matches
419,Gaetano Oristanio,it ITA,"FW,MF",Cagliari,20,2002,12.3,20,10,5,14,1,5,17,29.4,12,11,0,11,9,29,8,0,Matches
420,Riccardo Orsolini,it ITA,"FW,MF",Bologna,26,1997,19.9,23,14,13,4,6,9,30,30.0,21,25,3,22,8,31,19,1,Matches
421,Victor Osimhen,ng NGA,FW,Napoli,24,1998,22.0,9,5,0,4,5,2,4,50.0,2,5,1,4,2,11,18,0,Matches
422,Remi Oudin,fr FRA,"MF,FW",Lecce,26,1996,20.2,26,14,12,12,2,12,19,63.2,7,13,1,12,20,46,22,0,Matches
423,Anthony Oyono,ga GAB,DF,Frosinone,22,2001,13.3,37,26,21,14,2,23,34,67.6,11,17,3,14,9,46,32,0,Matches
424,Simone Pafundi,it ITA,MF,Udinese,17,2006,0.1,0,0,0,0,0,0,0,,0,0,0,0,0,0,0,0,Matches
425,Riccardo Pagano,it ITA,"MF,DF",Roma,18,2004,0.6,2,2,1,1,0,0,6,0.0,6,3,2,1,0,2,2,0,Matches
426,Christos Papadopoulos,gr GRE,FW,Genoa,18,2004,0.0,0,0,0,0,0,0,1,0.0,1,0,0,0,0,0,0,0,Matches
427,Leandro Paredes,ar ARG,MF,Roma,29,1994,29.3,57,36,30,22,5,33,77,42.9,44,26,7,19,29,86,43,1,Matches
428,Fabiano Parisi,it ITA,DF,Fiorentina,22,2000,16.2,30,15,11,12,7,15,26,57.7,11,21,5,16,17,47,26,0,Matches
429,Mario Pašalić,hr CRO,MF,Atalanta,28,1995,22.8,28,17,9,18,1,14,31,45.2,17,29,6,23,16,44,34,0,Matches
430,Triantafyllos Pasaridīs,gr GRE,DF,Salernitana,27,1996,5.0,11,7,9,2,0,9,14,64.3,5,7,3,4,3,14,19,0,Matches
431,Patric,es ESP,DF,Lazio,30,1993,17.9,13,8,10,3,0,8,18,44.4,10,15,9,6,6,19,44,0,Matches
432,Rui Patrício,pt POR,GK,Roma,35,1988,23.0,0,0,0,0,0,0,1,0.0,1,1,0,1,0,0,3,1,Matches
433,Benjamin Pavard,fr FRA,DF,Inter,27,1996,18.6,34,21,21,11,2,20,24,83.3,4,25,15,10,32,66,44,1,Matches
434,Leonardo Pavoletti,it ITA,FW,Cagliari,34,1988,7.0,1,1,0,0,1,0,1,0.0,1,2,1,1,0,1,7,0,Matches
435,Martín Payero,ar ARG,MF,Udinese,24,1998,20.0,54,32,28,19,7,19,46,41.3,27,25,7,18,15,69,21,0,Matches
436,Marcus Pedersen,no NOR,DF,Sassuolo,23,2000,17.9,36,24,25,5,6,21,25,84.0,4,19,5,14,10,46,51,0,Matches
437,Pedro,es ESP,"FW,MF",Lazio,36,1987,9.1,16,12,5,7,4,3,12,25.0,9,16,2,14,3,19,1,0,Matches
438,Pietro Pellegri,it ITA,FW,Torino,22,2001,8.4,5,1,1,4,0,1,5,20.0,4,4,1,3,2,7,3,0,Matches
439,Lorenzo Pellegrini,it ITA,MF,Roma,27,1996,20.7,35,20,14,16,5,17,51,33.3,34,28,5,23,20,55,22,0,Matches
440,Luca Pellegrini,it ITA,DF,Lazio,24,1999,8.7,18,13,7,10,1,9,17,52.9,8,7,3,4,9,27,20,0,Matches
441,Marco Pellegrino,ar ARG,DF,Salernitana,21,2002,6.1,8,6,4,3,1,5,10,50.0,5,11,6,5,10,18,28,0,Matches
442,Marco Pellegrino,ar ARG,DF,Milan,21,2002,0.8,1,1,0,0,1,0,2,0.0,2,1,1,0,1,2,2,0,Matches
443,Pepín,gq EQG,"MF,FW",Monza,26,1996,2.7,6,1,1,4,1,2,4,50.0,2,5,2,3,0,6,6,0,Matches
444,Pedro Pereira,pt POR,DF,Monza,25,1998,9.3,19,13,14,4,1,9,17,52.9,8,15,2,13,4,23,18,0,Matches
445,Roberto Pereyra,ar ARG,"FW,MF",Udinese,32,1991,20.6,19,9,11,5,3,11,29,37.9,18,20,4,16,7,26,18,0,Matches
446,Nehuén Pérez,ar ARG,DF,Udinese,23,2000,36.0,72,48,42,28,2,39,48,81.3,9,53,26,27,45,117,158,1,Matches
447,Simone Perilli,it ITA,GK,Hellas Verona,28,1995,1.0,0,0,0,0,0,0,0,,0,0,0,0,0,0,0,0,Matches
448,Mattia Perin,it ITA,GK,Juventus,30,1992,2.5,0,0,0,0,0,0,0,,0,0,0,0,0,0,1,0,Matches
449,Samuele Perisan,it ITA,GK,Empoli,25,1997,1.0,0,0,0,0,0,0,0,,0,0,0,0,0,0,0,0,Matches
450,Matteo Pessina,it ITA,MF,Monza,26,1997,35.8,44,25,20,20,4,23,49,46.9,26,29,11,18,27,71,46,1,Matches
451,Andrea Petagna,it ITA,FW,Cagliari,28,1995,11.1,4,2,1,0,3,1,2,50.0,1,6,3,3,1,5,4,0,Matches
452,Giuseppe Pezzella,it ITA,DF,Empoli,25,1997,12.1,25,14,19,5,1,20,28,71.4,8,17,6,11,2,27,35,0,Matches
453,Roberto Piccoli,it ITA,FW,Empoli,22,2001,0.4,1,1,0,0,1,1,1,100.0,0,0,0,0,0,1,0,0,Matches
454,Roberto Piccoli,it ITA,FW,Lecce,22,2001,15.3,10,6,3,5,2,1,4,25.0,3,17,1,16,4,14,16,0,Matches
455,Santiago Pierotti,ar ARG,"MF,FW",Lecce,22,2001,2.2,8,8,2,5,1,2,8,25.0,6,5,0,5,1,9,0,0,Matches
456,Niccolò Pierozzi,it ITA,DF,Salernitana,21,2001,9.7,17,11,13,4,0,11,22,50.0,11,24,7,17,11,28,36,0,Matches
457,Andrea Pinamonti,it ITA,FW,Sassuolo,24,1999,34.2,13,8,1,6,6,5,22,22.7,17,19,2,17,1,14,40,0,Matches
458,Carlo Pinsoglio,it ITA,GK,Juventus,33,1990,0.5,0,0,0,0,0,0,0,,0,0,0,0,0,0,0,0,Matches
459,Lorenzo Pirola,it ITA,DF,Salernitana,21,2002,22.1,39,23,25,14,0,15,28,53.6,13,46,30,16,25,64,93,1,Matches
460,Niccolò Pisilli,it ITA,MF,Roma,18,2004,0.1,0,0,0,0,0,0,0,,0,0,0,0,0,0,0,0,Matches
461,Tommaso Pobega,it ITA,MF,Milan,24,1999,3.5,16,9,11,5,0,6,13,46.2,7,10,2,8,6,22,7,0,Matches
462,Paul Pogba,fr FRA,MF,Juventus,30,1993,0.6,1,1,0,1,0,1,1,100.0,0,0,0,0,1,2,1,0,Matches
463,Matteo Politano,it ITA,FW,Napoli,29,1993,26.2,19,8,8,7,4,11,34,32.4,23,9,1,8,15,34,11,1,Matches
464,Marin Pongračić,hr CRO,DF,Lecce,25,1997,35.8,43,30,22,20,1,19,25,76.0,6,37,26,11,51,94,130,1,Matches
465,Stefan Posch,at AUT,DF,Bologna,26,1997,26.8,77,46,35,38,4,49,88,55.7,39,27,8,19,18,95,72,0,Matches
466,Matteo Prati,it ITA,MF,Cagliari,19,2003,21.9,45,25,15,27,3,26,42,61.9,16,29,6,23,15,60,26,1,Matches
467,Ivan Provedel,it ITA,GK,Lazio,29,1994,30.0,1,0,1,0,0,1,3,33.3,2,0,0,0,0,1,12,1,Matches
468,Christian Pulisic,us USA,"FW,MF",Milan,24,1998,28.9,35,26,14,11,10,17,30,56.7,13,20,1,19,10,45,10,1,Matches
469,George Pușcaș,ro ROU,FW,Genoa,27,1996,2.1,0,0,0,0,0,0,3,0.0,3,1,0,1,0,0,1,0,Matches
470,Domingos Quina,pt POR,MF,Udinese,23,1999,0.1,1,1,1,0,0,0,0,,0,0,0,0,0,1,0,0,Matches
471,Adrien Rabiot,fr FRA,MF,Juventus,28,1995,29.5,58,39,22,30,6,30,45,66.7,15,26,6,20,25,83,34,0,Matches
472,Uroš Račić,rs SRB,MF,Sassuolo,25,1998,9.1,10,4,6,4,0,0,9,0.0,9,16,7,9,7,17,22,0,Matches
473,Nemanja Radonjić,rs SRB,"MF,FW",Torino,27,1996,4.2,1,1,0,0,1,1,3,33.3,2,3,0,3,0,1,0,0,Matches
474,Boris Radunović,rs SRB,GK,Cagliari,27,1996,7.0,0,0,0,0,0,0,0,,0,0,0,0,1,1,1,2,Matches
475,Hamza Rafia,tn TUN,MF,Lecce,24,1999,13.4,44,31,13,27,4,13,30,43.3,17,27,1,26,11,55,13,0,Matches
476,Ylber Ramadani,al ALB,MF,Lecce,27,1996,33.0,68,41,32,29,7,37,96,38.5,59,54,13,41,44,112,44,0,Matches
477,Luca Ranieri,it ITA,DF,Fiorentina,24,1999,22.9,14,10,11,1,2,8,13,61.5,5,25,11,14,29,43,64,0,Matches
478,Filippo Ranocchia,it ITA,"MF,DF",Empoli,22,2001,5.3,16,11,7,9,0,7,16,43.8,9,9,1,8,3,19,14,0,Matches
479,Giacomo Raspadori,it ITA,"FW,MF",Napoli,23,2000,17.6,21,10,6,10,5,6,15,40.0,9,15,1,14,3,24,7,0,Matches
480,Federico Ravaglia,it ITA,GK,Bologna,23,1999,5.9,0,0,0,0,0,0,0,,0,0,0,0,0,0,2,0,Matches
481,Tijjani Reijnders,nl NED,MF,Milan,25,1998,31.3,46,25,10,31,5,21,43,48.8,22,26,8,18,18,64,26,0,Matches
482,Reinier,br BRA,"MF,FW",Frosinone,21,2002,11.8,21,10,6,12,3,5,17,29.4,12,24,4,20,10,31,5,0,Matches
483,Mateo Retegui,it ITA,FW,Genoa,24,1999,24.6,17,9,7,8,2,6,20,30.0,14,18,2,16,0,17,30,0,Matches
484,Samuele Ricci,it ITA,MF,Torino,21,2001,26.6,33,18,17,12,4,15,23,65.2,8,21,3,18,27,60,25,0,Matches
485,Ricardo Rodríguez,ch SUI,DF,Torino,30,1992,30.8,45,26,21,22,2,28,45,62.2,17,22,9,13,24,69,64,2,Matches
486,Alessio Romagnoli,it ITA,DF,Lazio,28,1995,26.8,25,18,14,11,0,16,24,66.7,8,29,17,12,29,54,115,0,Matches
487,Simone Romagnoli,it ITA,DF,Frosinone,33,1990,30.2,35,15,23,11,1,15,20,75.0,5,51,36,15,29,64,147,0,Matches
488,Luka Romero,ar ARG,"FW,MF",Milan,18,2004,1.0,0,0,0,0,0,0,3,0.0,3,2,0,2,0,0,0,0,Matches
489,Marten de Roon,nl NED,"MF,DF",Atalanta,32,1991,28.9,80,43,36,32,12,35,82,42.7,47,36,10,26,40,120,54,0,Matches
490,Francesco Rossi,it ITA,GK,Atalanta,32,1991,0.1,0,0,0,0,0,0,0,,0,0,0,0,0,0,0,0,Matches
491,Nicolò Rovella,it ITA,MF,Lazio,21,2001,14.6,46,28,25,17,4,16,36,44.4,20,27,6,21,23,69,29,0,Matches
492,Amir Rrahmani,xk KVX,DF,Napoli,29,1994,28.9,33,27,17,14,2,16,32,50.0,16,24,10,14,20,53,90,0,Matches
493,Ruan,br BRA,DF,Sassuolo,24,1999,16.8,25,15,11,10,4,10,18,55.6,8,18,15,3,24,49,68,2,Matches
494,Daniele Rugani,it ITA,DF,Juventus,29,1994,13.2,11,9,7,3,1,4,5,80.0,1,11,4,7,9,20,42,0,Matches
495,Matteo Ruggeri,it ITA,DF,Atalanta,21,2002,27.2,29,15,14,7,8,16,30,53.3,14,46,4,42,23,52,44,0,Matches
496,Mário Rui,pt POR,DF,Napoli,32,1991,13.4,27,15,17,5,5,14,21,66.7,7,17,2,15,15,42,19,0,Matches
497,Stefano Sabelli,it ITA,DF,Genoa,30,1993,27.0,50,24,28,19,3,15,46,32.6,31,27,6,21,23,73,35,0,Matches
498,Alexis Saelemaekers,be BEL,"FW,MF",Bologna,24,1999,21.0,32,22,13,14,5,12,27,44.4,15,13,1,12,13,45,10,1,Matches
499,Lazar Samardzic,rs SRB,MF,Udinese,21,2002,26.4,40,19,18,18,4,16,39,41.0,23,26,6,20,10,50,25,0,Matches
500,Junior Sambia,fr FRA,"DF,MF",Salernitana,26,1996,11.5,12,5,8,1,3,6,11,54.5,5,15,7,8,11,23,28,0,Matches
501,Antonio Sanabria,py PAR,"FW,MF",Torino,27,1996,23.7,18,15,5,9,4,4,9,44.4,5,7,1,6,6,24,12,0,Matches
502,Renato Sanches,pt POR,MF,Roma,25,1997,1.6,2,1,1,1,0,2,3,66.7,1,2,0,2,0,2,1,0,Matches
503,Alexis Sánchez,cl CHI,"FW,MF",Inter,34,1988,8.5,7,6,0,5,2,1,4,25.0,3,4,1,3,1,8,3,0,Matches
504,Alex Sandro,br BRA,DF,Juventus,32,1991,8.0,13,7,7,6,0,4,5,80.0,1,13,7,6,15,28,23,0,Matches
505,Nicola Sansone,it ITA,"FW,MF",Lecce,31,1991,8.5,11,6,6,2,3,5,16,31.3,11,7,1,6,4,15,5,2,Matches
506,Riccardo Saponara,it ITA,"FW,MF",Hellas Verona,31,1991,3.8,3,1,2,0,1,1,7,14.3,6,4,0,4,0,3,2,0,Matches
507,Zanos Savva,cy CYP,"DF,MF",Torino,17,2005,0.3,1,1,0,1,0,1,3,33.3,2,0,0,0,0,1,1,0,Matches
508,Saba Sazonov,ge GEO,DF,Torino,21,2002,4.0,9,7,4,5,0,3,3,100.0,0,8,5,3,3,12,22,0,Matches
509,Giorgio Scalvini,it ITA,DF,Atalanta,19,2003,28.3,53,33,29,19,5,19,40,47.5,21,44,17,27,59,112,71,0,Matches
510,Gianluca Scamacca,it ITA,FW,Atalanta,24,1999,16.1,15,9,4,5,6,7,14,50.0,7,7,1,6,4,19,9,0,Matches
511,Perr Schuurs,nl NED,DF,Torino,23,1999,8.6,20,12,11,8,1,3,9,33.3,6,10,2,8,9,29,23,0,Matches
512,Simone Scuffet,it ITA,GK,Cagliari,27,1996,31.0,1,0,1,0,0,1,2,50.0,1,1,0,1,1,2,9,0,Matches
513,Demba Seck,sn SEN,MF,Torino,22,2001,4.7,5,3,1,4,0,3,4,75.0,1,1,0,1,1,6,0,0,Matches
514,Demba Seck,sn SEN,"FW,MF",Frosinone,22,2001,3.3,7,4,2,3,2,4,5,80.0,1,3,0,3,1,8,1,0,Matches
515,Nikola Sekulov,it ITA,FW,Juventus,21,2002,0.1,0,0,0,0,0,0,0,,0,0,0,0,0,0,0,0,Matches
516,Vivaldo Semedo,pt POR,FW,Udinese,18,2005,0.1,0,0,0,0,0,0,0,,0,0,0,0,0,0,0,0,Matches
517,Stefano Sensi,it ITA,MF,Inter,27,1995,0.5,1,1,0,1,0,1,3,33.3,2,1,0,1,1,2,0,0,Matches
518,Suat Serdar,de GER,MF,Hellas Verona,26,1997,18.4,51,39,24,23,4,22,45,48.9,23,29,7,22,20,71,25,1,Matches
519,Andres Sfait,ro ROU,"DF,MF",Salernitana,18,2004,0.3,1,1,1,0,0,1,2,50.0,1,0,0,0,0,1,0,0,Matches
520,Stephan El Shaarawy,it ITA,"FW,DF",Roma,30,1992,19.3,21,13,14,4,3,6,15,40.0,9,11,4,7,13,34,15,2,Matches
521,Eldor Shomurodov,uz UZB,"FW,MF",Cagliari,28,1995,10.4,11,4,2,6,3,6,10,60.0,4,5,0,5,4,15,4,0,Matches
522,Steven Shpendi,al ALB,"FW,MF",Empoli,20,2003,4.6,0,0,0,0,0,0,4,0.0,4,2,1,1,1,1,0,0,Matches
523,Marco Silvestri,it ITA,GK,Udinese,32,1991,17.0,0,0,0,0,0,0,3,0.0,3,1,0,1,0,0,5,3,Matches
524,Giovanni Simeone,ar ARG,FW,Napoli,28,1995,8.9,12,4,1,3,8,3,12,25.0,9,11,0,11,1,13,7,0,Matches
525,Jan-Carlo Simic,rs SRB,DF,Milan,18,2005,1.6,1,1,1,0,0,0,0,,0,5,4,1,0,1,3,0,Matches
526,Leo Skiri Østigård,no NOR,DF,Napoli,23,1999,18.1,24,12,13,10,1,6,11,54.5,5,18,12,6,16,40,65,0,Matches
527,Łukasz Skorupski,pl POL,GK,Bologna,32,1991,32.0,2,2,2,0,0,2,3,66.7,1,0,0,0,1,3,11,3,Matches
528,Chris Smalling,eng ENG,DF,Roma,33,1989,4.3,1,1,1,0,0,1,4,25.0,3,6,5,1,5,6,8,0,Matches
529,Andrea Sodero,it ITA,MF,Empoli,18,2004,0.1,0,0,0,0,0,0,0,,0,0,0,0,0,0,0,0,Matches
530,Ola Solbakken,no NOR,FW,Roma,24,1998,0.3,0,0,0,0,0,0,0,,0,0,0,0,0,0,0,0,Matches
531,Daniele Sommariva,it ITA,GK,Genoa,26,1997,0.1,0,0,0,0,0,0,0,,0,0,0,0,0,0,0,0,Matches
532,Yann Sommer,ch SUI,GK,Inter,34,1988,34.0,2,1,2,0,0,2,2,100.0,0,1,0,1,0,2,7,1,Matches
533,Brandon Soppy,fr FRA,DF,Torino,21,2002,2.0,2,2,1,1,0,2,6,33.3,4,2,0,2,0,2,3,1,Matches
534,Alessandro Sorrentino,it ITA,GK,Monza,21,2002,6.1,0,0,0,0,0,0,0,,0,0,0,0,0,0,0,0,Matches
535,Riccardo Sottil,it ITA,FW,Fiorentina,24,1999,12.3,10,5,5,1,4,3,8,37.5,5,12,0,12,2,12,2,0,Matches
536,Matìas Soulé,ar ARG,"FW,MF",Frosinone,20,2003,34.7,41,27,12,14,15,19,40,47.5,21,38,4,34,18,59,9,0,Matches
537,Djed Spence,eng ENG,DF,Genoa,22,2000,9.5,16,10,12,4,0,8,10,80.0,2,20,5,15,8,24,28,0,Matches
538,Leonardo Spinazzola,it ITA,DF,Roma,30,1993,14.6,15,7,10,5,0,8,18,44.4,10,8,2,6,3,18,15,0,Matches
539,Marco Sportiello,it ITA,GK,Milan,31,1992,7.0,0,0,0,0,0,0,0,,0,0,0,0,0,0,2,0,Matches
540,Trivante Stewart,jm JAM,"FW,MF",Salernitana,23,2000,1.1,0,0,0,0,0,0,0,,0,1,0,1,0,0,0,0,Matches
541,Gabriel Strefezza,br BRA,FW,Lecce,26,1997,12.4,24,17,8,7,9,14,20,70.0,6,17,0,17,7,31,11,0,Matches
542,Kevin Strootman,nl NED,MF,Genoa,33,1990,13.4,34,19,13,18,3,15,31,48.4,16,20,6,14,7,41,22,0,Matches
543,Isaac Success,ng NGA,"FW,MF",Udinese,27,1996,9.8,6,4,0,5,1,1,3,33.3,2,6,1,5,2,8,11,0,Matches
544,Ibrahim Sulemana,gh GHA,MF,Cagliari,20,2003,14.9,36,14,15,15,6,17,27,63.0,10,24,5,19,7,43,23,0,Matches
545,Tomáš Suslov,sk SVK,"MF,FW",Hellas Verona,21,2002,23.2,42,30,11,22,9,15,47,31.9,32,15,0,15,6,48,8,0,Matches
546,Mile Svilar,rs SRB,GK,Roma,23,1999,15.0,0,0,0,0,0,0,0,,0,0,0,0,0,0,2,1,Matches
547,Karol Świderski,pl POL,"FW,MF",Hellas Verona,26,1997,5.6,7,3,1,3,3,2,3,66.7,1,6,4,2,1,8,8,0,Matches
548,Wojciech Szczęsny,pl POL,GK,Juventus,33,1990,35.0,0,0,0,0,0,0,0,,0,0,0,0,1,1,11,2,Matches
549,Przemysław Szymiński,pl POL,MF,Frosinone,29,1994,0.1,0,0,0,0,0,0,0,,0,1,1,0,0,0,0,0,Matches
550,Adrien Tameze,cm CMR,"DF,MF",Torino,29,1994,23.8,35,16,13,18,4,18,37,48.6,19,24,11,13,47,82,25,2,Matches
551,Elayis Tavsan,nl NED,"MF,FW",Hellas Verona,22,2001,0.6,0,0,0,0,0,0,1,0.0,1,0,0,0,0,0,1,0,Matches
552,Loum Tchaouna,fr FRA,"FW,MF",Salernitana,19,2003,23.3,20,10,5,13,2,10,20,50.0,10,20,1,19,4,24,16,1,Matches
553,Jackson Tchatchoua,cm CMR,DF,Hellas Verona,21,2001,19.2,39,26,25,12,2,23,48,47.9,25,17,7,10,23,62,49,2,Matches
554,Filippo Terracciano,it ITA,DF,Hellas Verona,20,2003,14.4,30,19,23,6,1,17,31,54.8,14,24,6,18,20,50,17,0,Matches
555,Filippo Terracciano,it ITA,"DF,FW",Milan,20,2003,0.8,2,2,1,1,0,1,3,33.3,2,3,0,3,0,2,1,0,Matches
556,Pietro Terracciano,it ITA,GK,Fiorentina,33,1990,33.0,1,1,1,0,0,1,3,33.3,2,1,0,1,0,1,8,0,Matches
557,Florian Thauvin,fr FRA,FW,Udinese,30,1993,19.0,7,4,2,4,1,4,13,30.8,9,9,1,8,3,10,2,0,Matches
558,Malick Thiaw,de GER,DF,Milan,21,2001,18.0,34,17,15,17,2,12,25,48.0,13,23,13,10,13,47,55,0,Matches
559,Morten Thorsby,no NOR,MF,Genoa,27,1996,12.9,19,11,9,8,2,7,14,50.0,7,21,5,16,4,23,20,0,Matches
560,Kristian Thorstvedt,no NOR,MF,Sassuolo,24,1999,26.6,40,22,7,28,5,22,44,50.0,22,25,9,16,21,61,36,0,Matches
561,Marcus Thuram,fr FRA,FW,Inter,25,1997,29.9,23,15,9,9,5,4,13,30.8,9,26,3,23,4,27,19,0,Matches
562,Antonio Tikvić,hr CRO,DF,Udinese,19,2004,0.0,0,0,0,0,0,0,0,,0,0,0,0,0,0,0,0,Matches
563,Jeremy Toljan,de GER,DF,Sassuolo,28,1994,23.1,13,10,8,4,1,9,15,60.0,6,17,5,12,16,29,49,1,Matches
564,Rafael Tolói,it ITA,DF,Atalanta,32,1990,10.7,20,9,7,8,5,14,27,51.9,13,9,4,5,13,33,29,0,Matches
565,Fikayo Tomori,eng ENG,DF,Milan,25,1997,23.6,42,24,29,10,3,18,29,62.1,11,34,23,11,26,68,75,1,Matches
566,Ahmed Touba,dz ALG,DF,Lecce,25,1998,3.1,6,4,3,3,0,3,4,75.0,1,4,3,1,7,13,20,0,Matches
567,Chaka Traorè,ci CIV,FW,Milan,18,2004,0.2,2,1,2,0,0,1,2,50.0,1,1,1,0,0,2,0,0,Matches
568,Stefano Turati,it ITA,GK,Frosinone,21,2001,30.5,0,0,0,0,0,0,0,,0,0,0,0,0,0,6,3,Matches
569,Kacper Urbanski,pl POL,"MF,FW",Bologna,18,2004,10.3,16,10,5,10,1,6,13,46.2,7,15,1,14,4,20,14,0,Matches
570,Emanuele Valeri,it ITA,DF,Frosinone,24,1998,13.1,19,16,10,5,4,10,21,47.6,11,14,3,11,9,28,22,0,Matches
571,Johan Vásquez,mx MEX,DF,Genoa,24,1998,31.7,51,33,38,11,2,32,50,64.0,18,50,26,24,45,96,113,0,Matches
572,Matías Vecino,uy URU,MF,Lazio,31,1991,12.8,32,17,12,20,0,20,31,64.5,11,17,5,12,12,44,21,0,Matches
573,Lorenzo Venuti,it ITA,DF,Lecce,28,1995,4.0,6,4,5,1,0,6,10,60.0,4,4,3,1,5,11,14,0,Matches
574,Simone Verdi,it ITA,FW,Torino,31,1992,0.0,0,0,0,0,0,0,0,,0,0,0,0,0,0,0,0,Matches
575,Emanuel Vignato,it ITA,"MF,FW",Salernitana,22,2000,3.5,10,7,4,5,1,5,6,83.3,1,1,0,1,1,11,7,0,Matches
576,Samuele Vignato,it ITA,"MF,FW",Monza,19,2004,3.8,6,4,2,3,1,2,3,66.7,1,2,0,2,1,7,1,0,Matches
577,Matías Viña,uy URU,DF,Sassuolo,25,1997,11.3,34,21,22,7,5,20,36,55.6,16,12,2,10,9,43,34,0,Matches
578,Rúben Vinagre,pt POR,"DF,FW",Hellas Verona,24,1999,3.1,4,2,1,1,2,3,4,75.0,1,6,3,3,1,5,4,0,Matches
579,Nicolas Viola,it ITA,"MF,FW",Cagliari,33,1989,13.4,13,9,2,8,3,7,17,41.2,10,9,0,9,2,15,6,0,Matches
580,Mattia Viti,it ITA,DF,Sassuolo,21,2002,10.9,24,15,14,7,3,10,22,45.5,12,20,10,10,10,34,44,0,Matches
581,Vitinha,pt POR,"FW,MF",Genoa,23,2000,3.2,2,2,1,0,1,1,2,50.0,1,2,0,2,0,2,2,0,Matches
582,Dušan Vlahović,rs SRB,FW,Juventus,23,2000,25.6,9,5,0,6,3,4,11,36.4,7,4,2,2,1,10,11,0,Matches
583,Nikola Vlašić,hr CRO,"MF,FW",Torino,25,1997,29.0,28,16,6,14,8,4,30,13.3,26,26,7,19,11,39,16,0,Matches
584,Alessandro Vogliacco,it ITA,DF,Genoa,24,1998,13.0,23,15,14,8,1,12,15,80.0,3,16,10,6,30,53,40,1,Matches
585,Mërgim Vojvoda,xk KVX,DF,Torino,28,1995,15.3,17,8,7,6,4,11,16,68.8,5,12,2,10,13,30,28,0,Matches
586,Cristian Volpato,it ITA,"MF,FW",Sassuolo,19,2003,7.2,16,8,9,6,1,9,25,36.0,16,7,0,7,1,17,5,0,Matches
587,Stefan de Vrij,nl NED,DF,Inter,31,1992,17.6,18,13,13,4,1,8,15,53.3,7,22,10,12,24,42,51,0,Matches
588,Walace,br BRA,MF,Udinese,28,1995,36.0,66,43,40,26,0,36,77,46.8,41,43,6,37,43,109,66,1,Matches
589,Sebastian Walukiewicz,pl POL,DF,Empoli,23,2000,22.8,39,28,33,6,0,28,41,68.3,13,50,31,19,15,54,121,0,Matches
590,Timothy Weah,us USA,"DF,FW",Juventus,23,2000,14.0,27,20,16,8,3,15,20,75.0,5,12,1,11,5,32,15,0,Matches
591,Shon Weissman,il ISR,"FW,DF",Salernitana,27,1996,5.5,4,3,2,0,2,0,4,0.0,4,2,1,1,3,7,4,0,Matches
592,Mateusz Wieteska,pl POL,DF,Cagliari,26,1997,10.7,14,11,9,3,2,3,10,30.0,7,10,5,5,14,28,48,0,Matches
593,Kenan Yıldız,tr TUR,"FW,MF",Juventus,18,2005,10.6,13,9,5,6,2,4,8,50.0,4,6,0,6,1,14,4,0,Matches
594,Mattia Zaccagni,it ITA,"FW,MF",Lazio,28,1995,21.7,27,16,11,15,1,9,21,42.9,12,26,2,24,21,48,15,0,Matches
595,Nicola Zalewski,pl POL,"DF,FW",Roma,21,2002,10.8,20,14,10,9,1,8,22,36.4,14,12,4,8,9,29,17,0,Matches
596,Andre-Frank Zambo Anguissa,cm CMR,MF,Napoli,27,1995,31.0,61,33,21,29,11,34,69,49.3,35,40,5,35,28,89,19,1,Matches
597,Alessandro Zanoli,it ITA,DF,Salernitana,22,2000,10.2,16,13,9,7,0,7,12,58.3,5,10,2,8,1,17,17,0,Matches
598,Alessandro Zanoli,it ITA,"DF,FW",Napoli,22,2000,0.6,1,1,1,0,0,0,0,,0,0,0,0,1,2,1,0,Matches
599,Duván Zapata,co COL,FW,Torino,32,1991,32.0,18,7,9,2,7,3,12,25.0,9,20,6,14,7,25,26,0,Matches
600,Duván Zapata,co COL,FW,Atalanta,32,1991,1.2,0,0,0,0,0,0,1,0.0,1,0,0,0,0,0,1,0,Matches
601,Gabriele Zappa,it ITA,DF,Cagliari,23,1999,28.5,54,31,29,16,9,29,41,70.7,12,29,5,24,20,74,75,2,Matches
602,Davide Zappacosta,it ITA,DF,Atalanta,31,1992,20.7,30,20,15,10,5,16,34,47.1,18,29,4,25,5,35,19,0,Matches
603,Oier Zarraga,es ESP,MF,Udinese,24,1999,4.5,3,3,2,1,0,1,5,20.0,4,5,2,3,5,8,16,1,Matches
604,Jordan Zemura,zw ZIM,DF,Udinese,23,1999,11.5,24,16,13,7,4,11,19,57.9,8,5,1,4,13,37,21,0,Matches
605,Alessio Zerbin,it ITA,"DF,FW",Monza,24,1999,7.6,18,10,13,2,3,4,13,30.8,9,16,3,13,3,21,5,0,Matches
606,Alessio Zerbin,it ITA,"FW,DF",Napoli,24,1999,1.7,5,2,1,3,1,2,7,28.6,5,1,0,1,0,5,0,0,Matches
607,Kevin Zeroli,it ITA,MF,Milan,18,2005,0.3,1,1,1,0,0,0,0,,0,1,0,1,0,1,1,0,Matches
608,Piotr Zieliński,pl POL,MF,Napoli,29,1994,21.4,23,15,6,13,4,12,24,50.0,12,12,1,11,9,32,15,0,Matches
609,David Zima,cz CZE,DF,Torino,22,2000,1.0,1,1,1,0,0,0,0,,0,0,0,0,3,4,7,0,Matches
610,Joshua Zirkzee,nl NED,FW,Bologna,22,2001,30.7,32,20,8,15,9,13,24,54.2,11,25,2,23,3,35,36,0,Matches
611,Nadir Zortea,it ITA,DF,Frosinone,24,1999,14.0,21,14,8,13,0,10,22,45.5,12,13,5,8,4,25,29,1,Matches
612,Nadir Zortea,it ITA,DF,Atalanta,24,1999,1.7,5,4,3,1,1,1,4,25.0,3,2,0,2,1,6,3,0,Matches
613,Szymon Żurkowski,pl POL,MF,Empoli,25,1997,9.6,15,6,5,8,2,5,15,33.3,10,5,1,4,6,21,11,0,Matches
614,Milan Đurić,ba BIH,FW,Hellas Verona,33,1990,13.4,1,0,0,0,1,0,3,0.0,3,0,0,0,1,2,13,0,Matches
615,Milan Đurić,ba BIH,FW,Monza,33,1990,14.0,5,5,0,5,0,2,4,50.0,2,6,2,4,0,5,27,0,Matches
616,Mateusz Łęgowski,pl POL,MF,Salernitana,20,2003,12.7,23,12,8,12,3,11,26,42.3,15,13,2,11,7,30,16,0,Matches
