Unnamed: 0_level_0_Rk,Unnamed: 1_level_0_Player,Unnamed: 2_level_0_Nation,Unnamed: 3_level_0_Pos,Unnamed: 4_level_0_Squad,Unnamed: 5_level_0_Age,Unnamed: 6_level_0_Born,Unnamed: 7_level_0_90s,Tackles_Tkl,Tackles_TklW,Tackles_Def 3rd,Tackles_Mid 3rd,Tackles_Att 3rd,Challenges_Tkl,Challenges_Att,Challenges_Tkl%,Challenges_Lost,Blocks_Blocks,Blocks_Sh,Blocks_Pass,Unnamed: 20_level_0_Int,Unnamed: 21_level_0_Tkl+Int,Unnamed: 22_level_0_Clr,Unnamed: 23_level_0_Err,Unnamed: 24_level_0_Matches
1,Himad Abdelli,dz ALG,MF,Angers,26-036,1999,10.5,21,16,8,9,4,15,20,75.0,5,15,3,12,14,35,12,1,Matches
2,Ali Abdi,tn TUN,"DF,MF",Nice,32-003,1993,5.2,10,3,5,4,1,1,3,33.3,2,1,0,1,3,13,12,1,Matches
3,Salis Abdul Samed,gh GHA,MF,Nice,25-272,2000,5.6,7,2,5,1,1,5,9,55.6,4,3,0,3,7,14,3,0,Matches
4,Saud Abdulhamid,sa KSA,DF,Lens,26-158,1999,2.4,10,6,7,2,1,7,11,63.6,4,4,1,3,2,12,4,0,Matches
5,Laurent Abergel,fr FRA,MF,Lorient,32-325,1993,14.5,23,14,11,6,6,11,24,45.8,13,5,0,5,13,36,28,1,Matches
6,Matthis Abline,fr FRA,"FW,MF",Nantes,22-270,2003,13.9,12,7,5,4,3,5,9,55.6,4,3,0,3,2,14,7,0,Matches
7,Abner,br BRA,DF,Lyon,25-210,2000,9.0,12,8,7,5,0,6,11,54.5,5,7,1,6,4,16,20,0,Matches
8,Francis Abu,gh GHA,MF,Toulouse,24-240,2001,5.8,19,14,7,10,2,8,12,66.7,4,8,3,5,8,27,10,2,Matches
9,Giorgi Abuashvili,ge GEO,"FW,MF",Metz,22-318,2003,3.2,9,5,6,3,0,4,8,50.0,4,5,1,4,1,10,4,0,Matches
10,Nathaniel Adjei,gh GHA,DF,Lorient,23-124,2002,0.1,0,0,0,0,0,0,0,,0,0,0,0,0,0,0,0,Matches
11,Nayef Aguerd,ma MAR,DF,Marseille,29-268,1996,10.7,14,11,6,7,1,8,8,100.0,0,12,8,4,13,27,44,1,Matches
12,Ruben Aguilar,fr FRA,DF,Lens,32-241,1993,13.8,28,17,12,9,7,16,23,69.6,7,27,8,19,22,50,21,0,Matches
13,Abdelhamid Ait Boudlal,ma MAR,DF,Rennes,19-251,2006,7.2,13,6,9,3,1,9,14,64.3,5,8,5,3,5,18,33,1,Matches
14,Tosin Aiyegun,bj BEN,"MF,FW",Lorient,27-180,1998,7.9,4,4,2,2,0,3,5,60.0,2,3,0,3,2,6,5,0,Matches
15,Ludovic Ajorque,fr FRA,FW,Brest,31-301,1994,14.6,10,7,3,5,2,5,14,35.7,9,6,1,5,7,17,17,0,Matches
16,Maghnes Akliouche,fr FRA,"FW,MF",Monaco,23-301,2002,13.4,20,12,5,8,7,6,19,31.6,13,13,1,12,12,32,7,1,Matches
17,Clément Akpa,ci CIV,DF,Auxerre,24-029,2001,13.7,20,10,13,5,2,10,14,71.4,4,13,6,7,9,29,56,3,Matches
18,Mohamed Ali Cho,fr FRA,FW,Nice,21-338,2004,6.9,2,1,1,1,0,0,3,0.0,3,6,1,5,3,5,2,0,Matches
19,Jim Allevinah,ga GAB,"FW,DF",Angers,30-299,1995,1.0,1,0,1,0,0,1,1,100.0,0,2,1,1,0,1,1,0,Matches
20,Kelvin Amian,fr FRA,DF,Nantes,27-318,1998,16.0,24,13,15,8,1,15,19,78.9,4,21,10,11,4,28,70,0,Matches
21,Mohamed Amine Sbai,fr FRA,FW,Angers,25-048,2000,7.1,10,4,4,4,2,4,9,44.4,5,10,0,10,5,15,1,0,Matches
22,Michael Amir Murillo,pa PAN,DF,Marseille,29-315,1996,9.4,17,11,6,8,3,6,11,54.5,5,10,2,8,5,22,19,0,Matches
23,Samuel Amo-Ameyaw,eng ENG,"DF,MF",Strasbourg,19-158,2006,5.2,15,7,5,8,2,10,19,52.6,9,3,0,3,3,18,1,0,Matches
24,Mathis Amougou,fr FRA,MF,Strasbourg,19-339,2006,2.9,9,5,1,7,1,4,7,57.1,3,5,1,4,1,10,1,1,Matches
25,Benjamin André,fr FRA,MF,Lille,35-142,1990,12.9,29,17,17,10,2,13,21,61.9,8,20,3,17,11,40,21,0,Matches
26,Youssef El-Arabi,ma MAR,FW,Nantes,38-323,1987,6.0,3,2,0,2,1,0,4,0.0,4,5,1,4,1,4,6,0,Matches
27,Carlens Arcus,ht HAI,DF,Angers,29-178,1996,14.2,26,22,15,11,0,16,23,69.6,7,16,1,15,15,41,41,1,Matches
28,Hákon Arnar Haraldsson,is ISL,"MF,FW",Lille,22-257,2003,12.4,13,7,6,3,4,6,16,37.5,10,8,0,8,4,17,5,0,Matches
29,Joel Asoro,se SWE,FW,Metz,26-240,1999,2.3,0,0,0,0,0,0,1,0.0,1,1,0,1,0,0,2,0,Matches
30,Dehmaine Assoumani,fr FRA,MF,Nantes,20-250,2005,7.1,11,5,6,1,4,4,12,33.3,8,5,0,5,9,20,10,2,Matches
31,Otavio Ataide,br BRA,DF,Paris FC,23-246,2002,12.4,25,10,14,10,1,12,15,80.0,3,14,9,5,18,43,91,2,Matches
32,Pierre-Emerick Aubameyang,ga GAB,FW,Marseille,36-188,1989,10.5,3,1,0,1,2,1,5,20.0,4,3,0,3,3,6,4,0,Matches
33,Arthur Avom,cm CMR,MF,Lorient,21-008,2004,14.1,33,19,11,20,2,15,30,50.0,15,13,1,12,21,54,11,0,Matches
34,Chidozie Awaziem,ng NGA,DF,Nantes,28-356,1997,15.8,12,8,9,3,0,6,13,46.2,7,19,12,7,15,27,124,3,Matches
35,Oussama El Azzouzi,ma MAR,"MF,DF",Auxerre,24-208,2001,6.1,11,10,4,7,0,6,13,46.2,7,4,1,3,12,23,10,0,Matches
36,Samson Baidoo,at AUT,DF,Lens,21-267,2004,14.5,25,15,20,3,2,14,21,66.7,7,29,20,9,16,41,56,0,Matches
37,Theo Bair,ca CAN,"MF,FW",Auxerre,26-118,1999,0.1,0,0,0,0,0,0,0,,0,0,0,0,0,0,1,0,Matches
38,Darryl Bakola,fr FRA,MF,Marseille,18-023,2007,0.6,2,0,1,1,0,0,1,0.0,1,1,0,1,0,2,0,0,Matches
39,Dilane Bakwa,fr FRA,"DF,MF",Strasbourg,23-119,2002,1.2,1,1,1,0,0,1,2,50.0,1,2,0,2,1,2,1,0,Matches
40,Leonardo Balerdi,ar ARG,DF,Marseille,26-331,1999,9.1,22,11,10,10,2,11,21,52.4,10,7,2,5,11,33,43,0,Matches
41,Fodé Ballo-Touré,sn SEN,DF,Metz,28-354,1997,4.6,10,5,5,2,3,2,5,40.0,3,2,0,2,2,12,4,0,Matches
42,Folarin Balogun,us USA,FW,Monaco,24-173,2001,8.4,4,4,1,1,2,1,4,25.0,3,5,1,4,3,7,4,0,Matches
43,Abdoulaye Bamba,ci CIV,DF,Angers,35-242,1990,0.1,0,0,0,0,0,0,0,,0,0,0,0,0,0,1,0,Matches
44,Aladji Bamba,fr FRA,MF,Monaco,19-162,2006,1.5,8,5,0,7,1,1,2,50.0,1,4,0,4,2,10,4,0,Matches
45,Mohamed Bamba,ci CIV,FW,Lorient,24-013,2001,6.9,3,2,2,1,0,1,3,33.3,2,4,0,4,1,4,6,0,Matches
46,Valentín Barco,ar ARG,"MF,DF",Strasbourg,21-153,2004,12.8,29,18,15,9,5,18,21,85.7,3,11,0,11,9,38,10,0,Matches
47,Bradley Barcola,fr FRA,FW,Paris S-G,23-112,2002,8.7,13,7,3,5,5,5,13,38.5,8,5,1,4,5,18,3,0,Matches
48,Melvin Bard,fr FRA,"DF,MF",Nice,25-047,2000,15.0,21,12,17,2,2,7,19,36.8,12,20,11,9,19,40,50,2,Matches
49,Haris Belkebla,dz ALG,MF,Angers,31-329,1994,15.8,35,21,16,17,2,21,38,55.3,17,19,7,12,16,51,22,1,Matches
50,Yassin Belkhdim,fr FRA,"MF,FW",Angers,23-312,2002,14.0,40,28,18,20,2,11,19,57.9,8,18,3,15,19,59,22,0,Matches
51,Eliesse Ben Seghir,ma MAR,"MF,FW",Monaco,20-310,2005,0.5,2,0,1,0,1,0,1,0.0,1,1,0,1,0,2,0,1,Matches
52,Yassine Benhattab,fr FRA,"MF,FW",Nantes,23-035,2002,5.3,10,6,7,2,1,2,4,50.0,2,2,0,2,0,10,3,2,Matches
53,Nabil Bentaleb,dz ALG,MF,Lille,31-029,1994,5.8,4,2,0,4,0,2,6,33.3,4,5,3,2,2,6,19,0,Matches
54,Lucas Beraldo,br BRA,DF,Paris S-G,22-029,2003,7.1,10,6,8,2,0,6,11,54.5,5,10,5,5,7,17,42,0,Matches
55,Anthony Bermont,fr FRA,"DF,MF",Lens,20-316,2005,0.5,0,0,0,0,0,0,0,,0,0,0,0,2,2,0,0,Matches
56,Mika Biereth,dk DEN,"FW,MF",Monaco,22-318,2003,8.3,6,3,1,1,4,3,9,33.3,6,8,1,7,0,6,4,0,Matches
57,Emmanuel Biumla,fr FRA,DF,Angers,20-229,2005,1.5,4,2,3,1,0,3,5,60.0,2,1,0,1,1,5,8,2,Matches
58,Ludovic Blas,fr FRA,"MF,DF",Rennes,27-357,1997,7.5,5,4,0,4,1,3,13,23.1,10,10,1,9,7,12,8,0,Matches
59,Arnaud Bodart,be BEL,GK,Lille,27-287,1998,2.0,0,0,0,0,0,0,0,,0,0,0,0,0,0,0,1,Matches
60,Jeremie Boga,ci CIV,"FW,MF",Nice,28-354,1997,7.2,4,4,0,3,1,3,4,75.0,1,2,0,2,3,7,2,1,Matches
61,Morgan Bokelé Mputu,cm CMR,"FW,DF",Metz,21-285,2004,2.4,5,4,3,2,0,2,5,40.0,3,3,1,2,1,6,2,0,Matches
62,Moïse Bombito,ca CAN,DF,Nice,25-268,2000,1.6,2,2,1,1,0,2,2,100.0,0,3,3,0,2,4,6,0,Matches
63,Ayyoub Bouaddi,fr FRA,MF,Lille,18-082,2007,11.5,21,13,6,8,7,11,16,68.8,5,23,5,18,10,31,14,1,Matches
64,Badredine Bouanani,dz ALG,MF,Nice,21-015,2004,1.0,0,0,0,0,0,0,1,0.0,1,1,0,1,1,1,0,0,Matches
65,Hicham Boudaoui,dz ALG,MF,Nice,26-091,1999,10.2,13,9,6,7,0,7,13,53.8,6,6,4,2,13,26,17,1,Matches
66,Justin Bourgault,fr FRA,"MF,DF",Brest,20-100,2005,0.2,0,0,0,0,0,0,0,,0,0,0,0,1,1,1,0,Matches
67,Bilal Brahimi,dz ALG,FW,Nice,25-284,2000,0.0,0,0,0,0,0,0,0,,0,0,0,0,0,0,0,0,Matches
68,Lilian Brassier,fr FRA,DF,Rennes,26-051,1999,10.1,16,5,9,6,1,8,9,88.9,1,18,14,4,14,30,29,0,Matches
69,Marius Broholm,no NOR,"FW,MF",Lille,20-362,2004,1.7,5,5,2,2,1,2,5,40.0,3,1,0,1,0,5,2,0,Matches
70,Paris Brunner,de GER,"FW,MF",Monaco,19-311,2006,1.1,1,1,0,0,1,0,2,0.0,2,0,0,0,1,2,0,0,Matches
71,Andrija Bulatović,me MNE,MF,Lens,18-361,2006,1.7,10,3,5,3,2,4,8,50.0,4,4,1,3,1,11,3,0,Matches
72,Vincent Burlet,be BEL,DF,Lille,20-091,2005,0.2,0,0,0,0,0,0,2,0.0,2,0,0,0,0,0,0,0,Matches
73,Pape Cabral,fr FRA,MF,Monaco,18-337,2007,0.9,2,1,2,0,0,1,3,33.3,2,1,0,1,1,3,4,0,Matches
74,Noah Cadiou,gp GLP,MF,Lorient,27-058,1998,3.9,9,4,4,5,0,2,5,40.0,3,8,5,3,6,15,7,0,Matches
75,Mathieu Cafaro,fr FRA,"FW,MF",Paris FC,28-273,1997,1.4,0,0,0,0,0,0,0,,0,1,0,1,0,0,1,0,Matches
76,Adama Camara,fr FRA,MF,Paris FC,29-066,1996,11.8,26,15,9,15,2,9,16,56.3,7,15,5,10,15,41,25,1,Matches
77,Amady Camara,ml MLI,"MF,FW",Nantes,20-209,2005,1.8,4,3,2,2,0,2,4,50.0,2,0,0,0,1,5,0,0,Matches
78,Lamine Camara,sn SEN,MF,Monaco,21-356,2004,6.7,11,5,3,7,1,3,7,42.9,4,8,1,7,17,28,3,2,Matches
79,Mahdi Camara,fr FRA,MF,Rennes,27-176,1998,11.9,27,15,6,19,2,12,17,70.6,5,15,2,13,16,43,17,1,Matches
80,Ousmane Camara,ml MLI,DF,Angers,22-292,2003,14.7,23,16,21,1,1,9,13,69.2,4,21,16,5,16,39,96,0,Matches
81,Axel Camblan,fr FRA,"FW,MF",Brest,22-115,2003,0.1,0,0,0,0,0,0,0,,0,0,0,0,0,0,0,0,Matches
82,Jaydee Canvot,fr FRA,"MF,DF",Toulouse,19-147,2006,2.0,2,1,1,0,1,2,3,66.7,1,5,2,3,0,2,9,0,Matches
83,Pierrick Capelle,fr FRA,MF,Angers,38-252,1987,0.7,1,1,0,0,1,1,2,50.0,1,0,0,0,1,2,2,0,Matches
84,Igor Carioca,br BRA,DF,Lorient,29-124,1996,6.5,7,6,4,2,1,5,12,41.7,7,4,2,2,9,16,21,0,Matches
85,Patrik Carlgren,se SWE,GK,Nantes,33-349,1992,1.0,0,0,0,0,0,0,0,,0,0,0,0,0,0,0,0,Matches
86,Kevin Carlos,es ESP,FW,Nice,24-257,2001,6.1,0,0,0,0,0,0,2,0.0,2,2,1,1,1,1,4,0,Matches
87,Josué Casimir,ht HAI,"MF,DF",Auxerre,24-090,2001,10.3,17,9,12,3,2,7,13,53.8,6,10,0,10,7,24,12,1,Matches
88,Cristian Cásseres Jr.,ve VEN,MF,Toulouse,25-337,2000,14.0,33,18,16,15,2,17,32,53.1,15,10,5,5,15,48,17,1,Matches
89,Fabien Centonze,fr FRA,DF,Nantes,29-341,1996,1.3,6,4,3,3,0,2,2,100.0,0,2,0,2,6,12,5,1,Matches
90,Brendan Chardonnet,fr FRA,DF,Brest,31-001,1994,13.3,14,8,7,5,2,9,15,60.0,6,26,18,8,13,27,71,1,Matches
91,Samir Chergui,dz ALG,DF,Paris FC,26-320,1999,10.8,16,8,8,4,4,6,8,75.0,2,10,4,6,6,22,36,0,Matches
92,Sidiki Cherif,fr FRA,FW,Angers,19-008,2006,10.9,7,2,2,5,0,3,6,50.0,3,10,0,10,6,13,1,0,Matches
93,Lucas Chevalier,fr FRA,GK,Paris S-G,24-047,2001,14.0,0,0,0,0,0,0,0,,0,0,0,0,0,0,3,1,Matches
94,Ben Chilwell,eng ENG,DF,Strasbourg,29-002,1996,8.6,10,8,5,4,1,7,14,50.0,7,7,2,5,5,15,28,2,Matches
95,Joris Chotard,fr FRA,MF,Brest,24-090,2001,14.0,24,14,12,10,2,14,23,60.9,9,17,4,13,17,41,35,0,Matches
96,Djaoui Cissé,fr FRA,MF,Rennes,21-326,2004,7.9,26,12,13,7,6,10,16,62.5,6,12,4,8,2,28,5,0,Matches
97,Mamoudou Cissokho,fr FRA,FW,Auxerre,18-003,2007,0.0,0,0,0,0,0,0,0,,0,0,0,0,0,0,0,0,Matches
98,Jonathan Clauss,fr FRA,"DF,MF",Nice,33-089,1992,11.8,24,18,13,9,2,15,24,62.5,9,13,2,11,14,38,31,1,Matches
99,Maxime Colin,fr FRA,DF,Metz,34-038,1991,8.9,20,13,13,7,0,11,20,55.0,9,14,5,9,11,31,22,0,Matches
100,Francis Coquelin,fr FRA,MF,Nantes,34-224,1991,1.7,2,2,1,1,0,1,1,100.0,0,1,1,0,2,4,3,0,Matches
101,Derek Cornelius,ca CAN,DF,Marseille,28-028,1997,0.6,0,0,0,0,0,0,0,,0,3,2,1,1,1,4,0,Matches
102,Félix Correia,pt POR,"FW,MF",Lille,24-335,2001,11.6,11,5,4,3,4,10,18,55.6,8,10,1,9,12,23,5,1,Matches
103,Grégoire Coudert,fr FRA,GK,Brest,26-264,1999,6.4,0,0,0,0,0,0,0,,0,0,0,0,0,0,4,0,Matches
104,Lasso Coulibaly,ci CIV,"MF,DF",Auxerre,23-065,2002,2.3,6,5,4,2,0,4,5,80.0,1,2,1,1,3,9,0,0,Matches
105,Mamadou Coulibaly,fr FRA,MF,Monaco,21-246,2004,7.4,20,13,10,7,3,5,12,41.7,7,10,1,9,9,29,11,0,Matches
106,Soumaïla Coulibaly,fr FRA,DF,Brest,22-070,2003,8.0,6,5,1,4,1,4,4,100.0,0,8,7,1,8,14,38,1,Matches
107,Marius Courcoul,fr FRA,MF,Angers,18-356,2007,1.8,7,4,4,3,0,2,4,50.0,2,1,0,1,2,9,4,0,Matches
108,Nicolas Cozza,fr FRA,DF,Nantes,26-349,1999,9.3,8,5,5,1,2,2,10,20.0,8,6,3,3,6,14,38,0,Matches
109,Charlie Cresswell,eng ENG,DF,Toulouse,23-128,2002,16.0,13,8,10,3,0,7,15,46.7,8,22,19,3,15,28,107,0,Matches
110,Kévin Danois,fr FRA,MF,Auxerre,21-178,2004,13.8,30,18,12,15,3,6,30,20.0,24,12,2,10,14,44,4,0,Matches
111,Dante,br BRA,DF,Nice,42-066,1983,1.5,2,1,2,0,0,0,2,0.0,2,3,2,1,2,4,7,0,Matches
112,Mathys De Carvalho,fr FRA,MF,Lyon,20-236,2005,3.0,7,4,1,3,3,5,7,71.4,2,9,1,8,4,11,7,1,Matches
113,Jeffrey De Lange,nl NED,GK,Marseille,27-266,1998,3.0,0,0,0,0,0,0,0,,0,0,0,0,0,0,0,1,Matches
114,Théo De Percin,mq MTQ,GK,Auxerre,24-324,2001,2.5,0,0,0,0,0,0,0,,0,0,0,0,0,0,1,0,Matches
115,Thibault De Smet,be BEL,DF,Paris FC,27-201,1998,9.5,15,7,9,3,3,10,19,52.6,9,5,1,4,5,20,31,1,Matches
116,Romain Del Castillo,fr FRA,"FW,MF",Brest,29-269,1996,14.0,34,23,8,15,11,15,33,45.5,18,14,1,13,12,46,7,1,Matches
117,Thomas Delaine,fr FRA,"DF,FW",Le Havre,33-274,1992,2.2,2,0,0,2,0,1,3,33.3,2,1,0,1,3,5,7,0,Matches
118,Ousmane Dembélé,fr FRA,FW,Paris S-G,28-222,1997,3.7,3,1,0,0,3,2,2,100.0,0,1,0,1,0,3,0,0,Matches
119,Jessy Deminguet,fr FRA,MF,Metz,27-350,1998,10.7,20,11,12,4,4,14,20,70.0,6,11,2,9,10,30,6,0,Matches
120,Rémy Descamps,fr FRA,GK,Lyon,29-181,1996,4.0,0,0,0,0,0,0,1,0.0,1,0,0,0,0,0,1,0,Matches
121,Bahmed Deuff,mr MTN,"MF,FW",Nantes,19-285,2006,2.5,4,2,2,1,1,0,1,0.0,1,4,3,1,2,6,7,0,Matches
122,Habib Diallo,sn SEN,FW,Metz,30-188,1995,10.2,5,3,0,3,2,1,4,25.0,3,3,1,2,1,6,12,0,Matches
123,Soriba Diaoune,fr FRA,"FW,MF",Lille,18-131,2007,0.2,0,0,0,0,0,0,0,,0,0,0,0,0,0,0,0,Matches
124,Krépin Diatta,sn SEN,"DF,FW",Monaco,26-301,1999,7.3,23,12,7,12,4,10,20,50.0,10,7,2,5,14,37,18,0,Matches
125,Mory Diaw,sn SEN,GK,Le Havre,32-184,1993,16.0,2,0,2,0,0,2,3,66.7,1,0,0,0,2,4,12,2,Matches
126,Junior Diaz,ci CIV,DF,Brest,22-153,2003,7.2,9,7,3,6,0,5,7,71.4,2,6,5,1,9,18,43,0,Matches
127,Nouha Dicko,ml MLI,FW,Paris FC,33-223,1992,0.8,1,0,0,1,0,0,0,,0,0,0,0,0,1,0,0,Matches
128,Bamba Dieng,sn SEN,"FW,MF",Lorient,25-275,2000,0.7,0,0,0,0,0,0,0,,0,0,0,0,0,0,1,0,Matches
129,Eric Dier,eng ENG,DF,Monaco,31-342,1994,6.0,5,3,2,2,1,4,8,50.0,4,13,9,4,8,13,28,0,Matches
130,Junior Dina Ebimbe,fr FRA,"FW,MF",Brest,25-032,2000,3.9,12,6,5,4,3,5,8,62.5,3,3,0,3,1,13,1,0,Matches
131,Sinaly Diomande,ci CIV,DF,Auxerre,24-258,2001,5.7,5,3,4,1,0,1,5,20.0,4,3,0,3,10,15,25,0,Matches
132,Sérigné Diop,sn SEN,FW,Brest,20-225,2005,0.1,0,0,0,0,0,0,0,,0,0,0,0,0,0,0,0,Matches
133,Sofiane Diop,ma MAR,"MF,FW",Nice,25-197,2000,11.0,6,3,6,0,0,1,8,12.5,7,8,1,7,7,13,5,0,Matches
134,Andy Diouf,fr FRA,MF,Lens,22-220,2003,1.0,1,0,0,0,1,1,1,100.0,0,1,0,1,0,1,0,0,Matches
135,Yehvann Diouf,sn SEN,GK,Nice,26-037,1999,16.0,0,0,0,0,0,0,0,,0,0,0,0,0,0,14,0,Matches
136,Assane Dioussé,sn SEN,MF,Auxerre,28-094,1997,2.0,4,1,0,4,0,2,3,66.7,1,4,2,2,1,5,3,0,Matches
137,Harouna Djibrin,cm CMR,FW,Angers,19-048,2006,1.5,2,2,0,2,0,1,8,12.5,7,1,0,1,2,4,5,0,Matches
138,Lohann Doucet,fr FRA,MF,Paris FC,23-100,2002,1.3,1,0,1,0,0,1,2,50.0,1,1,1,0,0,1,3,2,Matches
139,Fodé Doucouré,ml MLI,"MF,FW",Le Havre,24-323,2001,7.4,21,13,8,7,6,8,13,61.5,5,13,1,12,4,25,12,0,Matches
140,Désiré Doué,fr FRA,"FW,MF",Paris S-G,20-203,2005,4.0,12,9,0,7,5,4,6,66.7,2,6,1,5,2,14,1,1,Matches
141,Guela Doué,ci CIV,DF,Strasbourg,23-067,2002,11.1,22,18,11,7,4,15,24,62.5,9,13,2,11,9,31,43,0,Matches
142,Ismaël Doukouré,fr FRA,"DF,MF",Strasbourg,22-152,2003,10.2,9,6,2,4,3,3,5,60.0,2,6,3,3,12,21,22,0,Matches
143,Kamory Doumbia,ml MLI,MF,Brest,22-308,2003,10.1,30,19,4,18,8,8,23,34.8,15,15,0,15,9,39,2,1,Matches
144,Aron Dønnum,no NOR,"MF,DF",Toulouse,27-247,1998,13.0,23,12,9,10,4,14,27,51.9,13,12,1,11,17,40,9,0,Matches
145,Simon Ebonog,cm CMR,MF,Le Havre,21-129,2004,6.1,19,12,9,8,2,5,5,100.0,0,12,4,8,6,25,9,0,Matches
146,Noah Edjouma,fr FRA,"MF,FW",Toulouse,20-080,2005,2.6,4,3,2,2,0,1,5,20.0,4,1,0,1,3,7,5,0,Matches
147,Odsonne Édouard,fr FRA,FW,Lens,27-341,1998,9.2,5,4,2,1,2,2,11,18.2,9,7,2,5,1,6,16,0,Matches
148,CJ Egan-Riley,eng ENG,DF,Marseille,22-355,2003,4.6,6,4,3,2,1,2,5,40.0,3,4,3,1,1,7,19,1,Matches
149,Jacques Ekomie,ga GAB,DF,Angers,22-126,2003,11.9,37,22,22,12,3,19,24,79.2,5,30,2,28,18,55,27,1,Matches
150,Breel Embolo,ch SUI,FW,Rennes,28-312,1997,9.5,15,10,2,8,5,1,5,20.0,4,7,2,5,4,19,6,0,Matches
151,Emanuel Emegha,nl NED,FW,Strasbourg,22-323,2003,4.6,0,0,0,0,0,0,0,,0,0,0,0,0,0,5,1,Matches
152,Emersonn,br BRA,FW,Toulouse,21-160,2004,8.7,12,5,1,6,5,4,9,44.4,5,4,0,4,5,17,9,0,Matches
153,Julio Enciso,py PAR,"MF,FW",Strasbourg,21-334,2004,6.7,5,3,3,2,0,3,5,60.0,2,8,0,8,1,6,5,1,Matches
154,Ansu Fati,es ESP,"MF,FW",Monaco,23-053,2002,4.7,8,4,1,5,2,4,8,50.0,4,3,0,3,1,9,4,1,Matches
155,Abdoulaye Faye,sn SEN,DF,Lorient,21-092,2004,6.4,12,7,9,3,0,6,8,75.0,2,7,4,3,12,24,34,1,Matches
156,Matias Fernandez-Pardo,be BEL,FW,Lille,20-323,2005,9.8,10,7,2,7,1,6,9,66.7,3,9,0,9,3,13,1,0,Matches
157,Jonathan Fischer,dk DEN,GK,Metz,24-044,2001,15.2,0,0,0,0,0,0,1,0.0,1,0,0,0,0,0,7,0,Matches
158,Malick Fofana,be BEL,FW,Lyon,20-267,2005,8.0,11,5,2,7,2,4,6,66.7,2,2,0,2,3,14,3,0,Matches
159,Rayan Fofana,fr FRA,FW,Lens,19-314,2006,5.0,8,4,3,2,3,2,4,50.0,2,8,1,7,2,10,5,0,Matches
160,Seko Fofana,ci CIV,MF,Rennes,30-230,1995,7.3,3,2,1,1,1,3,7,42.9,4,4,1,3,4,7,9,0,Matches
161,Przemysław Frankowski,pl POL,DF,Rennes,30-255,1995,9.0,29,17,18,11,0,16,30,53.3,14,5,0,5,4,33,26,1,Matches
162,Ismaëlo Ganiou,bf BFA,DF,Lens,20-284,2005,4.8,8,6,2,4,2,5,6,83.3,1,7,4,3,6,14,17,0,Matches
163,Ulisses Garcia,ch SUI,DF,Marseille,29-346,1996,2.3,3,2,2,1,0,2,4,50.0,2,3,2,1,0,3,6,0,Matches
164,Jean-Philippe Gbamin,ci CIV,DF,Metz,30-089,1995,15.2,29,15,23,6,0,18,29,62.1,11,21,9,12,12,41,59,0,Matches
165,Yann Gboho,fr FRA,"MF,FW",Toulouse,24-343,2001,14.0,8,6,4,4,0,5,13,38.5,8,8,0,8,6,14,1,0,Matches
166,Willem Geubbels,fr FRA,FW,Paris FC,24-129,2001,6.4,1,1,0,1,0,0,2,0.0,2,4,2,2,2,3,6,0,Matches
167,Rachid Ghezzal,dz ALG,FW,Lyon,33-228,1992,1.6,5,3,3,0,2,3,6,50.0,3,1,0,1,0,5,4,0,Matches
168,Olivier Giroud,fr FRA,FW,Lille,39-084,1986,11.4,6,6,3,3,0,3,7,42.9,4,5,2,3,3,9,10,1,Matches
169,Martial Godo,eng ENG,"MF,DF",Strasbourg,22-284,2003,3.4,2,1,0,2,0,0,2,0.0,2,2,0,2,4,6,4,0,Matches
170,Maxima Goffi,fr FRA,DF,Lille,17-334,2008,0.4,1,1,1,0,0,1,1,100.0,0,0,0,0,0,1,1,0,Matches
171,Aleksandr Golovin,ru RUS,"FW,MF",Monaco,29-207,1996,7.3,15,11,6,8,1,8,19,42.1,11,15,2,13,12,27,5,1,Matches
172,André Gomes,pt POR,MF,Lille,32-146,1993,0.1,0,0,0,0,0,0,1,0.0,1,0,0,0,0,0,0,0,Matches
173,Angel Gomes,eng ENG,MF,Marseille,25-114,2000,9.8,10,6,2,5,3,4,9,44.4,5,6,0,6,4,14,2,0,Matches
174,Rafael Gonçalves,pt POR,MF,Strasbourg,20-308,2005,2.7,9,6,3,5,1,4,6,66.7,2,2,0,2,2,11,5,1,Matches
175,Alimami Gory,ml MLI,"FW,MF",Paris FC,29-115,1996,3.0,3,2,1,0,2,1,3,33.3,2,2,1,1,2,5,1,1,Matches
176,Amine Gouiri,dz ALG,"FW,MF",Marseille,25-310,2000,4.2,3,2,0,2,1,0,1,0.0,1,0,0,0,1,4,0,1,Matches
177,Tiago Gouveia,pt POR,"DF,MF",Nice,24-188,2001,4.2,7,3,5,1,1,3,10,30.0,7,5,0,5,5,12,4,0,Matches
178,Jonathan Gradit,fr FRA,DF,Lens,33-029,1992,9.0,17,12,11,5,1,7,10,70.0,3,11,9,2,16,33,51,1,Matches
179,Mason Greenwood,eng ENG,"FW,MF",Marseille,24-083,2001,13.6,4,4,0,4,0,3,13,23.1,10,2,0,2,2,6,2,0,Matches
180,Dominik Greif,sk SVK,GK,Lyon,28-261,1997,12.0,0,0,0,0,0,0,0,,0,0,0,0,0,0,9,0,Matches
181,Ismaël Guerti,fr FRA,MF,Metz,21-146,2004,0.3,2,1,2,0,0,0,0,,0,0,0,0,1,3,1,0,Matches
182,Idrissa Guèye,sn SEN,FW,Metz,19-098,2006,1.5,2,2,1,1,0,0,1,0.0,1,0,0,0,0,2,5,0,Matches
183,Morgan Guilavogui,gn GUI,"MF,FW",Lens,27-288,1998,5.0,14,8,4,8,2,6,11,54.5,5,6,0,6,1,15,5,0,Matches
184,Daouda Guindo,ml MLI,DF,Brest,23-070,2002,5.8,10,10,2,7,1,5,11,45.5,6,4,0,4,3,13,12,0,Matches
185,Bahereba Guirassy,fr FRA,"FW,MF",Nantes,19-116,2006,7.7,17,11,13,3,1,12,17,70.6,5,7,1,6,3,20,10,0,Matches
186,Achraf Hakimi,ma MAR,DF,Paris S-G,27-049,1998,7.3,12,8,4,6,2,5,11,45.5,6,7,0,7,4,16,4,0,Matches
187,Adil Hamdani,fr FRA,FW,Lyon,16-336,2009,0.1,0,0,0,0,0,0,0,,0,1,1,0,0,0,0,0,Matches
188,Pierre-Yves Hamel,fr FRA,FW,Paris FC,31-323,1994,0.9,0,0,0,0,0,0,1,0.0,1,1,1,0,1,1,0,0,Matches
189,Florent Hanin,dz ALG,DF,Angers,35-322,1990,4.5,8,6,6,2,0,4,9,44.4,5,6,2,4,6,14,15,0,Matches
190,Hans Hateboer,nl NED,DF,Rennes,31-348,1994,0.2,0,0,0,0,0,0,0,,0,0,0,0,0,0,1,1,Matches
191,Hans Hateboer,nl NED,DF,Lyon,31-348,1994,2.5,1,1,0,0,1,0,2,0.0,2,1,0,1,1,2,6,0,Matches
192,Gauthier Hein,fr FRA,MF,Metz,29-138,1996,13.1,9,4,1,3,5,6,10,60.0,4,3,1,2,2,11,3,0,Matches
193,Lucas Hernández,fr FRA,DF,Paris S-G,29-312,1996,9.5,11,4,3,7,1,7,10,70.0,3,10,6,4,10,21,28,0,Matches
194,Santiago Hidalgo,ar ARG,"FW,MF",Toulouse,20-309,2005,2.7,6,4,3,3,0,2,7,28.6,5,5,1,4,1,7,5,0,Matches
195,Lukáš Hrádecký,fi FIN,GK,Monaco,36-029,1989,6.9,1,1,1,0,0,1,1,100.0,0,0,0,0,0,1,3,0,Matches
196,Kwon Hyeokkyu,kr KOR,MF,Nantes,24-285,2001,8.4,15,5,8,5,2,10,19,52.6,9,15,8,7,7,22,30,1,Matches
197,Hong Hyunseok,kr KOR,MF,Nantes,26-190,1999,3.2,9,6,4,3,2,5,7,71.4,2,5,1,4,3,12,3,0,Matches
198,Lucas Høgsberg,dk DEN,DF,Strasbourg,19-183,2006,9.3,11,6,6,4,1,8,14,57.1,6,8,7,1,8,19,26,2,Matches
199,Pierre Højbjerg,dk DEN,MF,Marseille,30-140,1995,12.5,12,8,3,7,2,5,14,35.7,9,12,3,9,8,20,14,1,Matches
200,Stanis Idumbo,be BEL,"MF,DF",Monaco,20-177,2005,1.6,2,2,1,1,0,2,3,66.7,1,1,0,1,0,2,2,0,Matches
201,Hamza Igamane,ma MAR,"FW,MF",Lille,23-051,2002,4.8,7,4,0,6,1,3,4,75.0,1,4,0,4,2,9,2,0,Matches
202,Jonathan Ikone,fr FRA,"FW,MF",Paris FC,27-235,1998,2.6,5,3,1,3,1,1,5,20.0,4,2,0,2,0,5,2,0,Matches
203,George Ilenikhena,ng NGA,"FW,MF",Monaco,19-129,2006,3.2,1,0,0,0,1,0,1,0.0,1,2,1,1,0,1,2,0,Matches
204,Jérémy Jacquet,fr FRA,DF,Rennes,20-163,2005,14.8,23,13,12,11,0,9,11,81.8,2,22,12,10,16,39,77,3,Matches
205,Mathis Jangeal,fr FRA,MF,Paris S-G,17-182,2008,0.1,0,0,0,0,0,0,0,,0,2,0,2,0,0,1,0,Matches
206,Isak Jansson,se SWE,"MF,FW",Nice,23-326,2002,5.2,8,6,0,6,2,2,8,25.0,6,3,0,3,5,13,2,1,Matches
207,Karl-Johan Johnsson,se SWE,GK,Strasbourg,35-329,1990,1.0,0,0,0,0,0,0,0,,0,0,0,0,0,0,2,0,Matches
208,Abdulai Juma Bah,sl SLE,DF,Nice,19-256,2006,10.0,9,4,5,3,1,3,5,60.0,2,16,12,4,9,18,66,0,Matches
209,Hamed Junior Traorè,ci CIV,"MF,FW",Marseille,25-310,2000,0.9,1,0,0,1,0,0,0,,0,2,1,1,0,1,0,0,Matches
210,Justin-Noël Kalumba,fr FRA,"FW,MF",Angers,20-363,2004,2.5,6,3,1,4,1,3,3,100.0,0,1,0,1,1,7,3,0,Matches
211,Warren Kamanzi,no NOR,"DF,MF",Toulouse,25-042,2000,3.7,7,3,3,3,1,6,7,85.7,1,3,1,2,1,8,10,0,Matches
212,Bingourou Kamara,sn SEN,GK,Lorient,29-063,1996,3.0,0,0,0,0,0,0,0,,0,0,0,0,0,0,2,0,Matches
213,Glen Kamara,fi FIN,"MF,FW",Rennes,30-056,1995,0.3,0,0,0,0,0,0,0,,0,0,0,0,0,0,0,0,Matches
214,Lee Kang-in,kr KOR,"MF,FW",Paris S-G,24-307,2001,9.6,9,3,3,5,1,6,12,50.0,6,5,1,4,2,11,3,3,Matches
215,Adam Karabec,cz CZE,FW,Lyon,22-174,2003,8.4,3,2,1,1,1,0,5,0.0,5,6,1,5,1,4,1,1,Matches
216,Dermane Karim,tg TOG,"MF,FW",Lorient,22-016,2003,8.5,15,10,8,6,1,7,14,50.0,7,6,2,4,6,21,4,0,Matches
217,Panos Katseris,gr GRE,"MF,DF",Lorient,24-171,2001,1.4,1,1,1,0,0,1,3,33.3,2,0,0,0,5,6,3,0,Matches
218,Ilan Kebbal,dz ALG,"FW,MF",Paris FC,27-167,1998,15.6,22,14,8,12,2,10,19,52.6,9,8,0,8,5,27,5,0,Matches
219,Yassine Kechta,ma MAR,MF,Le Havre,23-301,2002,10.2,18,8,7,8,3,9,29,31.0,20,13,3,10,10,28,11,2,Matches
220,Thilo Kehrer,de GER,DF,Monaco,29-093,1996,10.3,22,11,12,8,2,17,23,73.9,6,23,13,10,13,35,38,2,Matches
221,Reda Khadra,de GER,"FW,MF",Le Havre,24-172,2001,2.3,6,3,3,1,2,4,6,66.7,2,1,0,1,0,6,1,0,Matches
222,Ruben Kluivert,nl NED,DF,Lyon,24-216,2001,2.2,6,4,3,2,1,4,7,57.1,3,4,1,3,4,10,10,0,Matches
223,Hervé Koffi,bf BFA,GK,Angers,29-068,1996,15.0,1,1,1,0,0,1,1,100.0,0,0,0,0,0,1,13,3,Matches
224,Enzo Koffi Vinette,fr FRA,"DF,FW",Le Havre,19-294,2006,0.1,0,0,0,0,0,0,0,,0,0,0,0,0,0,1,0,Matches
225,Philipp Köhn,ch SUI,GK,Monaco,27-265,1998,9.1,0,0,0,0,0,0,0,,0,0,0,0,1,1,2,1,Matches
226,Timothée Kolodziejczak,fr FRA,DF,Paris FC,34-083,1991,1.4,0,0,0,0,0,0,0,,0,1,1,0,2,2,8,1,Matches
227,Geoffrey Kondogbia,cf CTA,"MF,DF",Marseille,32-311,1993,3.5,6,3,1,4,1,2,4,50.0,2,7,4,3,5,11,10,0,Matches
228,Koffi Kouao,ci CIV,DF,Metz,27-217,1998,13.3,39,26,23,11,5,29,53,54.7,24,13,5,8,10,49,42,0,Matches
229,Arsène Kouassi,bf BFA,"DF,MF",Lorient,21-103,2004,15.1,15,12,8,5,2,5,9,55.6,4,9,1,8,14,29,30,0,Matches
230,Seny Koumbassa,fr FRA,DF,Toulouse,18-186,2007,0.1,1,1,1,0,0,1,1,100.0,0,0,0,0,0,1,1,0,Matches
231,Hamza Koutoune,ma MAR,DF,Nice,19-097,2006,0.0,0,0,0,0,0,0,0,,0,0,0,0,0,0,0,0,Matches
232,Jean-Philippe Krasso,ci CIV,FW,Paris FC,28-159,1997,8.0,6,4,1,3,2,4,7,57.1,3,7,1,6,1,7,5,0,Matches
233,Sael Kumbedi,fr FRA,DF,Lyon,20-272,2005,0.7,1,0,0,1,0,0,1,0.0,1,0,0,0,1,2,2,0,Matches
234,Khvicha Kvaratskhelia,ge GEO,FW,Paris S-G,24-314,2001,7.6,12,4,3,4,5,5,9,55.6,4,8,2,6,5,17,5,0,Matches
235,Godson Kyeremeh,fr FRA,"FW,MF",Le Havre,25-192,2000,3.7,5,5,2,3,0,4,6,66.7,2,5,0,5,0,5,3,0,Matches
236,Rémy Labeau Lascary,gp GLP,"FW,MF",Brest,22-295,2003,3.3,3,2,0,1,2,1,5,20.0,4,6,0,6,1,4,0,0,Matches
237,Mayckel Lahdo,se SWE,"FW,MF",Nantes,22-358,2002,4.6,5,2,0,2,3,3,5,60.0,2,5,0,5,0,5,2,0,Matches
238,Kenny Lala,mg MAD,DF,Brest,34-081,1991,15.9,19,11,10,5,4,10,26,38.5,16,14,6,8,12,31,45,2,Matches
239,Théo Le Bris,fr FRA,DF,Lorient,23-083,2002,10.0,23,18,13,4,6,12,15,80.0,3,7,1,6,4,27,23,0,Matches
240,Julien Le Cardinal,fr FRA,DF,Brest,28-142,1997,3.6,5,4,4,1,0,1,4,25.0,3,12,5,7,3,8,23,0,Matches
241,Raphael Le Guen,fr FRA,DF,Brest,19-113,2006,0.1,0,0,0,0,0,0,0,,0,0,0,0,0,0,0,0,Matches
242,Pierre Lees-Melou,fr FRA,MF,Paris FC,32-212,1993,9.8,26,18,15,7,4,14,26,53.8,12,16,5,11,9,35,15,1,Matches
243,Pierre Lees-Melou,fr FRA,MF,Brest,32-212,1993,2.0,8,4,2,4,2,5,11,45.5,6,3,0,3,0,8,2,0,Matches
244,Jordan Lefort,fr FRA,DF,Angers,32-136,1993,16.0,19,11,16,3,0,14,22,63.6,8,13,9,4,23,42,88,2,Matches
245,Alexander Legendre,ec ECU,DF,Rennes,17-245,2008,0.1,0,0,0,0,0,0,1,0.0,1,0,0,0,1,1,0,0,Matches
246,Félix Lemaréchal,fr FRA,"MF,FW",Strasbourg,22-138,2003,6.0,17,6,6,6,5,7,16,43.8,9,13,0,13,3,20,7,1,Matches
247,Donovan Léon,gf GUF,GK,Auxerre,33-050,1992,13.5,2,2,2,0,0,2,2,100.0,0,0,0,0,0,2,6,3,Matches
248,Esteban Lepaul,fr FRA,FW,Angers,25-249,2000,1.9,0,0,0,0,0,0,0,,0,0,0,0,0,0,0,0,Matches
249,Esteban Lepaul,fr FRA,FW,Rennes,25-249,2000,12.4,4,2,1,1,2,0,5,0.0,5,2,0,2,1,5,9,0,Matches
250,Johann Lepenant,fr FRA,MF,Nantes,23-062,2002,9.1,32,23,18,14,0,17,30,56.7,13,15,3,12,8,40,13,0,Matches
251,Louis Leroux,fr FRA,"DF,MF",Nantes,19-334,2006,10.3,19,11,11,8,0,11,20,55.0,9,16,2,14,3,22,30,1,Matches
252,Pol Lirola,es ESP,"MF,DF",Marseille,28-132,1997,0.4,0,0,0,0,0,0,0,,0,2,0,2,1,1,1,0,Matches
253,Gautier Lloris,fr FRA,DF,Le Havre,30-158,1995,14.4,18,8,13,4,1,11,17,64.7,6,14,11,3,25,43,73,0,Matches
254,Danny Loader,cm CMR,"FW,MF",Auxerre,25-117,2000,13.1,14,7,4,6,4,7,13,53.8,6,11,0,11,5,19,11,0,Matches
255,Bradley Locko,fr FRA,DF,Brest,23-231,2002,10.3,35,17,26,9,0,25,39,64.1,14,6,0,6,8,43,22,0,Matches
256,Anthony Lopes,pt POR,GK,Nantes,35-083,1990,15.0,1,1,1,0,0,1,2,50.0,1,0,0,0,1,2,16,0,Matches
257,Julien López,dz ALG,"FW,MF",Paris FC,33-297,1992,0.5,0,0,0,0,0,0,0,,0,0,0,0,1,1,0,0,Matches
258,Maxime Lopez,fr FRA,MF,Paris FC,28-019,1997,14.0,15,12,6,4,5,7,14,50.0,7,6,1,5,6,21,7,1,Matches
259,Tom Louchet,fr FRA,"MF,DF",Nice,22-233,2003,6.9,17,7,6,7,4,4,8,50.0,4,10,4,6,7,24,19,0,Matches
260,Marius Louer,fr FRA,DF,Angers,18-287,2007,0.1,0,0,0,0,0,0,0,,0,1,0,1,0,0,1,0,Matches
261,Deiver Machado,co COL,MF,Nantes,32-112,1993,0.9,2,1,0,1,1,2,2,100.0,0,1,0,1,1,3,2,1,Matches
262,Deiver Machado,co COL,DF,Lens,32-112,1993,3.0,1,0,0,1,0,1,3,33.3,2,3,0,3,3,4,4,0,Matches
263,Lanroy Machine,fr FRA,"FW,MF",Angers,20-071,2005,2.1,3,1,1,2,0,1,4,25.0,3,3,0,3,0,3,1,0,Matches
264,Brian Madjo,lu LUX,FW,Metz,16-345,2009,1.7,0,0,0,0,0,0,0,,0,1,0,1,0,0,2,0,Matches
265,Hugo Magnetti,fr FRA,MF,Brest,27-207,1998,13.4,26,17,13,10,3,14,26,53.8,12,11,0,11,19,45,19,2,Matches
266,Frank Magri,cm CMR,"FW,MF",Toulouse,26-110,1999,13.0,7,2,0,6,1,2,8,25.0,6,9,1,8,3,10,12,0,Matches
267,Ainsley Maitland-Niles,eng ENG,"DF,FW",Lyon,28-116,1997,13.5,29,17,21,5,3,18,27,66.7,9,14,2,12,16,45,35,0,Matches
268,Radosław Majecki,pl POL,GK,Brest,26-037,1999,9.6,0,0,0,0,0,0,1,0.0,1,0,0,0,0,0,2,2,Matches
269,Hamidou Makalou,ml MLI,"MF,FW",Brest,19-161,2006,1.7,1,1,0,0,1,1,1,100.0,0,2,1,1,3,4,1,0,Matches
270,Jean-Victor Makengo,fr FRA,MF,Lorient,27-194,1998,6.9,12,7,2,9,1,7,10,70.0,3,4,0,4,3,15,8,1,Matches
271,Pape Mamadou Sy,sn SEN,GK,Metz,28-235,1997,0.8,0,0,0,0,0,0,0,,0,0,0,0,0,0,3,1,Matches
272,Felix Mambimbi,ch SUI,"FW,MF",Le Havre,24-339,2001,3.1,6,3,3,1,2,3,5,60.0,2,3,0,3,3,9,3,0,Matches
273,Aïssa Mandi,dz ALG,DF,Lille,34-062,1991,12.2,19,13,9,8,2,12,18,66.7,6,9,8,1,19,38,45,1,Matches
274,Orel Mangala,be BEL,MF,Lyon,27-280,1998,0.1,0,0,0,0,0,0,0,,0,0,0,0,0,0,0,0,Matches
275,Sekou Mara,fr FRA,FW,Auxerre,23-146,2002,7.2,6,4,0,2,4,1,2,50.0,1,7,0,7,1,7,2,0,Matches
276,Vincent Marchetti,fr FRA,MF,Paris FC,28-172,1997,7.0,12,11,8,3,1,8,12,66.7,4,3,2,1,3,15,18,0,Matches
277,Marquinhos,br BRA,DF,Paris S-G,31-223,1994,5.5,10,9,3,7,0,8,8,100.0,0,2,0,2,3,13,19,0,Matches
278,Clinton Mata,ao ANG,DF,Lyon,33-046,1992,14.5,20,9,11,8,1,10,16,62.5,6,21,17,4,12,32,66,1,Matches
279,Rudy Matondo,fr FRA,MF,Auxerre,17-285,2008,5.5,10,8,4,2,4,3,10,30.0,7,5,2,3,6,16,7,0,Matches
280,Neal Maupay,fr FRA,FW,Marseille,29-131,1996,0.0,0,0,0,0,0,0,0,,0,0,0,0,0,0,0,0,Matches
281,Christian Mawissa,fr FRA,DF,Monaco,20-249,2005,5.8,10,8,5,5,0,9,14,64.3,5,5,4,1,11,21,31,0,Matches
282,Senny Mayulu,fr FRA,"MF,FW",Paris S-G,19-220,2006,8.7,27,14,5,13,9,9,11,81.8,2,8,0,8,5,32,3,0,Matches
283,Ethan Mbappé,fr FRA,"FW,MF",Lille,18-359,2006,2.5,8,4,4,3,1,2,5,40.0,3,4,0,4,0,8,1,0,Matches
284,Ibrahim Mbaye,sn SEN,FW,Paris S-G,17-333,2008,7.3,8,5,1,4,3,6,8,75.0,2,4,0,4,5,13,2,1,Matches
285,Malick Mbaye,sn SEN,"FW,DF",Metz,21-261,2004,1.3,4,2,0,4,0,2,2,100.0,0,2,0,2,1,5,2,0,Matches
286,Chancel Mbemba,cd COD,DF,Lille,31-137,1994,6.6,14,9,10,2,2,7,11,63.6,4,6,4,2,6,20,39,2,Matches
287,Michel Mboula,ga GAB,DF,Metz,22-237,2003,1.9,3,3,1,1,1,3,3,100.0,0,3,1,2,2,5,5,0,Matches
288,Pathé Mboup,sn SEN,FW,Brest,22-119,2003,7.5,16,13,8,5,3,4,12,33.3,8,7,0,7,9,25,6,0,Matches
289,Moustapha Mbow,sn SEN,DF,Paris FC,25-290,2000,15.0,28,13,15,13,0,14,20,70.0,6,19,11,8,20,48,72,0,Matches
290,Mark McKenzie,us USA,DF,Toulouse,26-301,1999,14.1,24,15,14,7,3,18,21,85.7,3,19,10,9,10,34,57,0,Matches
291,Facundo Medina,ar ARG,DF,Marseille,26-209,1999,1.6,4,4,2,1,1,2,4,50.0,2,0,0,0,0,4,3,0,Matches
292,Bamo Meïté,ci CIV,DF,Lorient,24-020,2001,9.4,9,7,6,3,0,6,11,54.5,5,11,7,4,7,16,43,0,Matches
293,Mohamed Meité,fr FRA,FW,Rennes,18-073,2007,4.7,2,2,0,1,1,0,1,0.0,1,3,1,2,1,3,8,0,Matches
294,Cléo Melieres,fr FRA,DF,Metz,20-254,2005,0.3,0,0,0,0,0,0,0,,0,0,0,0,0,0,2,0,Matches
295,Nuno Mendes,pt POR,DF,Paris S-G,23-187,2002,6.4,10,9,4,5,1,6,9,66.7,3,9,2,7,5,15,8,0,Matches
296,Antoine Mendy,sn SEN,DF,Nice,21-210,2004,13.7,32,24,23,7,2,13,27,48.1,14,28,14,14,8,40,95,4,Matches
297,Formose Mendy,sn SEN,DF,Lorient,24-355,2001,1.5,3,2,2,1,0,3,5,60.0,2,2,0,2,3,6,15,0,Matches
298,Gideon Mensah,gh GHA,DF,Auxerre,27-158,1998,11.8,24,18,14,8,2,12,22,54.5,10,12,1,11,16,40,30,1,Matches
299,Khalis Merah,fr FRA,"MF,FW",Lyon,18-302,2007,5.7,5,2,1,3,1,2,10,20.0,8,5,0,5,1,6,3,4,Matches
300,Quentin Merlin,fr FRA,DF,Rennes,23-221,2002,11.4,13,9,8,2,3,9,17,52.9,8,24,6,18,12,25,31,1,Matches
301,Rafik Messali,fr FRA,"MF,DF",Toulouse,22-239,2003,1.5,3,2,2,1,0,1,2,50.0,1,0,0,0,3,6,8,0,Matches
302,Dayann Methalie,fr FRA,"DF,MF",Toulouse,19-311,2006,12.9,34,19,18,10,6,15,18,83.3,3,10,3,7,11,45,25,1,Matches
303,Thomas Meunier,be BEL,DF,Lille,34-102,1991,11.6,15,9,7,5,3,9,15,60.0,6,7,2,5,11,26,38,0,Matches
304,Lucas Michal,fr FRA,"FW,MF",Monaco,20-185,2005,0.7,0,0,0,0,0,0,0,,0,1,0,1,0,0,2,0,Matches
305,Georges Mikautadze,ge GEO,FW,Lyon,25-053,2000,2.0,0,0,0,0,0,0,1,0.0,1,0,0,0,1,1,0,0,Matches
306,Takumi Minamino,jp JPN,"MF,FW",Monaco,30-341,1995,10.5,3,2,1,1,1,1,13,7.7,12,12,2,10,4,7,6,0,Matches
307,Tadjidine Mmadi,fr FRA,FW,Marseille,18-295,2007,0.2,1,1,1,0,0,0,0,,0,0,0,0,1,2,1,0,Matches
308,Terem Moffi,ng NGA,FW,Nice,26-212,1999,5.4,1,1,0,0,1,1,4,25.0,3,3,0,3,0,1,1,0,Matches
309,Mostafa Mohamed,eg EGY,FW,Nantes,28-025,1997,8.4,8,6,3,4,1,4,8,50.0,4,6,3,3,6,14,9,0,Matches
310,Enzo Molebe,fr FRA,FW,Lyon,18-096,2007,0.1,0,0,0,0,0,0,0,,0,0,0,0,0,0,0,0,Matches
311,Afonso Moreira,pt POR,FW,Lyon,20-279,2005,6.3,12,9,6,3,3,9,12,75.0,3,5,0,5,4,16,9,0,Matches
312,Diego Moreira,be BEL,"DF,MF",Strasbourg,21-139,2004,12.5,23,12,12,5,6,15,27,55.6,12,12,3,9,12,35,21,0,Matches
313,Tyler Morton,eng ENG,MF,Lyon,23-053,2002,13.6,24,15,7,13,4,11,14,78.6,3,10,7,3,9,33,20,1,Matches
314,Daren Mosengo,fr FRA,MF,Le Havre,19-134,2006,0.1,1,0,1,0,0,1,1,100.0,0,0,0,0,0,1,0,0,Matches
315,Samir El Mourabet,ma MAR,MF,Strasbourg,20-078,2005,10.2,32,13,5,21,6,17,23,73.9,6,17,6,11,9,41,7,2,Matches
316,Louis Mouton,fr FRA,MF,Angers,23-203,2002,10.9,22,14,4,12,6,7,22,31.8,15,9,3,6,4,26,10,0,Matches
317,Ngal'Ayel Mukau,cd COD,"MF,FW",Lille,21-023,2004,5.4,8,4,2,5,1,5,10,50.0,5,7,0,7,2,10,2,0,Matches
318,Nordan Mukiele,fr FRA,MF,Rennes,19-314,2006,0.3,0,0,0,0,0,0,0,,0,0,0,0,0,0,1,0,Matches
319,Yvon Mvogo,ch SUI,GK,Lorient,31-200,1994,13.0,0,0,0,0,0,0,1,0.0,1,0,0,0,0,0,6,2,Matches
320,Joel Mvuka,no NOR,"DF,MF",Lorient,23-041,2002,5.2,19,9,12,6,1,11,13,84.6,2,0,0,0,6,25,12,1,Matches
321,Junior Mwanga,fr FRA,"DF,MF",Strasbourg,22-226,2003,2.0,8,5,3,4,1,5,7,71.4,2,3,0,3,1,9,3,0,Matches
322,Junior Mwanga,fr FRA,"MF,DF",Nantes,22-226,2003,11.3,22,10,8,11,3,8,16,50.0,8,12,4,8,9,31,15,0,Matches
323,Bilal Nadir,ma MAR,"MF,FW",Marseille,22-025,2003,4.0,6,4,2,3,1,3,10,30.0,7,1,1,0,2,8,3,0,Matches
324,Mahamadou Nagida,cm CMR,DF,Rennes,20-178,2005,1.0,2,1,2,0,0,1,3,33.3,2,2,2,0,1,3,6,1,Matches
325,Younes Namli,dk DEN,"FW,MF",Le Havre,31-186,1994,3.6,9,5,3,4,2,6,11,54.5,5,3,0,3,6,15,5,0,Matches
326,Sebastian Nanasi,se SWE,MF,Strasbourg,23-221,2002,3.7,4,2,1,2,1,1,6,16.7,5,1,0,1,4,8,4,0,Matches
327,Rassoul Ndiaye,sn SEN,MF,Le Havre,24-012,2001,12.0,24,12,13,10,1,12,29,41.4,17,13,2,11,5,29,10,0,Matches
328,Quentin Ndjantou Mbitcha,fr FRA,"MF,FW",Paris S-G,18-153,2007,4.0,2,1,1,0,1,2,6,33.3,4,6,1,5,2,4,2,0,Matches
329,Tanguy Ndombele,fr FRA,"MF,FW",Nice,28-360,1996,0.4,0,0,0,0,0,0,0,,0,0,0,0,0,0,0,0,Matches
330,Joseph Nduquidi,fr FRA,MF,Metz,21-053,2004,0.1,0,0,0,0,0,0,0,,0,0,0,0,0,0,0,0,Matches
331,Loïc Nego,hu HUN,DF,Le Havre,34-342,1991,13.6,22,11,12,7,3,15,25,60.0,10,7,2,5,19,41,51,1,Matches
332,João Neves,pt POR,MF,Paris S-G,21-087,2004,7.0,15,8,4,6,5,7,13,53.8,6,7,3,4,5,20,2,1,Matches
333,Mikayil Ngor Faye,sn SEN,DF,Rennes,21-162,2004,0.1,0,0,0,0,0,0,0,,0,1,0,1,0,0,0,0,Matches
334,Nathan Ngoy,be BEL,DF,Lille,22-196,2003,11.7,18,10,9,8,1,13,20,65.0,7,7,5,2,18,36,49,5,Matches
335,Bernard Nguene,cm CMR,FW,Nice,19-141,2006,1.4,4,1,2,2,0,4,5,80.0,1,0,0,0,3,7,2,0,Matches
336,Moussa Niakhate,sn SEN,DF,Lyon,29-290,1996,15.2,17,10,9,7,1,10,16,62.5,6,24,10,14,10,27,84,2,Matches
337,Rasmus Nicolaisen,dk DEN,DF,Toulouse,28-282,1997,13.6,14,9,7,6,1,8,13,61.5,5,17,8,9,19,33,77,1,Matches
338,Obed Nkambadio,fr FRA,GK,Paris FC,22-319,2003,11.0,0,0,0,0,0,0,1,0.0,1,0,0,0,0,0,7,2,Matches
339,Rabby Nzingoula,fr FRA,"DF,MF",Strasbourg,20-028,2005,0.6,2,1,1,0,1,0,1,0.0,1,1,0,1,1,3,2,0,Matches
340,Matt O'Riley,dk DEN,MF,Marseille,25-032,2000,7.4,13,4,2,6,5,7,14,50.0,7,7,3,4,5,18,8,0,Matches
341,Noam Obougou Jacquet,fr FRA,FW,Le Havre,19-283,2006,0.3,0,0,0,0,0,0,0,,0,0,0,0,0,0,0,0,Matches
342,Tuomas Ollila,fi FIN,DF,Paris FC,25-243,2000,3.0,1,0,1,0,0,1,1,100.0,0,0,0,0,1,2,7,2,Matches
343,Andrew Omobamidele,ie IRL,DF,Strasbourg,23-183,2002,4.9,1,1,1,0,0,0,0,,0,6,4,2,5,6,26,0,Matches
344,Fredrik Oppegard,no NOR,DF,Auxerre,23-138,2002,6.2,15,11,9,6,0,11,11,100.0,0,9,2,7,8,23,16,0,Matches
345,Gabriel Osho,ng NGA,DF,Auxerre,27-131,1998,1.5,3,2,3,0,0,0,0,,0,6,2,4,1,4,2,1,Matches
346,Ibrahim Osman,gh GHA,"MF,FW",Auxerre,21-024,2004,5.9,9,7,1,6,2,4,7,57.1,3,4,0,4,3,12,1,0,Matches
347,Abdoul Ouattara,fr FRA,"DF,MF",Strasbourg,20-062,2005,9.4,12,6,7,3,2,3,8,37.5,5,7,0,7,8,20,14,0,Matches
348,Kassoum Ouattara,fr FRA,"DF,FW",Monaco,21-070,2004,7.7,18,10,6,10,2,6,14,42.9,8,13,0,13,8,26,11,2,Matches
349,Elisha Owusu,gh GHA,MF,Auxerre,28-046,1997,10.1,28,18,16,10,2,11,19,57.9,8,17,4,13,12,40,19,0,Matches
350,Berke Özer,tr TUR,GK,Lille,25-212,2000,14.0,1,0,1,0,0,1,2,50.0,1,0,0,0,0,1,8,1,Matches
351,Willian Pacho,ec ECU,DF,Paris S-G,24-068,2001,9.3,15,12,9,4,2,9,12,75.0,3,11,4,7,8,23,26,0,Matches
352,Kendry Páez,ec ECU,"MF,FW",Strasbourg,18-233,2007,4.6,6,4,2,4,0,2,16,12.5,14,10,0,10,3,9,6,1,Matches
353,Pablo Pagis,fr FRA,"MF,FW",Lorient,22-359,2002,7.9,7,3,1,6,0,4,9,44.4,5,13,2,11,9,16,11,0,Matches
354,Igor Paixão,br BRA,"FW,MF",Marseille,25-178,2000,9.6,9,4,3,4,2,2,11,18.2,9,8,1,7,8,17,9,0,Matches
355,Emerson Palmieri,it ITA,DF,Marseille,31-142,1994,11.4,22,14,9,8,5,16,19,84.2,3,13,5,8,22,44,27,1,Matches
356,Joaquín Panichelli,ar ARG,"FW,MF",Strasbourg,23-077,2002,14.6,19,5,4,8,7,7,17,41.2,10,18,7,11,9,28,20,0,Matches
357,Benjamin Pavard,fr FRA,DF,Marseille,29-270,1996,10.4,14,5,5,7,2,8,11,72.7,3,8,5,3,10,24,32,0,Matches
358,Mike Penders,be BEL,GK,Strasbourg,20-145,2005,15.0,0,0,0,0,0,0,0,,0,0,0,0,0,0,5,2,Matches
359,Kojo Peprah Oppong,gh GHA,DF,Nice,21-202,2004,13.8,25,16,15,7,3,10,16,62.5,6,13,11,2,14,39,66,0,Matches
360,Romain Perraud,fr FRA,DF,Lille,28-092,1997,12.8,23,15,7,12,4,14,25,56.0,11,15,2,13,11,34,32,0,Matches
361,Prosper Peter,ng NGA,FW,Angers,18-136,2007,7.1,3,1,1,1,1,0,1,0.0,1,7,0,7,2,5,4,0,Matches
362,Damián Pizarro,cl CHI,FW,Le Havre,20-270,2005,0.3,0,0,0,0,0,0,0,,0,0,0,0,0,0,0,0,Matches
363,Paul Pogba,fr FRA,MF,Monaco,32-283,1993,0.4,3,3,1,1,1,2,2,100.0,0,0,0,0,1,4,2,0,Matches
364,Kenny Quetant,fr FRA,MF,Le Havre,19-159,2006,0.1,0,0,0,0,0,0,0,,0,0,0,0,0,0,0,0,Matches
365,Adrien Rabiot,fr FRA,MF,Marseille,30-264,1995,1.0,0,0,0,0,0,0,0,,0,0,0,0,0,0,1,0,Matches
366,Uroš Radaković,rs SRB,"DF,MF",Nantes,31-267,1994,0.3,0,0,0,0,0,0,0,,0,0,0,0,0,0,2,0,Matches
367,Ugo Raghouber,fr FRA,FW,Lille,22-163,2003,0.0,0,0,0,0,0,0,0,,0,1,0,1,0,0,0,0,Matches
368,Gonçalo Ramos,pt POR,FW,Paris S-G,24-186,2001,8.8,8,7,4,2,2,4,13,30.8,9,5,0,5,3,11,3,0,Matches
369,Lilian Raolisoa,fr FRA,"FW,DF",Angers,25-190,2000,9.0,24,13,14,8,2,12,19,63.2,7,3,1,2,7,31,21,0,Matches
370,Guillaume Restes,fr FRA,GK,Toulouse,20-287,2005,16.0,0,0,0,0,0,0,1,0.0,1,0,0,0,1,1,9,3,Matches
371,Alexsandro Ribeiro,br BRA,DF,Lille,26-136,1999,3.5,6,4,4,1,1,2,3,66.7,1,0,0,0,8,14,23,0,Matches
372,Fabian Rieder,ch SUI,MF,Rennes,23-310,2002,1.5,3,2,1,1,1,3,8,37.5,5,5,1,4,2,5,2,0,Matches
373,Robin Risser,fr FRA,GK,Lens,21-021,2004,16.0,0,0,0,0,0,0,0,,0,0,0,0,0,0,5,0,Matches
374,Ryan Rodin,fr FRA,FW,Auxerre,19-296,2006,0.1,0,0,0,0,0,0,0,,0,0,0,0,0,0,0,0,Matches
375,Valentin Rongier,fr FRA,MF,Rennes,31-016,1994,14.5,28,21,15,10,3,19,29,65.5,10,17,7,10,17,45,26,1,Matches
376,Pablo Rosario,do DOM,MF,Nice,28-350,1997,0.3,1,0,1,0,0,0,0,,0,0,0,0,0,1,0,0,Matches
377,Lucas Rosier,fr FRA,FW,Rennes,18-286,2007,0.0,0,0,0,0,0,0,0,,0,0,0,0,0,0,0,0,Matches
378,Anthony Rouault,fr FRA,DF,Rennes,24-208,2001,9.5,15,7,12,2,1,10,18,55.6,8,14,9,5,12,27,49,1,Matches
379,Jonathan Rowe,eng ENG,FW,Marseille,22-237,2003,0.7,0,0,0,0,0,0,1,0.0,1,2,0,2,1,1,0,0,Matches
380,Fabián Ruiz Peña,es ESP,MF,Paris S-G,29-264,1996,6.8,5,4,1,2,2,2,9,22.2,7,8,0,8,4,9,4,1,Matches
381,Gerónimo Rulli,ar ARG,GK,Marseille,33-217,1992,13.0,2,0,2,0,0,2,3,66.7,1,0,0,0,0,2,14,2,Matches
382,Matvei Safonov,ru RUS,GK,Paris S-G,26-301,1999,2.0,0,0,0,0,0,0,0,,0,0,0,0,0,0,0,0,Matches
383,Osame Sahraoui,ma MAR,"FW,MF",Lille,24-195,2001,4.9,5,3,1,3,1,3,6,50.0,3,5,1,4,3,8,2,2,Matches
384,Wesley Saïd,fr FRA,MF,Lens,30-248,1995,12.1,9,5,4,2,3,2,5,40.0,3,13,0,13,7,16,12,0,Matches
385,Mathis Saka,fr FRA,MF,Toulouse,19-094,2006,0.1,0,0,0,0,0,0,0,,0,0,0,0,0,0,0,0,Matches
386,Ibrahim Salah,ma MAR,FW,Rennes,24-115,2001,0.4,1,1,0,1,0,0,0,,0,0,0,0,0,1,1,0,Matches
387,Mohammed Salisu,gh GHA,DF,Monaco,26-250,1999,11.0,23,9,18,3,2,13,24,54.2,11,22,21,1,17,40,85,2,Matches
388,Mbwana Samatta,tz TAN,FW,Le Havre,33-000,1992,7.7,2,1,0,1,1,1,7,14.3,6,4,0,4,2,4,0,0,Matches
389,Mama Samba Baldé,gw GNB,FW,Brest,30-047,1995,6.9,11,6,4,2,5,7,8,87.5,1,3,0,3,4,15,5,0,Matches
390,Brice Samba,fr FRA,GK,Rennes,31-242,1994,16.0,1,0,1,0,0,1,1,100.0,0,0,0,0,0,1,7,1,Matches
391,Ibou Sané,sn SEN,"FW,MF",Metz,20-270,2005,4.2,4,3,3,1,0,2,3,66.7,1,5,0,5,1,5,3,0,Matches
392,Sadibou Sané,sn SEN,DF,Metz,21-196,2004,5.6,14,10,8,6,0,9,16,56.3,7,7,2,5,8,22,27,0,Matches
393,Arouna Sangante,sn SEN,DF,Le Havre,23-255,2002,14.6,15,7,9,6,0,10,18,55.6,8,16,9,7,17,32,73,3,Matches
394,Mamadou Sangare,ml MLI,MF,Lens,23-180,2002,13.6,50,31,19,19,12,30,56,53.6,26,21,3,18,16,66,17,1,Matches
395,Nhoa Sangui,fr FRA,DF,Paris FC,19-299,2006,4.1,7,3,3,4,0,1,2,50.0,1,1,1,0,2,9,10,1,Matches
396,Morgan Sanson,fr FRA,MF,Nice,31-127,1994,4.3,6,4,3,3,0,2,10,20.0,8,6,3,3,2,8,1,1,Matches
397,Tiago Santos,pt POR,DF,Lille,23-153,2002,1.3,3,2,1,1,1,2,2,100.0,0,0,0,0,0,3,2,0,Matches
398,Malang Sarr,fr FRA,DF,Lens,26-334,1999,15.0,30,17,18,11,1,18,26,69.2,8,18,11,7,32,62,70,1,Matches
399,Mamadou Sarr,sn SEN,DF,Strasbourg,20-116,2005,12.5,15,12,6,8,1,6,11,54.5,5,7,1,6,6,21,60,0,Matches
400,Martin Satriano,uy URU,FW,Lyon,24-306,2001,7.7,5,3,1,2,2,3,5,60.0,2,3,0,3,6,11,3,0,Matches
401,Mario Sauer,sk SVK,MF,Toulouse,21-222,2004,5.2,9,6,4,2,3,4,9,44.4,5,7,1,6,8,17,8,0,Matches
402,Alidu Seidu,gh GHA,DF,Rennes,25-202,2000,5.0,18,11,6,11,1,10,14,71.4,4,2,0,2,12,30,10,1,Matches
403,Ayumu Seko,jp JPN,MF,Le Havre,25-199,2000,15.2,24,13,8,14,2,11,19,57.9,8,18,1,17,19,43,43,0,Matches
404,Marvin Senaya,tg TOG,DF,Auxerre,24-329,2001,11.5,31,15,12,15,4,14,20,70.0,6,8,3,5,19,50,43,0,Matches
405,Djibril Sidibé,fr FRA,"DF,MF",Toulouse,33-147,1992,11.1,25,18,14,8,3,15,21,71.4,6,6,2,4,7,32,27,1,Matches
406,Francisco Sierralta,cl CHI,DF,Auxerre,28-231,1997,9.6,14,6,8,5,1,8,12,66.7,4,9,5,4,8,22,58,0,Matches
407,Caio Henrique Oliveira Silva,br BRA,DF,Monaco,28-145,1997,10.6,13,5,8,3,2,7,11,63.6,4,13,4,9,8,21,25,0,Matches
408,Abdallah Sima,sn SEN,MF,Lens,24-189,2001,1.7,4,3,2,0,2,1,2,50.0,1,2,0,2,0,4,8,0,Matches
409,Moses Simon,ng NGA,"FW,MF",Paris FC,30-164,1995,12.7,7,5,2,3,2,3,6,50.0,3,8,1,7,8,15,5,0,Matches
410,Lassine Sinayoko,ml MLI,"FW,MF",Auxerre,26-015,1999,15.0,17,10,2,11,4,4,8,50.0,4,11,0,11,15,32,6,0,Matches
411,Telli Siwe,fr FRA,DF,Auxerre,21-009,2004,2.5,4,3,4,0,0,2,2,100.0,0,5,1,4,4,8,6,0,Matches
412,Florian Sotoca,fr FRA,"MF,FW",Lens,35-059,1990,1.0,0,0,0,0,0,0,3,0.0,3,0,0,0,3,3,1,0,Matches
413,Sambou Soumano,sn SEN,FW,Lorient,24-354,2001,7.4,4,3,0,4,0,0,1,0.0,1,2,0,2,3,7,9,0,Matches
414,Issa Soumaré,sn SEN,"FW,MF",Le Havre,25-074,2000,16.0,19,9,4,7,8,10,19,52.6,9,12,3,9,4,23,22,0,Matches
415,Benjamin Stambouli,fr FRA,MF,Metz,35-132,1990,6.0,12,7,4,7,1,7,15,46.7,8,6,1,5,3,15,15,2,Matches
416,Pavel Šulc,cz CZE,"FW,MF",Lyon,24-359,2000,9.0,12,4,6,4,2,8,19,42.1,11,7,0,7,5,17,8,0,Matches
417,Lamine Sy,mr MTN,DF,Auxerre,23-135,2002,4.5,15,8,11,3,1,7,8,87.5,1,9,5,4,7,22,12,0,Matches
418,Fodé Sylla,fr FRA,MF,Lens,19-251,2006,0.7,6,5,6,0,0,3,3,100.0,0,0,0,0,1,7,3,0,Matches
419,Musa Al-Taamari,jo JOR,"DF,FW",Rennes,28-196,1997,10.1,16,11,9,2,5,6,10,60.0,4,8,1,7,7,23,3,0,Matches
420,Nicolás Tagliafico,ar ARG,DF,Lyon,33-114,1992,8.9,17,8,7,7,3,10,16,62.5,6,8,3,5,13,30,21,0,Matches
421,Montassar Talbi,tn TUN,DF,Lorient,27-211,1998,16.0,12,8,11,1,0,6,18,33.3,12,18,14,4,14,26,93,0,Matches
422,Tylel Tati,fr FRA,DF,Nantes,17-338,2008,14.7,13,8,12,1,0,8,11,72.7,3,20,14,6,13,26,62,3,Matches
423,Tanner Tessmann,us USA,"MF,DF",Lyon,24-090,2001,11.5,17,12,5,8,4,6,14,42.9,8,17,8,9,11,28,32,1,Matches
424,Jordan Teze,nl NED,"MF,DF",Monaco,26-084,1999,12.8,31,25,17,10,4,14,28,50.0,14,17,3,14,14,45,29,0,Matches
425,Florian Thauvin,fr FRA,MF,Lens,32-331,1993,13.8,15,12,4,7,4,6,15,40.0,9,9,0,9,4,19,7,2,Matches
426,Adrien Thomasson,fr FRA,MF,Lens,32-013,1993,14.9,42,22,16,19,7,26,56,46.4,30,29,2,27,10,52,21,0,Matches
427,Cheikh Tidiane Sabaly,sn SEN,"FW,MF",Metz,26-294,1999,10.7,18,13,12,2,4,8,17,47.1,9,10,3,7,5,23,5,1,Matches
428,Corentin Tolisso,fr FRA,MF,Lyon,31-142,1994,14.5,17,9,9,6,2,4,19,21.1,15,20,3,17,13,30,18,0,Matches
429,Abdoulaye Touré,gn GUI,MF,Le Havre,31-295,1994,8.2,12,6,4,6,2,6,7,85.7,1,11,4,7,9,21,17,1,Matches
430,Alpha Touré,sn SEN,"MF,DF",Metz,19-332,2006,8.3,22,14,10,8,4,11,17,64.7,6,14,2,12,5,27,13,1,Matches
431,Ousmane Toure,fr FRA,DF,Lille,20-308,2005,0.6,1,0,1,0,0,0,0,,0,1,0,1,2,3,5,0,Matches
432,Lucas Tousart,fr FRA,MF,Brest,28-238,1997,3.2,14,8,7,2,5,5,8,62.5,3,3,0,3,5,19,8,0,Matches
433,Boubacar Traoré,ml MLI,MF,Metz,24-125,2001,10.1,29,16,20,8,1,10,19,52.6,9,9,1,8,6,35,14,2,Matches
434,Hamari Traoré,ml MLI,DF,Paris FC,33-330,1992,7.6,19,13,10,6,3,8,10,80.0,2,6,1,5,8,27,29,1,Matches
435,Kevin Trapp,de GER,GK,Paris FC,35-168,1990,5.0,0,0,0,0,0,0,0,,0,0,0,0,1,1,3,1,Matches
436,Heorhii Tsitaishvili,ge GEO,"FW,DF",Metz,25-035,2000,11.2,9,6,7,2,0,3,12,25.0,9,9,2,7,6,15,21,1,Matches
437,Matthieu Udol,fr FRA,DF,Lens,29-278,1996,15.9,25,10,9,12,4,16,29,55.2,13,25,5,20,26,51,43,0,Matches
438,Vanderson,br BRA,DF,Monaco,24-185,2001,4.9,13,8,4,7,2,7,11,63.6,4,4,0,4,15,28,23,1,Matches
439,Charles Vanhoutte,be BEL,MF,Nice,27-098,1998,10.4,26,14,8,13,5,15,23,65.2,8,16,5,11,12,38,27,0,Matches
440,Robinio Vaz,fr FRA,FW,Marseille,18-309,2007,4.2,5,4,0,2,3,1,6,16.7,5,5,0,5,2,7,3,0,Matches
441,Calvin Verdonk,id IDN,DF,Lille,28-241,1997,3.0,4,2,3,1,0,3,5,60.0,2,9,1,8,6,10,10,0,Matches
442,Arthur Vermeeren,be BEL,MF,Marseille,20-319,2005,5.9,17,8,6,6,5,10,17,58.8,7,10,1,9,5,22,6,1,Matches
443,Julián Vignolo,ar ARG,"MF,FW",Toulouse,19-016,2006,0.3,0,0,0,0,0,0,0,,0,0,0,0,0,0,0,0,Matches
444,Vitinha,pt POR,MF,Paris S-G,25-313,2000,12.3,11,10,4,4,3,7,17,41.2,10,7,3,4,6,17,10,0,Matches
445,Alexis Vossah,fr FRA,MF,Toulouse,17-287,2008,5.4,6,2,0,4,2,4,8,50.0,4,6,1,5,3,9,9,0,Matches
446,Timothy Weah,us USA,"DF,FW",Marseille,25-304,2000,9.8,19,11,6,11,2,11,16,68.8,5,5,0,5,8,27,10,1,Matches
447,Christopher Wooh,cm CMR,DF,Rennes,24-096,2001,0.7,0,0,0,0,0,0,0,,0,0,0,0,0,0,6,0,Matches
448,Terry Yegbe,gh GHA,DF,Metz,24-332,2001,12.2,10,7,5,4,1,7,10,70.0,3,12,8,4,13,23,76,4,Matches
449,Bertuğ Yıldırım,tr TUR,FW,Rennes,23-164,2002,0.0,0,0,0,0,0,0,0,,0,0,0,0,0,0,0,0,Matches
450,Darlin Yongwa,cm CMR,DF,Lorient,25-092,2000,8.8,16,10,11,4,1,8,18,44.4,10,7,1,6,10,26,25,0,Matches
451,Etienne Youte Kinkoue,fr FRA,"DF,MF",Le Havre,23-343,2002,3.6,6,3,5,1,0,4,5,80.0,1,9,8,1,0,6,29,1,Matches
452,Illia Zabarnyi,ua UKR,DF,Paris S-G,23-113,2002,12.3,15,11,8,7,0,11,15,73.3,4,7,4,3,8,23,47,1,Matches
453,Stephan Zagadou,fr FRA,DF,Le Havre,17-060,2008,0.7,1,1,0,1,0,0,0,,0,0,0,0,0,1,2,0,Matches
454,Warren Zaïre-Emery,fr FRA,"MF,DF",Paris S-G,19-290,2006,13.9,25,15,6,12,7,14,24,58.3,10,21,5,16,6,31,8,0,Matches
455,Denis Zakaria,ch SUI,MF,Monaco,29-033,1996,5.9,7,5,4,3,0,2,4,50.0,2,7,2,5,8,15,8,0,Matches
456,Melvin Zinga,fr FRA,GK,Angers,23-282,2002,1.0,1,1,1,0,0,1,1,100.0,0,0,0,0,0,1,1,0,Matches
457,Luck Zogbé,ci CIV,"FW,DF",Brest,20-274,2005,0.0,0,0,0,0,0,0,1,0.0,1,0,0,0,0,0,2,0,Matches
458,Yanis Zouaoui,dz ALG,DF,Le Havre,31-166,1994,13.7,20,13,8,11,1,14,23,60.9,9,12,3,9,12,32,32,1,Matches
