Unnamed: 0_level_0_Rk,Unnamed: 1_level_0_Player,Unnamed: 2_level_0_Nation,Unnamed: 3_level_0_Pos,Unnamed: 4_level_0_Squad,Unnamed: 5_level_0_Age,Unnamed: 6_level_0_Born,Unnamed: 7_level_0_90s,Tackles_Tkl,Tackles_TklW,Tackles_Def 3rd,Tackles_Mid 3rd,Tackles_Att 3rd,Challenges_Tkl,Challenges_Att,Challenges_Tkl%,Challenges_Lost,Blocks_Blocks,Blocks_Sh,Blocks_Pass,Unnamed: 20_level_0_Int,Unnamed: 21_level_0_Tkl+Int,Unnamed: 22_level_0_Clr,Unnamed: 23_level_0_Err,Unnamed: 24_level_0_Matches
1,Brenden Aaronson,us USA,MF,Leeds United,23,2000,39.5,57,33,18,24,15,17,50,34.0,33,40,1,39,8,65,8,1,Matches
2,Thelo Aasgaard,no NOR,"MF,FW",Luton Town,22,2002,16.8,20,10,4,10,6,10,20,50.0,10,26,6,20,9,29,30,0,Matches
3,James Abankwah,ie IRL,DF,Watford,20,2004,15.4,25,22,19,5,1,11,13,84.6,2,30,13,17,9,34,88,5,Matches
4,Salis Abdul Samed,gh GHA,MF,Sunderland,24,2000,3.1,2,0,1,1,0,1,1,100.0,0,1,0,1,2,4,6,0,Matches
5,Azeem Abdulai,sct SCO,"FW,MF",Swansea City,21,2002,3.9,9,5,3,3,3,4,8,50.0,4,4,0,4,2,11,3,0,Matches
6,Ebou Adams,gm GAM,MF,Derby County,28,1996,42.1,151,99,53,77,21,54,93,58.1,39,76,17,59,56,207,74,1,Matches
7,Elijah Adebayo,eng ENG,FW,Luton Town,26,1998,26.9,14,11,8,2,4,6,22,27.3,16,34,9,25,7,21,44,0,Matches
8,Michael Adu-Poku,eng ENG,FW,Watford,18,2005,0.0,0,0,0,0,0,0,0,,0,0,0,0,0,0,0,0,Matches
9,Enock Agyei,be BEL,"FW,MF",Burnley,19,2005,0.6,4,0,3,1,0,1,2,50.0,1,1,0,1,0,4,0,0,Matches
10,Anel Ahmedhodžić,ba BIH,DF,Sheffield Utd,25,1999,34.8,53,43,36,16,1,27,41,65.9,14,25,14,11,40,93,176,1,Matches
11,Semi Ajayi,ng NGA,DF,West Brom,30,1993,13.6,12,6,9,3,0,5,8,62.5,3,5,3,2,11,23,54,0,Matches
12,Milan Aleksić,rs SRB,"MF,FW",Sunderland,18,2005,3.2,6,4,3,2,1,2,4,50.0,2,2,0,2,4,10,6,0,Matches
13,Ajibola Alese,eng ENG,DF,Sunderland,23,2001,7.8,10,4,5,2,3,6,8,75.0,2,11,4,7,6,16,42,0,Matches
14,Jamie Allen,eng ENG,MF,Coventry City,29,1995,11.2,30,16,15,10,5,19,37,51.4,18,17,3,14,9,39,11,1,Matches
15,Joe Allen,wls WAL,MF,Swansea City,34,1990,7.9,15,8,6,4,5,6,13,46.2,7,4,1,3,7,22,8,0,Matches
16,Millenic Alli,ie IRL,"FW,DF",Luton Town,24,2000,8.5,10,5,5,2,3,4,8,50.0,4,8,1,7,1,11,13,1,Matches
17,Jak Alnwick,eng ENG,GK,Cardiff City,31,1993,29.0,1,1,1,0,0,1,3,33.3,2,0,0,0,0,1,19,2,Matches
18,Will Alves,eng ENG,"FW,MF",Cardiff City,19,2005,7.4,16,11,9,5,2,6,10,60.0,4,4,0,4,3,19,3,0,Matches
19,Steven Alzate,co COL,MF,Hull City,25,1998,21.6,74,50,34,37,3,25,38,65.8,13,31,18,13,27,101,58,1,Matches
20,Zeki Amdouni,ch SUI,MF,Burnley,23,2000,0.4,1,1,0,0,1,0,0,,0,3,0,3,0,1,1,0,Matches
21,Ethan Ampadu,wls WAL,"DF,MF",Leeds United,23,2000,25.4,47,27,18,24,5,26,39,66.7,13,26,15,11,25,72,88,0,Matches
22,Nordin Amrabat,ma MAR,"FW,MF",Hull City,37,1987,3.2,6,5,2,2,2,4,6,66.7,2,2,0,2,0,6,3,1,Matches
23,Lucas Andersen,dk DEN,"MF,FW",QPR,29,1994,12.9,26,14,7,15,4,8,28,28.6,20,12,2,10,9,35,12,0,Matches
24,Joe Anderson,eng ENG,DF,Sunderland,23,2001,1.1,2,2,2,0,0,2,3,66.7,1,0,0,0,0,2,2,0,Matches
25,Ryan Andrews,eng ENG,"DF,MF",Watford,19,2004,23.2,37,26,19,13,5,17,33,51.5,16,22,4,18,23,60,76,1,Matches
26,Jaidon Anthony,eng ENG,"FW,MF",Burnley,24,1999,40.7,56,33,13,34,9,21,52,40.4,31,58,5,53,31,87,51,0,Matches
27,Adil Aouchiche,fr FRA,"MF,FW",Portsmouth,22,2002,7.6,14,7,1,7,6,4,19,21.1,15,13,1,12,10,24,6,0,Matches
28,Adil Aouchiche,fr FRA,"FW,MF",Sunderland,22,2002,3.3,4,2,2,0,2,2,8,25.0,6,4,1,3,1,5,3,1,Matches
29,Oliver Arblaster,eng ENG,MF,Sheffield Utd,20,2004,10.9,12,7,4,6,2,6,11,54.5,5,7,4,3,9,21,25,0,Matches
30,Jordan Archer,sct SCO,GK,Portsmouth,31,1993,1.7,0,0,0,0,0,0,0,,0,0,0,0,0,0,0,0,Matches
31,Adam Armstrong,eng ENG,FW,West Brom,27,1997,11.2,9,7,1,4,4,3,5,60.0,2,4,1,3,0,9,2,0,Matches
32,Harrison Armstrong,eng ENG,MF,Derby County,17,2007,12.3,25,18,10,13,2,11,21,52.4,10,10,1,9,23,48,33,0,Matches
33,Sinclair Armstrong,ie IRL,FW,Bristol City,21,2003,17.3,3,1,0,2,1,0,3,0.0,3,4,0,4,3,6,0,0,Matches
34,Stuart Armstrong,sct SCO,"MF,FW",Sheffield Weds,32,1992,6.0,10,6,4,4,2,2,5,40.0,3,4,2,2,2,12,8,0,Matches
35,Harrison Ashby,sct SCO,"DF,FW",QPR,22,2001,17.6,56,35,34,18,4,31,46,67.4,15,23,5,18,11,67,67,2,Matches
36,Cian Ashford,wls WAL,"FW,MF",Cardiff City,19,2004,16.9,21,11,13,3,5,12,23,52.2,11,13,0,13,8,29,7,0,Matches
37,Robert Atkinson,eng ENG,DF,Portsmouth,26,1998,12.2,7,3,5,1,1,4,5,80.0,1,17,12,5,9,16,102,0,Matches
38,Luke Ayling,eng ENG,DF,Middlesbrough,32,1991,21.7,60,42,34,22,4,40,57,70.2,17,36,12,24,23,83,38,1,Matches
39,Finn Azaz,ie IRL,"MF,FW",Middlesbrough,23,2000,39.4,39,28,10,21,8,19,36,52.8,17,30,5,25,14,53,23,0,Matches
40,Femi Azeez,eng ENG,FW,Millwall,23,2001,21.2,47,30,19,16,12,21,38,55.3,17,28,3,25,18,65,42,0,Matches
41,Kwadwo Baah,eng ENG,"MF,FW",Watford,21,2003,16.2,17,13,8,6,3,2,7,28.6,5,9,1,8,4,21,15,0,Matches
42,Daniel Bachmann,at AUT,GK,Watford,30,1994,21.1,0,0,0,0,0,0,0,,0,0,0,0,0,0,12,5,Matches
43,Joel Bagan,ie IRL,DF,Cardiff City,24,2000,17.9,32,20,22,10,0,14,24,58.3,10,21,12,9,14,46,89,1,Matches
44,Michael Baidoo,gh GHA,"MF,FW",Plymouth Argyle,25,1999,5.0,6,3,2,4,0,3,12,25.0,9,3,0,3,2,8,5,0,Matches
45,Lewis Baker,eng ENG,MF,Stoke City,29,1995,16.4,9,4,4,5,0,5,16,31.3,11,9,4,5,12,21,17,1,Matches
46,Lewis Baker,eng ENG,"MF,FW",Blackburn,29,1995,6.6,12,3,7,5,0,4,6,66.7,2,9,3,6,5,17,13,0,Matches
47,Daniel Ballard,nir NIR,DF,Sunderland,24,1999,12.5,11,7,9,2,0,7,10,70.0,3,9,6,3,9,20,80,2,Matches
48,Patrick Bamford,eng ENG,FW,Leeds United,30,1993,2.8,3,2,1,1,1,1,2,50.0,1,1,0,1,2,5,2,0,Matches
49,Raees Bangura-Williams,,"FW,MF",Millwall,,,6.8,23,15,10,10,3,8,11,72.7,3,10,0,10,3,26,10,0,Matches
50,Tamer Bani Odeh,jo JOR,"MF,FW",West Brom,20,2003,0.6,4,4,0,3,1,2,2,100.0,0,2,0,2,2,6,1,0,Matches
51,Barry Bannan,sct SCO,MF,Sheffield Weds,34,1989,38.5,66,36,31,24,11,29,62,46.8,33,42,23,19,22,88,55,2,Matches
52,Jamal Baptiste,eng ENG,DF,Sheffield Utd,20,2003,0.1,0,0,0,0,0,0,1,0.0,1,1,1,0,0,0,0,0,Matches
53,Shandon Baptiste,gd GRN,MF,Luton Town,26,1998,8.0,14,8,8,5,1,8,15,53.3,7,14,5,9,12,26,15,0,Matches
54,Tom Barkhuizen,eng ENG,"FW,MF",Derby County,31,1993,4.5,7,4,5,1,1,3,6,50.0,3,3,1,2,5,12,6,0,Matches
55,Daniel Barlaser,tr TUR,MF,Middlesbrough,27,1997,12.8,16,11,4,8,4,6,16,37.5,10,9,3,6,10,26,13,3,Matches
56,Ashley Barnes,eng ENG,"FW,MF",Norwich City,34,1989,1.9,1,0,0,1,0,0,0,,0,1,0,1,1,2,2,0,Matches
57,Ashley Barnes,eng ENG,"FW,MF",Burnley,34,1989,1.5,0,0,0,0,0,0,0,,0,3,1,2,2,2,2,0,Matches
58,Louie Barry,eng ENG,"FW,MF",Hull City,21,2003,1.8,1,1,0,1,0,0,1,0.0,1,2,0,2,1,2,1,0,Matches
59,Kyle Bartley,eng ENG,DF,West Brom,33,1991,29.0,25,14,21,4,0,11,14,78.6,3,30,27,3,23,48,182,1,Matches
60,Norman Bassette,be BEL,FW,Coventry City,19,2004,10.1,4,4,1,1,2,1,4,25.0,3,10,0,10,0,4,9,0,Matches
61,Danny Batth,eng ENG,DF,Blackburn,33,1990,33.4,31,23,24,6,1,15,24,62.5,9,36,29,7,37,68,244,2,Matches
62,Patrick Bauer,de GER,DF,Preston,31,1992,0.1,1,0,1,0,0,1,1,100.0,0,2,2,0,0,1,0,0,Matches
63,Vakoun Bayo,ci CIV,FW,Watford,27,1997,24.9,20,13,4,12,4,6,14,42.9,8,18,4,14,3,23,25,0,Matches
64,James Beadle,eng ENG,GK,Sheffield Weds,20,2004,38.0,1,1,1,0,0,1,2,50.0,1,0,0,0,0,1,24,5,Matches
65,Owen Beck,wls WAL,"DF,FW",Blackburn,21,2002,20.8,63,38,40,19,4,33,46,71.7,13,35,13,22,19,82,74,0,Matches
66,Chris Bedia,ci CIV,FW,Hull City,28,1996,10.2,10,6,2,6,2,1,4,25.0,3,6,1,5,0,10,10,0,Matches
67,Amari'i Bell,jm JAM,DF,Luton Town,30,1994,30.1,47,25,23,19,5,31,54,57.4,23,25,10,15,26,73,103,0,Matches
68,Sam Bell,eng ENG,"FW,DF",Bristol City,22,2002,4.9,9,7,2,6,1,3,11,27.3,8,4,0,4,2,11,5,0,Matches
69,Jobe Bellingham,eng ENG,MF,Sunderland,18,2005,39.0,72,41,36,23,13,27,44,61.4,17,56,15,41,31,103,91,0,Matches
70,Bachir Belloumi,dz ALG,"FW,MF",Hull City,22,2002,9.1,13,7,4,7,2,4,11,36.4,7,9,0,9,9,22,11,1,Matches
71,Anis Ben Slimane,tn TUN,MF,Norwich City,23,2001,23.2,37,27,12,18,7,19,32,59.4,13,22,5,17,15,52,30,1,Matches
72,Anis Ben Slimane,tn TUN,MF,Sheffield Utd,23,2001,0.5,2,0,1,1,0,0,0,,0,0,0,0,0,2,0,0,Matches
73,Joe Bennett,eng ENG,DF,Oxford United,34,1990,8.3,15,7,8,6,1,8,9,88.9,1,9,5,4,9,24,30,1,Matches
74,Daniel Bennie,au AUS,"FW,MF",QPR,18,2006,2.4,0,0,0,0,0,0,0,,0,3,0,3,1,1,7,0,Matches
75,Jóhann Berg Guðmundsson,is ISL,MF,Burnley,33,1990,0.2,0,0,0,0,0,0,0,,0,0,0,0,0,0,0,0,Matches
76,Di'Shon Bernard,jm JAM,DF,Sheffield Weds,23,2000,24.8,29,20,22,7,0,17,25,68.0,8,34,22,12,27,56,118,0,Matches
77,Kian Best,eng ENG,DF,Preston,18,2005,0.0,1,1,0,1,0,1,1,100.0,0,0,0,0,0,1,0,0,Matches
78,Florian Bianchini,fr FRA,FW,Swansea City,23,2001,12.3,17,12,8,8,1,5,17,29.4,12,16,1,15,2,19,9,0,Matches
79,Jake Bidwell,eng ENG,DF,Coventry City,31,1993,22.9,20,13,8,9,3,10,18,55.6,8,22,18,4,18,38,63,1,Matches
80,Luis Binks,eng ENG,DF,Coventry City,22,2001,20.6,22,10,13,7,2,9,14,64.3,5,21,14,7,20,42,137,0,Matches
81,Max Bird,eng ENG,MF,Bristol City,23,2000,38.7,86,58,19,55,12,40,66,60.6,26,47,14,33,32,118,22,0,Matches
82,Colby Bishop,eng ENG,FW,Portsmouth,27,1996,29.2,26,15,3,16,7,8,19,42.1,11,22,5,17,4,30,39,1,Matches
83,Billy Blacker,eng ENG,MF,Sheffield Utd,18,2006,0.0,0,0,0,0,0,0,0,,0,0,0,0,0,0,0,0,Matches
84,Corey Blackett-Taylor,eng ENG,"FW,MF",Derby County,26,1997,4.5,1,1,0,0,1,1,5,20.0,4,3,1,2,4,5,1,0,Matches
85,Harvey Blair,eng ENG,FW,Portsmouth,20,2003,3.3,4,1,2,0,2,0,5,0.0,5,6,0,6,4,8,2,0,Matches
86,Malachi Boateng,eng ENG,MF,Plymouth Argyle,22,2002,2.2,6,2,2,3,1,1,3,33.3,2,4,0,4,4,10,7,0,Matches
87,Eric Bocat,fr FRA,DF,Stoke City,25,1999,22.7,42,25,25,12,5,23,33,69.7,10,33,7,26,31,73,103,1,Matches
88,Jayden Bogle,eng ENG,DF,Leeds United,24,2000,42.5,98,62,49,34,15,48,84,57.1,36,36,2,34,37,135,91,1,Matches
89,Jonathan Bond,eng ENG,GK,Watford,31,1993,8.9,0,0,0,0,0,0,0,,0,0,0,0,0,0,5,0,Matches
90,Neto Borges,br BRA,DF,Middlesbrough,27,1996,32.1,65,39,44,14,7,34,56,60.7,22,24,6,18,40,105,131,0,Matches
91,Raphael Borges Rodrigues,au AUS,"MF,FW",Coventry City,20,2003,0.1,0,0,0,0,0,0,0,,0,0,0,0,0,0,2,0,Matches
92,Josh Bowler,eng ENG,"FW,DF",Preston,25,1999,5.1,13,6,3,6,4,6,9,66.7,3,5,1,4,3,16,3,0,Matches
93,Josh Bowler,eng ENG,"MF,FW",Luton Town,25,1999,1.7,2,2,1,1,0,0,3,0.0,3,1,1,0,2,4,4,0,Matches
94,Sonny Bradley,eng ENG,DF,Derby County,32,1991,3.4,2,2,2,0,0,1,1,100.0,0,6,6,0,5,7,28,0,Matches
95,Tom Bradshaw,wls WAL,FW,Oxford United,32,1992,4.0,0,0,0,0,0,0,0,,0,1,0,1,1,1,4,0,Matches
96,Tom Bradshaw,wls WAL,FW,Millwall,32,1992,5.0,4,2,0,2,2,2,3,66.7,1,1,0,1,0,4,5,0,Matches
97,Robbie Brady,ie IRL,"DF,FW",Preston,32,1992,18.2,39,28,13,18,8,19,34,55.9,15,26,3,23,22,61,39,0,Matches
98,Cohen Bramall,eng ENG,"DF,FW",Portsmouth,28,1996,5.1,6,6,3,2,1,4,8,50.0,4,2,0,2,3,9,14,0,Matches
99,Cameron Brannagan,eng ENG,MF,Oxford United,28,1996,32.2,58,35,36,22,0,38,65,58.5,27,38,14,24,31,89,44,0,Matches
100,Ben Brereton,cl CHI,"FW,MF",Sheffield Utd,25,1999,10.9,2,1,0,0,2,1,8,12.5,7,10,2,8,8,10,23,0,Matches
101,Rhian Brewster,eng ENG,"MF,FW",Sheffield Utd,24,2000,17.3,16,8,4,4,8,5,15,33.3,10,20,3,17,5,21,35,0,Matches
102,Callum Brittain,eng ENG,DF,Blackburn,26,1998,29.5,56,34,34,17,5,38,47,80.9,9,36,15,21,20,76,130,1,Matches
103,Andre Brooks,eng ENG,"FW,MF",Sheffield Utd,20,2003,10.6,35,16,14,12,9,16,28,57.1,12,18,1,17,6,41,13,0,Matches
104,Ciaron Brown,nir NIR,DF,Oxford United,26,1998,40.1,28,20,23,5,0,17,24,70.8,7,49,35,14,49,77,267,0,Matches
105,Dajaune Brown,jm JAM,FW,Derby County,18,2005,4.3,5,4,0,3,2,3,5,60.0,2,7,1,6,2,7,6,0,Matches
106,Jacob Brown,sct SCO,"FW,MF",Luton Town,26,1998,13.5,10,6,3,5,2,6,13,46.2,7,10,4,6,5,15,24,0,Matches
107,Alan Browne,ie IRL,"MF,DF",Sunderland,29,1995,13.5,20,12,17,3,0,7,18,38.9,11,15,3,12,11,31,28,1,Matches
108,Josh Brownhill,eng ENG,"MF,FW",Burnley,28,1995,38.6,64,35,25,25,14,23,53,43.4,30,26,5,21,32,96,59,1,Matches
109,Joe Bryan,eng ENG,DF,Millwall,30,1993,36.4,90,61,51,33,6,51,89,57.3,38,60,19,41,69,159,132,2,Matches
110,Solomon Brynn,eng ENG,GK,Middlesbrough,23,2000,5.7,2,2,2,0,0,2,2,100.0,0,0,0,0,0,2,2,0,Matches
111,John Buckley,eng ENG,MF,Blackburn,24,1999,9.5,31,15,10,20,1,14,23,60.9,9,17,6,11,14,45,23,0,Matches
112,Mustapha Bundu,sl SLE,"FW,MF",Plymouth Argyle,27,1997,25.6,30,17,8,14,8,13,26,50.0,13,16,4,12,12,42,33,0,Matches
113,Wouter Burger,nl NED,MF,Stoke City,23,2001,33.4,82,55,35,41,6,36,66,54.5,30,46,14,32,51,133,89,0,Matches
114,Delano Burgzorg,sr SUR,"FW,MF",Middlesbrough,25,1998,24.3,39,20,12,16,11,14,25,56.0,11,18,1,17,3,42,12,1,Matches
115,Reece Burke,eng ENG,DF,Luton Town,27,1996,9.5,19,11,8,8,3,4,11,36.4,7,10,5,5,13,32,49,0,Matches
116,Finley Burns,eng ENG,"DF,MF",Hull City,21,2003,3.5,5,4,2,3,0,2,4,50.0,2,4,4,0,9,14,16,0,Matches
117,Harrison Burrows,eng ENG,DF,Sheffield Utd,22,2002,38.4,78,54,49,25,4,44,73,60.3,29,29,7,22,30,108,98,1,Matches
118,Mason Burstow,eng ENG,"FW,MF",Hull City,20,2003,10.6,20,8,13,7,0,7,21,33.3,14,17,3,14,3,23,21,0,Matches
119,Sam Byram,eng ENG,DF,Leeds United,30,1993,15.7,31,19,18,10,3,18,23,78.3,5,17,5,12,22,53,45,0,Matches
120,Ben Cabango,wls WAL,DF,Swansea City,24,2000,44.8,84,57,58,23,3,33,51,64.7,18,51,33,18,41,125,275,3,Matches
121,Tyrese Campbell,eng ENG,FW,Sheffield Utd,24,1999,17.6,5,2,1,2,2,0,2,0.0,2,13,3,10,0,5,11,0,Matches
122,Thomas Cannon,ie IRL,FW,Stoke City,21,2002,20.6,13,8,1,3,9,3,10,30.0,7,12,5,7,2,15,23,0,Matches
123,Thomas Cannon,ie IRL,FW,Sheffield Utd,21,2002,7.6,1,0,0,0,1,1,3,33.3,2,6,2,4,0,1,5,0,Matches
124,Todd Cantwell,eng ENG,"MF,FW",Blackburn,26,1998,27.5,59,41,25,23,11,23,46,50.0,23,24,2,22,20,79,22,0,Matches
125,Theo Carroll,eng ENG,MF,Preston,17,2007,0.0,1,1,1,0,0,0,0,,0,0,0,0,0,1,1,0,Matches
126,Hayden Carter,eng ENG,DF,Blackburn,24,1999,15.1,24,13,17,6,1,17,32,53.1,15,20,12,8,19,43,65,0,Matches
127,Eiran Cashin,ie IRL,DF,Derby County,22,2001,19.8,51,33,26,22,3,30,46,65.2,16,30,14,16,43,94,97,0,Matches
128,Žan Celar,si SVN,FW,QPR,25,1999,10.5,4,2,1,2,1,1,4,25.0,3,2,1,1,0,4,10,0,Matches
129,Ilias Chair,ma MAR,"MF,FW",QPR,26,1997,18.9,13,9,8,1,4,6,23,26.1,17,20,1,19,5,18,5,0,Matches
130,Giorgi Chakvetadze,ge GEO,"MF,FW",Watford,24,1999,36.5,39,32,8,23,8,18,39,46.2,21,17,2,15,10,49,10,1,Matches
131,Nathaniel Chalobah,eng ENG,MF,Sheffield Weds,29,1994,4.9,9,4,6,2,1,7,10,70.0,3,4,2,2,12,21,19,0,Matches
132,Calum Chambers,eng ENG,"DF,MF",Cardiff City,29,1995,39.0,74,48,34,34,6,33,50,66.0,17,48,26,22,52,126,148,4,Matches
133,Samuel Chambers,eng ENG,FW,Leeds United,16,2007,0.2,0,0,0,0,0,0,0,,0,0,0,0,0,0,0,0,Matches
134,Pierce Charles,nir NIR,GK,Sheffield Weds,19,2005,8.0,0,0,0,0,0,0,0,,0,1,0,1,0,0,1,2,Matches
135,Shea Charles,nir NIR,"MF,DF",Sheffield Weds,20,2003,40.3,108,57,48,47,13,52,82,63.4,30,54,18,36,59,167,76,0,Matches
136,Tawanda Chirewa,zw ZIM,MF,Derby County,20,2003,1.7,7,5,2,4,1,2,5,40.0,3,1,0,1,1,8,0,0,Matches
137,Tahith Chong,cw CUW,"MF,DF",Luton Town,24,1999,22.5,23,13,9,8,6,11,25,44.0,14,23,3,20,8,31,20,1,Matches
138,Hamza Choudhury,bd BAN,"MF,DF",Sheffield Utd,26,1997,12.3,34,23,19,12,3,15,24,62.5,9,15,6,9,28,62,35,1,Matches
139,Benjamin Chrisene,eng ENG,DF,Norwich City,20,2004,12.8,33,23,22,11,0,14,23,60.9,9,14,5,9,10,43,22,0,Matches
140,Cyrus Christie,ie IRL,DF,Swansea City,31,1992,3.1,2,1,2,0,0,1,1,100.0,0,4,1,3,3,5,21,1,Matches
141,Dennis Cirkin,eng ENG,DF,Sunderland,22,2002,30.4,92,51,50,34,8,46,75,61.3,29,40,14,26,43,135,103,0,Matches
142,Ibrahim Cissoko,nl NED,"FW,MF",Plymouth Argyle,21,2003,7.3,15,5,12,2,1,6,11,54.5,5,7,0,7,4,19,4,0,Matches
143,Ibrahim Cissoko,nl NED,"FW,MF",Sheffield Weds,21,2003,0.6,0,0,0,0,0,0,1,0.0,1,4,0,4,1,1,0,0,Matches
144,Jordan Clark,eng ENG,MF,Luton Town,30,1993,35.9,56,37,24,24,8,26,66,39.4,40,39,15,24,30,86,51,1,Matches
145,Harry Clarke,eng ENG,DF,Sheffield Utd,23,2001,5.2,10,6,6,2,2,5,8,62.5,3,8,5,3,4,14,23,0,Matches
146,Jack Clarke,eng ENG,FW,Sunderland,23,2000,2.0,2,1,2,0,0,1,5,20.0,4,2,0,2,0,2,2,0,Matches
147,Matthew Clarke,eng ENG,DF,Derby County,27,1996,15.2,29,16,20,8,1,11,19,57.9,8,20,8,12,19,48,112,0,Matches
148,Matthew Clarke,eng ENG,DF,Middlesbrough,27,1996,12.4,25,18,13,12,0,12,15,80.0,3,17,9,8,17,42,64,1,Matches
149,Jake Clarke-Salter,eng ENG,DF,QPR,26,1997,8.4,14,7,8,6,0,5,8,62.5,3,10,6,4,4,18,40,0,Matches
150,Josh Coburn,eng ENG,MF,Middlesbrough,21,2002,0.1,0,0,0,0,0,0,0,,0,0,0,0,0,0,2,0,Matches
151,Josh Coburn,eng ENG,FW,Millwall,21,2002,13.5,10,8,2,5,3,2,3,66.7,1,9,2,7,2,12,16,0,Matches
152,Jack Colback,eng ENG,MF,QPR,34,1989,16.1,25,13,12,11,2,12,18,66.7,6,17,3,14,11,36,18,0,Matches
153,Devante Cole,eng ENG,"FW,MF",West Brom,29,1995,1.8,2,1,1,1,0,1,3,33.3,2,5,1,4,1,3,3,0,Matches
154,Bradley Collins,eng ENG,GK,Coventry City,27,1997,14.6,1,1,1,0,0,1,1,100.0,0,0,0,0,0,1,10,3,Matches
155,James Collins,ie IRL,"FW,MF",Derby County,33,1990,2.5,1,1,0,0,1,0,4,0.0,4,5,1,4,2,3,6,0,Matches
156,Jamilu Collins,ng NGA,DF,Cardiff City,29,1994,1.8,5,3,3,1,1,4,5,80.0,1,1,0,1,2,7,13,0,Matches
157,Rubin Colwill,wls WAL,"MF,FW",Cardiff City,22,2002,28.0,56,33,20,25,11,23,40,57.5,17,38,5,33,11,67,22,0,Matches
158,Aaron Connolly,ie IRL,"FW,MF",Sunderland,24,2000,2.7,2,1,0,1,1,2,4,50.0,2,0,0,0,0,2,2,0,Matches
159,Aaron Connolly,ie IRL,"FW,MF",Millwall,24,2000,7.3,7,4,1,5,1,3,4,75.0,1,5,0,5,1,8,10,0,Matches
160,Tommy Conway,sct SCO,"FW,MF",Middlesbrough,21,2002,26.2,15,10,6,5,4,4,13,30.8,9,12,0,12,3,18,10,0,Matches
161,Steve Cook,eng ENG,DF,QPR,33,1991,29.1,19,14,16,1,2,11,16,68.8,5,33,27,6,24,43,174,0,Matches
162,Jake Cooper,eng ENG,DF,Millwall,29,1995,35.5,33,24,23,7,3,17,31,54.8,14,34,24,10,21,54,238,3,Matches
163,Michael Cooper,eng ENG,GK,Sheffield Utd,24,1999,43.0,1,0,1,0,0,1,1,100.0,0,0,0,0,0,1,26,1,Matches
164,Oliver Cooper,wls WAL,"MF,FW",Swansea City,24,1999,11.6,23,12,4,15,4,12,23,52.2,11,19,2,17,6,29,7,0,Matches
165,José Cordoba,pa PAN,DF,Norwich City,23,2001,23.4,27,12,21,5,1,16,24,66.7,8,20,11,9,21,48,106,0,Matches
166,David Cornell,wls WAL,GK,Preston,33,1991,9.0,0,0,0,0,0,0,0,,0,0,0,0,0,0,2,1,Matches
167,Harry Cornick,eng ENG,"FW,MF",Bristol City,29,1995,0.4,0,0,0,0,0,0,2,0.0,2,0,0,0,0,0,0,0,Matches
168,Lewie Coyle,eng ENG,DF,Hull City,28,1995,41.3,98,64,69,23,6,58,92,63.0,34,35,20,15,26,124,163,3,Matches
169,Amario Cozier-Duberry,eng ENG,"FW,MF",Blackburn,19,2005,8.0,12,8,5,3,4,8,16,50.0,8,6,0,6,1,13,15,1,Matches
170,Tristan Crama,fr FRA,DF,Millwall,22,2001,18.2,35,23,22,10,3,18,33,54.5,15,21,9,12,30,65,123,0,Matches
171,Charlie Crew,wls WAL,MF,Leeds United,18,2006,0.1,0,0,0,0,0,0,0,,0,0,0,0,0,0,0,0,Matches
172,Ante Crnac,hr CRO,FW,Norwich City,20,2003,27.7,47,31,19,18,10,21,46,45.7,25,34,4,30,6,53,25,1,Matches
173,Matt Crooks,eng ENG,"MF,FW",Hull City,30,1994,8.8,19,10,9,8,2,7,12,58.3,5,10,2,8,5,24,21,0,Matches
174,Josh Cullen,ie IRL,MF,Burnley,28,1996,42.2,65,34,17,44,4,31,55,56.4,24,34,12,22,34,99,72,1,Matches
175,Liam Cullen,wls WAL,"MF,FW",Swansea City,25,1999,33.3,37,19,7,18,12,9,34,26.5,25,27,10,17,8,45,41,0,Matches
176,Jamie Cumming,eng ENG,GK,Oxford United,24,1999,45.0,0,0,0,0,0,0,2,0.0,2,0,0,0,0,0,35,3,Matches
177,Luke Cundle,eng ENG,"MF,FW",Millwall,22,2002,10.9,15,8,4,9,2,1,8,12.5,7,12,3,9,8,23,6,0,Matches
178,Jesper Daland,no NOR,DF,Cardiff City,24,2000,15.9,11,6,8,3,0,6,13,46.2,7,19,6,13,9,20,80,1,Matches
179,Owen Dale,eng ENG,"MF,FW",Oxford United,25,1998,3.9,5,5,3,2,0,1,3,33.3,2,3,0,3,4,9,7,0,Matches
180,Harry Darling,eng ENG,DF,Swansea City,24,1999,37.1,31,14,18,10,3,13,23,56.5,10,46,37,9,25,56,204,4,Matches
181,Karl Darlow,wls WAL,GK,Leeds United,33,1990,7.0,0,0,0,0,0,0,0,,0,0,0,0,0,0,2,0,Matches
182,Jay Dasilva,wls WAL,DF,Coventry City,26,1998,20.1,57,36,33,16,8,34,54,63.0,20,28,4,24,23,80,49,0,Matches
183,Adam Davies,wls WAL,GK,Sheffield Utd,32,1992,3.0,0,0,0,0,0,0,0,,0,0,0,0,0,0,1,0,Matches
184,Isaak Davies,wls WAL,"FW,MF",Cardiff City,22,2001,3.2,10,6,3,5,2,3,6,50.0,3,6,0,6,1,11,2,0,Matches
185,Tom Davies,eng ENG,MF,Sheffield Utd,26,1998,7.5,20,15,6,12,2,7,16,43.8,9,8,0,8,8,28,9,0,Matches
186,James Debayo,eng ENG,DF,Leeds United,19,2005,0.0,0,0,0,0,0,0,0,,0,0,0,0,0,0,0,0,Matches
187,Hannes Delcroix,ht HAI,DF,Swansea City,25,1999,9.9,24,20,13,10,1,7,10,70.0,3,12,4,8,14,38,72,1,Matches
188,Tom Dele-Bashiru,ng NGA,MF,Watford,24,1999,22.9,22,17,16,5,1,10,17,58.8,7,21,9,12,19,41,28,4,Matches
189,Karamoko Dembélé,eng ENG,"FW,MF",QPR,21,2003,13.2,15,9,5,7,3,3,12,25.0,9,5,1,4,6,21,9,0,Matches
190,Siriki Dembélé,ci CIV,"FW,MF",Oxford United,27,1996,15.2,29,17,9,13,7,9,18,50.0,9,19,0,19,9,38,7,0,Matches
191,Rav van den Berg,nl NED,DF,Middlesbrough,20,2004,23.6,26,14,17,6,3,19,28,67.9,9,27,20,7,26,52,133,1,Matches
192,Emmanuel Dennis,ng NGA,"FW,MF",Blackburn,26,1997,1.8,1,1,0,1,0,1,2,50.0,1,2,0,2,1,2,2,0,Matches
193,Terry Devlin,nir NIR,"DF,MF",Portsmouth,20,2003,17.4,30,23,19,9,2,17,39,43.6,22,28,11,17,38,68,79,1,Matches
194,Ousmane Diakité,ml MLI,"MF,DF",West Brom,24,2000,9.6,30,14,10,19,1,12,20,60.0,8,26,8,18,16,46,49,0,Matches
195,Grady Diangana,cd COD,"FW,MF",West Brom,26,1998,16.6,42,25,19,19,4,19,38,50.0,19,17,1,16,9,51,9,0,Matches
196,Robert Dickie,eng ENG,DF,Bristol City,28,1996,34.7,36,25,19,17,0,13,29,44.8,16,37,32,5,35,71,235,2,Matches
197,Seny Dieng,sn SEN,GK,Middlesbrough,29,1994,17.0,0,0,0,0,0,0,2,0.0,2,0,0,0,0,0,11,1,Matches
198,Anfernee Dijksteel,sr SUR,DF,Middlesbrough,27,1996,28.1,68,41,30,31,7,28,45,62.2,17,48,15,33,27,95,90,0,Matches
199,Daryl Dike,us USA,"FW,MF",West Brom,24,2000,2.5,2,1,1,1,0,1,1,100.0,0,1,0,1,0,2,7,0,Matches
200,Jaden Dixon,eng ENG,"FW,DF",Stoke City,17,2007,0.1,0,0,0,0,0,0,1,0.0,1,1,0,1,0,0,0,0,Matches
201,Elijah Dixon-Bonner,eng ENG,"MF,FW",QPR,23,2001,0.1,0,0,0,0,0,0,0,,0,0,0,0,0,0,0,0,Matches
202,Lewis Dobbin,eng ENG,FW,Norwich City,21,2003,7.1,5,4,1,4,0,2,5,40.0,3,8,1,7,0,5,3,0,Matches
203,Lewis Dobbin,eng ENG,"FW,MF",West Brom,21,2003,3.8,6,3,4,2,0,2,7,28.6,5,3,0,3,2,8,3,0,Matches
204,Tyrhys Dolan,eng ENG,"FW,MF",Blackburn,22,2001,35.3,58,40,24,24,10,24,50,48.0,26,32,0,32,28,86,35,2,Matches
205,Alfie Doughty,eng ENG,"DF,MF",Luton Town,24,1999,22.6,61,38,30,23,8,32,56,57.1,24,39,3,36,29,90,48,1,Matches
206,Mamadou Doumbia,ml MLI,FW,Watford,18,2006,10.8,12,7,1,6,5,6,8,75.0,2,10,0,10,3,15,5,1,Matches
207,Oliver Dovin,se SWE,GK,Coventry City,22,2002,27.4,0,0,0,0,0,0,1,0.0,1,0,0,0,0,0,18,2,Matches
208,Callum Doyle,eng ENG,DF,Norwich City,20,2003,38.2,54,33,34,18,2,33,52,63.5,19,51,27,24,56,110,164,4,Matches
209,Andre Dozzell,eng ENG,MF,Portsmouth,25,1999,31.3,49,32,14,29,6,15,34,44.1,19,35,13,22,25,74,56,1,Matches
210,Cody Drameh,eng ENG,DF,Hull City,22,2001,18.3,74,49,47,18,9,45,76,59.2,31,24,7,17,19,93,81,0,Matches
211,Shane Duffy,ie IRL,DF,Norwich City,32,1992,44.9,37,21,27,9,1,19,34,55.9,15,56,45,11,32,69,238,3,Matches
212,Jimmy Dunne,ie IRL,DF,QPR,26,1997,45.0,113,70,70,32,11,62,82,75.6,20,64,24,40,46,159,260,0,Matches
213,Leonard Duru,eng ENG,DF,Blackburn,19,2005,0.0,0,0,0,0,0,0,0,,0,0,0,0,0,0,0,0,Matches
214,Pierre Dwomoh,be BEL,MF,Watford,20,2004,5.9,13,4,7,4,2,7,11,63.6,4,8,0,8,16,29,5,1,Matches
215,Lyndon Dykes,sct SCO,FW,QPR,28,1995,0.1,0,0,0,0,0,0,0,,0,0,0,0,0,0,1,0,Matches
216,George Earthy,eng ENG,"MF,FW",Bristol City,19,2004,16.2,22,10,9,9,4,14,27,51.9,13,15,4,11,13,35,14,1,Matches
217,Malcolm Ebiowei,eng ENG,MF,Oxford United,20,2003,0.8,3,2,2,1,0,1,1,100.0,0,1,0,1,1,4,0,0,Matches
218,Festy Ebosele,ie IRL,"DF,MF",Watford,21,2002,8.4,29,19,11,13,5,16,28,57.1,12,8,2,6,2,31,21,0,Matches
219,Josh Eccles,eng ENG,MF,Coventry City,24,2000,26.0,40,29,18,17,5,18,43,41.9,25,41,18,23,23,63,38,1,Matches
220,George Edmundson,eng ENG,DF,Middlesbrough,26,1997,23.2,23,18,10,10,3,14,19,73.7,5,17,10,7,22,45,121,3,Matches
221,Joe Edwards,eng ENG,DF,Plymouth Argyle,33,1990,12.6,38,26,20,13,5,16,23,69.6,7,28,9,19,17,55,49,0,Matches
222,Kyle Edwards,eng ENG,"MF,FW",Oxford United,26,1998,2.2,2,1,0,0,2,2,3,66.7,1,3,3,0,2,4,3,0,Matches
223,Marcus Edwards,eng ENG,"FW,MF",Burnley,25,1998,10.4,13,5,7,4,2,9,24,37.5,15,9,0,9,5,18,8,2,Matches
224,Ronnie Edwards,eng ENG,"DF,MF",QPR,21,2003,20.2,26,18,15,10,1,13,22,59.1,9,28,17,11,26,52,125,1,Matches
225,John Egan,ie IRL,DF,Burnley,31,1992,1.8,1,1,1,0,0,1,1,100.0,0,1,0,1,0,1,9,0,Matches
226,John Egan,ie IRL,DF,Hull City,31,1992,8.1,1,0,0,1,0,1,3,33.3,2,5,3,2,3,4,61,1,Matches
227,CJ Egan-Riley,eng ENG,DF,Burnley,21,2003,40.0,60,41,39,17,4,34,37,91.9,3,38,28,10,36,96,200,2,Matches
228,Callum Elder,au AUS,DF,Derby County,29,1995,23.9,43,28,18,17,8,25,36,69.4,11,39,12,27,27,70,72,0,Matches
229,Aidomo Emakhu,ie IRL,"FW,MF",Millwall,20,2003,7.7,20,12,8,5,7,6,15,40.0,9,18,2,16,5,25,9,0,Matches
230,Lukas Engel,dk DEN,DF,Middlesbrough,25,1998,4.1,8,5,5,3,0,7,14,50.0,7,9,2,7,6,14,4,0,Matches
231,Niall Ennis,eng ENG,FW,Stoke City,25,1999,2.2,1,0,1,0,0,1,2,50.0,1,0,0,0,0,1,3,0,Matches
232,Romain Esse,eng ENG,"FW,MF",Millwall,19,2005,22.4,66,42,24,25,17,28,40,70.0,12,27,1,26,9,75,21,0,Matches
233,Maxime Estève,fr FRA,DF,Burnley,22,2002,45.1,48,29,34,12,2,24,36,66.7,12,58,41,17,37,85,234,2,Matches
234,Oscar Estupiñan,co COL,FW,Hull City,27,1996,1.6,0,0,0,0,0,0,0,,0,2,0,2,0,0,4,0,Matches
235,Ched Evans,wls WAL,"FW,MF",Preston,35,1988,1.1,1,1,1,0,0,0,2,0.0,2,0,0,0,0,1,3,0,Matches
236,George Evans,eng ENG,GK,Millwall,19,2005,4.0,1,1,1,0,0,1,1,100.0,0,0,0,0,0,1,5,0,Matches
237,Milan van Ewijk,nl NED,DF,Coventry City,23,2000,44.6,92,66,53,31,8,32,63,50.8,31,37,9,28,54,146,127,1,Matches
238,Malachi Fagan-Walcott,eng ENG,DF,Cardiff City,22,2002,0.3,1,1,0,1,0,1,2,50.0,1,0,0,0,0,1,1,0,Matches
239,Akin Famewo,eng ENG,DF,Sheffield Weds,25,1998,10.4,17,13,12,5,0,8,14,57.1,6,11,7,4,24,41,43,0,Matches
240,Lamine Fanne,es ESP,"MF,FW",Luton Town,20,2004,6.5,6,3,2,4,0,1,8,12.5,7,8,0,8,6,12,13,1,Matches
241,Jacob Farrell,au AUS,DF,Portsmouth,21,2002,1.0,1,1,1,0,0,1,2,50.0,1,0,0,0,4,5,5,0,Matches
242,Christian Fassnacht,ch SUI,"FW,DF",Norwich City,30,1993,0.9,2,1,1,0,1,1,3,33.3,2,1,0,1,0,2,1,0,Matches
243,Tom Fellows,eng ENG,"FW,MF",West Brom,21,2003,31.9,38,20,17,17,4,20,37,54.1,17,20,3,17,9,47,28,0,Matches
244,Marselino Ferdinan,id IDN,MF,Oxford United,19,2004,0.2,1,1,0,1,0,0,0,,0,0,0,0,0,1,0,0,Matches
245,Sam Field,eng ENG,MF,QPR,26,1998,32.3,61,35,19,32,10,22,35,62.9,13,49,20,29,31,92,103,1,Matches
246,Tegan Finn,,MF,Plymouth Argyle,,,1.6,3,1,2,0,1,1,3,33.3,2,3,0,3,3,6,2,0,Matches
247,Junior Firpo,do DOM,DF,Leeds United,27,1996,29.1,66,34,26,30,10,34,59,57.6,25,25,7,18,37,103,102,0,Matches
248,Will Fish,eng ENG,DF,Cardiff City,21,2003,15.3,12,9,7,5,0,3,8,37.5,5,18,17,1,17,29,114,0,Matches
249,Kellen Fisher,eng ENG,"DF,MF",Norwich City,20,2004,29.9,60,44,32,19,9,29,47,61.7,18,25,8,17,36,96,84,1,Matches
250,Zian Flemming,nl NED,FW,Burnley,25,1998,26.9,18,15,2,12,4,6,21,28.6,15,13,1,12,5,23,28,0,Matches
251,Tyrese Fornah,sl SLE,MF,Derby County,24,1999,0.1,0,0,0,0,0,0,0,,0,0,0,0,0,0,0,0,Matches
252,Adam Forshaw,eng ENG,MF,Plymouth Argyle,32,1991,7.6,21,14,9,9,3,11,14,78.6,3,5,1,4,6,27,8,0,Matches
253,Adam Forshaw,eng ENG,MF,Blackburn,32,1991,6.3,18,10,11,5,2,7,17,41.2,10,4,1,3,6,24,12,0,Matches
254,Amankwah Forson,gh GHA,"MF,FW",Norwich City,21,2002,8.1,16,9,9,4,3,5,14,35.7,9,16,5,11,2,18,6,1,Matches
255,Marcus Forss,fi FIN,FW,Middlesbrough,25,1999,7.4,15,8,6,7,2,6,8,75.0,2,4,1,3,4,19,7,0,Matches
256,Craig Forsyth,sct SCO,DF,Derby County,35,1989,28.4,36,24,19,14,3,18,28,64.3,10,38,16,22,30,66,146,1,Matches
257,Gabriel Forsyth,sct SCO,"MF,FW",Norwich City,17,2006,1.8,1,1,0,1,0,1,2,50.0,1,3,1,2,2,3,0,0,Matches
258,Lyle Foster,za RSA,FW,Burnley,23,2000,17.7,20,13,6,11,3,10,18,55.6,8,8,0,8,3,23,15,0,Matches
259,Morgan Fox,wls WAL,DF,QPR,30,1993,14.9,20,13,13,6,1,12,17,70.6,5,19,14,5,6,26,86,0,Matches
260,Gianluca Frabotta,it ITA,DF,West Brom,25,1999,0.7,4,4,2,1,1,2,2,100.0,0,1,0,1,1,5,3,0,Matches
261,Gonçalo Franco,pt POR,MF,Swansea City,23,2000,34.9,130,74,39,72,19,51,101,50.5,50,62,8,54,41,171,29,3,Matches
262,Michael Frey,ch SUI,FW,QPR,30,1994,19.8,22,16,2,12,8,6,12,50.0,6,13,2,11,4,26,23,1,Matches
263,Dael Fry,eng ENG,DF,Middlesbrough,26,1997,15.7,8,3,6,2,0,4,9,44.4,5,17,15,2,21,29,140,1,Matches
264,Mads Frøkjær-Jensen,dk DEN,"FW,MF",Preston,25,1999,26.2,44,15,20,19,5,13,41,31.7,28,37,3,34,12,56,15,1,Matches
265,Leo Fuhr Hjelde,no NOR,DF,Sunderland,20,2003,4.6,11,6,4,4,3,5,6,83.3,1,6,3,3,4,15,31,0,Matches
266,Jay Fulton,sct SCO,MF,Swansea City,30,1994,14.3,21,16,9,10,2,6,11,54.5,5,9,4,5,14,35,26,2,Matches
267,Darnell Furlong,eng ENG,DF,West Brom,28,1995,41.2,43,22,25,12,6,23,39,59.0,16,38,16,22,30,73,162,2,Matches
268,Sam Gallagher,eng ENG,"FW,MF",Stoke City,28,1995,11.4,16,10,3,10,3,6,14,42.9,8,13,4,9,3,19,28,1,Matches
269,Brendan Galloway,zw ZIM,DF,Plymouth Argyle,28,1996,10.9,32,21,20,10,2,15,19,78.9,4,27,15,12,20,52,57,1,Matches
270,Ben Gannon-Doak,sct SCO,FW,Middlesbrough,18,2005,19.8,26,16,9,13,4,13,31,41.9,18,17,2,15,5,31,14,0,Matches
271,Djeidi Gassama,fr FRA,"MF,FW",Sheffield Weds,20,2003,33.1,51,32,18,27,6,25,56,44.6,31,24,1,23,12,63,15,0,Matches
272,Joe Gelhardt,eng ENG,"FW,MF",Leeds United,22,2002,0.1,0,0,0,0,0,0,1,0.0,1,0,0,0,0,0,0,0,Matches
273,Joe Gelhardt,eng ENG,"FW,MF",Hull City,22,2002,17.7,21,15,5,12,4,10,31,32.3,21,21,2,19,3,24,29,1,Matches
274,Anwar El Ghazi,nl NED,FW,Cardiff City,29,1995,13.1,8,6,2,4,2,3,7,42.9,4,5,3,2,2,10,9,0,Matches
275,Liam Gibbs,eng ENG,"MF,FW",Norwich City,21,2002,2.4,4,1,1,3,0,2,3,66.7,1,0,0,0,0,4,3,0,Matches
276,Ben Gibson,eng ENG,DF,Stoke City,31,1993,21.6,14,5,8,6,0,6,11,54.5,5,31,27,4,17,31,112,1,Matches
277,Lewis Gibson,eng ENG,DF,Preston,24,2000,18.2,27,19,14,10,3,16,22,72.7,6,22,13,9,19,46,111,0,Matches
278,Lewis Gibson,eng ENG,DF,Plymouth Argyle,24,2000,18.0,26,18,21,4,1,15,20,75.0,5,34,25,9,17,43,98,0,Matches
279,Alexander Gilbert,ie IRL,MF,Middlesbrough,22,2001,0.9,1,0,1,0,0,0,0,,0,0,0,0,0,1,0,0,Matches
280,Alfie Gilchrist,eng ENG,DF,Sheffield Utd,20,2003,23.4,47,29,36,8,3,33,41,80.5,8,44,22,22,28,75,91,0,Matches
281,Ryan Giles,eng ENG,DF,Middlesbrough,24,2000,3.4,6,3,6,0,0,5,5,100.0,0,5,1,4,1,7,15,1,Matches
282,Ryan Giles,eng ENG,DF,Hull City,24,2000,10.0,6,4,3,3,0,4,4,100.0,0,7,2,5,5,11,29,0,Matches
283,Josh Ginnelly,eng ENG,FW,Swansea City,27,1997,0.4,0,0,0,0,0,0,0,,0,0,0,0,0,0,0,0,Matches
284,Tom Glover,au AUS,GK,Middlesbrough,26,1997,6.3,1,1,1,0,0,1,1,100.0,0,0,0,0,0,1,6,1,Matches
285,Wilfried Gnonto,it ITA,FW,Leeds United,20,2003,25.3,24,13,5,9,10,13,31,41.9,18,21,1,20,13,37,14,0,Matches
286,Lynden Gooch,us USA,"DF,FW",Stoke City,28,1995,11.5,31,22,17,8,6,18,34,52.9,16,10,3,7,13,44,19,0,Matches
287,Tyler Goodhram,eng ENG,"MF,FW",Oxford United,20,2003,33.9,65,38,21,31,13,27,68,39.7,41,46,3,43,19,84,49,0,Matches
288,Will Goodwin,eng ENG,"FW,MF",Oxford United,22,2002,0.3,0,0,0,0,0,0,0,,0,0,0,0,0,0,0,0,Matches
289,Kaide Gordon,eng ENG,"FW,MF",Norwich City,19,2004,2.0,7,5,4,1,2,6,9,66.7,3,3,0,3,2,9,3,0,Matches
290,Kaide Gordon,eng ENG,"FW,MF",Portsmouth,19,2004,1.7,4,4,3,1,0,1,1,100.0,0,2,0,2,0,4,2,0,Matches
291,Kenzo Goudmijn,nl NED,MF,Derby County,22,2001,25.8,44,24,20,24,0,25,53,47.2,28,23,2,21,23,67,21,0,Matches
292,Dimitris Goutas,gr GRE,DF,Cardiff City,30,1994,32.4,41,19,28,12,1,20,26,76.9,6,37,28,9,35,76,220,3,Matches
293,Karlan Grant,eng ENG,"FW,MF",West Brom,26,1997,32.6,30,17,15,8,7,14,29,48.3,15,24,3,21,19,49,20,0,Matches
294,Andre Gray,jm JAM,FW,Plymouth Argyle,33,1991,6.1,3,2,0,3,0,1,1,100.0,0,1,0,1,1,4,6,0,Matches
295,Harry Gray,eng ENG,MF,Leeds United,15,2008,0.1,0,0,0,0,0,0,0,,0,0,0,0,0,0,0,0,Matches
296,Sam Greenwood,eng ENG,"FW,MF",Preston,22,2002,27.0,46,27,6,26,14,17,43,39.5,26,30,2,28,8,54,18,0,Matches
297,Joshua Griffiths,eng ENG,GK,West Brom,22,2001,6.0,0,0,0,0,0,0,1,0.0,1,0,0,0,0,0,13,0,Matches
298,Matt Grimes,eng ENG,MF,Coventry City,29,1995,15.2,24,17,12,11,1,16,31,51.6,15,13,6,7,11,35,33,0,Matches
299,Matt Grimes,eng ENG,MF,Swansea City,29,1995,29.0,48,26,16,29,3,28,47,59.6,19,24,9,15,21,69,40,3,Matches
300,Daniel Grimshaw,eng ENG,GK,Plymouth Argyle,26,1998,21.0,0,0,0,0,0,0,0,,0,1,0,1,0,0,17,2,Matches
301,Ilia Gruev,bg BUL,MF,Leeds United,24,2000,18.9,38,23,8,23,7,16,27,59.3,11,16,2,14,19,57,20,0,Matches
302,Makhtar Gueye,sn SEN,FW,Blackburn,26,1997,24.4,23,12,9,13,1,7,18,38.9,11,21,6,15,7,30,62,0,Matches
303,Josuha Guilavogui,fr FRA,"MF,DF",Leeds United,33,1990,0.7,4,4,1,3,0,3,4,75.0,1,0,0,0,2,6,2,0,Matches
304,Angus Gunn,sct SCO,GK,Norwich City,28,1996,34.5,2,1,2,0,0,2,2,100.0,0,0,0,0,0,2,21,1,Matches
305,Darko Gyabi,eng ENG,MF,Plymouth Argyle,20,2004,31.6,69,48,22,37,10,29,62,46.8,33,36,6,30,22,91,48,1,Matches
306,Hayden Hackney,eng ENG,MF,Middlesbrough,22,2002,42.1,93,56,43,40,10,50,99,50.5,49,61,11,50,30,123,41,3,Matches
307,Rami Al Hajj,se SWE,MF,Plymouth Argyle,22,2001,15.3,31,14,12,15,4,10,13,76.9,3,25,3,22,5,36,27,0,Matches
308,Ali Al Hamadi,iq IRQ,FW,Stoke City,22,2002,9.2,11,7,4,5,2,3,3,100.0,0,6,1,5,1,12,8,0,Matches
309,Gustavo Hamer,nl NED,"FW,MF",Sheffield Utd,27,1997,34.7,47,29,13,25,9,24,53,45.3,29,29,0,29,26,73,28,0,Matches
310,Micah Hamilton,eng ENG,FW,Middlesbrough,20,2003,3.5,5,4,1,2,2,2,6,33.3,4,1,0,1,0,5,4,1,Matches
311,Grant Hanley,sct SCO,DF,Norwich City,32,1991,0.9,2,1,1,1,0,0,0,,0,0,0,0,0,2,4,1,Matches
312,Ryan Hardie,sct SCO,"FW,MF",Plymouth Argyle,27,1997,25.2,13,7,3,10,0,5,30,16.7,25,20,6,14,6,19,23,0,Matches
313,Wes Harding,jm JAM,DF,Millwall,27,1996,2.1,3,2,1,2,0,2,3,66.7,1,1,0,1,1,4,6,1,Matches
314,Marcus Harness,eng ENG,"MF,FW",Derby County,28,1996,26.2,60,32,19,29,12,23,45,51.1,22,38,7,31,13,73,33,0,Matches
315,Mark Harris,wls WAL,FW,Oxford United,25,1998,32.1,28,19,6,15,7,12,31,38.7,19,22,4,18,4,32,15,0,Matches
316,Daiki Hashioka,jp JPN,DF,Luton Town,25,1999,13.4,30,21,18,11,1,14,21,66.7,7,15,5,10,15,45,64,0,Matches
317,Joseph Hatch,wls WAL,MF,Plymouth Argyle,17,2006,0.0,0,0,0,0,0,0,0,,0,0,0,0,0,0,0,0,Matches
318,Ryo Hatsuse,jp JPN,"DF,MF",Sheffield Weds,27,1997,3.9,6,5,3,2,1,5,11,45.5,6,4,1,3,1,7,13,0,Matches
319,Isaac Hayden,jm JAM,MF,Portsmouth,29,1995,10.4,31,19,7,16,8,12,20,60.0,8,16,6,10,10,41,22,0,Matches
320,Conor Hazard,nir NIR,GK,Plymouth Argyle,26,1998,25.0,0,0,0,0,0,0,1,0.0,1,0,0,0,1,1,14,0,Matches
321,Ryan Hedges,wls WAL,FW,Blackburn,29,1995,28.5,72,47,32,24,16,28,40,70.0,12,33,4,29,34,106,48,0,Matches
322,Torbjørn Heggem,no NOR,DF,West Brom,25,1999,44.6,73,47,55,18,0,41,52,78.8,11,53,32,21,31,104,256,3,Matches
323,Michał Helik,pl POL,DF,Oxford United,28,1995,20.0,22,11,17,4,1,9,13,69.2,4,24,21,3,18,40,166,0,Matches
324,Onel Hernández,cu CUB,"FW,MF",Norwich City,31,1993,7.1,5,4,2,3,0,1,2,50.0,1,5,0,5,3,8,4,0,Matches
325,Brad Hills,eng ENG,DF,Norwich City,20,2004,0.2,0,0,0,0,0,0,0,,0,0,0,0,0,0,0,0,Matches
326,Yu Hirakawa,jp JPN,"FW,MF",Bristol City,23,2001,18.4,25,21,15,6,4,12,20,60.0,8,15,0,15,5,30,22,0,Matches
327,Václav Hladký,cz CZE,GK,Burnley,33,1990,1.0,0,0,0,0,0,0,0,,0,0,0,0,0,0,0,0,Matches
328,Rob Holding,eng ENG,DF,Sheffield Utd,28,1995,4.7,4,3,3,1,0,1,2,50.0,1,6,6,0,5,9,33,0,Matches
329,Mason Holgate,jm JAM,DF,West Brom,27,1996,22.0,35,19,24,8,3,17,32,53.1,15,28,19,9,27,62,126,1,Matches
330,Duane Holmes,us USA,"MF,FW",Preston,29,1994,9.3,16,11,5,8,3,9,22,40.9,13,8,0,8,6,22,11,0,Matches
331,Tom Holmes,eng ENG,DF,Luton Town,24,2000,14.6,24,21,8,14,2,9,15,60.0,6,17,9,8,15,39,76,0,Matches
332,George Honeyman,eng ENG,"MF,FW",Millwall,29,1994,26.9,76,56,27,35,14,26,44,59.1,18,25,2,23,21,97,35,1,Matches
333,Ethan Horvath,us USA,GK,Cardiff City,29,1995,17.0,0,0,0,0,0,0,1,0.0,1,0,0,0,0,0,11,0,Matches
334,Jordan Houghton,eng ENG,MF,Plymouth Argyle,28,1995,17.0,35,23,19,12,4,12,24,50.0,12,25,7,18,9,44,40,0,Matches
335,Andreas Hountondji,bj BEN,"FW,MF",Burnley,22,2002,2.3,1,1,0,0,1,1,2,50.0,1,4,1,3,1,2,4,0,Matches
336,Jonny Howson,eng ENG,"DF,MF",Middlesbrough,36,1988,15.5,24,15,15,9,0,14,22,63.6,8,14,6,8,19,43,76,3,Matches
337,Andrew Hughes,wls WAL,DF,Preston,32,1992,36.0,72,39,37,33,2,37,49,75.5,12,52,23,29,36,108,166,0,Matches
338,Charlie Hughes,eng ENG,DF,Hull City,20,2003,26.1,26,18,12,13,1,7,11,63.6,4,31,23,8,35,61,167,2,Matches
339,Trai Hume,nir NIR,DF,Sunderland,22,2002,42.3,119,74,63,43,13,62,112,55.4,50,50,18,32,45,164,151,0,Matches
340,Bashir Humphreys,eng ENG,DF,Burnley,21,2003,19.7,42,30,23,15,4,30,51,58.8,21,17,1,16,22,64,62,2,Matches
341,Shaun Hutchinson,eng ENG,DF,Millwall,33,1990,4.4,10,7,6,3,1,9,9,100.0,0,4,2,2,3,13,20,0,Matches
342,Dominic Hyam,sct SCO,DF,Blackburn,28,1995,46.0,46,28,29,15,2,29,43,67.4,14,53,34,19,25,71,352,3,Matches
343,Adam Idah,ie IRL,FW,Norwich City,23,2001,0.3,0,0,0,0,0,0,1,0.0,1,0,0,0,0,0,0,0,Matches
344,Kelechi Iheanacho,ng NGA,"FW,MF",Middlesbrough,27,1996,8.5,11,8,3,5,3,6,12,50.0,6,7,0,7,0,11,9,0,Matches
345,Michael Ihiekwe,eng ENG,DF,Sheffield Weds,31,1992,20.2,17,11,13,4,0,13,24,54.2,11,18,16,2,19,36,135,0,Matches
346,Samuel Iling-Junior,eng ENG,"DF,FW",Middlesbrough,20,2003,11.7,26,16,15,8,3,12,23,52.2,11,13,3,10,11,37,48,0,Matches
347,Tom Ince,eng ENG,"MF,FW",Watford,32,1992,14.3,15,10,7,6,2,5,11,45.5,6,10,1,9,7,22,18,0,Matches
348,Svante Ingelsson,se SWE,"MF,FW",Sheffield Weds,26,1998,18.8,48,33,20,20,8,20,39,51.3,19,23,4,19,16,64,19,0,Matches
349,Matt Ingram,eng ENG,GK,Oxford United,30,1993,1.0,0,0,0,0,0,0,0,,0,0,0,0,0,0,0,0,Matches
350,Dominic Iorfa,eng ENG,DF,Sheffield Weds,29,1995,15.9,22,11,12,8,2,11,14,78.6,3,9,5,4,18,40,86,0,Matches
351,Wilson Isidor,fr FRA,FW,Sunderland,23,2000,34.6,15,6,7,5,3,5,14,35.7,9,14,1,13,7,22,24,0,Matches
352,Frederick Issaka,wls WAL,"FW,MF",Plymouth Argyle,18,2006,6.6,11,7,6,4,1,6,18,33.3,12,7,1,6,4,15,3,0,Matches
353,Mihailo Ivanović,rs SRB,"FW,MF",Millwall,19,2004,24.2,13,10,3,7,3,1,9,11.1,8,8,1,7,3,16,38,0,Matches
354,Kayden Jackson,eng ENG,"FW,DF",Derby County,30,1994,28.6,41,22,21,15,5,23,42,54.8,19,30,2,28,13,54,52,0,Matches
355,Matty Jacob,eng ENG,DF,Hull City,23,2001,5.0,9,5,5,3,1,1,6,16.7,5,7,2,5,5,14,38,1,Matches
356,Daniel James,wls WAL,FW,Leeds United,26,1997,29.0,28,14,3,17,8,13,49,26.5,36,16,0,16,4,32,8,0,Matches
357,William Jarvis,eng ENG,"MF,FW",Hull City,21,2002,1.8,10,4,6,3,1,3,5,60.0,2,1,0,1,0,10,3,0,Matches
358,Daniel Jebbison,ca CAN,FW,Watford,20,2003,4.3,5,1,2,0,3,4,5,80.0,1,3,0,3,0,5,2,0,Matches
359,Lukas Jensen,dk DEN,GK,Millwall,25,1999,41.0,0,0,0,0,0,0,1,0.0,1,2,0,2,0,0,15,2,Matches
360,Eom Jisung,kr KOR,"FW,MF",Swansea City,22,2002,25.4,38,20,10,16,12,18,40,45.0,22,37,6,31,17,55,28,2,Matches
361,Viktor Johansson,se SWE,GK,Stoke City,25,1998,46.0,1,0,1,0,0,1,2,50.0,1,0,0,0,0,1,43,5,Matches
362,Daniel Johnson,jm JAM,FW,Stoke City,31,1992,0.1,0,0,0,0,0,0,0,,0,0,0,0,0,0,0,0,Matches
363,Joseph Johnson,eng ENG,DF,Luton Town,18,2006,5.2,10,7,3,7,0,2,3,66.7,1,5,2,3,2,12,15,1,Matches
364,Marvin Johnson,eng ENG,"DF,MF",Sheffield Weds,33,1990,31.1,63,28,38,20,5,29,53,54.7,24,28,8,20,28,91,85,1,Matches
365,Michael Johnston,ie IRL,"FW,MF",West Brom,25,1999,23.0,26,17,10,13,3,11,29,37.9,18,14,1,13,11,37,13,0,Matches
366,Alfie Jones,ca CAN,DF,Hull City,26,1997,37.7,27,19,16,11,0,19,25,76.0,6,41,29,12,36,63,182,1,Matches
367,Harrison Jones,eng ENG,MF,Sunderland,19,2004,1.5,3,3,1,2,0,1,2,50.0,1,1,0,1,0,3,0,0,Matches
368,Isaiah Jones,gy GUY,FW,Middlesbrough,25,1999,8.8,21,12,9,8,4,8,12,66.7,4,4,0,4,5,26,16,1,Matches
369,Isaiah Jones,gy GUY,"DF,MF",Luton Town,25,1999,14.6,29,18,16,7,6,14,27,51.9,13,10,0,10,14,43,31,0,Matches
370,Kyle Joseph,sct SCO,FW,Hull City,22,2001,11.2,9,6,1,6,2,2,11,18.2,9,12,4,8,5,14,25,0,Matches
371,Mateo Joseph,es ESP,FW,Leeds United,20,2003,14.3,14,6,3,7,4,5,16,31.3,11,17,2,15,3,17,13,0,Matches
372,Mads Juel Andersen,dk DEN,DF,Luton Town,26,1997,4.6,6,3,5,1,0,2,4,50.0,2,3,2,1,6,12,33,0,Matches
373,Bae Junho,kr KOR,"FW,MF",Stoke City,20,2003,36.2,88,50,38,36,14,30,62,48.4,32,52,3,49,33,121,19,1,Matches
374,Matěj Jurásek,cz CZE,"FW,MF",Norwich City,20,2003,0.9,0,0,0,0,0,0,1,0.0,1,2,0,2,0,0,1,0,Matches
375,Abdoulaye Kamara,gn GUI,"MF,FW",Portsmouth,19,2004,1.4,3,2,3,0,0,1,3,33.3,2,4,1,3,0,3,0,1,Matches
376,Abu Kamara,eng ENG,FW,Norwich City,21,2003,0.2,3,2,2,0,1,1,1,100.0,0,0,0,0,1,4,0,0,Matches
377,Abu Kamara,eng ENG,"FW,MF",Hull City,21,2003,25.1,36,23,20,9,7,13,32,40.6,19,25,0,25,16,52,28,0,Matches
378,Thomas Kaminski,be BEL,GK,Luton Town,31,1992,44.3,0,0,0,0,0,0,0,,0,0,0,0,0,0,25,1,Matches
379,Wilfried Kanga,ci CIV,FW,Cardiff City,26,1998,5.1,0,0,0,0,0,0,0,,0,4,1,3,0,0,11,0,Matches
380,Augustus Kargbo,sl SLE,FW,Blackburn,24,1999,2.1,5,5,2,3,0,1,3,33.3,2,0,0,0,0,5,1,0,Matches
381,Nikola Katić,ba BIH,DF,Plymouth Argyle,27,1996,13.6,28,19,17,8,3,15,22,68.2,7,24,14,10,13,41,160,2,Matches
382,Edo Kayembe,cd COD,"MF,FW",Watford,26,1998,35.5,37,25,20,11,6,13,30,43.3,17,26,3,23,15,52,28,3,Matches
383,Will Keane,ie IRL,"FW,MF",Preston,31,1993,12.5,5,3,3,2,0,3,9,33.3,6,6,1,5,3,8,18,1,Matches
384,Kévin Keben Biakolo,cm CMR,DF,Watford,20,2004,2.8,4,2,3,1,0,2,2,100.0,0,1,1,0,1,5,25,0,Matches
385,Daniel Kelly,sct SCO,MF,Millwall,18,2005,0.2,1,0,0,1,0,1,1,100.0,0,0,0,0,0,1,0,0,Matches
386,Kaine Kesler-Hayden,eng ENG,"DF,FW",Preston,21,2002,40.8,68,47,34,30,4,27,46,58.7,19,41,13,28,21,89,136,1,Matches
387,Josh Key,eng ENG,DF,Swansea City,24,1999,38.5,56,29,37,13,6,32,55,58.2,23,35,18,17,31,87,104,7,Matches
388,Ben Killip,eng ENG,GK,Portsmouth,28,1995,2.0,0,0,0,0,0,0,0,,0,0,0,0,0,0,1,0,Matches
389,Peter Kioso,cd COD,DF,Oxford United,25,1998,25.6,56,33,34,20,2,38,49,77.6,11,38,18,20,33,89,106,3,Matches
390,Liam Kitching,eng ENG,DF,Coventry City,24,1999,25.4,35,18,16,17,2,21,29,72.4,8,30,21,9,19,54,148,1,Matches
391,Jason Knight,ie IRL,MF,Bristol City,23,2001,46.0,71,41,20,47,4,34,64,53.1,30,33,14,19,39,110,70,2,Matches
392,Olaf Kobacki,pl POL,"FW,MF",Sheffield Weds,23,2001,4.1,18,8,11,6,1,9,15,60.0,6,6,2,4,3,21,5,0,Matches
393,Luca Koleosho,it ITA,"FW,MF",Burnley,19,2004,18.6,32,16,10,15,7,11,24,45.8,13,13,0,13,7,39,4,0,Matches
394,Rayan Kolli,dz ALG,FW,QPR,19,2005,9.1,8,6,4,2,2,2,3,66.7,1,5,2,3,3,11,13,0,Matches
395,Lewis Koumas,wls WAL,"FW,MF",Stoke City,18,2005,27.1,50,32,25,11,14,19,47,40.4,28,17,2,15,10,60,13,0,Matches
396,Ronan Kpakio,wls WAL,DF,Cardiff City,17,2007,1.2,5,3,2,1,2,2,2,100.0,0,1,0,1,2,7,2,0,Matches
397,Tom Krauß,de GER,MF,Luton Town,23,2001,17.8,81,53,25,37,19,33,62,53.2,29,36,4,32,16,97,18,0,Matches
398,Paddy Lane,nir NIR,"MF,FW",Portsmouth,23,2001,11.9,13,9,6,3,4,8,16,50.0,8,2,2,0,4,17,10,0,Matches
399,Callum Lang,eng ENG,"MF,FW",Portsmouth,25,1998,27.1,31,20,11,12,8,11,27,40.7,16,32,2,30,11,42,24,0,Matches
400,Sondre Langås,no NOR,DF,Derby County,23,2001,12.4,22,13,18,4,0,9,15,60.0,6,11,6,5,9,31,74,0,Matches
401,Macaulay Langstaff,eng ENG,FW,Millwall,27,1997,15.4,10,6,2,5,3,3,10,30.0,7,9,0,9,2,12,8,0,Matches
402,Will Lankshear,eng ENG,FW,West Brom,19,2005,3.9,2,1,1,1,0,1,4,25.0,3,4,1,3,1,3,1,0,Matches
403,Yasser Larouci,dz ALG,"DF,MF",Watford,23,2001,23.7,30,20,18,11,1,17,31,54.8,14,24,0,24,29,59,99,1,Matches
404,Joël Latibeaudière,jm JAM,DF,Coventry City,24,2000,28.6,51,30,27,19,5,25,37,67.6,12,32,20,12,29,80,118,0,Matches
405,Emmanuel Latte Lath,ci CIV,FW,Middlesbrough,25,1999,19.6,19,14,6,9,4,3,8,37.5,5,23,2,21,6,25,7,0,Matches
406,Josh Laurent,eng ENG,MF,Stoke City,29,1995,3.0,7,4,2,4,1,5,9,55.6,4,4,0,4,3,10,6,0,Matches
407,Josh Laurent,eng ENG,MF,Burnley,29,1995,27.2,52,32,23,26,3,18,36,50.0,18,29,7,22,29,81,44,1,Matches
408,Mohammed Lawal,ie IRL,"DF,MF",Stoke City,21,2003,2.3,4,3,2,2,0,2,2,100.0,0,2,0,2,1,5,10,0,Matches
409,Dylan Lawlor,wls WAL,DF,Cardiff City,18,2006,0.6,3,1,2,1,0,2,2,100.0,0,1,1,0,2,5,2,0,Matches
410,Enzo Le Fée,fr FRA,"FW,MF",Sunderland,24,2000,11.1,37,23,13,11,13,12,30,40.0,18,17,1,16,15,52,16,0,Matches
411,Tom Leahy,eng ENG,FW,Millwall,20,2004,0.0,0,0,0,0,0,0,0,,0,0,0,0,0,0,0,0,Matches
412,Ryan Ledson,eng ENG,MF,Preston,26,1997,13.5,32,23,12,15,5,13,26,50.0,13,20,4,16,11,43,24,0,Matches
413,Greg Leigh,jm JAM,DF,Oxford United,29,1994,26.0,38,21,22,14,2,24,32,75.0,8,24,4,20,34,72,94,1,Matches
414,Harry Leonard,eng ENG,"FW,MF",Blackburn,20,2003,1.7,1,0,0,1,0,0,0,,0,0,0,0,1,2,4,0,Matches
415,Ryan Leonard,eng ENG,DF,Millwall,32,1992,29.2,77,50,52,22,3,44,68,64.7,24,17,8,9,35,112,119,1,Matches
416,Lincoln,br BRA,"FW,MF",Hull City,25,1998,4.7,14,6,9,4,1,6,9,66.7,3,6,3,3,3,17,7,0,Matches
417,Liam Lindsay,sct SCO,DF,Preston,28,1995,29.0,39,23,30,9,0,22,33,66.7,11,40,20,20,49,88,226,0,Matches
418,Alfie Lloyd,eng ENG,"FW,MF",QPR,21,2003,8.3,15,9,5,5,5,7,11,63.6,4,8,0,8,0,15,11,0,Matches
419,Ben Lloyd,wls WAL,"MF,FW",Swansea City,19,2005,0.1,0,0,0,0,0,0,0,,0,1,0,1,0,0,0,0,Matches
420,George Long,eng ENG,GK,Norwich City,30,1993,8.5,0,0,0,0,0,0,0,,0,0,0,0,0,0,6,0,Matches
421,Sam Long,eng ENG,DF,Oxford United,29,1995,18.4,28,16,14,13,1,16,29,55.2,13,36,16,20,25,53,108,2,Matches
422,Ryan Longman,eng ENG,"FW,MF",Hull City,23,2000,5.3,10,8,1,6,3,4,9,44.4,5,4,0,4,3,13,7,0,Matches
423,Imran Louza,ma MAR,MF,Watford,25,1999,29.7,63,40,26,29,8,29,51,56.9,22,30,7,23,34,97,38,1,Matches
424,Jamal Lowe,jm JAM,"FW,MF",Sheffield Weds,30,1994,10.7,11,7,2,4,5,4,11,36.4,7,9,1,8,4,15,11,0,Matches
425,Max Lowe,eng ENG,DF,Sheffield Weds,27,1997,29.8,83,53,50,27,6,43,62,69.4,19,39,10,29,41,124,153,0,Matches
426,Nathan Lowe,eng ENG,"FW,MF",Stoke City,18,2005,5.2,6,4,0,4,2,0,5,0.0,5,3,0,3,1,7,6,0,Matches
427,Lucas,br BRA,DF,Burnley,23,2001,31.0,72,40,40,23,9,41,67,61.2,26,28,8,20,44,116,92,2,Matches
428,Nicolas Madsen,dk DEN,"MF,FW",QPR,24,2000,19.5,17,11,10,4,3,2,12,16.7,10,25,6,19,16,33,25,0,Matches
429,Lucien Mahovo,eng ENG,DF,Norwich City,19,2005,5.8,10,8,3,7,0,7,11,63.6,4,8,4,4,2,12,14,0,Matches
430,Josh Maja,ng NGA,FW,West Brom,25,1998,22.8,13,5,1,10,2,3,10,30.0,7,10,1,9,11,24,11,1,Matches
431,Christ Makosso,cg CGO,DF,Luton Town,20,2004,10.6,15,9,12,3,0,9,11,81.8,2,9,1,8,6,21,68,0,Matches
432,Million Manhoef,nl NED,"FW,MF",Stoke City,22,2002,26.9,20,13,7,8,5,7,25,28.0,18,13,1,12,4,24,13,0,Matches
433,Sivert Mannsverk,no NOR,MF,Cardiff City,22,2002,11.2,18,12,11,6,1,8,21,38.1,13,13,5,8,15,33,18,1,Matches
434,Benson Manuel,ao ANG,"MF,FW",Burnley,27,1997,0.5,2,2,0,2,0,1,1,100.0,0,0,0,0,0,2,0,0,Matches
435,Emiliano Marcondes,dk DEN,"MF,FW",Norwich City,29,1995,25.3,48,27,20,24,4,16,45,35.6,29,29,10,19,23,71,28,1,Matches
436,Ephron Mason-Clark,eng ENG,"FW,MF",Coventry City,24,1999,18.1,22,12,8,9,5,8,17,47.1,9,13,2,11,7,29,8,0,Matches
437,Han-Noah Massengo,fr FRA,MF,Burnley,23,2001,1.1,2,0,1,1,0,0,0,,0,2,1,1,1,3,5,0,Matches
438,Zavier Massiah,eng ENG,FW,Watford,17,2007,0.6,3,1,2,0,1,2,2,100.0,0,3,0,3,0,3,0,0,Matches
439,Eliot Matazo,be BEL,MF,Hull City,22,2002,3.3,3,2,2,1,0,2,2,100.0,0,0,0,0,5,8,7,0,Matches
440,Alex Matos,eng ENG,MF,Oxford United,19,2004,10.4,49,29,20,24,5,17,30,56.7,13,26,4,22,18,67,21,0,Matches
441,Hayden Matthews,au AUS,DF,Portsmouth,20,2004,3.5,6,3,1,5,0,3,4,75.0,1,2,1,1,1,7,20,0,Matches
442,Eliezer Mayenda,es ESP,"FW,MF",Sunderland,19,2005,23.9,18,6,9,2,7,4,18,22.2,14,16,0,16,5,23,8,0,Matches
443,Fally Mayulu,fr FRA,FW,Bristol City,22,2002,4.5,6,4,1,3,2,2,3,66.7,1,2,0,2,0,6,6,0,Matches
444,Sam McCallum,eng ENG,"DF,MF",Sheffield Utd,23,2000,11.7,21,11,12,8,1,11,21,52.4,10,16,3,13,26,47,49,0,Matches
445,Alistair McCann,nir NIR,MF,Preston,24,1999,26.9,99,66,41,44,14,36,80,45.0,44,51,9,42,28,127,51,0,Matches
446,Ruairi Mcconville,nir NIR,DF,Norwich City,19,2005,2.3,5,3,2,2,1,2,4,50.0,2,4,3,1,3,8,10,0,Matches
447,George McCormick,eng ENG,FW,Middlesbrough,19,2005,0.0,0,0,0,0,0,0,0,,0,0,0,0,0,0,1,0,Matches
448,Ross McCrorie,sct SCO,"DF,MF",Bristol City,26,1998,16.4,51,32,20,23,8,21,42,50.0,21,17,5,12,18,69,36,0,Matches
449,Josh McEachran,eng ENG,MF,Oxford United,31,1993,5.6,17,8,6,9,2,6,8,75.0,2,5,2,3,7,24,8,0,Matches
450,Kyle McFadzean,sct SCO,FW,Blackburn,37,1987,0.0,0,0,0,0,0,0,0,,0,0,0,0,0,0,0,0,Matches
451,Riley McGree,au AUS,FW,Middlesbrough,25,1998,10.5,8,5,1,5,2,6,11,54.5,5,6,0,6,2,10,9,0,Matches
452,Marcus McGuane,eng ENG,MF,Bristol City,25,1999,11.8,27,16,9,11,7,8,16,50.0,8,14,4,10,7,34,8,0,Matches
453,Mark McGuinness,ie IRL,DF,Luton Town,23,2001,41.7,47,25,31,14,2,24,42,57.1,18,53,39,14,51,98,275,2,Matches
454,Tom McIntyre,sct SCO,DF,Portsmouth,25,1998,11.3,18,11,11,7,0,11,18,61.1,7,18,14,4,17,35,54,0,Matches
455,Kenny McLean,sct SCO,"MF,DF",Norwich City,32,1992,33.3,80,46,33,38,9,43,72,59.7,29,25,8,17,35,115,41,2,Matches
456,Sean McLoughlin,ie IRL,DF,Hull City,27,1996,35.7,35,22,19,11,5,21,44,47.7,23,52,26,26,36,71,211,3,Matches
457,Paddy McNair,nir NIR,DF,West Brom,29,1995,1.0,1,1,0,1,0,0,0,,0,1,1,0,1,2,4,0,Matches
458,Luke McNally,ie IRL,DF,Bristol City,24,1999,25.8,42,26,24,16,2,22,33,66.7,11,30,21,9,34,76,162,2,Matches
459,Luke McNally,ie IRL,"DF,MF",Burnley,24,1999,0.0,1,1,1,0,0,1,2,50.0,1,0,0,0,0,1,0,0,Matches
460,Dan McNamara,ie IRL,DF,Millwall,25,1998,7.6,16,8,12,4,0,10,17,58.8,7,11,4,7,11,27,33,0,Matches
461,Charlie McNeill,eng ENG,"MF,FW",Sheffield Weds,20,2003,0.6,2,1,1,1,0,0,0,,0,0,0,0,1,3,0,0,Matches
462,Jayden Meghoma,eng ENG,"DF,FW",Preston,18,2006,8.5,21,11,14,5,2,10,13,76.9,3,7,0,7,8,29,25,1,Matches
463,Marvin Mehlem,de GER,MF,Hull City,26,1997,10.0,20,11,5,9,6,6,19,31.6,13,8,0,8,5,25,4,0,Matches
464,Anis Mehmeti,al ALB,"FW,MF",Bristol City,23,2001,28.4,34,22,7,21,6,17,49,34.7,32,22,3,19,7,41,20,1,Matches
465,Yakou Méïte,ci CIV,FW,Cardiff City,28,1996,13.3,17,13,4,9,4,8,19,42.1,11,7,3,4,7,24,16,0,Matches
466,Hannibal Mejbri,tn TUN,"MF,FW",Burnley,21,2003,21.4,37,21,11,20,6,14,27,51.9,13,31,1,30,12,49,10,0,Matches
467,Nathaniel Mendez-Laing,gt GUA,"FW,MF",Derby County,32,1992,23.3,42,34,15,16,11,13,35,37.1,22,27,1,26,24,66,28,1,Matches
468,Teden Mengi,eng ENG,DF,Luton Town,22,2002,17.4,31,20,23,6,2,19,24,79.2,5,17,14,3,29,60,80,1,Matches
469,Chris Mepham,wls WAL,DF,Sunderland,26,1997,36.4,52,31,37,14,1,32,50,64.0,18,47,33,14,35,87,237,3,Matches
470,Illan Meslier,fr FRA,GK,Leeds United,24,2000,39.0,0,0,0,0,0,0,0,,0,0,0,0,0,0,19,3,Matches
471,Liam Millar,ca CAN,"MF,FW",Hull City,24,1999,6.9,8,6,7,1,0,3,9,33.3,6,12,0,12,4,12,5,0,Matches
472,Stanley Mills,eng ENG,"FW,MF",Oxford United,20,2003,3.9,13,9,8,3,2,10,15,66.7,5,6,1,5,2,15,7,0,Matches
473,Yang Minhyeok,kr KOR,"FW,MF",QPR,18,2006,7.7,10,8,2,7,1,1,8,12.5,7,7,0,7,7,17,3,2,Matches
474,Billy Mitchell,eng ENG,MF,Millwall,24,2000,9.9,27,17,12,13,2,14,22,63.6,8,13,4,9,14,41,19,0,Matches
475,Idris El Mizouni,tn TUN,MF,Oxford United,23,2000,13.8,45,23,16,27,2,15,36,41.7,21,17,2,15,13,58,15,1,Matches
476,Ryan Mmaee,ma MAR,FW,Stoke City,26,1997,1.2,0,0,0,0,0,0,0,,0,2,0,2,0,0,1,0,Matches
477,Jayson Molumby,ie IRL,MF,West Brom,24,1999,30.0,50,31,19,23,8,20,47,42.6,27,30,9,21,26,76,50,2,Matches
478,Kristi Montgomery,sct SCO,DF,Blackburn,20,2004,1.5,4,2,3,1,0,3,6,50.0,3,4,1,3,1,5,3,0,Matches
479,Elliott Moore,eng ENG,DF,Oxford United,27,1997,22.9,19,11,16,3,0,10,13,76.9,3,30,23,7,16,35,167,0,Matches
480,Kieffer Moore,wls WAL,FW,Sheffield Utd,31,1992,19.6,12,8,2,9,1,2,8,25.0,6,12,0,12,4,16,35,1,Matches
481,Simon Moore,eng ENG,GK,Sunderland,34,1990,4.0,0,0,0,0,0,0,0,,0,0,0,0,0,0,3,0,Matches
482,Andrew Moran,ie IRL,"MF,FW",Stoke City,20,2003,26.2,67,41,18,31,18,23,62,37.1,39,26,9,17,18,85,36,0,Matches
483,Kieran Morgan,eng ENG,MF,QPR,18,2006,17.6,24,14,9,9,6,8,20,40.0,12,8,3,5,10,34,21,0,Matches
484,Aidan Morris,us USA,MF,Middlesbrough,22,2001,32.4,97,65,45,43,9,39,74,52.7,35,43,4,39,33,130,29,5,Matches
485,Carlton Morris,eng ENG,FW,Luton Town,28,1995,34.7,16,9,6,5,5,5,25,20.0,20,20,3,17,5,21,55,0,Matches
486,James Morris,eng ENG,DF,Watford,22,2001,12.1,21,19,11,7,3,13,18,72.2,5,12,6,6,8,29,32,2,Matches
487,Elijah Morrison,eng ENG,DF,Bristol City,18,2006,0.4,3,2,1,1,1,0,1,0.0,1,0,0,0,1,4,8,0,Matches
488,Liam Morrison,sct SCO,DF,QPR,21,2003,14.5,15,12,12,3,0,10,14,71.4,4,16,10,6,18,33,95,0,Matches
489,Victor Moses,ng NGA,"DF,MF",Luton Town,33,1990,12.6,27,16,10,9,8,15,26,57.7,11,27,8,19,7,34,26,0,Matches
490,Alex Mowatt,eng ENG,MF,West Brom,29,1995,37.2,71,38,35,21,15,33,60,55.0,27,35,18,17,27,98,56,2,Matches
491,Owen Moxon,eng ENG,MF,Portsmouth,26,1998,3.1,11,5,3,7,1,5,8,62.5,3,6,1,5,2,13,4,0,Matches
492,Bali Mumba,eng ENG,"DF,MF",Plymouth Argyle,22,2001,37.7,84,55,51,28,5,42,64,65.6,22,32,8,24,22,106,90,4,Matches
493,Romaine Mundle,eng ENG,"FW,MF",Sunderland,21,2003,15.9,26,18,7,16,3,8,13,61.5,5,20,1,19,8,34,18,0,Matches
494,Josh Murphy,eng ENG,FW,Portsmouth,29,1995,38.1,39,22,20,12,7,28,77,36.4,49,62,5,57,26,65,31,1,Matches
495,Anthony Musaba,nl NED,"FW,MF",Sheffield Weds,23,2000,14.8,11,9,6,4,1,5,15,33.3,10,13,2,11,5,16,4,0,Matches
496,Elliot Myles,wls WAL,MF,Norwich City,17,2007,0.5,1,0,1,0,0,1,1,100.0,0,1,0,1,0,1,1,0,Matches
497,Amin Nabizada,eng ENG,MF,Watford,17,2007,0.2,0,0,0,0,0,0,0,,0,0,0,0,0,0,0,0,Matches
498,Kal Naismith,sct SCO,DF,Bristol City,32,1992,3.2,7,6,4,3,0,5,6,83.3,1,4,2,2,2,9,10,1,Matches
499,Kal Naismith,sct SCO,"DF,MF",Luton Town,32,1992,5.1,12,5,5,7,0,7,10,70.0,3,10,4,6,4,16,37,1,Matches
500,Marvelous Nakamba,zw ZIM,MF,Luton Town,30,1994,14.4,40,17,17,21,2,14,28,50.0,14,16,5,11,13,53,19,2,Matches
501,Paul Nardi,fr FRA,GK,QPR,30,1994,45.0,2,1,2,0,0,2,6,33.3,4,0,0,0,1,3,21,4,Matches
502,Kyle Naughton,eng ENG,DF,Swansea City,35,1988,9.2,28,18,16,11,1,19,32,59.4,13,8,5,3,10,38,25,0,Matches
503,Camiel Neghli,nl NED,"FW,MF",Millwall,22,2001,2.1,3,2,1,0,2,2,3,66.7,1,2,0,2,2,5,6,0,Matches
504,Dan Neil,eng ENG,MF,Sunderland,22,2001,43.1,81,45,33,40,8,31,71,43.7,40,42,15,27,46,127,68,2,Matches
505,Benjamin Nelson,eng ENG,DF,Oxford United,20,2004,15.2,22,17,14,7,1,15,18,83.3,3,21,15,6,21,43,96,0,Matches
506,Curtis Nelson,eng ENG,DF,Derby County,31,1993,27.0,38,21,18,18,2,8,18,44.4,10,36,26,10,28,66,146,1,Matches
507,Zack Nelson,eng ENG,"MF,FW",Luton Town,19,2004,8.9,17,9,7,9,1,9,17,52.9,8,18,1,17,6,23,12,0,Matches
508,Perry Ng,eng ENG,DF,Cardiff City,28,1996,31.0,79,49,45,23,11,40,58,69.0,18,39,16,23,26,105,99,1,Matches
509,Jeremy Ngakia,,DF,Watford,23,2000,20.9,87,55,61,22,4,44,68,64.7,24,36,8,28,27,114,69,1,Matches
510,Kevin Nisbet,sct SCO,FW,Millwall,27,1997,0.1,1,0,0,1,0,0,0,,0,0,0,0,0,1,0,0,Matches
511,Lasse Nordås,no NOR,"FW,MF",Luton Town,22,2002,2.8,2,0,0,1,1,0,3,0.0,3,2,0,2,1,3,10,0,Matches
512,Casper de Norre,be BEL,MF,Millwall,27,1997,40.1,105,65,41,52,12,38,66,57.6,28,50,13,37,66,171,68,0,Matches
513,Rhys Norrington-Davies,wls WAL,DF,Sheffield Utd,25,1999,2.8,4,1,3,1,0,3,5,60.0,2,4,2,2,3,7,13,0,Matches
514,Will Norris,eng ENG,GK,Portsmouth,30,1993,8.0,1,1,1,0,0,1,1,100.0,0,0,0,0,0,1,4,1,Matches
515,Marcelino Núñez,cl CHI,MF,Norwich City,24,2000,24.9,72,37,29,34,9,41,79,51.9,38,30,5,25,13,85,38,1,Matches
516,Tanatswa Nyakuhwa,wls WAL,DF,Cardiff City,18,2005,0.2,0,0,0,0,0,0,0,,0,1,0,1,0,0,1,0,Matches
517,Ryan Nyambe,na NAM,DF,Derby County,26,1997,12.5,28,19,13,14,1,13,18,72.2,5,18,3,15,13,41,23,1,Matches
518,Lewis O'Brien,eng ENG,MF,Swansea City,25,1998,15.8,30,23,7,18,5,11,22,50.0,11,20,6,14,10,40,22,1,Matches
519,Gatlin O'Donkor,eng ENG,FW,Oxford United,19,2004,0.0,1,1,0,0,1,0,0,,0,0,0,0,0,1,0,0,Matches
520,Callum O'Dowda,ie IRL,"DF,FW",Cardiff City,29,1995,39.4,77,55,42,25,10,43,72,59.7,29,33,5,28,34,111,110,0,Matches
521,Callum O'Hare,eng ENG,"MF,FW",Sheffield Utd,26,1998,34.9,43,32,14,19,10,13,47,27.7,34,33,1,32,8,51,23,0,Matches
522,Max O'Leary,ie IRL,GK,Bristol City,27,1996,46.0,1,0,1,0,0,1,3,33.3,2,0,0,0,0,1,36,3,Matches
523,Mark O'Mahony,ie IRL,FW,Portsmouth,19,2005,6.6,4,2,1,1,2,1,3,33.3,2,11,0,11,2,6,9,0,Matches
524,Luke O'Nien,eng ENG,DF,Sunderland,29,1994,43.7,49,31,27,17,5,28,39,71.8,11,49,30,19,45,94,181,2,Matches
525,Dara O'Shea,ie IRL,DF,Burnley,25,1999,2.0,1,0,1,0,0,0,1,0.0,1,2,1,1,3,4,9,0,Matches
526,Michael Obafemi,ie IRL,"FW,MF",Plymouth Argyle,24,2000,13.3,10,4,2,6,2,4,12,33.3,8,11,1,10,1,11,3,0,Matches
527,Wilson Odobert,fr FRA,MF,Burnley,19,2004,1.0,1,1,1,0,0,0,0,,0,2,1,1,0,1,1,1,Matches
528,Chiedozie Ogbene,ie IRL,"DF,MF",Luton Town,27,1997,2.7,2,1,1,1,0,1,2,50.0,1,0,0,0,1,3,2,0,Matches
529,Nathanael Ogbeta,eng ENG,DF,Plymouth Argyle,23,2001,7.0,20,12,16,3,1,14,19,73.7,5,5,1,4,5,25,38,0,Matches
530,Angelo Ogbonna,it ITA,DF,Watford,36,1988,4.4,6,5,6,0,0,3,4,75.0,1,8,4,4,8,14,19,0,Matches
531,Connor Ogilvie,eng ENG,DF,Portsmouth,28,1996,44.8,44,27,13,24,7,28,41,68.3,13,39,25,14,58,102,181,0,Matches
532,Yuki Ohashi,jp JPN,"FW,MF",Blackburn,28,1996,24.7,35,21,8,18,9,9,22,40.9,13,26,3,23,6,41,24,0,Matches
533,Jeppe Okkels,dk DEN,"FW,MF",Preston,25,1999,1.4,1,1,0,1,0,0,0,,0,1,0,1,1,2,1,0,Matches
534,Abdülkadir Ömür,tr TUR,"MF,FW",Hull City,25,1999,11.8,16,12,5,11,0,3,12,25.0,9,9,1,8,5,21,5,0,Matches
535,Ryan One,sct SCO,FW,Sheffield Utd,18,2006,3.2,2,0,0,1,1,1,1,100.0,0,1,0,1,1,3,4,0,Matches
536,Ben Osborn,eng ENG,"MF,DF",Derby County,29,1994,18.9,36,20,18,16,2,13,24,54.2,11,17,2,15,21,57,31,1,Matches
537,Milutin Osmajić,me MNE,FW,Preston,25,1999,21.3,9,5,2,6,1,1,4,25.0,3,11,0,11,1,10,9,1,Matches
538,Gabriel Otegbayo,,DF,Sheffield Weds,,,5.3,7,3,4,3,0,4,4,100.0,0,6,4,2,5,12,26,1,Matches
539,David Ozoh,eng ENG,MF,Derby County,19,2005,7.8,36,24,20,12,4,15,21,71.4,6,15,1,14,13,49,6,1,Matches
540,Kenneth Paal,sr SUR,DF,QPR,27,1997,32.0,52,29,31,18,3,29,51,56.9,22,40,7,33,38,90,130,1,Matches
541,Marlon Pack,eng ENG,"DF,MF",Portsmouth,33,1991,30.1,37,18,17,16,4,13,34,38.2,21,31,17,14,31,68,111,1,Matches
542,Alex Palmer,eng ENG,GK,West Brom,27,1996,30.0,3,2,3,0,0,3,3,100.0,0,0,0,0,0,3,18,1,Matches
543,Kasey Palmer,jm JAM,"MF,FW",Hull City,27,1996,12.1,14,11,2,9,3,3,7,42.9,4,5,1,4,4,18,10,0,Matches
544,Kasey Palmer,jm JAM,"MF,FW",Coventry City,27,1996,0.6,1,0,0,1,0,0,3,0.0,3,1,0,1,0,1,0,0,Matches
545,Liam Palmer,sct SCO,"DF,MF",Sheffield Weds,32,1991,9.7,13,10,8,5,0,2,5,40.0,3,5,3,2,7,20,24,0,Matches
546,Victor Pálsson,is ISL,DF,Plymouth Argyle,33,1991,19.3,33,18,26,7,0,18,31,58.1,13,37,23,14,31,64,171,0,Matches
547,Ivor Pandur,hr CRO,GK,Hull City,24,2000,44.0,0,0,0,0,0,0,0,,0,0,0,0,0,0,38,6,Matches
548,Samuel Parker,wls WAL,"FW,DF",Swansea City,18,2006,1.0,2,2,1,1,0,1,2,50.0,1,2,0,2,1,3,2,0,Matches
549,Callum Paterson,sct SCO,"FW,MF",Sheffield Weds,29,1994,13.2,16,11,7,6,3,7,16,43.8,9,9,3,6,7,23,48,0,Matches
550,Jamie Paterson,eng ENG,"FW,MF",Coventry City,32,1991,0.9,2,2,0,1,1,0,1,0.0,1,3,0,3,1,3,0,0,Matches
551,Anthony Patterson,eng ENG,GK,Sunderland,24,2000,42.0,1,1,1,0,0,0,0,,0,0,0,0,0,1,16,3,Matches
552,Aynsley Pears,eng ENG,GK,Blackburn,26,1998,40.0,2,1,2,0,0,2,3,66.7,1,0,0,0,1,3,18,6,Matches
553,Ben Pearson,eng ENG,MF,Stoke City,29,1995,6.3,16,11,6,7,3,4,6,66.7,2,4,0,4,7,23,7,0,Matches
554,Myles Peart-Harris,eng ENG,"FW,MF",Swansea City,21,2002,18.5,18,11,3,12,3,8,21,38.1,13,21,3,18,9,27,21,0,Matches
555,Sydie Peck,eng ENG,MF,Sheffield Utd,19,2004,32.5,66,35,27,31,8,27,47,57.4,20,51,18,33,21,87,85,1,Matches
556,João Pedro,it ITA,FW,Hull City,32,1992,23.8,11,6,1,8,2,2,12,16.7,10,10,2,8,4,15,19,0,Matches
557,Ashley Phillips,wls WAL,DF,Stoke City,19,2005,34.2,23,15,11,11,1,8,10,80.0,2,48,42,6,34,57,208,1,Matches
558,Joshua Phillips,eng ENG,DF,Luton Town,18,2005,0.0,0,0,0,0,0,0,0,,0,0,0,0,0,0,0,0,Matches
559,Matt Phillips,sct SCO,"MF,FW",Oxford United,33,1991,10.6,12,6,3,8,1,8,18,44.4,10,12,1,11,5,17,23,0,Matches
560,Nathaniel Phillips,eng ENG,DF,Derby County,27,1997,24.8,38,24,22,14,2,24,35,68.6,11,36,29,7,20,58,166,2,Matches
561,Harry Pickering,eng ENG,DF,Blackburn,25,1998,11.5,17,10,7,8,2,8,14,57.1,6,8,3,5,10,27,42,0,Matches
562,Erik Pieters,nl NED,DF,Derby County,35,1988,0.0,0,0,0,0,0,0,0,,0,0,0,0,0,0,0,0,Matches
563,Joël Piroe,nl NED,FW,Leeds United,24,1999,34.2,17,11,0,10,7,7,12,58.3,5,13,1,12,8,25,32,0,Matches
564,Julio Pleguezuelo,es ESP,DF,Plymouth Argyle,27,1997,21.8,67,44,47,19,1,43,52,82.7,9,26,15,11,34,101,187,3,Matches
565,Matthew Pollock,eng ENG,DF,Watford,22,2001,42.4,47,32,28,17,2,35,51,68.6,16,56,43,13,60,107,256,2,Matches
566,Regan Poole,wls WAL,DF,Portsmouth,26,1998,23.8,38,20,19,17,2,21,33,63.6,12,31,23,8,41,79,137,3,Matches
567,Ryan Porteous,sct SCO,DF,Preston,25,1999,9.1,22,16,14,6,2,9,21,42.9,12,3,3,0,9,31,67,0,Matches
568,Ryan Porteous,sct SCO,DF,Watford,25,1999,18.5,36,24,25,9,2,23,46,50.0,23,20,11,9,28,64,84,1,Matches
569,Brad Potts,eng ENG,"DF,MF",Preston,30,1994,22.8,54,35,28,18,8,25,62,40.3,37,37,7,30,15,69,40,0,Matches
570,Freddie Potts,eng ENG,MF,Portsmouth,20,2003,34.0,64,35,19,38,7,26,53,49.1,27,37,8,29,40,104,48,2,Matches
571,Ian Poveda,eng ENG,"FW,MF",Sunderland,24,2000,1.0,5,5,2,3,0,3,5,60.0,2,1,0,1,0,5,0,0,Matches
572,Isaac Price,nir NIR,"MF,FW",West Brom,20,2003,11.7,29,19,16,11,2,9,28,32.1,19,21,6,15,11,40,34,0,Matches
573,Cameron Pring,eng ENG,"DF,MF",Bristol City,26,1998,24.8,57,35,26,26,5,26,46,56.5,20,34,10,24,23,80,99,1,Matches
574,Tymoteusz Puchacz,pl POL,DF,Plymouth Argyle,25,1999,12.5,21,15,9,11,1,14,29,48.3,15,9,0,9,18,39,60,1,Matches
575,Gustavo Puerta,co COL,MF,Hull City,21,2003,21.0,40,30,14,22,4,18,37,48.6,19,22,3,19,8,48,18,2,Matches
576,Przemysław Płacheta,pl POL,"FW,MF",Oxford United,26,1998,23.0,33,19,14,16,3,16,42,38.1,26,10,0,10,13,46,19,0,Matches
577,Uroš Račić,rs SRB,MF,West Brom,26,1998,10.2,25,14,6,15,4,13,24,54.2,11,8,3,5,10,35,21,0,Matches
578,Mileta Rajovic,dk DEN,FW,Watford,25,1999,0.5,0,0,0,0,0,0,0,,0,1,1,0,0,0,2,0,Matches
579,Jesurun Rak Sakyi,eng ENG,"FW,MF",Sheffield Utd,21,2002,19.2,37,22,19,14,4,17,34,50.0,17,23,3,20,11,48,8,1,Matches
580,Joe Ralls,eng ENG,MF,Cardiff City,30,1993,12.8,22,11,6,15,1,10,24,41.7,14,14,6,8,14,36,11,0,Matches
581,Largie Ramazani,be BEL,FW,Leeds United,23,2001,8.9,22,13,10,11,1,13,25,52.0,12,8,0,8,3,25,4,0,Matches
582,Aaron Ramsey,wls WAL,MF,Cardiff City,33,1990,6.2,16,9,3,10,3,7,12,58.3,5,2,1,1,6,22,3,0,Matches
583,Aaron Ramsey,eng ENG,MF,Burnley,21,2003,0.1,0,0,0,0,0,0,0,,0,2,0,2,0,0,0,0,Matches
584,Adam Randell,eng ENG,MF,Plymouth Argyle,23,2000,37.5,66,39,22,38,6,32,63,50.8,31,48,24,24,49,115,104,5,Matches
585,Joe Rankin-Costello,eng ENG,"DF,FW",Blackburn,25,1999,13.9,29,19,15,10,4,16,31,51.6,15,16,7,9,21,50,57,1,Matches
586,Nathan Redmond,eng ENG,FW,Burnley,30,1994,0.2,0,0,0,0,0,0,0,,0,0,0,0,0,0,0,0,Matches
587,Michael Reindorf,eng ENG,FW,Cardiff City,19,2005,0.6,1,0,0,0,1,1,1,100.0,0,0,0,0,0,1,0,0,Matches
588,Vicente Reyes,cl CHI,GK,Norwich City,20,2003,3.0,0,0,0,0,0,0,0,,0,0,0,0,0,0,3,0,Matches
589,Yuri Ribeiro,pt POR,DF,Blackburn,27,1997,15.0,24,15,16,4,4,13,20,65.0,7,11,2,9,16,40,56,0,Matches
590,Chris Rigg,eng ENG,"MF,FW",Sunderland,17,2007,33.9,51,29,14,29,8,30,65,46.2,35,38,7,31,17,68,39,1,Matches
591,Emil Riis Jakobsen,dk DEN,FW,Preston,26,1998,30.2,26,16,5,14,7,8,17,47.1,9,17,2,15,8,34,16,0,Matches
592,Andy Rinomhota,zw ZIM,"DF,MF",Cardiff City,27,1997,23.4,69,40,34,29,6,34,51,66.7,17,24,9,15,20,89,80,2,Matches
593,Matt Ritchie,sct SCO,FW,Portsmouth,34,1989,24.3,35,14,6,14,15,13,24,54.2,11,24,3,21,7,42,32,0,Matches
594,Caleb Roberts,eng ENG,MF,Plymouth Argyle,19,2004,2.1,7,4,1,4,2,2,5,40.0,3,8,2,6,6,13,3,0,Matches
595,Connor Roberts,wls WAL,DF,Burnley,28,1995,40.4,46,31,20,19,7,28,42,66.7,14,35,16,19,17,63,86,1,Matches
596,Haydon Roberts,eng ENG,"DF,MF",Bristol City,22,2002,18.2,16,9,8,4,4,12,18,66.7,6,17,8,9,11,27,47,0,Matches
597,Liam Roberts,eng ENG,GK,Millwall,29,1994,1.0,0,0,0,0,0,0,0,,0,0,0,0,0,0,1,0,Matches
598,Patrick Roberts,eng ENG,"FW,MF",Sunderland,27,1997,36.4,62,41,28,24,10,26,85,30.6,59,29,4,25,19,81,37,0,Matches
599,Alexander Robertson,au AUS,MF,Cardiff City,21,2003,26.8,65,38,25,22,18,29,51,56.9,22,43,10,33,36,101,23,0,Matches
600,Callum Robinson,ie IRL,"FW,MF",Cardiff City,29,1995,22.5,7,6,2,2,3,5,8,62.5,3,11,2,9,6,13,5,1,Matches
601,Jack Robinson,eng ENG,DF,Sheffield Utd,30,1993,31.6,39,27,21,17,1,19,24,79.2,5,23,16,7,23,62,171,1,Matches
602,Joe Rodon,wls WAL,DF,Leeds United,26,1997,45.9,42,25,27,12,3,17,22,77.3,5,31,20,11,29,71,239,2,Matches
603,Ruben Rodrigues,pt POR,"MF,FW",Oxford United,27,1996,25.0,51,26,19,21,11,19,38,50.0,19,31,6,25,20,71,22,2,Matches
604,Jay Rodriguez,eng ENG,FW,Burnley,35,1989,8.3,9,7,1,7,1,3,6,50.0,3,7,2,5,2,11,12,0,Matches
605,Ole Romeny,id IDN,"FW,MF",Oxford United,24,2000,6.6,2,1,1,1,0,2,5,40.0,3,2,0,2,0,2,5,0,Matches
606,Ronald,br BRA,"FW,MF",Swansea City,23,2001,41.8,85,58,32,43,10,29,70,41.4,41,65,0,65,30,115,50,1,Matches
607,Kemar Roofe,jm JAM,"FW,MF",Derby County,31,1993,0.1,0,0,0,0,0,0,0,,0,0,0,0,0,0,1,0,Matches
608,Michael Rose,sct SCO,DF,Stoke City,28,1995,14.4,13,9,11,2,0,8,15,53.3,7,11,8,3,12,25,80,3,Matches
609,Joe Rothwell,eng ENG,MF,Leeds United,29,1995,25.0,23,13,6,14,3,11,23,47.8,12,12,2,10,25,48,15,1,Matches
610,Pelly Ruddock Mpanzu,cd COD,MF,Luton Town,31,1993,2.5,3,2,3,0,0,2,4,50.0,2,3,0,3,1,4,8,0,Matches
611,Jack Rudoni,eng ENG,MF,Coventry City,24,2000,38.9,53,31,17,22,14,28,49,57.1,21,39,7,32,24,77,47,1,Matches
612,Carl Rushworth,eng ENG,GK,Hull City,23,2001,2.0,0,0,0,0,0,0,0,,0,0,0,0,0,0,3,0,Matches
613,Nazariy Rusyn,ua UKR,FW,Sunderland,25,1998,0.8,2,2,0,1,1,0,1,0.0,1,1,0,1,0,2,1,0,Matches
614,Georginio Rutter,fr FRA,"MF,FW",Leeds United,22,2002,1.0,0,0,0,0,0,0,1,0.0,1,1,0,1,0,0,0,0,Matches
615,Sai Sachdev,eng ENG,DF,Sheffield Utd,19,2005,0.0,0,0,0,0,0,0,0,,0,0,0,0,0,0,1,0,Matches
616,Borja Sainz,es ESP,FW,Norwich City,23,2001,40.1,60,38,16,31,13,23,75,30.7,52,29,1,28,15,75,9,0,Matches
617,Koki Saito,jp JPN,"FW,MF",QPR,22,2001,25.5,72,41,40,26,6,39,71,54.9,32,21,1,20,15,87,21,0,Matches
618,Tatsuhiro Sakamoto,jp JPN,"FW,MF",Coventry City,27,1996,28.7,49,27,17,24,8,24,40,60.0,16,28,2,26,10,59,32,0,Matches
619,Yousef Salech,dk DEN,FW,Cardiff City,22,2002,14.2,13,9,1,6,6,3,8,37.5,5,7,2,5,3,16,24,0,Matches
620,Lars-Jørgen Salvesen,no NOR,FW,Derby County,28,1996,5.4,4,4,0,4,0,1,4,25.0,3,2,0,2,0,4,4,0,Matches
621,Shurandy Sambo,cw CUW,MF,Burnley,22,2001,0.2,1,0,0,0,1,0,1,0.0,1,0,0,0,2,3,0,0,Matches
622,Dion Sanderson,eng ENG,DF,Blackburn,24,1999,6.3,3,0,2,1,0,3,3,100.0,0,6,4,2,6,9,38,0,Matches
623,Hevertton Santos,br BRA,DF,QPR,23,2001,3.5,8,4,7,1,0,4,10,40.0,6,6,1,5,4,12,13,0,Matches
624,Josh Sargent,us USA,FW,Norwich City,24,2000,27.8,19,12,6,9,4,7,16,43.8,9,16,4,12,2,21,26,0,Matches
625,Jeremy Sarmiento,ec ECU,"FW,MF",Burnley,22,2002,13.0,36,21,9,20,7,17,34,50.0,17,13,0,13,7,43,8,0,Matches
626,George Saville,nir NIR,MF,Millwall,31,1993,36.7,100,65,39,51,10,32,68,47.1,36,47,20,27,58,158,59,1,Matches
627,Christian Saydee,lr LBR,"MF,FW",Portsmouth,22,2002,12.8,11,7,1,2,8,6,14,42.9,8,11,2,9,8,19,12,0,Matches
628,Calum Scanlon,eng ENG,"FW,DF",Millwall,19,2005,1.9,6,3,2,4,0,1,2,50.0,1,3,1,2,1,7,3,0,Matches
629,Dane Scarlett,eng ENG,FW,Oxford United,20,2004,8.8,3,0,0,2,1,0,5,0.0,5,0,0,0,6,9,8,0,Matches
630,Nicolas Schmid,at AUT,GK,Portsmouth,27,1997,34.3,0,0,0,0,0,0,4,0.0,4,0,0,0,0,0,39,2,Matches
631,Isaac Schmidt,ch SUI,"FW,DF",Leeds United,24,1999,0.9,5,3,3,0,2,4,5,80.0,1,0,0,0,4,9,5,0,Matches
632,Oscar Schwartau,dk DEN,"FW,MF",Norwich City,18,2006,17.4,17,8,7,8,2,6,27,22.2,21,29,1,28,12,29,15,1,Matches
633,Jenson Seelt,nl NED,DF,Sunderland,21,2003,0.2,1,0,1,0,0,1,1,100.0,0,1,0,1,0,1,1,0,Matches
634,Tatsuki Seko,jp JPN,MF,Stoke City,26,1997,17.7,41,24,13,25,3,19,48,39.6,29,32,11,21,16,57,47,1,Matches
635,Tyrell Sellars-Fleming,eng ENG,"MF,FW",Hull City,19,2005,0.1,0,0,0,0,0,0,0,,0,0,0,0,1,1,0,0,Matches
636,Egil Selvik,no NOR,GK,Watford,27,1997,16.0,1,1,1,0,0,1,1,100.0,0,0,0,0,0,1,15,1,Matches
637,Ken Sema,se SWE,"DF,MF",Watford,30,1993,5.8,17,12,12,4,1,10,20,50.0,10,4,1,3,5,22,12,1,Matches
638,Femi Seriki,eng ENG,DF,Sheffield Utd,22,2002,12.1,33,25,17,15,1,16,23,69.6,7,18,6,12,9,42,41,2,Matches
639,Jamie Shackleton,eng ENG,"DF,FW",Sheffield Utd,24,1999,3.2,10,9,8,2,0,6,11,54.5,5,3,0,3,1,11,6,0,Matches
640,Conor Shaughnessy,ie IRL,DF,Portsmouth,28,1996,5.7,1,0,1,0,0,0,1,0.0,1,7,6,1,10,11,44,0,Matches
641,James Shea,eng ENG,GK,Luton Town,33,1991,1.6,0,0,0,0,0,0,0,,0,0,0,0,0,0,0,0,Matches
642,Ben Sheaf,eng ENG,MF,Coventry City,26,1998,23.7,63,32,35,20,8,31,54,57.4,23,32,12,20,21,84,28,0,Matches
643,Jonjo Shelvey,eng ENG,"MF,FW",Burnley,32,1992,0.1,0,0,0,0,0,0,0,,0,0,0,0,1,1,1,0,Matches
644,Louie Sibley,eng ENG,MF,Oxford United,22,2001,1.9,5,1,1,4,0,1,5,20.0,4,1,0,1,0,5,6,0,Matches
645,Sol Sidibé,eng ENG,MF,Stoke City,17,2007,3.4,4,2,0,3,1,1,3,33.3,2,2,0,2,2,6,3,0,Matches
646,Francisco Sierralta,cl CHI,DF,Watford,27,1997,21.1,36,24,23,13,0,17,28,60.7,11,32,24,8,26,62,152,1,Matches
647,Arnór Sigurðsson,is ISL,"FW,MF",Blackburn,25,1999,0.7,1,1,0,1,0,1,1,100.0,0,1,0,1,0,1,0,0,Matches
648,Sam Silvera,au AUS,"FW,MF",Portsmouth,23,2000,5.0,13,7,0,9,4,7,12,58.3,5,3,0,3,1,14,2,0,Matches
649,Ellis Simms,eng ENG,FW,Coventry City,23,2001,25.4,3,2,1,0,2,0,1,0.0,1,3,0,3,2,5,16,2,Matches
650,Xavier Simons,eng ENG,MF,Hull City,21,2003,13.4,22,12,7,12,3,10,16,62.5,6,20,15,5,12,34,30,0,Matches
651,Nathan Simpson,eng ENG,FW,Middlesbrough,20,2004,0.0,0,0,0,0,0,0,0,,0,0,0,0,0,0,0,0,Matches
652,Emmanouil Siopis,gr GRE,MF,Cardiff City,30,1994,16.0,47,28,19,23,5,21,44,47.7,23,25,4,21,22,69,24,0,Matches
653,Moussa Sissoko,fr FRA,"MF,FW",Watford,34,1989,32.1,46,29,19,20,7,19,31,61.3,12,27,9,18,16,62,43,0,Matches
654,Regan Slater,eng ENG,MF,Hull City,24,1999,33.0,38,26,13,13,12,17,50,34.0,33,29,9,20,14,52,46,0,Matches
655,Michael Smith,eng ENG,FW,Sheffield Weds,32,1991,20.5,14,10,1,7,6,2,7,28.6,5,15,6,9,6,20,49,0,Matches
656,Paul Smyth,nir NIR,"FW,MF",QPR,26,1997,30.8,44,30,10,25,9,21,47,44.7,26,30,3,27,12,56,25,0,Matches
657,Manor Solomon,il ISR,FW,Leeds United,25,1999,28.8,30,24,10,6,14,16,37,43.2,21,22,0,22,12,42,5,1,Matches
658,Oliver Sonne,pe PER,DF,Burnley,23,2000,0.3,0,0,0,0,0,0,0,,0,0,0,0,0,0,4,0,Matches
659,Matthew Sorinola,eng ENG,"DF,MF",Plymouth Argyle,23,2001,18.6,44,33,24,16,4,21,38,55.3,17,35,10,25,19,63,80,0,Matches
660,Harry Souttar,au AUS,DF,Sheffield Utd,25,1998,19.6,22,12,14,7,1,14,24,58.3,10,19,12,7,25,47,109,1,Matches
661,Vinicius Souza,br BRA,MF,Sheffield Utd,25,1999,31.0,109,73,49,50,10,40,65,61.5,25,50,13,37,35,144,78,3,Matches
662,Jack Stacey,eng ENG,DF,Norwich City,28,1996,23.8,55,41,31,14,10,28,49,57.1,21,29,9,20,20,75,74,0,Matches
663,Enda Stevens,ie IRL,DF,Stoke City,34,1990,13.3,27,19,15,10,2,15,24,62.5,9,10,3,7,10,37,49,0,Matches
664,Ben Stevenson,eng ENG,MF,Portsmouth,27,1997,0.1,0,0,0,0,0,0,0,,0,0,0,0,0,0,0,0,Matches
665,Jordan Storey,eng ENG,DF,Preston,26,1997,34.0,52,33,31,15,6,32,45,71.1,13,45,25,20,57,109,106,1,Matches
666,Pascal Struijk,nl NED,DF,Leeds United,24,1999,31.4,33,24,14,14,5,18,28,64.3,10,25,13,12,28,61,141,0,Matches
667,Zak Sturge,eng ENG,DF,Millwall,20,2004,3.4,8,8,5,3,0,4,6,66.7,2,4,2,2,2,10,11,0,Matches
668,Callum Styles,hu HUN,DF,West Brom,24,2000,29.0,66,47,42,17,7,36,55,65.5,19,32,7,25,40,106,98,0,Matches
669,Emmerson Sutton,eng ENG,FW,QPR,17,2006,0.6,1,1,0,1,0,1,2,50.0,1,0,0,0,0,1,0,0,Matches
670,Zak Swanson,eng ENG,DF,Portsmouth,23,2000,21.9,62,39,31,25,6,31,59,52.5,28,30,11,19,39,101,62,2,Matches
671,John Swift,eng ENG,MF,West Brom,29,1995,19.3,35,19,15,13,7,18,29,62.1,11,13,1,12,6,41,19,2,Matches
672,Mark Sykes,ie IRL,"MF,DF",Bristol City,26,1997,19.0,27,17,9,14,4,14,33,42.4,19,34,8,26,18,45,39,1,Matches
673,Sammie Szmodics,ie IRL,MF,Blackburn,28,1995,0.3,0,0,0,0,0,0,1,0.0,1,0,0,0,0,0,0,0,Matches
674,Kornél Szűcs,hu HUN,DF,Plymouth Argyle,22,2001,31.5,42,23,26,15,1,22,29,75.9,7,46,32,14,27,69,154,1,Matches
675,Elias Sørensen,dk DEN,"FW,MF",Portsmouth,24,1999,3.6,4,4,4,0,0,2,7,28.6,5,4,0,4,2,6,3,0,Matches
676,Jakob Sørensen,dk DEN,"MF,DF",Norwich City,26,1998,14.7,37,22,20,9,8,13,21,61.9,8,18,6,12,12,49,38,1,Matches
677,Maksym Talovierov,ua UKR,DF,Plymouth Argyle,24,2000,10.4,28,19,18,9,1,12,20,60.0,8,12,5,7,8,36,74,0,Matches
678,Ao Tanaka,jp JPN,MF,Leeds United,25,1998,36.8,93,55,37,39,17,46,91,50.5,45,46,7,39,54,147,40,2,Matches
679,Japhet Tanganga,eng ENG,DF,Millwall,25,1999,39.5,56,37,36,19,1,21,31,67.7,10,39,24,15,36,92,220,2,Matches
680,George Tanner,eng ENG,DF,Bristol City,24,1999,22.2,57,39,38,15,4,40,61,65.6,21,30,12,18,20,77,75,0,Matches
681,Ollie Tanner,eng ENG,"FW,MF",Cardiff City,22,2002,15.4,43,29,15,22,6,17,38,44.7,21,16,1,15,11,54,15,0,Matches
682,Fabio Tavares,eng ENG,FW,Coventry City,23,2001,0.0,0,0,0,0,0,0,0,,0,0,0,0,0,0,0,0,Matches
683,Joseph Taylor,wls WAL,"FW,MF",Luton Town,21,2002,1.7,0,0,0,0,0,0,3,0.0,3,3,0,3,0,0,1,0,Matches
684,Junior Tchamadeu,cm CMR,DF,Stoke City,20,2003,34.8,45,30,24,12,9,21,39,53.8,18,38,11,27,23,68,91,2,Matches
685,Hidde ter Avest,nl NED,DF,Oxford United,27,1997,11.1,27,14,13,9,5,16,22,72.7,6,13,5,8,14,41,63,0,Matches
686,Emre Tezgel,eng ENG,"FW,MF",Stoke City,18,2005,3.3,2,1,1,0,1,1,1,100.0,0,4,0,4,2,4,3,0,Matches
687,Bobby Thomas,eng ENG,DF,Coventry City,23,2001,37.0,44,32,28,14,2,27,45,60.0,18,52,30,22,38,82,214,0,Matches
688,Joshua Thomas,wls WAL,MF,Swansea City,21,2002,0.0,0,0,0,0,0,0,0,,0,0,0,0,0,0,0,0,Matches
689,Brandon Thomas-Asante,gh GHA,FW,Coventry City,25,1998,16.1,14,6,6,3,5,2,6,33.3,4,8,1,7,11,25,9,0,Matches
690,Jordan Thompson,nir NIR,"MF,DF",Stoke City,27,1997,15.0,15,10,6,7,2,6,13,46.2,7,9,5,4,14,29,34,1,Matches
691,Liam Thompson,eng ENG,MF,Derby County,22,2002,17.9,29,18,13,13,3,14,32,43.8,18,16,1,15,19,48,17,2,Matches
692,Jordan Thorniley,eng ENG,DF,Oxford United,27,1996,0.9,0,0,0,0,0,0,0,,0,1,1,0,2,2,5,0,Matches
693,Muhamed Tijani,ng NGA,"FW,MF",Plymouth Argyle,24,2000,5.0,2,1,1,0,1,0,2,0.0,2,5,2,3,1,3,8,0,Matches
694,Nathan Tjoe-A-On,id IDN,DF,Swansea City,22,2001,0.0,0,0,0,0,0,0,0,,0,1,0,1,0,0,0,0,Matches
695,Victor Torp,dk DEN,MF,Coventry City,25,1999,23.4,51,32,19,24,8,18,40,45.0,22,32,6,26,29,80,33,1,Matches
696,Balázs Tóth,hu HUN,GK,Blackburn,26,1997,6.0,0,0,0,0,0,0,0,,0,1,0,1,0,0,1,0,Matches
697,Ryley Towler,eng ENG,DF,Portsmouth,23,2001,10.4,13,3,7,4,2,6,11,54.5,5,12,8,4,6,19,54,0,Matches
698,Andros Townsend,eng ENG,MF,Luton Town,33,1991,0.1,0,0,0,0,0,0,0,,0,0,0,0,0,0,0,0,Matches
699,James Trafford,eng ENG,GK,Burnley,21,2002,45.0,1,1,1,0,0,1,1,100.0,0,0,0,0,0,1,20,2,Matches
700,Mark Travers,ie IRL,GK,Middlesbrough,25,1999,17.0,0,0,0,0,0,0,1,0.0,1,0,0,0,0,0,11,1,Matches
701,Lewis Travis,eng ENG,MF,Blackburn,26,1997,35.7,103,63,40,56,7,55,118,46.6,63,46,7,39,36,139,47,0,Matches
702,Nectarios Triantis,gr GRE,FW,Sunderland,21,2003,0.0,0,0,0,0,0,0,0,,0,0,0,0,0,0,0,0,Matches
703,Sondre Tronstad,no NOR,MF,Blackburn,28,1995,34.8,92,66,43,43,6,42,68,61.8,26,53,16,37,43,135,58,2,Matches
704,Auston Trusty,us USA,DF,Sheffield Utd,25,1998,1.0,1,0,0,1,0,0,1,0.0,1,0,0,0,0,1,0,0,Matches
705,David Turnbull,sct SCO,MF,Cardiff City,25,1999,9.2,17,13,8,6,3,8,15,53.3,7,10,2,8,6,23,9,1,Matches
706,Scott Twine,eng ENG,"FW,MF",Bristol City,25,1999,23.5,48,27,13,22,13,18,36,50.0,18,17,0,17,16,64,14,0,Matches
707,Igor Tyjon,eng ENG,FW,Blackburn,16,2008,0.1,0,0,0,0,0,0,1,0.0,1,1,0,1,0,0,0,0,Matches
708,Josh Tymon,eng ENG,DF,Swansea City,25,1999,43.8,47,29,27,13,7,29,51,56.9,22,30,6,24,59,106,84,3,Matches
709,Ike Ugbo,ca CAN,FW,Sheffield Weds,25,1998,14.2,7,7,3,3,1,2,6,33.3,4,11,0,11,6,13,7,1,Matches
710,Pol Valentín,es ESP,"DF,MF",Sheffield Weds,27,1997,17.0,43,25,21,16,6,19,36,52.8,17,20,4,16,21,64,58,0,Matches
711,Yan Valery,tn TUN,"DF,MF",Sheffield Weds,25,1999,35.0,54,31,26,22,6,18,33,54.5,15,33,6,27,51,105,100,2,Matches
712,Jonathan Varane,mq MTQ,MF,QPR,22,2001,28.9,75,41,38,32,5,31,45,68.9,14,50,11,39,46,121,75,0,Matches
713,Rocco Vata,ie IRL,"FW,MF",Watford,19,2005,17.1,31,17,11,14,6,16,35,45.7,19,18,0,18,11,42,10,1,Matches
714,Harry Vaughan,ie IRL,FW,Hull City,20,2004,1.1,3,3,1,0,2,1,2,50.0,1,1,0,1,1,4,1,0,Matches
715,Will Vaulks,wls WAL,MF,Oxford United,30,1993,37.1,88,54,41,42,5,49,107,45.8,58,56,13,43,37,125,89,4,Matches
716,Josh Vickers,eng ENG,GK,Derby County,28,1995,6.0,0,0,0,0,0,0,0,,0,0,0,0,0,0,1,0,Matches
717,André Vidigal,ao ANG,"MF,FW",Stoke City,25,1998,1.2,3,2,1,2,0,0,1,0.0,1,2,0,2,2,5,0,0,Matches
718,Lawrence Vigouroux,cl CHI,GK,Swansea City,30,1993,46.0,2,1,2,0,0,2,4,50.0,2,0,0,0,0,2,18,7,Matches
719,Žan Vipotnik,si SVN,FW,Swansea City,22,2002,23.2,6,3,0,3,3,0,4,0.0,4,15,5,10,2,8,22,1,Matches
720,Vitinho,br BRA,"MF,FW",Burnley,25,1999,2.6,8,6,4,1,3,6,10,60.0,4,4,1,3,1,9,4,0,Matches
721,Zak Vyner,ke KEN,DF,Bristol City,27,1997,46.0,67,51,41,24,2,34,58,58.6,24,58,37,21,44,111,202,2,Matches
722,Thomas Waddingham,au AUS,FW,Portsmouth,19,2005,1.1,3,0,0,1,2,3,3,100.0,0,0,0,0,0,3,1,0,Matches
723,Ben Waine,nz NZL,FW,Plymouth Argyle,23,2001,0.1,0,0,0,0,0,0,0,,0,0,0,0,0,0,0,0,Matches
724,Jed Wallace,eng ENG,"FW,MF",West Brom,30,1994,9.0,17,13,5,11,1,6,16,37.5,10,9,1,8,2,19,10,1,Matches
725,Murray Wallace,sct SCO,DF,Millwall,31,1993,8.1,7,5,4,3,0,4,4,100.0,0,7,5,2,5,12,59,0,Matches
726,Joe Walsh,eng ENG,GK,QPR,22,2002,1.0,0,0,0,0,0,0,0,,0,0,0,0,0,0,0,0,Matches
727,Liam Walsh,eng ENG,MF,Luton Town,26,1997,15.7,34,18,14,13,7,19,37,51.4,18,12,4,8,9,43,29,0,Matches
728,Reuell Walters,eng ENG,DF,Luton Town,19,2004,10.9,40,28,17,15,8,20,23,87.0,3,5,3,2,3,43,23,2,Matches
729,Joe Ward,eng ENG,DF,Derby County,28,1995,1.7,2,2,2,0,0,1,2,50.0,1,1,0,1,4,6,3,0,Matches
730,Duncan Watmore,eng ENG,"FW,MF",Millwall,30,1994,17.5,23,12,6,11,6,10,28,35.7,18,16,2,14,7,30,11,0,Matches
731,Tom Watson,eng ENG,"FW,MF",Sunderland,18,2006,9.9,15,10,8,4,3,10,24,41.7,14,18,2,16,5,20,14,0,Matches
732,Wout Weghorst,nl NED,FW,Burnley,31,1992,0.3,0,0,0,0,0,0,0,,0,0,0,0,0,0,0,0,Matches
733,Andreas Weimann,at AUT,"FW,MF",Blackburn,32,1991,15.7,9,4,2,6,1,3,6,50.0,3,11,0,11,4,13,22,0,Matches
734,Nahki Wells,bm BER,FW,Bristol City,34,1990,22.8,30,20,8,14,8,7,26,26.9,19,21,2,19,12,42,5,1,Matches
735,Jack Whatmough,eng ENG,DF,Preston,27,1996,12.4,27,16,15,9,3,14,16,87.5,2,24,19,5,13,40,80,1,Matches
736,Lennon Wheeldon,eng ENG,FW,Derby County,17,2006,0.0,0,0,0,0,0,0,0,,0,0,0,0,0,0,0,0,Matches
737,Ben Whiteman,eng ENG,MF,Preston,28,1996,27.7,50,23,28,16,6,32,53,60.4,21,39,13,26,20,70,71,0,Matches
738,Morgan Whittaker,eng ENG,"FW,MF",Plymouth Argyle,23,2001,19.4,36,23,18,13,5,13,31,41.9,18,19,3,16,3,39,20,0,Matches
739,Morgan Whittaker,eng ENG,"MF,FW",Middlesbrough,23,2001,11.0,9,4,3,2,4,4,11,36.4,7,11,1,10,6,15,13,0,Matches
740,Harry Whitwell,eng ENG,FW,West Brom,18,2005,0.1,1,1,1,0,0,0,0,,0,1,1,0,0,1,1,0,Matches
741,Jacob Widell Zetterström,se SWE,GK,Derby County,26,1998,40.0,2,2,2,0,0,2,5,40.0,3,0,0,0,1,3,21,4,Matches
742,Joe Wildsmith,eng ENG,GK,West Brom,28,1995,10.0,1,1,1,0,0,1,1,100.0,0,0,0,0,0,1,8,1,Matches
743,Caleb Wiley,us USA,"DF,MF",Watford,19,2004,8.0,17,11,11,5,1,10,16,62.5,6,7,1,6,5,22,27,0,Matches
744,Joe Williams,eng ENG,MF,Bristol City,27,1996,15.7,30,18,9,18,3,12,25,48.0,13,16,9,7,13,43,25,1,Matches
745,Jordan Williams,eng ENG,DF,Portsmouth,24,1999,14.1,45,30,29,15,1,23,34,67.6,11,20,10,10,21,66,36,0,Matches
746,Chris Willock,eng ENG,FW,Cardiff City,26,1998,17.2,26,22,12,10,4,16,29,55.2,13,10,0,10,7,33,4,0,Matches
747,Ben Wilmot,eng ENG,DF,Stoke City,24,1999,36.0,54,35,36,15,3,26,40,65.0,14,60,30,30,45,99,227,2,Matches
748,Ben Wilson,eng ENG,GK,Coventry City,31,1992,4.0,0,0,0,0,0,0,0,,0,0,0,0,0,0,3,1,Matches
749,Kane Wilson,eng ENG,DF,Derby County,24,2000,27.0,52,30,27,11,14,19,29,65.5,10,25,5,20,15,67,86,0,Matches
750,Josh Wilson-Esbrand,eng ENG,"DF,FW",Stoke City,21,2002,3.0,2,1,0,2,0,1,6,16.7,5,4,0,4,2,4,4,1,Matches
751,Josh Windass,eng ENG,"MF,FW",Sheffield Weds,30,1994,35.8,36,19,15,18,3,17,35,48.6,18,21,1,20,12,48,31,0,Matches
752,Ryan Wintle,eng ENG,MF,Millwall,27,1997,5.7,11,4,6,5,0,3,10,30.0,7,8,3,5,8,19,15,0,Matches
753,Maximilian Wöber,at AUT,DF,Leeds United,26,1998,3.7,10,6,6,2,2,6,8,75.0,2,5,0,5,10,20,14,0,Matches
754,Freddie Woodman,eng ENG,GK,Preston,27,1997,37.0,1,1,1,0,0,1,3,33.3,2,2,0,2,0,1,35,5,Matches
755,Cauley Woodrow,eng ENG,"MF,FW",Blackburn,29,1994,2.5,2,0,1,1,0,1,4,25.0,3,1,0,1,0,2,3,0,Matches
756,Cauley Woodrow,eng ENG,"MF,FW",Luton Town,29,1994,3.0,5,3,3,1,1,2,5,40.0,3,8,0,8,1,6,3,0,Matches
757,Joe Worrall,eng ENG,DF,Burnley,27,1997,3.2,3,2,3,0,0,2,2,100.0,0,2,1,1,2,5,14,0,Matches
758,Callum Wright,eng ENG,"MF,FW",Plymouth Argyle,24,2000,16.2,24,15,10,8,6,7,29,24.1,22,17,2,15,5,29,23,1,Matches
759,Haji Wright,us USA,FW,Coventry City,26,1998,21.6,17,11,4,9,4,5,12,41.7,7,9,3,6,6,23,25,0,Matches
760,Jacob Wright,eng ENG,MF,Norwich City,18,2005,9.9,27,20,9,15,3,13,34,38.2,21,14,4,10,11,38,13,0,Matches
761,Jerry Yates,eng ENG,FW,Derby County,27,1996,38.0,14,8,3,7,4,5,22,22.7,17,22,1,21,7,21,21,0,Matches
762,Kusini Yengi,au AUS,"FW,MF",Portsmouth,25,1999,6.0,3,2,0,2,1,1,4,25.0,3,5,1,4,0,3,8,0,Matches
763,Óscar Zambrano,ec ECU,MF,Hull City,20,2004,4.3,11,5,5,4,2,8,13,61.5,5,9,4,5,2,13,4,1,Matches
764,Anass Zaroury,ma MAR,"FW,MF",Burnley,23,2000,0.3,1,1,1,0,0,1,1,100.0,0,1,0,1,0,1,0,0,Matches
765,Stefán Þórðarson,is ISL,MF,Preston,25,1998,27.8,33,22,14,14,5,15,39,38.5,24,20,4,16,21,54,33,1,Matches
