Unnamed: 0_level_0_Rk,Unnamed: 1_level_0_Player,Unnamed: 2_level_0_Nation,Unnamed: 3_level_0_Pos,Unnamed: 4_level_0_Squad,Unnamed: 5_level_0_Age,Unnamed: 6_level_0_Born,Unnamed: 7_level_0_90s,SCA_SCA,SCA_SCA90,SCA Types_PassLive,SCA Types_PassDead,SCA Types_TO,SCA Types_Sh,SCA Types_Fld,SCA Types_Def,GCA_GCA,GCA_GCA90,GCA Types_PassLive,GCA Types_PassDead,GCA Types_TO,GCA Types_Sh,GCA Types_Fld,GCA Types_Def,Unnamed: 24_level_0_Matches
1,Brenden Aaronson,us USA,MF,Leeds United,23,2000,39.5,145,3.67,108,5,12,12,7,1,13,0.33,10,0,0,3,0,0,Matches
2,Thelo Aasgaard,no NOR,"MF,FW",Luton Town,22,2002,16.8,39,2.32,28,1,2,5,3,0,1,0.06,1,0,0,0,0,0,Matches
3,James Abankwah,ie IRL,DF,Watford,20,2004,15.4,16,1.04,14,0,1,1,0,0,1,0.07,1,0,0,0,0,0,Matches
4,Salis Abdul Samed,gh GHA,MF,Sunderland,24,2000,3.1,5,1.59,5,0,0,0,0,0,0,0.00,0,0,0,0,0,0,Matches
5,Azeem Abdulai,sct SCO,"FW,MF",Swansea City,21,2002,3.9,4,1.03,3,0,1,0,0,0,0,0.00,0,0,0,0,0,0,Matches
6,Ebou Adams,gm GAM,MF,Derby County,28,1996,42.1,58,1.38,39,0,0,5,13,1,4,0.10,2,0,0,1,1,0,Matches
7,Elijah Adebayo,eng ENG,FW,Luton Town,26,1998,26.9,53,1.97,30,1,6,12,4,0,5,0.19,2,0,2,1,0,0,Matches
8,Michael Adu-Poku,eng ENG,FW,Watford,18,2005,0.0,0,0.00,0,0,0,0,0,0,0,0.00,0,0,0,0,0,0,Matches
9,Enock Agyei,be BEL,"FW,MF",Burnley,19,2005,0.6,1,1.55,1,0,0,0,0,0,0,0.00,0,0,0,0,0,0,Matches
10,Anel Ahmedhodžić,ba BIH,DF,Sheffield Utd,25,1999,34.8,23,0.66,19,0,1,2,0,1,0,0.00,0,0,0,0,0,0,Matches
11,Semi Ajayi,ng NGA,DF,West Brom,30,1993,13.6,11,0.81,10,0,0,1,0,0,0,0.00,0,0,0,0,0,0,Matches
12,Milan Aleksić,rs SRB,"MF,FW",Sunderland,18,2005,3.2,7,2.18,7,0,0,0,0,0,0,0.00,0,0,0,0,0,0,Matches
13,Ajibola Alese,eng ENG,DF,Sunderland,23,2001,7.8,7,0.90,5,1,0,1,0,0,0,0.00,0,0,0,0,0,0,Matches
14,Jamie Allen,eng ENG,MF,Coventry City,29,1995,11.2,14,1.25,10,0,0,2,1,1,2,0.18,2,0,0,0,0,0,Matches
15,Joe Allen,wls WAL,MF,Swansea City,34,1990,7.9,26,3.28,20,2,1,1,2,0,5,0.63,4,0,1,0,0,0,Matches
16,Millenic Alli,ie IRL,"FW,DF",Luton Town,24,2000,8.5,22,2.59,8,0,6,5,3,0,3,0.35,0,0,2,1,0,0,Matches
17,Jak Alnwick,eng ENG,GK,Cardiff City,31,1993,29.0,5,0.17,3,2,0,0,0,0,0,0.00,0,0,0,0,0,0,Matches
18,Will Alves,eng ENG,"FW,MF",Cardiff City,19,2005,7.4,28,3.77,20,0,4,3,1,0,4,0.54,4,0,0,0,0,0,Matches
19,Steven Alzate,co COL,MF,Hull City,25,1998,21.6,42,1.95,32,2,3,1,1,3,4,0.19,4,0,0,0,0,0,Matches
20,Zeki Amdouni,ch SUI,MF,Burnley,23,2000,0.4,1,2.57,0,0,1,0,0,0,1,2.57,0,0,1,0,0,0,Matches
21,Ethan Ampadu,wls WAL,"DF,MF",Leeds United,23,2000,25.4,44,1.73,39,1,0,1,2,1,4,0.16,3,0,0,0,0,1,Matches
22,Nordin Amrabat,ma MAR,"FW,MF",Hull City,37,1987,3.2,14,4.36,8,2,2,0,2,0,1,0.31,1,0,0,0,0,0,Matches
23,Lucas Andersen,dk DEN,"MF,FW",QPR,29,1994,12.9,37,2.86,23,11,0,2,0,1,3,0.23,2,1,0,0,0,0,Matches
24,Joe Anderson,eng ENG,DF,Sunderland,23,2001,1.1,3,2.73,3,0,0,0,0,0,0,0.00,0,0,0,0,0,0,Matches
25,Ryan Andrews,eng ENG,"DF,MF",Watford,19,2004,23.2,36,1.55,27,3,3,3,0,0,6,0.26,3,1,0,2,0,0,Matches
26,Jaidon Anthony,eng ENG,"FW,MF",Burnley,24,1999,40.7,175,4.30,106,33,18,12,4,2,19,0.47,12,1,4,2,0,0,Matches
27,Adil Aouchiche,fr FRA,"MF,FW",Portsmouth,22,2002,7.6,22,2.90,17,0,0,4,0,1,2,0.26,1,0,0,1,0,0,Matches
28,Adil Aouchiche,fr FRA,"FW,MF",Sunderland,22,2002,3.3,13,3.94,10,2,0,1,0,0,1,0.30,1,0,0,0,0,0,Matches
29,Oliver Arblaster,eng ENG,MF,Sheffield Utd,20,2004,10.9,36,3.31,25,5,3,0,2,1,2,0.18,2,0,0,0,0,0,Matches
30,Jordan Archer,sct SCO,GK,Portsmouth,31,1993,1.7,0,0.00,0,0,0,0,0,0,0,0.00,0,0,0,0,0,0,Matches
31,Adam Armstrong,eng ENG,FW,West Brom,27,1997,11.2,17,1.52,10,0,3,1,2,1,1,0.09,0,0,0,0,1,0,Matches
32,Harrison Armstrong,eng ENG,MF,Derby County,17,2007,12.3,12,0.98,8,0,1,1,1,1,0,0.00,0,0,0,0,0,0,Matches
33,Sinclair Armstrong,ie IRL,FW,Bristol City,21,2003,17.3,33,1.91,22,0,3,1,7,0,5,0.29,0,0,0,0,5,0,Matches
34,Stuart Armstrong,sct SCO,"MF,FW",Sheffield Weds,32,1992,6.0,25,4.20,22,0,0,3,0,0,1,0.17,0,0,0,1,0,0,Matches
35,Harrison Ashby,sct SCO,"DF,FW",QPR,22,2001,17.6,22,1.25,19,2,0,0,1,0,1,0.06,1,0,0,0,0,0,Matches
36,Cian Ashford,wls WAL,"FW,MF",Cardiff City,19,2004,16.9,31,1.83,19,0,3,4,3,2,5,0.30,5,0,0,0,0,0,Matches
37,Robert Atkinson,eng ENG,DF,Portsmouth,26,1998,12.2,13,1.07,13,0,0,0,0,0,3,0.25,3,0,0,0,0,0,Matches
38,Luke Ayling,eng ENG,DF,Middlesbrough,32,1991,21.7,53,2.45,47,2,0,3,0,1,6,0.28,6,0,0,0,0,0,Matches
39,Finn Azaz,ie IRL,"MF,FW",Middlesbrough,23,2000,39.4,180,4.57,129,26,9,8,7,1,20,0.51,14,4,0,1,1,0,Matches
40,Femi Azeez,eng ENG,FW,Millwall,23,2001,21.2,66,3.12,44,0,5,13,3,1,9,0.43,7,0,1,1,0,0,Matches
41,Kwadwo Baah,eng ENG,"MF,FW",Watford,21,2003,16.2,33,2.03,17,0,8,0,6,2,10,0.62,5,0,3,0,2,0,Matches
42,Daniel Bachmann,at AUT,GK,Watford,30,1994,21.1,3,0.14,2,1,0,0,0,0,1,0.05,0,1,0,0,0,0,Matches
43,Joel Bagan,ie IRL,DF,Cardiff City,24,2000,17.9,16,0.89,13,1,1,1,0,0,1,0.06,1,0,0,0,0,0,Matches
44,Michael Baidoo,gh GHA,"MF,FW",Plymouth Argyle,25,1999,5.0,8,1.59,7,0,0,0,1,0,0,0.00,0,0,0,0,0,0,Matches
45,Lewis Baker,eng ENG,MF,Stoke City,29,1995,16.4,38,2.32,19,15,0,1,1,2,3,0.18,2,1,0,0,0,0,Matches
46,Lewis Baker,eng ENG,"MF,FW",Blackburn,29,1995,6.6,10,1.51,7,3,0,0,0,0,0,0.00,0,0,0,0,0,0,Matches
47,Daniel Ballard,nir NIR,DF,Sunderland,24,1999,12.5,14,1.12,12,0,0,2,0,0,1,0.08,1,0,0,0,0,0,Matches
48,Patrick Bamford,eng ENG,FW,Leeds United,30,1993,2.8,3,1.08,1,0,0,2,0,0,0,0.00,0,0,0,0,0,0,Matches
49,Raees Bangura-Williams,,"FW,MF",Millwall,,,6.8,12,1.77,9,0,1,1,1,0,6,0.89,5,0,1,0,0,0,Matches
50,Tamer Bani Odeh,jo JOR,"MF,FW",West Brom,20,2003,0.6,3,5.09,3,0,0,0,0,0,1,1.70,1,0,0,0,0,0,Matches
51,Barry Bannan,sct SCO,MF,Sheffield Weds,34,1989,38.5,149,3.87,112,30,3,2,0,2,10,0.26,8,2,0,0,0,0,Matches
52,Jamal Baptiste,eng ENG,DF,Sheffield Utd,20,2003,0.1,0,0.00,0,0,0,0,0,0,0,0.00,0,0,0,0,0,0,Matches
53,Shandon Baptiste,gd GRN,MF,Luton Town,26,1998,8.0,23,2.88,17,5,0,0,0,1,1,0.13,1,0,0,0,0,0,Matches
54,Tom Barkhuizen,eng ENG,"FW,MF",Derby County,31,1993,4.5,7,1.56,6,0,0,0,1,0,1,0.22,0,0,0,0,1,0,Matches
55,Daniel Barlaser,tr TUR,MF,Middlesbrough,27,1997,12.8,43,3.35,29,9,1,1,2,1,2,0.16,2,0,0,0,0,0,Matches
56,Ashley Barnes,eng ENG,"FW,MF",Norwich City,34,1989,1.9,5,2.60,5,0,0,0,0,0,1,0.52,1,0,0,0,0,0,Matches
57,Ashley Barnes,eng ENG,"FW,MF",Burnley,34,1989,1.5,0,0.00,0,0,0,0,0,0,0,0.00,0,0,0,0,0,0,Matches
58,Louie Barry,eng ENG,"FW,MF",Hull City,21,2003,1.8,2,1.09,2,0,0,0,0,0,0,0.00,0,0,0,0,0,0,Matches
59,Kyle Bartley,eng ENG,DF,West Brom,33,1991,29.0,20,0.69,15,0,0,5,0,0,1,0.03,0,0,0,1,0,0,Matches
60,Norman Bassette,be BEL,FW,Coventry City,19,2004,10.1,14,1.39,6,0,1,3,4,0,1,0.10,1,0,0,0,0,0,Matches
61,Danny Batth,eng ENG,DF,Blackburn,33,1990,33.4,19,0.57,14,0,0,5,0,0,1,0.03,0,0,0,1,0,0,Matches
62,Patrick Bauer,de GER,DF,Preston,31,1992,0.1,0,0.00,0,0,0,0,0,0,0,0.00,0,0,0,0,0,0,Matches
63,Vakoun Bayo,ci CIV,FW,Watford,27,1997,24.9,25,1.00,16,1,2,5,1,0,3,0.12,1,0,0,1,1,0,Matches
64,James Beadle,eng ENG,GK,Sheffield Weds,20,2004,38.0,6,0.16,3,3,0,0,0,0,0,0.00,0,0,0,0,0,0,Matches
65,Owen Beck,wls WAL,"DF,FW",Blackburn,21,2002,20.8,39,1.87,19,13,2,2,2,1,4,0.19,3,1,0,0,0,0,Matches
66,Chris Bedia,ci CIV,FW,Hull City,28,1996,10.2,16,1.57,9,0,2,4,1,0,0,0.00,0,0,0,0,0,0,Matches
67,Amari'i Bell,jm JAM,DF,Luton Town,30,1994,30.1,39,1.30,31,2,1,1,4,0,2,0.07,1,0,1,0,0,0,Matches
68,Sam Bell,eng ENG,"FW,DF",Bristol City,22,2002,4.9,22,4.50,14,1,3,2,2,0,2,0.41,1,0,0,1,0,0,Matches
69,Jobe Bellingham,eng ENG,MF,Sunderland,18,2005,39.0,106,2.72,85,1,4,9,6,1,6,0.15,4,0,1,0,0,1,Matches
70,Bachir Belloumi,dz ALG,"FW,MF",Hull City,22,2002,9.1,39,4.31,24,7,4,0,2,2,5,0.55,3,1,1,0,0,0,Matches
71,Anis Ben Slimane,tn TUN,MF,Norwich City,23,2001,23.2,52,2.24,43,0,3,3,1,2,7,0.30,6,0,0,1,0,0,Matches
72,Anis Ben Slimane,tn TUN,MF,Sheffield Utd,23,2001,0.5,2,4.00,2,0,0,0,0,0,0,0.00,0,0,0,0,0,0,Matches
73,Joe Bennett,eng ENG,DF,Oxford United,34,1990,8.3,3,0.36,3,0,0,0,0,0,0,0.00,0,0,0,0,0,0,Matches
74,Daniel Bennie,au AUS,"FW,MF",QPR,18,2006,2.4,4,1.67,4,0,0,0,0,0,0,0.00,0,0,0,0,0,0,Matches
75,Jóhann Berg Guðmundsson,is ISL,MF,Burnley,33,1990,0.2,0,0.00,0,0,0,0,0,0,0,0.00,0,0,0,0,0,0,Matches
76,Di'Shon Bernard,jm JAM,DF,Sheffield Weds,23,2000,24.8,17,0.68,13,0,1,2,0,1,1,0.04,0,0,1,0,0,0,Matches
77,Kian Best,eng ENG,DF,Preston,18,2005,0.0,0,0.00,0,0,0,0,0,0,0,0.00,0,0,0,0,0,0,Matches
78,Florian Bianchini,fr FRA,FW,Swansea City,23,2001,12.3,14,1.14,9,1,0,2,1,1,0,0.00,0,0,0,0,0,0,Matches
79,Jake Bidwell,eng ENG,DF,Coventry City,31,1993,22.9,40,1.75,33,2,0,2,2,1,5,0.22,4,0,0,0,1,0,Matches
80,Luis Binks,eng ENG,DF,Coventry City,22,2001,20.6,27,1.31,25,1,0,1,0,0,5,0.24,4,0,0,1,0,0,Matches
81,Max Bird,eng ENG,MF,Bristol City,23,2000,38.7,137,3.54,94,33,1,4,2,3,17,0.44,15,2,0,0,0,0,Matches
82,Colby Bishop,eng ENG,FW,Portsmouth,27,1996,29.2,62,2.12,43,0,1,10,7,1,10,0.34,5,0,0,4,1,0,Matches
83,Billy Blacker,eng ENG,MF,Sheffield Utd,18,2006,0.0,0,0.00,0,0,0,0,0,0,0,0.00,0,0,0,0,0,0,Matches
84,Corey Blackett-Taylor,eng ENG,"FW,MF",Derby County,26,1997,4.5,14,3.12,6,0,5,1,1,1,1,0.22,0,0,0,0,1,0,Matches
85,Harvey Blair,eng ENG,FW,Portsmouth,20,2003,3.3,3,0.92,1,0,2,0,0,0,0,0.00,0,0,0,0,0,0,Matches
86,Malachi Boateng,eng ENG,MF,Plymouth Argyle,22,2002,2.2,3,1.36,2,0,0,1,0,0,0,0.00,0,0,0,0,0,0,Matches
87,Eric Bocat,fr FRA,DF,Stoke City,25,1999,22.7,31,1.37,23,3,1,1,2,1,4,0.18,3,0,0,0,0,1,Matches
88,Jayden Bogle,eng ENG,DF,Leeds United,24,2000,42.5,111,2.61,78,3,9,11,6,4,13,0.31,9,1,1,2,0,0,Matches
89,Jonathan Bond,eng ENG,GK,Watford,31,1993,8.9,2,0.23,1,1,0,0,0,0,1,0.11,0,1,0,0,0,0,Matches
90,Neto Borges,br BRA,DF,Middlesbrough,27,1996,32.1,48,1.49,40,4,1,1,1,1,4,0.12,3,1,0,0,0,0,Matches
91,Raphael Borges Rodrigues,au AUS,"MF,FW",Coventry City,20,2003,0.1,0,0.00,0,0,0,0,0,0,0,0.00,0,0,0,0,0,0,Matches
92,Josh Bowler,eng ENG,"FW,DF",Preston,25,1999,5.1,16,3.16,10,0,3,0,3,0,1,0.20,0,0,0,0,1,0,Matches
93,Josh Bowler,eng ENG,"MF,FW",Luton Town,25,1999,1.7,5,3.00,4,0,0,1,0,0,1,0.60,0,0,0,1,0,0,Matches
94,Sonny Bradley,eng ENG,DF,Derby County,32,1991,3.4,1,0.30,1,0,0,0,0,0,0,0.00,0,0,0,0,0,0,Matches
95,Tom Bradshaw,wls WAL,FW,Oxford United,32,1992,4.0,8,2.01,7,0,1,0,0,0,0,0.00,0,0,0,0,0,0,Matches
96,Tom Bradshaw,wls WAL,FW,Millwall,32,1992,5.0,5,1.00,3,0,0,1,1,0,0,0.00,0,0,0,0,0,0,Matches
97,Robbie Brady,ie IRL,"DF,FW",Preston,32,1992,18.2,68,3.73,40,20,2,1,2,3,7,0.38,5,1,0,1,0,0,Matches
98,Cohen Bramall,eng ENG,"DF,FW",Portsmouth,28,1996,5.1,10,1.97,8,0,1,0,1,0,1,0.20,0,0,0,0,1,0,Matches
99,Cameron Brannagan,eng ENG,MF,Oxford United,28,1996,32.2,68,2.11,47,7,0,11,2,1,11,0.34,7,1,0,3,0,0,Matches
100,Ben Brereton,cl CHI,"FW,MF",Sheffield Utd,25,1999,10.9,29,2.64,23,0,1,3,2,0,4,0.36,4,0,0,0,0,0,Matches
101,Rhian Brewster,eng ENG,"MF,FW",Sheffield Utd,24,2000,17.3,48,2.78,34,5,1,4,2,2,5,0.29,5,0,0,0,0,0,Matches
102,Callum Brittain,eng ENG,DF,Blackburn,26,1998,29.5,80,2.71,66,6,2,4,1,1,9,0.30,8,0,0,0,1,0,Matches
103,Andre Brooks,eng ENG,"FW,MF",Sheffield Utd,20,2003,10.6,30,2.84,21,0,5,3,1,0,2,0.19,2,0,0,0,0,0,Matches
104,Ciaron Brown,nir NIR,DF,Oxford United,26,1998,40.1,24,0.60,21,0,0,3,0,0,3,0.07,2,0,0,1,0,0,Matches
105,Dajaune Brown,jm JAM,FW,Derby County,18,2005,4.3,7,1.64,5,0,0,1,1,0,1,0.23,1,0,0,0,0,0,Matches
106,Jacob Brown,sct SCO,"FW,MF",Luton Town,26,1998,13.5,21,1.55,14,0,1,3,3,0,3,0.22,3,0,0,0,0,0,Matches
107,Alan Browne,ie IRL,"MF,DF",Sunderland,29,1995,13.5,26,1.93,24,2,0,0,0,0,2,0.15,2,0,0,0,0,0,Matches
108,Josh Brownhill,eng ENG,"MF,FW",Burnley,28,1995,38.6,109,2.82,94,4,1,6,2,2,14,0.36,11,1,0,2,0,0,Matches
109,Joe Bryan,eng ENG,DF,Millwall,30,1993,36.4,99,2.72,42,45,2,4,3,3,3,0.08,1,1,0,0,1,0,Matches
110,Solomon Brynn,eng ENG,GK,Middlesbrough,23,2000,5.7,1,0.18,1,0,0,0,0,0,0,0.00,0,0,0,0,0,0,Matches
111,John Buckley,eng ENG,MF,Blackburn,24,1999,9.5,16,1.68,9,5,1,0,1,0,1,0.11,0,1,0,0,0,0,Matches
112,Mustapha Bundu,sl SLE,"FW,MF",Plymouth Argyle,27,1997,25.6,63,2.46,46,1,6,5,4,1,8,0.31,6,0,0,1,0,1,Matches
113,Wouter Burger,nl NED,MF,Stoke City,23,2001,33.4,57,1.71,44,0,3,4,1,5,7,0.21,5,0,1,0,0,1,Matches
114,Delano Burgzorg,sr SUR,"FW,MF",Middlesbrough,25,1998,24.3,67,2.76,51,0,7,6,2,1,8,0.33,5,0,3,0,0,0,Matches
115,Reece Burke,eng ENG,DF,Luton Town,27,1996,9.5,16,1.69,10,5,0,0,0,1,3,0.32,1,2,0,0,0,0,Matches
116,Finley Burns,eng ENG,"DF,MF",Hull City,21,2003,3.5,1,0.29,0,0,0,0,0,1,0,0.00,0,0,0,0,0,0,Matches
117,Harrison Burrows,eng ENG,DF,Sheffield Utd,22,2002,38.4,109,2.84,58,34,3,10,3,1,5,0.13,4,0,0,1,0,0,Matches
118,Mason Burstow,eng ENG,"FW,MF",Hull City,20,2003,10.6,22,2.08,17,0,1,4,0,0,1,0.09,1,0,0,0,0,0,Matches
119,Sam Byram,eng ENG,DF,Leeds United,30,1993,15.7,29,1.85,23,1,0,3,1,1,5,0.32,3,0,0,1,0,1,Matches
120,Ben Cabango,wls WAL,DF,Swansea City,24,2000,44.8,36,0.80,31,1,0,4,0,0,3,0.07,2,0,0,1,0,0,Matches
121,Tyrese Campbell,eng ENG,FW,Sheffield Utd,24,1999,17.6,42,2.39,30,0,4,5,3,0,8,0.46,2,0,3,2,1,0,Matches
122,Thomas Cannon,ie IRL,FW,Stoke City,21,2002,20.6,32,1.55,23,0,0,3,6,0,3,0.15,1,0,0,0,2,0,Matches
123,Thomas Cannon,ie IRL,FW,Sheffield Utd,21,2002,7.6,11,1.45,9,0,1,1,0,0,2,0.26,2,0,0,0,0,0,Matches
124,Todd Cantwell,eng ENG,"MF,FW",Blackburn,26,1998,27.5,103,3.74,66,24,2,6,4,1,12,0.44,8,3,0,1,0,0,Matches
125,Theo Carroll,eng ENG,MF,Preston,17,2007,0.0,0,0.00,0,0,0,0,0,0,0,0.00,0,0,0,0,0,0,Matches
126,Hayden Carter,eng ENG,DF,Blackburn,24,1999,15.1,18,1.19,16,0,1,0,0,1,2,0.13,1,0,1,0,0,0,Matches
127,Eiran Cashin,ie IRL,DF,Derby County,22,2001,19.8,17,0.86,13,0,0,2,2,0,1,0.05,1,0,0,0,0,0,Matches
128,Žan Celar,si SVN,FW,QPR,25,1999,10.5,18,1.72,12,0,1,4,0,1,0,0.00,0,0,0,0,0,0,Matches
129,Ilias Chair,ma MAR,"MF,FW",QPR,26,1997,18.9,78,4.14,43,22,6,6,1,0,9,0.48,6,1,0,2,0,0,Matches
130,Giorgi Chakvetadze,ge GEO,"MF,FW",Watford,24,1999,36.5,178,4.88,121,21,14,11,8,3,13,0.36,9,0,2,1,1,0,Matches
131,Nathaniel Chalobah,eng ENG,MF,Sheffield Weds,29,1994,4.9,6,1.22,5,0,0,1,0,0,1,0.20,0,0,0,1,0,0,Matches
132,Calum Chambers,eng ENG,"DF,MF",Cardiff City,29,1995,39.0,46,1.18,39,1,0,4,0,2,5,0.13,3,0,0,1,0,1,Matches
133,Samuel Chambers,eng ENG,FW,Leeds United,16,2007,0.2,0,0.00,0,0,0,0,0,0,0,0.00,0,0,0,0,0,0,Matches
134,Pierce Charles,nir NIR,GK,Sheffield Weds,19,2005,8.0,2,0.25,2,0,0,0,0,0,0,0.00,0,0,0,0,0,0,Matches
135,Shea Charles,nir NIR,"MF,DF",Sheffield Weds,20,2003,40.3,130,3.22,75,38,4,0,8,5,11,0.27,5,4,0,0,1,1,Matches
136,Tawanda Chirewa,zw ZIM,MF,Derby County,20,2003,1.7,4,2.42,2,0,2,0,0,0,0,0.00,0,0,0,0,0,0,Matches
137,Tahith Chong,cw CUW,"MF,DF",Luton Town,24,1999,22.5,57,2.53,36,0,6,4,11,0,3,0.13,1,0,1,0,1,0,Matches
138,Hamza Choudhury,bd BAN,"MF,DF",Sheffield Utd,26,1997,12.3,8,0.65,7,1,0,0,0,0,0,0.00,0,0,0,0,0,0,Matches
139,Benjamin Chrisene,eng ENG,DF,Norwich City,20,2004,12.8,21,1.64,19,1,0,0,1,0,1,0.08,1,0,0,0,0,0,Matches
140,Cyrus Christie,ie IRL,DF,Swansea City,31,1992,3.1,0,0.00,0,0,0,0,0,0,0,0.00,0,0,0,0,0,0,Matches
141,Dennis Cirkin,eng ENG,DF,Sunderland,22,2002,30.4,57,1.87,37,7,1,7,3,2,6,0.20,3,0,0,2,1,0,Matches
142,Ibrahim Cissoko,nl NED,"FW,MF",Plymouth Argyle,21,2003,7.3,30,4.08,19,0,5,2,4,0,2,0.27,1,0,0,1,0,0,Matches
143,Ibrahim Cissoko,nl NED,"FW,MF",Sheffield Weds,21,2003,0.6,0,0.00,0,0,0,0,0,0,0,0.00,0,0,0,0,0,0,Matches
144,Jordan Clark,eng ENG,MF,Luton Town,30,1993,35.9,97,2.70,58,28,4,5,1,1,9,0.25,5,2,0,2,0,0,Matches
145,Harry Clarke,eng ENG,DF,Sheffield Utd,23,2001,5.2,12,2.29,12,0,0,0,0,0,0,0.00,0,0,0,0,0,0,Matches
146,Jack Clarke,eng ENG,FW,Sunderland,23,2000,2.0,10,5.03,7,1,1,0,1,0,2,1.01,1,0,0,0,1,0,Matches
147,Matthew Clarke,eng ENG,DF,Derby County,27,1996,15.2,16,1.05,15,0,0,1,0,0,1,0.07,1,0,0,0,0,0,Matches
148,Matthew Clarke,eng ENG,DF,Middlesbrough,27,1996,12.4,5,0.40,5,0,0,0,0,0,0,0.00,0,0,0,0,0,0,Matches
149,Jake Clarke-Salter,eng ENG,DF,QPR,26,1997,8.4,9,1.08,9,0,0,0,0,0,2,0.24,2,0,0,0,0,0,Matches
150,Josh Coburn,eng ENG,MF,Middlesbrough,21,2002,0.1,0,0.00,0,0,0,0,0,0,0,0.00,0,0,0,0,0,0,Matches
151,Josh Coburn,eng ENG,FW,Millwall,21,2002,13.5,24,1.77,12,0,1,4,6,1,5,0.37,1,0,0,1,3,0,Matches
152,Jack Colback,eng ENG,MF,QPR,34,1989,16.1,20,1.24,18,0,0,2,0,0,2,0.12,2,0,0,0,0,0,Matches
153,Devante Cole,eng ENG,"FW,MF",West Brom,29,1995,1.8,2,1.13,2,0,0,0,0,0,0,0.00,0,0,0,0,0,0,Matches
154,Bradley Collins,eng ENG,GK,Coventry City,27,1997,14.6,6,0.41,5,1,0,0,0,0,1,0.07,1,0,0,0,0,0,Matches
155,James Collins,ie IRL,"FW,MF",Derby County,33,1990,2.5,2,0.80,2,0,0,0,0,0,0,0.00,0,0,0,0,0,0,Matches
156,Jamilu Collins,ng NGA,DF,Cardiff City,29,1994,1.8,1,0.54,1,0,0,0,0,0,0,0.00,0,0,0,0,0,0,Matches
157,Rubin Colwill,wls WAL,"MF,FW",Cardiff City,22,2002,28.0,102,3.64,72,7,11,8,3,1,8,0.29,5,1,1,1,0,0,Matches
158,Aaron Connolly,ie IRL,"FW,MF",Sunderland,24,2000,2.7,1,0.37,0,0,0,0,1,0,1,0.37,0,0,0,0,1,0,Matches
159,Aaron Connolly,ie IRL,"FW,MF",Millwall,24,2000,7.3,11,1.50,7,0,0,1,3,0,0,0.00,0,0,0,0,0,0,Matches
160,Tommy Conway,sct SCO,"FW,MF",Middlesbrough,21,2002,26.2,65,2.48,48,4,2,7,4,0,7,0.27,4,0,1,1,1,0,Matches
161,Steve Cook,eng ENG,DF,QPR,33,1991,29.1,26,0.89,23,1,0,2,0,0,1,0.03,1,0,0,0,0,0,Matches
162,Jake Cooper,eng ENG,DF,Millwall,29,1995,35.5,25,0.70,19,0,0,4,1,1,4,0.11,4,0,0,0,0,0,Matches
163,Michael Cooper,eng ENG,GK,Sheffield Utd,24,1999,43.0,5,0.12,3,2,0,0,0,0,1,0.02,0,1,0,0,0,0,Matches
164,Oliver Cooper,wls WAL,"MF,FW",Swansea City,24,1999,11.6,24,2.08,16,0,0,2,5,1,2,0.17,0,0,0,1,1,0,Matches
165,José Cordoba,pa PAN,DF,Norwich City,23,2001,23.4,21,0.90,20,0,0,1,0,0,0,0.00,0,0,0,0,0,0,Matches
166,David Cornell,wls WAL,GK,Preston,33,1991,9.0,1,0.11,1,0,0,0,0,0,0,0.00,0,0,0,0,0,0,Matches
167,Harry Cornick,eng ENG,"FW,MF",Bristol City,29,1995,0.4,0,0.00,0,0,0,0,0,0,0,0.00,0,0,0,0,0,0,Matches
168,Lewie Coyle,eng ENG,DF,Hull City,28,1995,41.3,81,1.96,64,7,2,1,4,3,6,0.15,6,0,0,0,0,0,Matches
169,Amario Cozier-Duberry,eng ENG,"FW,MF",Blackburn,19,2005,8.0,22,2.75,14,0,4,2,0,2,0,0.00,0,0,0,0,0,0,Matches
170,Tristan Crama,fr FRA,DF,Millwall,22,2001,18.2,23,1.27,21,2,0,0,0,0,2,0.11,2,0,0,0,0,0,Matches
171,Charlie Crew,wls WAL,MF,Leeds United,18,2006,0.1,0,0.00,0,0,0,0,0,0,0,0.00,0,0,0,0,0,0,Matches
172,Ante Crnac,hr CRO,FW,Norwich City,20,2003,27.7,58,2.09,41,0,10,2,3,2,8,0.29,4,0,3,1,0,0,Matches
173,Matt Crooks,eng ENG,"MF,FW",Hull City,30,1994,8.8,16,1.83,15,0,0,0,1,0,2,0.23,1,0,0,0,1,0,Matches
174,Josh Cullen,ie IRL,MF,Burnley,28,1996,42.2,92,2.18,75,5,1,4,6,1,12,0.28,5,3,0,1,3,0,Matches
175,Liam Cullen,wls WAL,"MF,FW",Swansea City,25,1999,33.3,56,1.68,48,0,0,6,0,2,4,0.12,3,0,0,1,0,0,Matches
176,Jamie Cumming,eng ENG,GK,Oxford United,24,1999,45.0,9,0.20,5,4,0,0,0,0,3,0.07,2,1,0,0,0,0,Matches
177,Luke Cundle,eng ENG,"MF,FW",Millwall,22,2002,10.9,23,2.11,18,0,0,1,3,1,2,0.18,2,0,0,0,0,0,Matches
178,Jesper Daland,no NOR,DF,Cardiff City,24,2000,15.9,8,0.50,8,0,0,0,0,0,0,0.00,0,0,0,0,0,0,Matches
179,Owen Dale,eng ENG,"MF,FW",Oxford United,25,1998,3.9,8,2.05,7,0,0,1,0,0,0,0.00,0,0,0,0,0,0,Matches
180,Harry Darling,eng ENG,DF,Swansea City,24,1999,37.1,40,1.08,32,2,0,4,1,1,7,0.19,4,0,0,2,0,1,Matches
181,Karl Darlow,wls WAL,GK,Leeds United,33,1990,7.0,0,0.00,0,0,0,0,0,0,0,0.00,0,0,0,0,0,0,Matches
182,Jay Dasilva,wls WAL,DF,Coventry City,26,1998,20.1,36,1.79,33,0,2,1,0,0,3,0.15,3,0,0,0,0,0,Matches
183,Adam Davies,wls WAL,GK,Sheffield Utd,32,1992,3.0,0,0.00,0,0,0,0,0,0,0,0.00,0,0,0,0,0,0,Matches
184,Isaak Davies,wls WAL,"FW,MF",Cardiff City,22,2001,3.2,4,1.25,3,0,0,1,0,0,0,0.00,0,0,0,0,0,0,Matches
185,Tom Davies,eng ENG,MF,Sheffield Utd,26,1998,7.5,16,2.14,11,1,1,0,2,1,5,0.67,1,1,1,0,1,1,Matches
186,James Debayo,eng ENG,DF,Leeds United,19,2005,0.0,0,0.00,0,0,0,0,0,0,0,0.00,0,0,0,0,0,0,Matches
187,Hannes Delcroix,ht HAI,DF,Swansea City,25,1999,9.9,8,0.81,8,0,0,0,0,0,1,0.10,1,0,0,0,0,0,Matches
188,Tom Dele-Bashiru,ng NGA,MF,Watford,24,1999,22.9,36,1.57,31,0,1,4,0,0,2,0.09,1,0,0,1,0,0,Matches
189,Karamoko Dembélé,eng ENG,"FW,MF",QPR,21,2003,13.2,48,3.64,27,10,3,4,4,0,5,0.38,3,2,0,0,0,0,Matches
190,Siriki Dembélé,ci CIV,"FW,MF",Oxford United,27,1996,15.2,45,2.95,29,4,2,1,9,0,3,0.20,2,0,0,0,1,0,Matches
191,Rav van den Berg,nl NED,DF,Middlesbrough,20,2004,23.6,13,0.55,13,0,0,0,0,0,1,0.04,1,0,0,0,0,0,Matches
192,Emmanuel Dennis,ng NGA,"FW,MF",Blackburn,26,1997,1.8,5,2.83,4,0,1,0,0,0,1,0.57,1,0,0,0,0,0,Matches
193,Terry Devlin,nir NIR,"DF,MF",Portsmouth,20,2003,17.4,22,1.27,15,4,3,0,0,0,3,0.17,2,1,0,0,0,0,Matches
194,Ousmane Diakité,ml MLI,"MF,DF",West Brom,24,2000,9.6,3,0.31,2,0,0,1,0,0,0,0.00,0,0,0,0,0,0,Matches
195,Grady Diangana,cd COD,"FW,MF",West Brom,26,1998,16.6,47,2.83,34,0,5,4,4,0,7,0.42,6,0,1,0,0,0,Matches
196,Robert Dickie,eng ENG,DF,Bristol City,28,1996,34.7,24,0.69,19,1,1,3,0,0,5,0.14,3,0,1,1,0,0,Matches
197,Seny Dieng,sn SEN,GK,Middlesbrough,29,1994,17.0,2,0.12,2,0,0,0,0,0,1,0.06,1,0,0,0,0,0,Matches
198,Anfernee Dijksteel,sr SUR,DF,Middlesbrough,27,1996,28.1,45,1.60,36,1,3,1,2,2,3,0.11,1,0,2,0,0,0,Matches
199,Daryl Dike,us USA,"FW,MF",West Brom,24,2000,2.5,9,3.57,7,0,0,1,1,0,1,0.40,1,0,0,0,0,0,Matches
200,Jaden Dixon,eng ENG,"FW,DF",Stoke City,17,2007,0.1,0,0.00,0,0,0,0,0,0,0,0.00,0,0,0,0,0,0,Matches
201,Elijah Dixon-Bonner,eng ENG,"MF,FW",QPR,23,2001,0.1,0,0.00,0,0,0,0,0,0,0,0.00,0,0,0,0,0,0,Matches
202,Lewis Dobbin,eng ENG,FW,Norwich City,21,2003,7.1,16,2.25,11,0,2,1,1,1,1,0.14,0,0,0,0,0,1,Matches
203,Lewis Dobbin,eng ENG,"FW,MF",West Brom,21,2003,3.8,6,1.60,5,0,0,0,1,0,0,0.00,0,0,0,0,0,0,Matches
204,Tyrhys Dolan,eng ENG,"FW,MF",Blackburn,22,2001,35.3,99,2.81,72,0,5,9,10,3,17,0.48,12,0,1,1,1,2,Matches
205,Alfie Doughty,eng ENG,"DF,MF",Luton Town,24,1999,22.6,111,4.90,47,60,1,0,1,2,7,0.31,4,3,0,0,0,0,Matches
206,Mamadou Doumbia,ml MLI,FW,Watford,18,2006,10.8,18,1.68,12,0,2,2,2,0,4,0.37,1,0,0,1,2,0,Matches
207,Oliver Dovin,se SWE,GK,Coventry City,22,2002,27.4,2,0.07,1,1,0,0,0,0,0,0.00,0,0,0,0,0,0,Matches
208,Callum Doyle,eng ENG,DF,Norwich City,20,2003,38.2,61,1.60,49,3,3,3,0,3,11,0.29,8,0,1,0,0,2,Matches
209,Andre Dozzell,eng ENG,MF,Portsmouth,25,1999,31.3,41,1.31,28,6,1,2,3,1,6,0.19,4,0,0,1,1,0,Matches
210,Cody Drameh,eng ENG,DF,Hull City,22,2001,18.3,31,1.69,26,1,1,1,1,1,3,0.16,3,0,0,0,0,0,Matches
211,Shane Duffy,ie IRL,DF,Norwich City,32,1992,44.9,34,0.76,30,0,0,3,1,0,6,0.13,6,0,0,0,0,0,Matches
212,Jimmy Dunne,ie IRL,DF,QPR,26,1997,45.0,66,1.47,50,4,3,6,2,1,7,0.16,5,0,1,1,0,0,Matches
213,Leonard Duru,eng ENG,DF,Blackburn,19,2005,0.0,0,0.00,0,0,0,0,0,0,0,0.00,0,0,0,0,0,0,Matches
214,Pierre Dwomoh,be BEL,MF,Watford,20,2004,5.9,15,2.55,12,0,3,0,0,0,1,0.17,1,0,0,0,0,0,Matches
215,Lyndon Dykes,sct SCO,FW,QPR,28,1995,0.1,0,0.00,0,0,0,0,0,0,0,0.00,0,0,0,0,0,0,Matches
216,George Earthy,eng ENG,"MF,FW",Bristol City,19,2004,16.2,32,1.98,27,1,1,3,0,0,6,0.37,6,0,0,0,0,0,Matches
217,Malcolm Ebiowei,eng ENG,MF,Oxford United,20,2003,0.8,3,3.97,2,0,0,1,0,0,0,0.00,0,0,0,0,0,0,Matches
218,Festy Ebosele,ie IRL,"DF,MF",Watford,21,2002,8.4,34,4.04,21,2,6,0,2,3,2,0.24,1,0,1,0,0,0,Matches
219,Josh Eccles,eng ENG,MF,Coventry City,24,2000,26.0,87,3.35,71,6,2,3,3,2,5,0.19,5,0,0,0,0,0,Matches
220,George Edmundson,eng ENG,DF,Middlesbrough,26,1997,23.2,13,0.56,10,0,1,0,1,1,2,0.09,1,0,0,0,1,0,Matches
221,Joe Edwards,eng ENG,DF,Plymouth Argyle,33,1990,12.6,13,1.03,10,1,0,1,0,1,2,0.16,1,0,0,1,0,0,Matches
222,Kyle Edwards,eng ENG,"MF,FW",Oxford United,26,1998,2.2,8,3.60,8,0,0,0,0,0,1,0.45,1,0,0,0,0,0,Matches
223,Marcus Edwards,eng ENG,"FW,MF",Burnley,25,1998,10.4,43,4.13,30,1,6,3,3,0,5,0.48,3,0,1,0,1,0,Matches
224,Ronnie Edwards,eng ENG,"DF,MF",QPR,21,2003,20.2,13,0.64,11,0,1,1,0,0,0,0.00,0,0,0,0,0,0,Matches
225,John Egan,ie IRL,DF,Burnley,31,1992,1.8,1,0.55,1,0,0,0,0,0,0,0.00,0,0,0,0,0,0,Matches
226,John Egan,ie IRL,DF,Hull City,31,1992,8.1,6,0.74,5,0,0,1,0,0,0,0.00,0,0,0,0,0,0,Matches
227,CJ Egan-Riley,eng ENG,DF,Burnley,21,2003,40.0,41,1.02,36,2,1,1,0,1,3,0.07,2,1,0,0,0,0,Matches
228,Callum Elder,au AUS,DF,Derby County,29,1995,23.9,52,2.18,33,15,0,2,1,1,8,0.33,4,3,0,1,0,0,Matches
229,Aidomo Emakhu,ie IRL,"FW,MF",Millwall,20,2003,7.7,27,3.49,13,0,9,2,2,1,3,0.39,2,0,1,0,0,0,Matches
230,Lukas Engel,dk DEN,DF,Middlesbrough,25,1998,4.1,15,3.67,11,3,0,0,1,0,0,0.00,0,0,0,0,0,0,Matches
231,Niall Ennis,eng ENG,FW,Stoke City,25,1999,2.2,3,1.38,2,0,0,1,0,0,0,0.00,0,0,0,0,0,0,Matches
232,Romain Esse,eng ENG,"FW,MF",Millwall,19,2005,22.4,70,3.12,45,0,10,4,10,1,4,0.18,1,0,2,1,0,0,Matches
233,Maxime Estève,fr FRA,DF,Burnley,22,2002,45.1,25,0.55,24,0,0,0,0,1,1,0.02,1,0,0,0,0,0,Matches
234,Oscar Estupiñan,co COL,FW,Hull City,27,1996,1.6,0,0.00,0,0,0,0,0,0,0,0.00,0,0,0,0,0,0,Matches
235,Ched Evans,wls WAL,"FW,MF",Preston,35,1988,1.1,3,2.65,2,0,0,1,0,0,1,0.88,0,0,0,1,0,0,Matches
236,George Evans,eng ENG,GK,Millwall,19,2005,4.0,0,0.00,0,0,0,0,0,0,0,0.00,0,0,0,0,0,0,Matches
237,Milan van Ewijk,nl NED,DF,Coventry City,23,2000,44.6,109,2.45,87,11,3,4,2,2,7,0.16,5,1,0,1,0,0,Matches
238,Malachi Fagan-Walcott,eng ENG,DF,Cardiff City,22,2002,0.3,0,0.00,0,0,0,0,0,0,0,0.00,0,0,0,0,0,0,Matches
239,Akin Famewo,eng ENG,DF,Sheffield Weds,25,1998,10.4,7,0.67,7,0,0,0,0,0,1,0.10,1,0,0,0,0,0,Matches
240,Lamine Fanne,es ESP,"MF,FW",Luton Town,20,2004,6.5,9,1.39,5,0,0,2,2,0,0,0.00,0,0,0,0,0,0,Matches
241,Jacob Farrell,au AUS,DF,Portsmouth,21,2002,1.0,1,1.00,1,0,0,0,0,0,0,0.00,0,0,0,0,0,0,Matches
242,Christian Fassnacht,ch SUI,"FW,DF",Norwich City,30,1993,0.9,0,0.00,0,0,0,0,0,0,0,0.00,0,0,0,0,0,0,Matches
243,Tom Fellows,eng ENG,"FW,MF",West Brom,21,2003,31.9,102,3.20,85,0,8,3,6,0,18,0.56,15,0,2,1,0,0,Matches
244,Marselino Ferdinan,id IDN,MF,Oxford United,19,2004,0.2,0,0.00,0,0,0,0,0,0,0,0.00,0,0,0,0,0,0,Matches
245,Sam Field,eng ENG,MF,QPR,26,1998,32.3,35,1.08,30,0,1,4,0,0,3,0.09,1,0,0,2,0,0,Matches
246,Tegan Finn,,MF,Plymouth Argyle,,,1.6,0,0.00,0,0,0,0,0,0,0,0.00,0,0,0,0,0,0,Matches
247,Junior Firpo,do DOM,DF,Leeds United,27,1996,29.1,96,3.30,75,4,4,8,3,2,17,0.59,12,1,1,1,1,1,Matches
248,Will Fish,eng ENG,DF,Cardiff City,21,2003,15.3,12,0.78,10,0,1,0,1,0,2,0.13,0,0,1,0,1,0,Matches
249,Kellen Fisher,eng ENG,"DF,MF",Norwich City,20,2004,29.9,47,1.57,42,0,0,1,2,2,6,0.20,5,0,0,0,1,0,Matches
250,Zian Flemming,nl NED,FW,Burnley,25,1998,26.9,45,1.67,30,1,1,4,6,3,9,0.33,5,0,0,3,1,0,Matches
251,Tyrese Fornah,sl SLE,MF,Derby County,24,1999,0.1,0,0.00,0,0,0,0,0,0,0,0.00,0,0,0,0,0,0,Matches
252,Adam Forshaw,eng ENG,MF,Plymouth Argyle,32,1991,7.6,9,1.19,8,0,0,0,0,1,0,0.00,0,0,0,0,0,0,Matches
253,Adam Forshaw,eng ENG,MF,Blackburn,32,1991,6.3,7,1.12,5,0,0,0,1,1,0,0.00,0,0,0,0,0,0,Matches
254,Amankwah Forson,gh GHA,"MF,FW",Norwich City,21,2002,8.1,18,2.23,13,3,0,1,1,0,3,0.37,3,0,0,0,0,0,Matches
255,Marcus Forss,fi FIN,FW,Middlesbrough,25,1999,7.4,20,2.70,11,0,2,6,0,1,1,0.13,0,0,0,0,0,1,Matches
256,Craig Forsyth,sct SCO,DF,Derby County,35,1989,28.4,28,0.99,20,4,0,2,1,1,4,0.14,3,1,0,0,0,0,Matches
257,Gabriel Forsyth,sct SCO,"MF,FW",Norwich City,17,2006,1.8,3,1.65,2,0,0,0,0,1,0,0.00,0,0,0,0,0,0,Matches
258,Lyle Foster,za RSA,FW,Burnley,23,2000,17.7,38,2.15,22,0,6,7,0,3,8,0.45,6,0,0,1,0,1,Matches
259,Morgan Fox,wls WAL,DF,QPR,30,1993,14.9,12,0.80,12,0,0,0,0,0,0,0.00,0,0,0,0,0,0,Matches
260,Gianluca Frabotta,it ITA,DF,West Brom,25,1999,0.7,1,1.38,1,0,0,0,0,0,0,0.00,0,0,0,0,0,0,Matches
261,Gonçalo Franco,pt POR,MF,Swansea City,23,2000,34.9,75,2.15,56,0,2,5,4,8,10,0.29,7,0,0,1,1,1,Matches
262,Michael Frey,ch SUI,FW,QPR,30,1994,19.8,42,2.12,36,0,0,5,1,0,2,0.10,2,0,0,0,0,0,Matches
263,Dael Fry,eng ENG,DF,Middlesbrough,26,1997,15.7,8,0.51,7,1,0,0,0,0,0,0.00,0,0,0,0,0,0,Matches
264,Mads Frøkjær-Jensen,dk DEN,"FW,MF",Preston,25,1999,26.2,77,2.93,70,2,0,2,2,1,7,0.27,7,0,0,0,0,0,Matches
265,Leo Fuhr Hjelde,no NOR,DF,Sunderland,20,2003,4.6,5,1.10,5,0,0,0,0,0,1,0.22,1,0,0,0,0,0,Matches
266,Jay Fulton,sct SCO,MF,Swansea City,30,1994,14.3,15,1.04,14,0,1,0,0,0,1,0.07,1,0,0,0,0,0,Matches
267,Darnell Furlong,eng ENG,DF,West Brom,28,1995,41.2,101,2.45,77,12,1,4,6,1,17,0.41,14,3,0,0,0,0,Matches
268,Sam Gallagher,eng ENG,"FW,MF",Stoke City,28,1995,11.4,16,1.41,9,0,0,1,5,1,4,0.35,1,0,0,0,3,0,Matches
269,Brendan Galloway,zw ZIM,DF,Plymouth Argyle,28,1996,10.9,12,1.10,10,0,0,0,0,2,1,0.09,1,0,0,0,0,0,Matches
270,Ben Gannon-Doak,sct SCO,FW,Middlesbrough,18,2005,19.8,82,4.15,66,1,7,6,2,0,11,0.56,9,0,1,0,1,0,Matches
271,Djeidi Gassama,fr FRA,"MF,FW",Sheffield Weds,20,2003,33.1,100,3.03,72,0,10,9,8,1,7,0.21,4,0,2,0,1,0,Matches
272,Joe Gelhardt,eng ENG,"FW,MF",Leeds United,22,2002,0.1,0,0.00,0,0,0,0,0,0,0,0.00,0,0,0,0,0,0,Matches
273,Joe Gelhardt,eng ENG,"FW,MF",Hull City,22,2002,17.7,52,2.94,29,2,8,7,6,0,2,0.11,1,0,0,0,1,0,Matches
274,Anwar El Ghazi,nl NED,FW,Cardiff City,29,1995,13.1,35,2.68,24,1,3,3,3,1,2,0.15,2,0,0,0,0,0,Matches
275,Liam Gibbs,eng ENG,"MF,FW",Norwich City,21,2002,2.4,2,0.85,1,1,0,0,0,0,0,0.00,0,0,0,0,0,0,Matches
276,Ben Gibson,eng ENG,DF,Stoke City,31,1993,21.6,14,0.65,11,2,0,1,0,0,1,0.05,1,0,0,0,0,0,Matches
277,Lewis Gibson,eng ENG,DF,Preston,24,2000,18.2,13,0.72,9,0,1,2,1,0,0,0.00,0,0,0,0,0,0,Matches
278,Lewis Gibson,eng ENG,DF,Plymouth Argyle,24,2000,18.0,19,1.06,17,0,0,2,0,0,3,0.17,3,0,0,0,0,0,Matches
279,Alexander Gilbert,ie IRL,MF,Middlesbrough,22,2001,0.9,4,4.68,4,0,0,0,0,0,0,0.00,0,0,0,0,0,0,Matches
280,Alfie Gilchrist,eng ENG,DF,Sheffield Utd,20,2003,23.4,43,1.84,33,3,4,1,1,1,2,0.09,1,0,0,1,0,0,Matches
281,Ryan Giles,eng ENG,DF,Middlesbrough,24,2000,3.4,5,1.47,5,0,0,0,0,0,0,0.00,0,0,0,0,0,0,Matches
282,Ryan Giles,eng ENG,DF,Hull City,24,2000,10.0,18,1.79,14,3,1,0,0,0,1,0.10,0,0,1,0,0,0,Matches
283,Josh Ginnelly,eng ENG,FW,Swansea City,27,1997,0.4,1,2.73,0,1,0,0,0,0,0,0.00,0,0,0,0,0,0,Matches
284,Tom Glover,au AUS,GK,Middlesbrough,26,1997,6.3,1,0.16,1,0,0,0,0,0,0,0.00,0,0,0,0,0,0,Matches
285,Wilfried Gnonto,it ITA,FW,Leeds United,20,2003,25.3,108,4.27,73,0,11,14,9,1,10,0.40,9,0,1,0,0,0,Matches
286,Lynden Gooch,us USA,"DF,FW",Stoke City,28,1995,11.5,13,1.13,7,4,1,0,0,1,1,0.09,0,1,0,0,0,0,Matches
287,Tyler Goodhram,eng ENG,"MF,FW",Oxford United,20,2003,33.9,114,3.36,60,27,10,9,6,2,14,0.41,6,4,2,0,2,0,Matches
288,Will Goodwin,eng ENG,"FW,MF",Oxford United,22,2002,0.3,1,3.91,1,0,0,0,0,0,0,0.00,0,0,0,0,0,0,Matches
289,Kaide Gordon,eng ENG,"FW,MF",Norwich City,19,2004,2.0,5,2.47,4,0,0,0,0,1,1,0.49,0,0,0,0,0,1,Matches
290,Kaide Gordon,eng ENG,"FW,MF",Portsmouth,19,2004,1.7,2,1.17,2,0,0,0,0,0,1,0.58,1,0,0,0,0,0,Matches
291,Kenzo Goudmijn,nl NED,MF,Derby County,22,2001,25.8,72,2.79,41,15,6,6,3,1,3,0.12,2,1,0,0,0,0,Matches
292,Dimitris Goutas,gr GRE,DF,Cardiff City,30,1994,32.4,17,0.52,12,0,0,5,0,0,2,0.06,1,0,0,1,0,0,Matches
293,Karlan Grant,eng ENG,"FW,MF",West Brom,26,1997,32.6,93,2.86,67,5,8,8,4,1,6,0.18,3,0,3,0,0,0,Matches
294,Andre Gray,jm JAM,FW,Plymouth Argyle,33,1991,6.1,10,1.63,7,1,0,0,2,0,1,0.16,1,0,0,0,0,0,Matches
295,Harry Gray,eng ENG,MF,Leeds United,15,2008,0.1,0,0.00,0,0,0,0,0,0,0,0.00,0,0,0,0,0,0,Matches
296,Sam Greenwood,eng ENG,"FW,MF",Preston,22,2002,27.0,94,3.49,51,23,6,7,6,1,4,0.15,3,0,0,0,1,0,Matches
297,Joshua Griffiths,eng ENG,GK,West Brom,22,2001,6.0,1,0.17,1,0,0,0,0,0,1,0.17,1,0,0,0,0,0,Matches
298,Matt Grimes,eng ENG,MF,Coventry City,29,1995,15.2,44,2.90,28,14,0,2,0,0,2,0.13,1,1,0,0,0,0,Matches
299,Matt Grimes,eng ENG,MF,Swansea City,29,1995,29.0,80,2.76,53,19,3,4,1,0,8,0.28,6,2,0,0,0,0,Matches
300,Daniel Grimshaw,eng ENG,GK,Plymouth Argyle,26,1998,21.0,6,0.29,4,2,0,0,0,0,0,0.00,0,0,0,0,0,0,Matches
301,Ilia Gruev,bg BUL,MF,Leeds United,24,2000,18.9,60,3.18,39,18,0,1,0,2,2,0.11,2,0,0,0,0,0,Matches
302,Makhtar Gueye,sn SEN,FW,Blackburn,26,1997,24.4,46,1.89,34,0,4,6,1,1,10,0.41,7,0,1,2,0,0,Matches
303,Josuha Guilavogui,fr FRA,"MF,DF",Leeds United,33,1990,0.7,8,11.08,6,0,0,1,0,1,1,1.38,1,0,0,0,0,0,Matches
304,Angus Gunn,sct SCO,GK,Norwich City,28,1996,34.5,3,0.09,2,1,0,0,0,0,1,0.03,1,0,0,0,0,0,Matches
305,Darko Gyabi,eng ENG,MF,Plymouth Argyle,20,2004,31.6,63,2.00,42,0,7,3,8,3,4,0.13,3,0,0,1,0,0,Matches
306,Hayden Hackney,eng ENG,MF,Middlesbrough,22,2002,42.1,165,3.92,145,2,4,9,3,2,15,0.36,12,0,1,2,0,0,Matches
307,Rami Al Hajj,se SWE,MF,Plymouth Argyle,22,2001,15.3,41,2.68,30,1,4,5,1,0,0,0.00,0,0,0,0,0,0,Matches
308,Ali Al Hamadi,iq IRQ,FW,Stoke City,22,2002,9.2,17,1.85,9,0,6,0,2,0,1,0.11,0,0,0,0,1,0,Matches
309,Gustavo Hamer,nl NED,"FW,MF",Sheffield Utd,27,1997,34.7,155,4.46,106,21,11,9,4,4,19,0.55,16,1,0,0,2,0,Matches
310,Micah Hamilton,eng ENG,FW,Middlesbrough,20,2003,3.5,7,2.00,7,0,0,0,0,0,0,0.00,0,0,0,0,0,0,Matches
311,Grant Hanley,sct SCO,DF,Norwich City,32,1991,0.9,0,0.00,0,0,0,0,0,0,0,0.00,0,0,0,0,0,0,Matches
312,Ryan Hardie,sct SCO,"FW,MF",Plymouth Argyle,27,1997,25.2,40,1.59,23,0,2,11,3,1,8,0.32,3,0,0,3,2,0,Matches
313,Wes Harding,jm JAM,DF,Millwall,27,1996,2.1,0,0.00,0,0,0,0,0,0,0,0.00,0,0,0,0,0,0,Matches
314,Marcus Harness,eng ENG,"MF,FW",Derby County,28,1996,26.2,55,2.10,27,14,3,7,3,1,7,0.27,2,2,0,2,1,0,Matches
315,Mark Harris,wls WAL,FW,Oxford United,25,1998,32.1,35,1.09,29,1,1,3,1,0,4,0.12,3,0,0,0,1,0,Matches
316,Daiki Hashioka,jp JPN,DF,Luton Town,25,1999,13.4,7,0.52,5,0,0,1,1,0,0,0.00,0,0,0,0,0,0,Matches
317,Joseph Hatch,wls WAL,MF,Plymouth Argyle,17,2006,0.0,0,0.00,0,0,0,0,0,0,0,0.00,0,0,0,0,0,0,Matches
318,Ryo Hatsuse,jp JPN,"DF,MF",Sheffield Weds,27,1997,3.9,3,0.78,2,1,0,0,0,0,0,0.00,0,0,0,0,0,0,Matches
319,Isaac Hayden,jm JAM,MF,Portsmouth,29,1995,10.4,9,0.86,6,0,0,2,1,0,4,0.38,2,0,0,1,1,0,Matches
320,Conor Hazard,nir NIR,GK,Plymouth Argyle,26,1998,25.0,6,0.24,3,3,0,0,0,0,1,0.04,1,0,0,0,0,0,Matches
321,Ryan Hedges,wls WAL,FW,Blackburn,29,1995,28.5,61,2.14,53,0,2,4,1,1,8,0.28,7,0,1,0,0,0,Matches
322,Torbjørn Heggem,no NOR,DF,West Brom,25,1999,44.6,33,0.74,26,1,0,5,1,0,2,0.04,2,0,0,0,0,0,Matches
323,Michał Helik,pl POL,DF,Oxford United,28,1995,20.0,19,0.95,14,0,0,4,1,0,2,0.10,2,0,0,0,0,0,Matches
324,Onel Hernández,cu CUB,"FW,MF",Norwich City,31,1993,7.1,22,3.10,14,0,6,1,1,0,4,0.56,3,0,1,0,0,0,Matches
325,Brad Hills,eng ENG,DF,Norwich City,20,2004,0.2,0,0.00,0,0,0,0,0,0,0,0.00,0,0,0,0,0,0,Matches
326,Yu Hirakawa,jp JPN,"FW,MF",Bristol City,23,2001,18.4,61,3.32,44,2,7,3,4,1,6,0.33,4,1,1,0,0,0,Matches
327,Václav Hladký,cz CZE,GK,Burnley,33,1990,1.0,0,0.00,0,0,0,0,0,0,0,0.00,0,0,0,0,0,0,Matches
328,Rob Holding,eng ENG,DF,Sheffield Utd,28,1995,4.7,6,1.29,4,0,0,1,1,0,2,0.43,1,0,0,1,0,0,Matches
329,Mason Holgate,jm JAM,DF,West Brom,27,1996,22.0,24,1.09,19,4,0,1,0,0,1,0.05,1,0,0,0,0,0,Matches
330,Duane Holmes,us USA,"MF,FW",Preston,29,1994,9.3,29,3.13,20,1,4,1,2,1,1,0.11,1,0,0,0,0,0,Matches
331,Tom Holmes,eng ENG,DF,Luton Town,24,2000,14.6,14,0.96,10,0,0,4,0,0,1,0.07,0,0,0,1,0,0,Matches
332,George Honeyman,eng ENG,"MF,FW",Millwall,29,1994,26.9,90,3.34,48,24,1,4,10,3,7,0.26,5,1,0,1,0,0,Matches
333,Ethan Horvath,us USA,GK,Cardiff City,29,1995,17.0,1,0.06,0,1,0,0,0,0,0,0.00,0,0,0,0,0,0,Matches
334,Jordan Houghton,eng ENG,MF,Plymouth Argyle,28,1995,17.0,16,0.94,12,0,0,2,1,1,1,0.06,1,0,0,0,0,0,Matches
335,Andreas Hountondji,bj BEN,"FW,MF",Burnley,22,2002,2.3,2,0.86,1,0,1,0,0,0,0,0.00,0,0,0,0,0,0,Matches
336,Jonny Howson,eng ENG,"DF,MF",Middlesbrough,36,1988,15.5,27,1.74,23,3,0,0,0,1,0,0.00,0,0,0,0,0,0,Matches
337,Andrew Hughes,wls WAL,DF,Preston,32,1992,36.0,43,1.20,37,3,0,0,1,2,5,0.14,4,1,0,0,0,0,Matches
338,Charlie Hughes,eng ENG,DF,Hull City,20,2003,26.1,30,1.15,23,2,3,2,0,0,2,0.08,2,0,0,0,0,0,Matches
339,Trai Hume,nir NIR,DF,Sunderland,22,2002,42.3,102,2.41,88,10,2,1,0,1,11,0.26,9,1,0,0,0,1,Matches
340,Bashir Humphreys,eng ENG,DF,Burnley,21,2003,19.7,25,1.27,23,0,0,0,1,1,3,0.15,3,0,0,0,0,0,Matches
341,Shaun Hutchinson,eng ENG,DF,Millwall,33,1990,4.4,2,0.45,2,0,0,0,0,0,1,0.23,1,0,0,0,0,0,Matches
342,Dominic Hyam,sct SCO,DF,Blackburn,28,1995,46.0,29,0.63,23,0,0,3,2,1,3,0.07,2,0,0,0,1,0,Matches
343,Adam Idah,ie IRL,FW,Norwich City,23,2001,0.3,1,3.00,1,0,0,0,0,0,0,0.00,0,0,0,0,0,0,Matches
344,Kelechi Iheanacho,ng NGA,"FW,MF",Middlesbrough,27,1996,8.5,33,3.89,27,0,1,5,0,0,5,0.59,3,0,0,2,0,0,Matches
345,Michael Ihiekwe,eng ENG,DF,Sheffield Weds,31,1992,20.2,14,0.69,12,0,0,2,0,0,1,0.05,1,0,0,0,0,0,Matches
346,Samuel Iling-Junior,eng ENG,"DF,FW",Middlesbrough,20,2003,11.7,38,3.24,25,8,3,1,1,0,1,0.09,1,0,0,0,0,0,Matches
347,Tom Ince,eng ENG,"MF,FW",Watford,32,1992,14.3,27,1.89,17,6,1,1,2,0,1,0.07,1,0,0,0,0,0,Matches
348,Svante Ingelsson,se SWE,"MF,FW",Sheffield Weds,26,1998,18.8,49,2.61,30,11,1,3,2,2,10,0.53,6,0,1,1,1,1,Matches
349,Matt Ingram,eng ENG,GK,Oxford United,30,1993,1.0,0,0.00,0,0,0,0,0,0,0,0.00,0,0,0,0,0,0,Matches
350,Dominic Iorfa,eng ENG,DF,Sheffield Weds,29,1995,15.9,8,0.50,6,0,0,0,1,1,1,0.06,0,0,0,0,0,1,Matches
351,Wilson Isidor,fr FRA,FW,Sunderland,23,2000,34.6,57,1.65,39,0,5,6,7,0,9,0.26,3,0,4,2,0,0,Matches
352,Frederick Issaka,wls WAL,"FW,MF",Plymouth Argyle,18,2006,6.6,6,0.91,6,0,0,0,0,0,1,0.15,1,0,0,0,0,0,Matches
353,Mihailo Ivanović,rs SRB,"FW,MF",Millwall,19,2004,24.2,36,1.49,24,0,3,5,3,1,3,0.12,1,0,2,0,0,0,Matches
354,Kayden Jackson,eng ENG,"FW,DF",Derby County,30,1994,28.6,42,1.47,28,2,1,4,5,2,5,0.17,3,0,1,0,0,1,Matches
355,Matty Jacob,eng ENG,DF,Hull City,23,2001,5.0,8,1.61,5,3,0,0,0,0,0,0.00,0,0,0,0,0,0,Matches
356,Daniel James,wls WAL,FW,Leeds United,26,1997,29.0,95,3.28,68,2,5,10,7,3,15,0.52,12,0,1,0,2,0,Matches
357,William Jarvis,eng ENG,"MF,FW",Hull City,21,2002,1.8,7,3.91,3,0,3,0,1,0,0,0.00,0,0,0,0,0,0,Matches
358,Daniel Jebbison,ca CAN,FW,Watford,20,2003,4.3,9,2.10,6,0,1,0,2,0,0,0.00,0,0,0,0,0,0,Matches
359,Lukas Jensen,dk DEN,GK,Millwall,25,1999,41.0,8,0.20,6,2,0,0,0,0,1,0.02,1,0,0,0,0,0,Matches
360,Eom Jisung,kr KOR,"FW,MF",Swansea City,22,2002,25.4,77,3.03,37,19,5,8,7,1,5,0.20,1,2,0,1,1,0,Matches
361,Viktor Johansson,se SWE,GK,Stoke City,25,1998,46.0,8,0.17,4,3,0,0,1,0,0,0.00,0,0,0,0,0,0,Matches
362,Daniel Johnson,jm JAM,FW,Stoke City,31,1992,0.1,0,0.00,0,0,0,0,0,0,0,0.00,0,0,0,0,0,0,Matches
363,Joseph Johnson,eng ENG,DF,Luton Town,18,2006,5.2,7,1.34,6,0,0,0,0,1,0,0.00,0,0,0,0,0,0,Matches
364,Marvin Johnson,eng ENG,"DF,MF",Sheffield Weds,33,1990,31.1,84,2.71,68,10,0,1,4,1,8,0.26,6,2,0,0,0,0,Matches
365,Michael Johnston,ie IRL,"FW,MF",West Brom,25,1999,23.0,114,4.95,71,13,17,8,4,1,12,0.52,4,3,0,5,0,0,Matches
366,Alfie Jones,ca CAN,DF,Hull City,26,1997,37.7,30,0.80,28,1,0,0,0,1,1,0.03,1,0,0,0,0,0,Matches
367,Harrison Jones,eng ENG,MF,Sunderland,19,2004,1.5,6,4.09,6,0,0,0,0,0,0,0.00,0,0,0,0,0,0,Matches
368,Isaiah Jones,gy GUY,FW,Middlesbrough,25,1999,8.8,30,3.39,20,0,2,4,2,2,2,0.23,0,0,0,0,2,0,Matches
369,Isaiah Jones,gy GUY,"DF,MF",Luton Town,25,1999,14.6,27,1.86,20,1,2,1,2,1,0,0.00,0,0,0,0,0,0,Matches
370,Kyle Joseph,sct SCO,FW,Hull City,22,2001,11.2,18,1.61,12,0,2,3,1,0,2,0.18,1,0,0,0,1,0,Matches
371,Mateo Joseph,es ESP,FW,Leeds United,20,2003,14.3,33,2.31,24,0,3,4,2,0,5,0.35,3,0,0,1,1,0,Matches
372,Mads Juel Andersen,dk DEN,DF,Luton Town,26,1997,4.6,5,1.10,3,0,0,1,1,0,0,0.00,0,0,0,0,0,0,Matches
373,Bae Junho,kr KOR,"FW,MF",Stoke City,20,2003,36.2,108,2.98,70,14,9,5,8,2,10,0.28,4,3,0,0,3,0,Matches
374,Matěj Jurásek,cz CZE,"FW,MF",Norwich City,20,2003,0.9,1,1.08,1,0,0,0,0,0,0,0.00,0,0,0,0,0,0,Matches
375,Abdoulaye Kamara,gn GUI,"MF,FW",Portsmouth,19,2004,1.4,4,2.93,3,1,0,0,0,0,0,0.00,0,0,0,0,0,0,Matches
376,Abu Kamara,eng ENG,FW,Norwich City,21,2003,0.2,1,5.29,1,0,0,0,0,0,0,0.00,0,0,0,0,0,0,Matches
377,Abu Kamara,eng ENG,"FW,MF",Hull City,21,2003,25.1,73,2.91,62,0,3,3,3,2,5,0.20,4,0,0,0,1,0,Matches
378,Thomas Kaminski,be BEL,GK,Luton Town,31,1992,44.3,19,0.43,11,8,0,0,0,0,1,0.02,1,0,0,0,0,0,Matches
379,Wilfried Kanga,ci CIV,FW,Cardiff City,26,1998,5.1,7,1.38,5,0,0,2,0,0,1,0.20,0,0,0,1,0,0,Matches
380,Augustus Kargbo,sl SLE,FW,Blackburn,24,1999,2.1,8,3.87,5,0,1,1,1,0,1,0.48,1,0,0,0,0,0,Matches
381,Nikola Katić,ba BIH,DF,Plymouth Argyle,27,1996,13.6,4,0.29,2,0,0,1,0,1,1,0.07,0,0,0,1,0,0,Matches
382,Edo Kayembe,cd COD,"MF,FW",Watford,26,1998,35.5,77,2.17,68,0,2,4,2,1,5,0.14,5,0,0,0,0,0,Matches
383,Will Keane,ie IRL,"FW,MF",Preston,31,1993,12.5,13,1.04,12,0,0,0,1,0,1,0.08,1,0,0,0,0,0,Matches
384,Kévin Keben Biakolo,cm CMR,DF,Watford,20,2004,2.8,1,0.35,1,0,0,0,0,0,0,0.00,0,0,0,0,0,0,Matches
385,Daniel Kelly,sct SCO,MF,Millwall,18,2005,0.2,0,0.00,0,0,0,0,0,0,0,0.00,0,0,0,0,0,0,Matches
386,Kaine Kesler-Hayden,eng ENG,"DF,FW",Preston,21,2002,40.8,75,1.84,52,2,6,6,9,0,8,0.20,6,0,0,2,0,0,Matches
387,Josh Key,eng ENG,DF,Swansea City,24,1999,38.5,77,2.00,65,2,8,1,1,0,6,0.16,6,0,0,0,0,0,Matches
388,Ben Killip,eng ENG,GK,Portsmouth,28,1995,2.0,1,0.50,1,0,0,0,0,0,0,0.00,0,0,0,0,0,0,Matches
389,Peter Kioso,cd COD,DF,Oxford United,25,1998,25.6,21,0.82,17,2,0,0,2,0,1,0.04,1,0,0,0,0,0,Matches
390,Liam Kitching,eng ENG,DF,Coventry City,24,1999,25.4,33,1.30,28,0,1,3,0,1,1,0.04,1,0,0,0,0,0,Matches
391,Jason Knight,ie IRL,MF,Bristol City,23,2001,46.0,144,3.13,121,2,4,10,4,3,9,0.20,7,0,0,0,0,2,Matches
392,Olaf Kobacki,pl POL,"FW,MF",Sheffield Weds,23,2001,4.1,8,1.95,7,0,0,0,0,1,0,0.00,0,0,0,0,0,0,Matches
393,Luca Koleosho,it ITA,"FW,MF",Burnley,19,2004,18.6,56,3.01,45,0,7,4,0,0,1,0.05,1,0,0,0,0,0,Matches
394,Rayan Kolli,dz ALG,FW,QPR,19,2005,9.1,19,2.08,14,1,2,0,1,1,3,0.33,2,0,0,0,0,1,Matches
395,Lewis Koumas,wls WAL,"FW,MF",Stoke City,18,2005,27.1,50,1.84,27,0,7,9,5,2,4,0.15,3,0,0,1,0,0,Matches
396,Ronan Kpakio,wls WAL,DF,Cardiff City,17,2007,1.2,1,0.83,1,0,0,0,0,0,1,0.83,1,0,0,0,0,0,Matches
397,Tom Krauß,de GER,MF,Luton Town,23,2001,17.8,37,2.08,29,0,2,3,0,3,5,0.28,3,0,0,1,0,1,Matches
398,Paddy Lane,nir NIR,"MF,FW",Portsmouth,23,2001,11.9,25,2.10,13,7,0,3,1,1,2,0.17,2,0,0,0,0,0,Matches
399,Callum Lang,eng ENG,"MF,FW",Portsmouth,25,1998,27.1,62,2.29,27,0,5,13,14,3,9,0.33,2,0,1,1,4,1,Matches
400,Sondre Langås,no NOR,DF,Derby County,23,2001,12.4,7,0.56,5,0,0,1,0,1,1,0.08,0,0,0,1,0,0,Matches
401,Macaulay Langstaff,eng ENG,FW,Millwall,27,1997,15.4,13,0.84,11,0,0,1,1,0,2,0.13,2,0,0,0,0,0,Matches
402,Will Lankshear,eng ENG,FW,West Brom,19,2005,3.9,2,0.51,1,0,0,0,1,0,0,0.00,0,0,0,0,0,0,Matches
403,Yasser Larouci,dz ALG,"DF,MF",Watford,23,2001,23.7,68,2.87,57,1,4,4,1,1,6,0.25,4,0,0,1,0,1,Matches
404,Joël Latibeaudière,jm JAM,DF,Coventry City,24,2000,28.6,29,1.01,27,0,0,1,1,0,3,0.10,3,0,0,0,0,0,Matches
405,Emmanuel Latte Lath,ci CIV,FW,Middlesbrough,25,1999,19.6,53,2.70,34,1,10,2,6,0,7,0.36,4,0,3,0,0,0,Matches
406,Josh Laurent,eng ENG,MF,Stoke City,29,1995,3.0,8,2.67,8,0,0,0,0,0,1,0.33,1,0,0,0,0,0,Matches
407,Josh Laurent,eng ENG,MF,Burnley,29,1995,27.2,41,1.51,35,0,3,2,1,0,2,0.07,2,0,0,0,0,0,Matches
408,Mohammed Lawal,ie IRL,"DF,MF",Stoke City,21,2003,2.3,2,0.87,2,0,0,0,0,0,0,0.00,0,0,0,0,0,0,Matches
409,Dylan Lawlor,wls WAL,DF,Cardiff City,18,2006,0.6,1,1.55,0,1,0,0,0,0,0,0.00,0,0,0,0,0,0,Matches
410,Enzo Le Fée,fr FRA,"FW,MF",Sunderland,24,2000,11.1,42,3.78,30,4,3,1,3,1,3,0.27,1,2,0,0,0,0,Matches
411,Tom Leahy,eng ENG,FW,Millwall,20,2004,0.0,0,0.00,0,0,0,0,0,0,0,0.00,0,0,0,0,0,0,Matches
412,Ryan Ledson,eng ENG,MF,Preston,26,1997,13.5,25,1.86,23,0,0,1,1,0,1,0.07,1,0,0,0,0,0,Matches
413,Greg Leigh,jm JAM,DF,Oxford United,29,1994,26.0,38,1.47,30,1,1,3,2,1,5,0.19,4,0,0,1,0,0,Matches
414,Harry Leonard,eng ENG,"FW,MF",Blackburn,20,2003,1.7,6,3.65,5,0,0,1,0,0,0,0.00,0,0,0,0,0,0,Matches
415,Ryan Leonard,eng ENG,DF,Millwall,32,1992,29.2,73,2.50,45,18,2,0,7,1,7,0.24,5,1,0,0,1,0,Matches
416,Lincoln,br BRA,"FW,MF",Hull City,25,1998,4.7,10,2.14,7,3,0,0,0,0,1,0.21,0,1,0,0,0,0,Matches
417,Liam Lindsay,sct SCO,DF,Preston,28,1995,29.0,23,0.79,19,0,0,2,2,0,1,0.03,1,0,0,0,0,0,Matches
418,Alfie Lloyd,eng ENG,"FW,MF",QPR,21,2003,8.3,17,2.05,14,0,1,2,0,0,0,0.00,0,0,0,0,0,0,Matches
419,Ben Lloyd,wls WAL,"MF,FW",Swansea City,19,2005,0.1,0,0.00,0,0,0,0,0,0,0,0.00,0,0,0,0,0,0,Matches
420,George Long,eng ENG,GK,Norwich City,30,1993,8.5,0,0.00,0,0,0,0,0,0,0,0.00,0,0,0,0,0,0,Matches
421,Sam Long,eng ENG,DF,Oxford United,29,1995,18.4,20,1.08,16,0,0,3,0,1,2,0.11,1,0,0,1,0,0,Matches
422,Ryan Longman,eng ENG,"FW,MF",Hull City,23,2000,5.3,17,3.21,11,1,2,3,0,0,1,0.19,0,0,0,1,0,0,Matches
423,Imran Louza,ma MAR,MF,Watford,25,1999,29.7,89,2.99,59,26,2,1,0,1,7,0.24,4,3,0,0,0,0,Matches
424,Jamal Lowe,jm JAM,"FW,MF",Sheffield Weds,30,1994,10.7,21,1.97,13,0,2,4,0,2,4,0.37,4,0,0,0,0,0,Matches
425,Max Lowe,eng ENG,DF,Sheffield Weds,27,1997,29.8,23,0.77,20,0,0,0,1,2,1,0.03,1,0,0,0,0,0,Matches
426,Nathan Lowe,eng ENG,"FW,MF",Stoke City,18,2005,5.2,7,1.34,3,2,1,0,1,0,1,0.19,1,0,0,0,0,0,Matches
427,Lucas,br BRA,DF,Burnley,23,2001,31.0,62,2.00,37,20,1,4,0,0,4,0.13,2,1,0,1,0,0,Matches
428,Nicolas Madsen,dk DEN,"MF,FW",QPR,24,2000,19.5,65,3.34,47,13,1,2,2,0,6,0.31,5,1,0,0,0,0,Matches
429,Lucien Mahovo,eng ENG,DF,Norwich City,19,2005,5.8,13,2.23,10,0,0,3,0,0,1,0.17,0,0,0,1,0,0,Matches
430,Josh Maja,ng NGA,FW,West Brom,25,1998,22.8,50,2.18,37,0,3,5,4,1,6,0.26,6,0,0,0,0,0,Matches
431,Christ Makosso,cg CGO,DF,Luton Town,20,2004,10.6,15,1.41,4,7,0,2,1,1,1,0.09,1,0,0,0,0,0,Matches
432,Million Manhoef,nl NED,"FW,MF",Stoke City,22,2002,26.9,106,3.94,58,17,9,13,4,5,11,0.41,4,2,1,3,1,0,Matches
433,Sivert Mannsverk,no NOR,MF,Cardiff City,22,2002,11.2,27,2.42,24,0,1,1,0,1,2,0.18,2,0,0,0,0,0,Matches
434,Benson Manuel,ao ANG,"MF,FW",Burnley,27,1997,0.5,4,8.00,2,0,0,0,2,0,0,0.00,0,0,0,0,0,0,Matches
435,Emiliano Marcondes,dk DEN,"MF,FW",Norwich City,29,1995,25.3,74,2.92,48,19,2,4,0,1,8,0.32,7,1,0,0,0,0,Matches
436,Ephron Mason-Clark,eng ENG,"FW,MF",Coventry City,24,1999,18.1,57,3.15,41,1,5,5,3,2,10,0.55,7,1,1,1,0,0,Matches
437,Han-Noah Massengo,fr FRA,MF,Burnley,23,2001,1.1,1,0.93,1,0,0,0,0,0,1,0.93,1,0,0,0,0,0,Matches
438,Zavier Massiah,eng ENG,FW,Watford,17,2007,0.6,2,3.10,2,0,0,0,0,0,0,0.00,0,0,0,0,0,0,Matches
439,Eliot Matazo,be BEL,MF,Hull City,22,2002,3.3,14,4.20,10,4,0,0,0,0,0,0.00,0,0,0,0,0,0,Matches
440,Alex Matos,eng ENG,MF,Oxford United,19,2004,10.4,12,1.16,8,0,2,0,1,1,0,0.00,0,0,0,0,0,0,Matches
441,Hayden Matthews,au AUS,DF,Portsmouth,20,2004,3.5,2,0.57,2,0,0,0,0,0,0,0.00,0,0,0,0,0,0,Matches
442,Eliezer Mayenda,es ESP,"FW,MF",Sunderland,19,2005,23.9,64,2.67,39,0,13,8,3,1,8,0.33,4,0,2,1,1,0,Matches
443,Fally Mayulu,fr FRA,FW,Bristol City,22,2002,4.5,6,1.34,5,0,0,1,0,0,1,0.22,1,0,0,0,0,0,Matches
444,Sam McCallum,eng ENG,"DF,MF",Sheffield Utd,23,2000,11.7,20,1.71,18,0,0,0,2,0,1,0.09,0,0,0,0,1,0,Matches
445,Alistair McCann,nir NIR,MF,Preston,24,1999,26.9,39,1.45,29,1,0,2,1,6,2,0.07,2,0,0,0,0,0,Matches
446,Ruairi Mcconville,nir NIR,DF,Norwich City,19,2005,2.3,5,2.20,5,0,0,0,0,0,0,0.00,0,0,0,0,0,0,Matches
447,George McCormick,eng ENG,FW,Middlesbrough,19,2005,0.0,0,0.00,0,0,0,0,0,0,0,0.00,0,0,0,0,0,0,Matches
448,Ross McCrorie,sct SCO,"DF,MF",Bristol City,26,1998,16.4,33,2.01,26,1,3,1,1,1,3,0.18,3,0,0,0,0,0,Matches
449,Josh McEachran,eng ENG,MF,Oxford United,31,1993,5.6,13,2.30,4,5,1,0,1,2,2,0.35,1,0,0,0,1,0,Matches
450,Kyle McFadzean,sct SCO,FW,Blackburn,37,1987,0.0,0,0.00,0,0,0,0,0,0,0,0.00,0,0,0,0,0,0,Matches
451,Riley McGree,au AUS,FW,Middlesbrough,25,1998,10.5,37,3.53,23,5,1,3,4,1,6,0.57,3,0,1,2,0,0,Matches
452,Marcus McGuane,eng ENG,MF,Bristol City,25,1999,11.8,11,0.93,9,0,0,1,1,0,0,0.00,0,0,0,0,0,0,Matches
453,Mark McGuinness,ie IRL,DF,Luton Town,23,2001,41.7,35,0.84,21,2,1,8,1,2,5,0.12,2,0,1,1,1,0,Matches
454,Tom McIntyre,sct SCO,DF,Portsmouth,25,1998,11.3,4,0.35,4,0,0,0,0,0,1,0.09,1,0,0,0,0,0,Matches
455,Kenny McLean,sct SCO,"MF,DF",Norwich City,32,1992,33.3,81,2.43,62,11,0,4,3,1,12,0.36,11,0,0,1,0,0,Matches
456,Sean McLoughlin,ie IRL,DF,Hull City,27,1996,35.7,53,1.48,38,5,1,7,1,1,6,0.17,3,0,0,3,0,0,Matches
457,Paddy McNair,nir NIR,DF,West Brom,29,1995,1.0,0,0.00,0,0,0,0,0,0,0,0.00,0,0,0,0,0,0,Matches
458,Luke McNally,ie IRL,DF,Bristol City,24,1999,25.8,18,0.70,12,0,1,3,1,1,2,0.08,1,0,0,1,0,0,Matches
459,Luke McNally,ie IRL,"DF,MF",Burnley,24,1999,0.0,0,0.00,0,0,0,0,0,0,0,0.00,0,0,0,0,0,0,Matches
460,Dan McNamara,ie IRL,DF,Millwall,25,1998,7.6,6,0.79,4,0,0,1,1,0,0,0.00,0,0,0,0,0,0,Matches
461,Charlie McNeill,eng ENG,"MF,FW",Sheffield Weds,20,2003,0.6,0,0.00,0,0,0,0,0,0,0,0.00,0,0,0,0,0,0,Matches
462,Jayden Meghoma,eng ENG,"DF,FW",Preston,18,2006,8.5,9,1.06,7,1,0,0,0,1,3,0.35,2,0,0,0,0,1,Matches
463,Marvin Mehlem,de GER,MF,Hull City,26,1997,10.0,29,2.89,21,4,0,2,2,0,4,0.40,2,0,0,1,1,0,Matches
464,Anis Mehmeti,al ALB,"FW,MF",Bristol City,23,2001,28.4,84,2.95,63,3,7,4,5,2,3,0.11,2,0,0,1,0,0,Matches
465,Yakou Méïte,ci CIV,FW,Cardiff City,28,1996,13.3,28,2.10,10,0,6,6,5,1,0,0.00,0,0,0,0,0,0,Matches
466,Hannibal Mejbri,tn TUN,"MF,FW",Burnley,21,2003,21.4,66,3.09,47,4,4,2,6,3,9,0.42,7,1,0,0,1,0,Matches
467,Nathaniel Mendez-Laing,gt GUA,"FW,MF",Derby County,32,1992,23.3,95,4.07,49,29,5,7,4,1,10,0.43,4,4,1,0,1,0,Matches
468,Teden Mengi,eng ENG,DF,Luton Town,22,2002,17.4,14,0.80,10,0,0,3,1,0,1,0.06,0,0,0,1,0,0,Matches
469,Chris Mepham,wls WAL,DF,Sunderland,26,1997,36.4,35,0.96,32,1,0,2,0,0,3,0.08,3,0,0,0,0,0,Matches
470,Illan Meslier,fr FRA,GK,Leeds United,24,2000,39.0,8,0.21,7,1,0,0,0,0,0,0.00,0,0,0,0,0,0,Matches
471,Liam Millar,ca CAN,"MF,FW",Hull City,24,1999,6.9,27,3.92,19,0,6,2,0,0,6,0.87,4,0,1,1,0,0,Matches
472,Stanley Mills,eng ENG,"FW,MF",Oxford United,20,2003,3.9,11,2.78,8,0,1,0,2,0,1,0.25,0,0,0,0,1,0,Matches
473,Yang Minhyeok,kr KOR,"FW,MF",QPR,18,2006,7.7,18,2.34,12,0,1,1,1,3,3,0.39,2,0,1,0,0,0,Matches
474,Billy Mitchell,eng ENG,MF,Millwall,24,2000,9.9,17,1.72,15,0,0,0,0,2,1,0.10,1,0,0,0,0,0,Matches
475,Idris El Mizouni,tn TUN,MF,Oxford United,23,2000,13.8,32,2.32,28,0,0,4,0,0,4,0.29,4,0,0,0,0,0,Matches
476,Ryan Mmaee,ma MAR,FW,Stoke City,26,1997,1.2,0,0.00,0,0,0,0,0,0,0,0.00,0,0,0,0,0,0,Matches
477,Jayson Molumby,ie IRL,MF,West Brom,24,1999,30.0,72,2.40,59,1,0,3,7,2,6,0.20,4,0,0,0,1,1,Matches
478,Kristi Montgomery,sct SCO,DF,Blackburn,20,2004,1.5,1,0.66,1,0,0,0,0,0,0,0.00,0,0,0,0,0,0,Matches
479,Elliott Moore,eng ENG,DF,Oxford United,27,1997,22.9,5,0.22,5,0,0,0,0,0,2,0.09,2,0,0,0,0,0,Matches
480,Kieffer Moore,wls WAL,FW,Sheffield Utd,31,1992,19.6,38,1.94,22,0,2,11,3,0,4,0.20,3,0,0,1,0,0,Matches
481,Simon Moore,eng ENG,GK,Sunderland,34,1990,4.0,0,0.00,0,0,0,0,0,0,0,0.00,0,0,0,0,0,0,Matches
482,Andrew Moran,ie IRL,"MF,FW",Stoke City,20,2003,26.2,76,2.90,60,0,2,2,8,4,4,0.15,3,0,0,0,0,1,Matches
483,Kieran Morgan,eng ENG,MF,QPR,18,2006,17.6,30,1.70,23,0,1,3,0,3,3,0.17,2,0,0,1,0,0,Matches
484,Aidan Morris,us USA,MF,Middlesbrough,22,2001,32.4,80,2.47,71,1,3,1,1,3,5,0.15,4,0,0,0,0,1,Matches
485,Carlton Morris,eng ENG,FW,Luton Town,28,1995,34.7,72,2.08,50,0,5,11,6,0,4,0.12,3,0,0,1,0,0,Matches
486,James Morris,eng ENG,DF,Watford,22,2001,12.1,12,0.99,12,0,0,0,0,0,1,0.08,1,0,0,0,0,0,Matches
487,Elijah Morrison,eng ENG,DF,Bristol City,18,2006,0.4,0,0.00,0,0,0,0,0,0,0,0.00,0,0,0,0,0,0,Matches
488,Liam Morrison,sct SCO,DF,QPR,21,2003,14.5,6,0.42,5,1,0,0,0,0,0,0.00,0,0,0,0,0,0,Matches
489,Victor Moses,ng NGA,"DF,MF",Luton Town,33,1990,12.6,23,1.82,17,0,2,1,2,1,0,0.00,0,0,0,0,0,0,Matches
490,Alex Mowatt,eng ENG,MF,West Brom,29,1995,37.2,114,3.06,83,27,0,1,2,1,6,0.16,4,2,0,0,0,0,Matches
491,Owen Moxon,eng ENG,MF,Portsmouth,26,1998,3.1,7,2.30,5,1,0,0,1,0,0,0.00,0,0,0,0,0,0,Matches
492,Bali Mumba,eng ENG,"DF,MF",Plymouth Argyle,22,2001,37.7,58,1.54,45,1,1,6,4,1,6,0.16,5,0,1,0,0,0,Matches
493,Romaine Mundle,eng ENG,"FW,MF",Sunderland,21,2003,15.9,63,3.96,43,5,6,3,6,0,4,0.25,3,0,0,1,0,0,Matches
494,Josh Murphy,eng ENG,FW,Portsmouth,29,1995,38.1,124,3.26,67,13,12,16,10,6,24,0.63,12,3,4,3,0,2,Matches
495,Anthony Musaba,nl NED,"FW,MF",Sheffield Weds,23,2000,14.8,40,2.71,26,0,6,4,4,0,7,0.47,6,0,0,1,0,0,Matches
496,Elliot Myles,wls WAL,MF,Norwich City,17,2007,0.5,0,0.00,0,0,0,0,0,0,0,0.00,0,0,0,0,0,0,Matches
497,Amin Nabizada,eng ENG,MF,Watford,17,2007,0.2,0,0.00,0,0,0,0,0,0,0,0.00,0,0,0,0,0,0,Matches
498,Kal Naismith,sct SCO,DF,Bristol City,32,1992,3.2,4,1.26,3,0,0,0,1,0,0,0.00,0,0,0,0,0,0,Matches
499,Kal Naismith,sct SCO,"DF,MF",Luton Town,32,1992,5.1,11,2.14,4,2,2,2,0,1,2,0.39,0,0,1,1,0,0,Matches
500,Marvelous Nakamba,zw ZIM,MF,Luton Town,30,1994,14.4,10,0.69,10,0,0,0,0,0,1,0.07,1,0,0,0,0,0,Matches
501,Paul Nardi,fr FRA,GK,QPR,30,1994,45.0,4,0.09,4,0,0,0,0,0,0,0.00,0,0,0,0,0,0,Matches
502,Kyle Naughton,eng ENG,DF,Swansea City,35,1988,9.2,9,0.97,8,0,0,0,0,1,0,0.00,0,0,0,0,0,0,Matches
503,Camiel Neghli,nl NED,"FW,MF",Millwall,22,2001,2.1,9,4.20,7,1,0,0,1,0,1,0.47,1,0,0,0,0,0,Matches
504,Dan Neil,eng ENG,MF,Sunderland,22,2001,43.1,89,2.07,76,1,3,2,4,3,8,0.19,6,0,0,0,0,2,Matches
505,Benjamin Nelson,eng ENG,DF,Oxford United,20,2004,15.2,7,0.46,7,0,0,0,0,0,1,0.07,1,0,0,0,0,0,Matches
506,Curtis Nelson,eng ENG,DF,Derby County,31,1993,27.0,17,0.63,11,1,0,5,0,0,2,0.07,1,0,0,1,0,0,Matches
507,Zack Nelson,eng ENG,"MF,FW",Luton Town,19,2004,8.9,32,3.61,19,8,2,1,2,0,1,0.11,0,1,0,0,0,0,Matches
508,Perry Ng,eng ENG,DF,Cardiff City,28,1996,31.0,72,2.32,55,7,3,5,1,1,1,0.03,1,0,0,0,0,0,Matches
509,Jeremy Ngakia,,DF,Watford,23,2000,20.9,45,2.15,37,1,3,2,0,2,0,0.00,0,0,0,0,0,0,Matches
510,Kevin Nisbet,sct SCO,FW,Millwall,27,1997,0.1,0,0.00,0,0,0,0,0,0,0,0.00,0,0,0,0,0,0,Matches
511,Lasse Nordås,no NOR,"FW,MF",Luton Town,22,2002,2.8,7,2.47,5,0,0,2,0,0,2,0.71,2,0,0,0,0,0,Matches
512,Casper de Norre,be BEL,MF,Millwall,27,1997,40.1,62,1.55,56,1,2,1,0,2,6,0.15,6,0,0,0,0,0,Matches
513,Rhys Norrington-Davies,wls WAL,DF,Sheffield Utd,25,1999,2.8,4,1.43,3,1,0,0,0,0,0,0.00,0,0,0,0,0,0,Matches
514,Will Norris,eng ENG,GK,Portsmouth,30,1993,8.0,0,0.00,0,0,0,0,0,0,0,0.00,0,0,0,0,0,0,Matches
515,Marcelino Núñez,cl CHI,MF,Norwich City,24,2000,24.9,89,3.57,51,31,0,4,1,2,9,0.36,7,1,0,1,0,0,Matches
516,Tanatswa Nyakuhwa,wls WAL,DF,Cardiff City,18,2005,0.2,0,0.00,0,0,0,0,0,0,0,0.00,0,0,0,0,0,0,Matches
517,Ryan Nyambe,na NAM,DF,Derby County,26,1997,12.5,10,0.80,8,1,0,0,1,0,1,0.08,1,0,0,0,0,0,Matches
518,Lewis O'Brien,eng ENG,MF,Swansea City,25,1998,15.8,31,1.97,23,0,0,2,4,2,0,0.00,0,0,0,0,0,0,Matches
519,Gatlin O'Donkor,eng ENG,FW,Oxford United,19,2004,0.0,0,0.00,0,0,0,0,0,0,0,0.00,0,0,0,0,0,0,Matches
520,Callum O'Dowda,ie IRL,"DF,FW",Cardiff City,29,1995,39.4,95,2.41,70,9,4,3,8,1,9,0.23,7,0,1,0,0,1,Matches
521,Callum O'Hare,eng ENG,"MF,FW",Sheffield Utd,26,1998,34.9,98,2.81,76,1,5,6,7,3,11,0.32,9,0,0,0,1,1,Matches
522,Max O'Leary,ie IRL,GK,Bristol City,27,1996,46.0,6,0.13,5,1,0,0,0,0,0,0.00,0,0,0,0,0,0,Matches
523,Mark O'Mahony,ie IRL,FW,Portsmouth,19,2005,6.6,6,0.91,4,0,0,0,2,0,0,0.00,0,0,0,0,0,0,Matches
524,Luke O'Nien,eng ENG,DF,Sunderland,29,1994,43.7,51,1.17,43,2,0,3,2,1,1,0.02,1,0,0,0,0,0,Matches
525,Dara O'Shea,ie IRL,DF,Burnley,25,1999,2.0,5,2.50,3,0,0,1,0,1,1,0.50,1,0,0,0,0,0,Matches
526,Michael Obafemi,ie IRL,"FW,MF",Plymouth Argyle,24,2000,13.3,18,1.36,16,0,0,0,2,0,1,0.08,1,0,0,0,0,0,Matches
527,Wilson Odobert,fr FRA,MF,Burnley,19,2004,1.0,3,3.03,2,0,0,1,0,0,1,1.01,1,0,0,0,0,0,Matches
528,Chiedozie Ogbene,ie IRL,"DF,MF",Luton Town,27,1997,2.7,6,2.20,6,0,0,0,0,0,0,0.00,0,0,0,0,0,0,Matches
529,Nathanael Ogbeta,eng ENG,DF,Plymouth Argyle,23,2001,7.0,8,1.15,4,2,2,0,0,0,1,0.14,1,0,0,0,0,0,Matches
530,Angelo Ogbonna,it ITA,DF,Watford,36,1988,4.4,0,0.00,0,0,0,0,0,0,0,0.00,0,0,0,0,0,0,Matches
531,Connor Ogilvie,eng ENG,DF,Portsmouth,28,1996,44.8,72,1.61,54,6,1,3,5,3,3,0.07,2,1,0,0,0,0,Matches
532,Yuki Ohashi,jp JPN,"FW,MF",Blackburn,28,1996,24.7,35,1.42,21,0,2,4,6,2,5,0.20,5,0,0,0,0,0,Matches
533,Jeppe Okkels,dk DEN,"FW,MF",Preston,25,1999,1.4,1,0.72,1,0,0,0,0,0,0,0.00,0,0,0,0,0,0,Matches
534,Abdülkadir Ömür,tr TUR,"MF,FW",Hull City,25,1999,11.8,31,2.62,24,1,2,1,2,1,2,0.17,2,0,0,0,0,0,Matches
535,Ryan One,sct SCO,FW,Sheffield Utd,18,2006,3.2,8,2.46,3,0,1,3,1,0,0,0.00,0,0,0,0,0,0,Matches
536,Ben Osborn,eng ENG,"MF,DF",Derby County,29,1994,18.9,61,3.23,33,26,0,0,2,0,3,0.16,0,3,0,0,0,0,Matches
537,Milutin Osmajić,me MNE,FW,Preston,25,1999,21.3,22,1.03,17,0,1,2,2,0,5,0.23,4,0,1,0,0,0,Matches
538,Gabriel Otegbayo,,DF,Sheffield Weds,,,5.3,0,0.00,0,0,0,0,0,0,0,0.00,0,0,0,0,0,0,Matches
539,David Ozoh,eng ENG,MF,Derby County,19,2005,7.8,9,1.16,5,0,1,2,0,1,2,0.26,1,0,1,0,0,0,Matches
540,Kenneth Paal,sr SUR,DF,QPR,27,1997,32.0,76,2.37,46,22,2,3,3,0,9,0.28,4,4,0,0,1,0,Matches
541,Marlon Pack,eng ENG,"DF,MF",Portsmouth,33,1991,30.1,60,1.99,40,16,0,2,1,1,5,0.17,5,0,0,0,0,0,Matches
542,Alex Palmer,eng ENG,GK,West Brom,27,1996,30.0,2,0.07,1,1,0,0,0,0,0,0.00,0,0,0,0,0,0,Matches
543,Kasey Palmer,jm JAM,"MF,FW",Hull City,27,1996,12.1,33,2.73,23,1,3,3,3,0,3,0.25,2,0,0,1,0,0,Matches
544,Kasey Palmer,jm JAM,"MF,FW",Coventry City,27,1996,0.6,3,5.00,1,0,1,0,1,0,1,1.67,0,0,1,0,0,0,Matches
545,Liam Palmer,sct SCO,"DF,MF",Sheffield Weds,32,1991,9.7,14,1.44,12,0,0,2,0,0,0,0.00,0,0,0,0,0,0,Matches
546,Victor Pálsson,is ISL,DF,Plymouth Argyle,33,1991,19.3,9,0.47,9,0,0,0,0,0,1,0.05,1,0,0,0,0,0,Matches
547,Ivor Pandur,hr CRO,GK,Hull City,24,2000,44.0,8,0.18,8,0,0,0,0,0,0,0.00,0,0,0,0,0,0,Matches
548,Samuel Parker,wls WAL,"FW,DF",Swansea City,18,2006,1.0,0,0.00,0,0,0,0,0,0,0,0.00,0,0,0,0,0,0,Matches
549,Callum Paterson,sct SCO,"FW,MF",Sheffield Weds,29,1994,13.2,26,1.97,17,3,1,4,1,0,4,0.30,2,0,0,2,0,0,Matches
550,Jamie Paterson,eng ENG,"FW,MF",Coventry City,32,1991,0.9,1,1.14,1,0,0,0,0,0,0,0.00,0,0,0,0,0,0,Matches
551,Anthony Patterson,eng ENG,GK,Sunderland,24,2000,42.0,9,0.21,7,2,0,0,0,0,1,0.02,1,0,0,0,0,0,Matches
552,Aynsley Pears,eng ENG,GK,Blackburn,26,1998,40.0,2,0.05,1,1,0,0,0,0,1,0.02,1,0,0,0,0,0,Matches
553,Ben Pearson,eng ENG,MF,Stoke City,29,1995,6.3,10,1.58,8,0,0,0,2,0,1,0.16,1,0,0,0,0,0,Matches
554,Myles Peart-Harris,eng ENG,"FW,MF",Swansea City,21,2002,18.5,37,2.00,28,1,1,3,3,1,5,0.27,5,0,0,0,0,0,Matches
555,Sydie Peck,eng ENG,MF,Sheffield Utd,19,2004,32.5,73,2.25,56,6,2,8,1,0,6,0.18,5,0,0,1,0,0,Matches
556,João Pedro,it ITA,FW,Hull City,32,1992,23.8,32,1.34,23,0,2,4,2,1,3,0.13,2,0,1,0,0,0,Matches
557,Ashley Phillips,wls WAL,DF,Stoke City,19,2005,34.2,8,0.23,6,1,0,0,1,0,1,0.03,1,0,0,0,0,0,Matches
558,Joshua Phillips,eng ENG,DF,Luton Town,18,2005,0.0,0,0.00,0,0,0,0,0,0,0,0.00,0,0,0,0,0,0,Matches
559,Matt Phillips,sct SCO,"MF,FW",Oxford United,33,1991,10.6,16,1.51,10,4,0,1,1,0,3,0.28,2,1,0,0,0,0,Matches
560,Nathaniel Phillips,eng ENG,DF,Derby County,27,1997,24.8,21,0.85,14,0,0,6,1,0,3,0.12,2,0,0,1,0,0,Matches
561,Harry Pickering,eng ENG,DF,Blackburn,25,1998,11.5,15,1.30,11,2,0,1,1,0,1,0.09,1,0,0,0,0,0,Matches
562,Erik Pieters,nl NED,DF,Derby County,35,1988,0.0,0,0.00,0,0,0,0,0,0,0,0.00,0,0,0,0,0,0,Matches
563,Joël Piroe,nl NED,FW,Leeds United,24,1999,34.2,83,2.43,66,0,5,11,0,1,13,0.38,9,0,1,3,0,0,Matches
564,Julio Pleguezuelo,es ESP,DF,Plymouth Argyle,27,1997,21.8,15,0.69,13,0,0,0,1,1,2,0.09,1,0,0,0,1,0,Matches
565,Matthew Pollock,eng ENG,DF,Watford,22,2001,42.4,50,1.18,38,3,0,4,2,3,10,0.24,8,0,0,1,0,1,Matches
566,Regan Poole,wls WAL,DF,Portsmouth,26,1998,23.8,11,0.46,10,1,0,0,0,0,1,0.04,1,0,0,0,0,0,Matches
567,Ryan Porteous,sct SCO,DF,Preston,25,1999,9.1,10,1.09,5,0,0,2,0,3,0,0.00,0,0,0,0,0,0,Matches
568,Ryan Porteous,sct SCO,DF,Watford,25,1999,18.5,15,0.81,11,1,0,0,1,2,1,0.05,1,0,0,0,0,0,Matches
569,Brad Potts,eng ENG,"DF,MF",Preston,30,1994,22.8,56,2.45,43,1,1,4,6,1,4,0.18,3,0,0,0,1,0,Matches
570,Freddie Potts,eng ENG,MF,Portsmouth,20,2003,34.0,79,2.33,49,18,2,0,7,3,8,0.24,3,4,0,0,1,0,Matches
571,Ian Poveda,eng ENG,"FW,MF",Sunderland,24,2000,1.0,4,4.19,3,0,1,0,0,0,0,0.00,0,0,0,0,0,0,Matches
572,Isaac Price,nir NIR,"MF,FW",West Brom,20,2003,11.7,39,3.34,28,8,1,1,0,1,4,0.34,4,0,0,0,0,0,Matches
573,Cameron Pring,eng ENG,"DF,MF",Bristol City,26,1998,24.8,52,2.10,42,2,0,1,3,4,8,0.32,7,0,0,0,1,0,Matches
574,Tymoteusz Puchacz,pl POL,DF,Plymouth Argyle,25,1999,12.5,22,1.76,10,12,0,0,0,0,2,0.16,1,1,0,0,0,0,Matches
575,Gustavo Puerta,co COL,MF,Hull City,21,2003,21.0,67,3.19,41,16,4,0,5,1,5,0.24,3,1,1,0,0,0,Matches
576,Przemysław Płacheta,pl POL,"FW,MF",Oxford United,26,1998,23.0,45,1.96,39,1,3,1,1,0,6,0.26,6,0,0,0,0,0,Matches
577,Uroš Račić,rs SRB,MF,West Brom,26,1998,10.2,23,2.26,16,0,0,2,3,2,3,0.29,2,0,0,0,1,0,Matches
578,Mileta Rajovic,dk DEN,FW,Watford,25,1999,0.5,1,1.96,1,0,0,0,0,0,0,0.00,0,0,0,0,0,0,Matches
579,Jesurun Rak Sakyi,eng ENG,"FW,MF",Sheffield Utd,21,2002,19.2,71,3.71,41,4,15,8,2,1,5,0.26,2,0,3,0,0,0,Matches
580,Joe Ralls,eng ENG,MF,Cardiff City,30,1993,12.8,49,3.84,31,11,0,6,0,1,3,0.24,1,1,0,1,0,0,Matches
581,Largie Ramazani,be BEL,FW,Leeds United,23,2001,8.9,31,3.50,18,2,3,6,1,1,3,0.34,1,0,0,2,0,0,Matches
582,Aaron Ramsey,wls WAL,MF,Cardiff City,33,1990,6.2,15,2.42,8,5,0,2,0,0,1,0.16,1,0,0,0,0,0,Matches
583,Aaron Ramsey,eng ENG,MF,Burnley,21,2003,0.1,0,0.00,0,0,0,0,0,0,0,0.00,0,0,0,0,0,0,Matches
584,Adam Randell,eng ENG,MF,Plymouth Argyle,23,2000,37.5,84,2.24,56,19,1,2,5,1,6,0.16,4,0,0,1,1,0,Matches
585,Joe Rankin-Costello,eng ENG,"DF,FW",Blackburn,25,1999,13.9,27,1.95,20,1,2,2,0,2,2,0.14,2,0,0,0,0,0,Matches
586,Nathan Redmond,eng ENG,FW,Burnley,30,1994,0.2,1,6.00,1,0,0,0,0,0,1,6.00,1,0,0,0,0,0,Matches
587,Michael Reindorf,eng ENG,FW,Cardiff City,19,2005,0.6,2,3.46,2,0,0,0,0,0,0,0.00,0,0,0,0,0,0,Matches
588,Vicente Reyes,cl CHI,GK,Norwich City,20,2003,3.0,0,0.00,0,0,0,0,0,0,0,0.00,0,0,0,0,0,0,Matches
589,Yuri Ribeiro,pt POR,DF,Blackburn,27,1997,15.0,22,1.47,14,4,0,3,1,0,2,0.13,2,0,0,0,0,0,Matches
590,Chris Rigg,eng ENG,"MF,FW",Sunderland,17,2007,33.9,82,2.42,65,5,4,4,3,1,8,0.24,2,1,2,2,1,0,Matches
591,Emil Riis Jakobsen,dk DEN,FW,Preston,26,1998,30.2,58,1.92,29,3,8,10,7,1,7,0.23,4,0,1,1,1,0,Matches
592,Andy Rinomhota,zw ZIM,"DF,MF",Cardiff City,27,1997,23.4,32,1.37,30,1,0,0,1,0,3,0.13,3,0,0,0,0,0,Matches
593,Matt Ritchie,sct SCO,FW,Portsmouth,34,1989,24.3,86,3.52,41,28,1,5,9,2,2,0.08,1,1,0,0,0,0,Matches
594,Caleb Roberts,eng ENG,MF,Plymouth Argyle,19,2004,2.1,2,0.94,1,0,0,1,0,0,0,0.00,0,0,0,0,0,0,Matches
595,Connor Roberts,wls WAL,DF,Burnley,28,1995,40.4,77,1.91,61,6,2,4,3,1,10,0.25,9,0,0,1,0,0,Matches
596,Haydon Roberts,eng ENG,"DF,MF",Bristol City,22,2002,18.2,41,2.26,36,1,1,1,2,0,4,0.22,3,0,0,0,1,0,Matches
597,Liam Roberts,eng ENG,GK,Millwall,29,1994,1.0,1,0.99,1,0,0,0,0,0,0,0.00,0,0,0,0,0,0,Matches
598,Patrick Roberts,eng ENG,"FW,MF",Sunderland,27,1997,36.4,147,4.03,90,29,14,7,6,1,15,0.41,10,2,0,2,1,0,Matches
599,Alexander Robertson,au AUS,MF,Cardiff City,21,2003,26.8,88,3.29,50,31,1,3,3,0,3,0.11,1,2,0,0,0,0,Matches
600,Callum Robinson,ie IRL,"FW,MF",Cardiff City,29,1995,22.5,51,2.27,34,1,5,8,1,2,7,0.31,3,0,1,3,0,0,Matches
601,Jack Robinson,eng ENG,DF,Sheffield Utd,30,1993,31.6,29,0.92,18,9,0,2,0,0,2,0.06,2,0,0,0,0,0,Matches
602,Joe Rodon,wls WAL,DF,Leeds United,26,1997,45.9,56,1.22,51,0,1,4,0,0,2,0.04,2,0,0,0,0,0,Matches
603,Ruben Rodrigues,pt POR,"MF,FW",Oxford United,27,1996,25.0,70,2.80,51,1,1,8,5,4,6,0.24,4,0,0,1,0,1,Matches
604,Jay Rodriguez,eng ENG,FW,Burnley,35,1989,8.3,11,1.33,8,0,1,2,0,0,0,0.00,0,0,0,0,0,0,Matches
605,Ole Romeny,id IDN,"FW,MF",Oxford United,24,2000,6.6,7,1.07,4,0,2,1,0,0,1,0.15,0,0,0,1,0,0,Matches
606,Ronald,br BRA,"FW,MF",Swansea City,23,2001,41.8,108,2.59,73,2,9,7,15,2,14,0.34,8,0,1,3,2,0,Matches
607,Kemar Roofe,jm JAM,"FW,MF",Derby County,31,1993,0.1,0,0.00,0,0,0,0,0,0,0,0.00,0,0,0,0,0,0,Matches
608,Michael Rose,sct SCO,DF,Stoke City,28,1995,14.4,7,0.49,6,0,0,1,0,0,0,0.00,0,0,0,0,0,0,Matches
609,Joe Rothwell,eng ENG,MF,Leeds United,29,1995,25.0,110,4.40,56,49,3,1,0,1,7,0.28,4,3,0,0,0,0,Matches
610,Pelly Ruddock Mpanzu,cd COD,MF,Luton Town,31,1993,2.5,6,2.37,3,1,0,2,0,0,1,0.39,0,0,0,1,0,0,Matches
611,Jack Rudoni,eng ENG,MF,Coventry City,24,2000,38.9,149,3.83,93,35,7,7,4,3,14,0.36,8,5,0,0,0,1,Matches
612,Carl Rushworth,eng ENG,GK,Hull City,23,2001,2.0,0,0.00,0,0,0,0,0,0,0,0.00,0,0,0,0,0,0,Matches
613,Nazariy Rusyn,ua UKR,FW,Sunderland,25,1998,0.8,1,1.25,1,0,0,0,0,0,0,0.00,0,0,0,0,0,0,Matches
614,Georginio Rutter,fr FRA,"MF,FW",Leeds United,22,2002,1.0,7,7.00,6,0,1,0,0,0,1,1.00,1,0,0,0,0,0,Matches
615,Sai Sachdev,eng ENG,DF,Sheffield Utd,19,2005,0.0,0,0.00,0,0,0,0,0,0,0,0.00,0,0,0,0,0,0,Matches
616,Borja Sainz,es ESP,FW,Norwich City,23,2001,40.1,128,3.19,79,6,13,14,13,3,13,0.32,11,0,1,0,1,0,Matches
617,Koki Saito,jp JPN,"FW,MF",QPR,22,2001,25.5,84,3.29,59,2,8,6,8,1,7,0.27,2,0,2,1,1,1,Matches
618,Tatsuhiro Sakamoto,jp JPN,"FW,MF",Coventry City,27,1996,28.7,76,2.65,55,1,3,4,11,2,9,0.31,8,0,1,0,0,0,Matches
619,Yousef Salech,dk DEN,FW,Cardiff City,22,2002,14.2,24,1.69,12,0,4,5,2,1,5,0.35,2,0,1,1,1,0,Matches
620,Lars-Jørgen Salvesen,no NOR,FW,Derby County,28,1996,5.4,4,0.74,3,0,0,0,1,0,0,0.00,0,0,0,0,0,0,Matches
621,Shurandy Sambo,cw CUW,MF,Burnley,22,2001,0.2,0,0.00,0,0,0,0,0,0,0,0.00,0,0,0,0,0,0,Matches
622,Dion Sanderson,eng ENG,DF,Blackburn,24,1999,6.3,1,0.16,1,0,0,0,0,0,0,0.00,0,0,0,0,0,0,Matches
623,Hevertton Santos,br BRA,DF,QPR,23,2001,3.5,9,2.54,6,1,2,0,0,0,0,0.00,0,0,0,0,0,0,Matches
624,Josh Sargent,us USA,FW,Norwich City,24,2000,27.8,56,2.02,34,0,2,10,10,0,11,0.40,6,0,2,1,2,0,Matches
625,Jeremy Sarmiento,ec ECU,"FW,MF",Burnley,22,2002,13.0,37,2.85,27,2,4,2,2,0,5,0.39,3,0,1,0,1,0,Matches
626,George Saville,nir NIR,MF,Millwall,31,1993,36.7,106,2.89,51,39,1,5,8,2,7,0.19,3,2,0,2,0,0,Matches
627,Christian Saydee,lr LBR,"MF,FW",Portsmouth,22,2002,12.8,25,1.95,17,0,3,3,2,0,2,0.16,1,0,0,0,1,0,Matches
628,Calum Scanlon,eng ENG,"FW,DF",Millwall,19,2005,1.9,0,0.00,0,0,0,0,0,0,0,0.00,0,0,0,0,0,0,Matches
629,Dane Scarlett,eng ENG,FW,Oxford United,20,2004,8.8,10,1.14,7,0,2,0,1,0,1,0.11,1,0,0,0,0,0,Matches
630,Nicolas Schmid,at AUT,GK,Portsmouth,27,1997,34.3,16,0.47,8,8,0,0,0,0,2,0.06,1,1,0,0,0,0,Matches
631,Isaac Schmidt,ch SUI,"FW,DF",Leeds United,24,1999,0.9,6,6.92,6,0,0,0,0,0,1,1.15,1,0,0,0,0,0,Matches
632,Oscar Schwartau,dk DEN,"FW,MF",Norwich City,18,2006,17.4,32,1.84,24,0,2,5,0,1,3,0.17,2,0,0,1,0,0,Matches
633,Jenson Seelt,nl NED,DF,Sunderland,21,2003,0.2,0,0.00,0,0,0,0,0,0,0,0.00,0,0,0,0,0,0,Matches
634,Tatsuki Seko,jp JPN,MF,Stoke City,26,1997,17.7,30,1.69,25,0,0,1,2,2,3,0.17,2,0,0,0,1,0,Matches
635,Tyrell Sellars-Fleming,eng ENG,"MF,FW",Hull City,19,2005,0.1,2,22.50,2,0,0,0,0,0,0,0.00,0,0,0,0,0,0,Matches
636,Egil Selvik,no NOR,GK,Watford,27,1997,16.0,2,0.12,2,0,0,0,0,0,0,0.00,0,0,0,0,0,0,Matches
637,Ken Sema,se SWE,"DF,MF",Watford,30,1993,5.8,13,2.25,10,1,2,0,0,0,2,0.35,2,0,0,0,0,0,Matches
638,Femi Seriki,eng ENG,DF,Sheffield Utd,22,2002,12.1,31,2.56,22,1,3,2,3,0,1,0.08,1,0,0,0,0,0,Matches
639,Jamie Shackleton,eng ENG,"DF,FW",Sheffield Utd,24,1999,3.2,5,1.55,0,1,1,2,1,0,0,0.00,0,0,0,0,0,0,Matches
640,Conor Shaughnessy,ie IRL,DF,Portsmouth,28,1996,5.7,4,0.70,4,0,0,0,0,0,0,0.00,0,0,0,0,0,0,Matches
641,James Shea,eng ENG,GK,Luton Town,33,1991,1.6,0,0.00,0,0,0,0,0,0,0,0.00,0,0,0,0,0,0,Matches
642,Ben Sheaf,eng ENG,MF,Coventry City,26,1998,23.7,73,3.08,64,3,0,4,2,0,7,0.30,6,0,0,1,0,0,Matches
643,Jonjo Shelvey,eng ENG,"MF,FW",Burnley,32,1992,0.1,1,7.50,1,0,0,0,0,0,0,0.00,0,0,0,0,0,0,Matches
644,Louie Sibley,eng ENG,MF,Oxford United,22,2001,1.9,6,3.14,2,0,1,3,0,0,0,0.00,0,0,0,0,0,0,Matches
645,Sol Sidibé,eng ENG,MF,Stoke City,17,2007,3.4,9,2.65,8,0,0,0,1,0,1,0.29,1,0,0,0,0,0,Matches
646,Francisco Sierralta,cl CHI,DF,Watford,27,1997,21.1,18,0.85,14,0,0,1,0,3,1,0.05,1,0,0,0,0,0,Matches
647,Arnór Sigurðsson,is ISL,"FW,MF",Blackburn,25,1999,0.7,4,5.81,3,1,0,0,0,0,1,1.45,1,0,0,0,0,0,Matches
648,Sam Silvera,au AUS,"FW,MF",Portsmouth,23,2000,5.0,10,2.02,8,0,2,0,0,0,0,0.00,0,0,0,0,0,0,Matches
649,Ellis Simms,eng ENG,FW,Coventry City,23,2001,25.4,43,1.69,23,0,3,15,2,0,5,0.20,1,0,0,4,0,0,Matches
650,Xavier Simons,eng ENG,MF,Hull City,21,2003,13.4,20,1.49,17,0,1,1,0,1,0,0.00,0,0,0,0,0,0,Matches
651,Nathan Simpson,eng ENG,FW,Middlesbrough,20,2004,0.0,0,0.00,0,0,0,0,0,0,0,0.00,0,0,0,0,0,0,Matches
652,Emmanouil Siopis,gr GRE,MF,Cardiff City,30,1994,16.0,21,1.31,18,0,1,0,1,1,1,0.06,1,0,0,0,0,0,Matches
653,Moussa Sissoko,fr FRA,"MF,FW",Watford,34,1989,32.1,62,1.93,51,2,0,4,2,3,4,0.12,3,0,0,1,0,0,Matches
654,Regan Slater,eng ENG,MF,Hull City,24,1999,33.0,62,1.88,53,2,2,4,1,0,3,0.09,3,0,0,0,0,0,Matches
655,Michael Smith,eng ENG,FW,Sheffield Weds,32,1991,20.5,57,2.79,45,0,0,10,2,0,10,0.49,8,0,0,2,0,0,Matches
656,Paul Smyth,nir NIR,"FW,MF",QPR,26,1997,30.8,103,3.35,56,11,14,7,13,2,11,0.36,7,1,1,1,1,0,Matches
657,Manor Solomon,il ISR,FW,Leeds United,25,1999,28.8,147,5.11,101,14,12,12,6,2,22,0.76,18,0,3,1,0,0,Matches
658,Oliver Sonne,pe PER,DF,Burnley,23,2000,0.3,1,3.60,1,0,0,0,0,0,0,0.00,0,0,0,0,0,0,Matches
659,Matthew Sorinola,eng ENG,"DF,MF",Plymouth Argyle,23,2001,18.6,27,1.45,18,6,0,0,3,0,3,0.16,2,0,0,0,1,0,Matches
660,Harry Souttar,au AUS,DF,Sheffield Utd,25,1998,19.6,10,0.51,8,0,1,1,0,0,2,0.10,2,0,0,0,0,0,Matches
661,Vinicius Souza,br BRA,MF,Sheffield Utd,25,1999,31.0,54,1.74,46,1,1,3,2,1,8,0.26,6,0,0,1,0,1,Matches
662,Jack Stacey,eng ENG,DF,Norwich City,28,1996,23.8,39,1.64,32,3,2,2,0,0,7,0.29,7,0,0,0,0,0,Matches
663,Enda Stevens,ie IRL,DF,Stoke City,34,1990,13.3,32,2.41,27,3,1,1,0,0,8,0.60,8,0,0,0,0,0,Matches
664,Ben Stevenson,eng ENG,MF,Portsmouth,27,1997,0.1,0,0.00,0,0,0,0,0,0,0,0.00,0,0,0,0,0,0,Matches
665,Jordan Storey,eng ENG,DF,Preston,26,1997,34.0,28,0.82,22,1,0,4,1,0,4,0.12,3,0,0,1,0,0,Matches
666,Pascal Struijk,nl NED,DF,Leeds United,24,1999,31.4,42,1.34,36,0,0,5,0,1,8,0.26,6,0,0,2,0,0,Matches
667,Zak Sturge,eng ENG,DF,Millwall,20,2004,3.4,1,0.30,0,1,0,0,0,0,0,0.00,0,0,0,0,0,0,Matches
668,Callum Styles,hu HUN,DF,West Brom,24,2000,29.0,47,1.62,39,3,2,1,1,1,4,0.14,4,0,0,0,0,0,Matches
669,Emmerson Sutton,eng ENG,FW,QPR,17,2006,0.6,0,0.00,0,0,0,0,0,0,0,0.00,0,0,0,0,0,0,Matches
670,Zak Swanson,eng ENG,DF,Portsmouth,23,2000,21.9,33,1.51,27,3,0,0,2,1,3,0.14,3,0,0,0,0,0,Matches
671,John Swift,eng ENG,MF,West Brom,29,1995,19.3,81,4.19,55,20,1,4,1,0,3,0.16,1,1,0,0,1,0,Matches
672,Mark Sykes,ie IRL,"MF,DF",Bristol City,26,1997,19.0,40,2.11,32,3,1,3,0,1,7,0.37,5,1,1,0,0,0,Matches
673,Sammie Szmodics,ie IRL,MF,Blackburn,28,1995,0.3,1,3.46,1,0,0,0,0,0,1,3.46,1,0,0,0,0,0,Matches
674,Kornél Szűcs,hu HUN,DF,Plymouth Argyle,22,2001,31.5,36,1.14,23,7,0,5,0,1,7,0.22,4,0,0,2,0,1,Matches
675,Elias Sørensen,dk DEN,"FW,MF",Portsmouth,24,1999,3.6,6,1.68,5,0,0,1,0,0,0,0.00,0,0,0,0,0,0,Matches
676,Jakob Sørensen,dk DEN,"MF,DF",Norwich City,26,1998,14.7,21,1.43,15,0,1,3,1,1,0,0.00,0,0,0,0,0,0,Matches
677,Maksym Talovierov,ua UKR,DF,Plymouth Argyle,24,2000,10.4,2,0.19,1,0,0,1,0,0,2,0.19,1,0,0,1,0,0,Matches
678,Ao Tanaka,jp JPN,MF,Leeds United,25,1998,36.8,96,2.61,81,3,3,5,1,3,10,0.27,9,0,0,1,0,0,Matches
679,Japhet Tanganga,eng ENG,DF,Millwall,25,1999,39.5,27,0.68,19,1,0,4,3,0,1,0.03,1,0,0,0,0,0,Matches
680,George Tanner,eng ENG,DF,Bristol City,24,1999,22.2,33,1.48,26,1,0,5,1,0,0,0.00,0,0,0,0,0,0,Matches
681,Ollie Tanner,eng ENG,"FW,MF",Cardiff City,22,2002,15.4,40,2.60,21,2,7,8,2,0,7,0.45,3,0,2,2,0,0,Matches
682,Fabio Tavares,eng ENG,FW,Coventry City,23,2001,0.0,0,0.00,0,0,0,0,0,0,0,0.00,0,0,0,0,0,0,Matches
683,Joseph Taylor,wls WAL,"FW,MF",Luton Town,21,2002,1.7,6,3.44,3,0,2,0,1,0,0,0.00,0,0,0,0,0,0,Matches
684,Junior Tchamadeu,cm CMR,DF,Stoke City,20,2003,34.8,54,1.55,43,7,2,2,0,0,4,0.11,1,1,1,1,0,0,Matches
685,Hidde ter Avest,nl NED,DF,Oxford United,27,1997,11.1,11,0.99,10,0,0,1,0,0,1,0.09,1,0,0,0,0,0,Matches
686,Emre Tezgel,eng ENG,"FW,MF",Stoke City,18,2005,3.3,6,1.81,6,0,0,0,0,0,0,0.00,0,0,0,0,0,0,Matches
687,Bobby Thomas,eng ENG,DF,Coventry City,23,2001,37.0,34,0.92,29,0,1,3,1,0,5,0.13,4,0,1,0,0,0,Matches
688,Joshua Thomas,wls WAL,MF,Swansea City,21,2002,0.0,0,0.00,0,0,0,0,0,0,0,0.00,0,0,0,0,0,0,Matches
689,Brandon Thomas-Asante,gh GHA,FW,Coventry City,25,1998,16.1,40,2.48,25,0,5,4,5,1,6,0.37,5,0,1,0,0,0,Matches
690,Jordan Thompson,nir NIR,"MF,DF",Stoke City,27,1997,15.0,16,1.06,15,0,0,1,0,0,2,0.13,1,0,0,1,0,0,Matches
691,Liam Thompson,eng ENG,MF,Derby County,22,2002,17.9,12,0.67,9,0,1,1,1,0,1,0.06,0,0,0,0,1,0,Matches
692,Jordan Thorniley,eng ENG,DF,Oxford United,27,1996,0.9,0,0.00,0,0,0,0,0,0,0,0.00,0,0,0,0,0,0,Matches
693,Muhamed Tijani,ng NGA,"FW,MF",Plymouth Argyle,24,2000,5.0,7,1.41,4,0,0,0,3,0,0,0.00,0,0,0,0,0,0,Matches
694,Nathan Tjoe-A-On,id IDN,DF,Swansea City,22,2001,0.0,0,0.00,0,0,0,0,0,0,0,0.00,0,0,0,0,0,0,Matches
695,Victor Torp,dk DEN,MF,Coventry City,25,1999,23.4,83,3.55,59,17,1,3,2,1,6,0.26,4,0,0,2,0,0,Matches
696,Balázs Tóth,hu HUN,GK,Blackburn,26,1997,6.0,0,0.00,0,0,0,0,0,0,0,0.00,0,0,0,0,0,0,Matches
697,Ryley Towler,eng ENG,DF,Portsmouth,23,2001,10.4,5,0.48,4,1,0,0,0,0,1,0.10,0,1,0,0,0,0,Matches
698,Andros Townsend,eng ENG,MF,Luton Town,33,1991,0.1,1,8.18,0,0,1,0,0,0,0,0.00,0,0,0,0,0,0,Matches
699,James Trafford,eng ENG,GK,Burnley,21,2002,45.0,7,0.16,5,2,0,0,0,0,1,0.02,1,0,0,0,0,0,Matches
700,Mark Travers,ie IRL,GK,Middlesbrough,25,1999,17.0,0,0.00,0,0,0,0,0,0,0,0.00,0,0,0,0,0,0,Matches
701,Lewis Travis,eng ENG,MF,Blackburn,26,1997,35.7,52,1.46,46,0,2,1,2,1,4,0.11,4,0,0,0,0,0,Matches
702,Nectarios Triantis,gr GRE,FW,Sunderland,21,2003,0.0,0,0.00,0,0,0,0,0,0,0,0.00,0,0,0,0,0,0,Matches
703,Sondre Tronstad,no NOR,MF,Blackburn,28,1995,34.8,62,1.78,56,1,0,2,1,2,6,0.17,6,0,0,0,0,0,Matches
704,Auston Trusty,us USA,DF,Sheffield Utd,25,1998,1.0,0,0.00,0,0,0,0,0,0,0,0.00,0,0,0,0,0,0,Matches
705,David Turnbull,sct SCO,MF,Cardiff City,25,1999,9.2,44,4.79,33,9,0,2,0,0,2,0.22,1,0,0,1,0,0,Matches
706,Scott Twine,eng ENG,"FW,MF",Bristol City,25,1999,23.5,109,4.63,52,29,3,12,10,3,7,0.30,3,2,0,2,0,0,Matches
707,Igor Tyjon,eng ENG,FW,Blackburn,16,2008,0.1,0,0.00,0,0,0,0,0,0,0,0.00,0,0,0,0,0,0,Matches
708,Josh Tymon,eng ENG,DF,Swansea City,25,1999,43.8,129,2.95,77,43,2,2,4,1,7,0.16,5,2,0,0,0,0,Matches
709,Ike Ugbo,ca CAN,FW,Sheffield Weds,25,1998,14.2,33,2.32,28,0,0,5,0,0,0,0.00,0,0,0,0,0,0,Matches
710,Pol Valentín,es ESP,"DF,MF",Sheffield Weds,27,1997,17.0,35,2.06,28,1,1,2,3,0,3,0.18,3,0,0,0,0,0,Matches
711,Yan Valery,tn TUN,"DF,MF",Sheffield Weds,25,1999,35.0,50,1.43,40,0,3,4,3,0,6,0.17,5,0,1,0,0,0,Matches
712,Jonathan Varane,mq MTQ,MF,QPR,22,2001,28.9,29,1.00,20,0,2,1,4,2,2,0.07,1,0,0,0,1,0,Matches
713,Rocco Vata,ie IRL,"FW,MF",Watford,19,2005,17.1,39,2.29,23,2,6,2,4,2,8,0.47,5,0,2,1,0,0,Matches
714,Harry Vaughan,ie IRL,FW,Hull City,20,2004,1.1,7,6.06,2,0,2,1,2,0,0,0.00,0,0,0,0,0,0,Matches
715,Will Vaulks,wls WAL,MF,Oxford United,30,1993,37.1,82,2.21,48,27,1,2,0,4,6,0.16,3,3,0,0,0,0,Matches
716,Josh Vickers,eng ENG,GK,Derby County,28,1995,6.0,1,0.17,0,1,0,0,0,0,0,0.00,0,0,0,0,0,0,Matches
717,André Vidigal,ao ANG,"MF,FW",Stoke City,25,1998,1.2,2,1.73,1,0,0,0,1,0,0,0.00,0,0,0,0,0,0,Matches
718,Lawrence Vigouroux,cl CHI,GK,Swansea City,30,1993,46.0,6,0.13,3,3,0,0,0,0,0,0.00,0,0,0,0,0,0,Matches
719,Žan Vipotnik,si SVN,FW,Swansea City,22,2002,23.2,28,1.21,14,0,2,9,2,1,2,0.09,0,0,0,2,0,0,Matches
720,Vitinho,br BRA,"MF,FW",Burnley,25,1999,2.6,6,2.31,3,0,2,0,1,0,1,0.38,1,0,0,0,0,0,Matches
721,Zak Vyner,ke KEN,DF,Bristol City,27,1997,46.0,51,1.11,45,4,0,1,1,0,4,0.09,4,0,0,0,0,0,Matches
722,Thomas Waddingham,au AUS,FW,Portsmouth,19,2005,1.1,2,1.75,1,0,0,1,0,0,1,0.87,0,0,0,1,0,0,Matches
723,Ben Waine,nz NZL,FW,Plymouth Argyle,23,2001,0.1,0,0.00,0,0,0,0,0,0,0,0.00,0,0,0,0,0,0,Matches
724,Jed Wallace,eng ENG,"FW,MF",West Brom,30,1994,9.0,25,2.79,16,3,1,3,2,0,2,0.22,1,0,1,0,0,0,Matches
725,Murray Wallace,sct SCO,DF,Millwall,31,1993,8.1,3,0.37,2,0,0,1,0,0,0,0.00,0,0,0,0,0,0,Matches
726,Joe Walsh,eng ENG,GK,QPR,22,2002,1.0,1,1.00,0,0,0,0,1,0,0,0.00,0,0,0,0,0,0,Matches
727,Liam Walsh,eng ENG,MF,Luton Town,26,1997,15.7,44,2.81,25,13,1,3,2,0,1,0.06,1,0,0,0,0,0,Matches
728,Reuell Walters,eng ENG,DF,Luton Town,19,2004,10.9,12,1.10,10,0,1,0,1,0,0,0.00,0,0,0,0,0,0,Matches
729,Joe Ward,eng ENG,DF,Derby County,28,1995,1.7,2,1.20,2,0,0,0,0,0,0,0.00,0,0,0,0,0,0,Matches
730,Duncan Watmore,eng ENG,"FW,MF",Millwall,30,1994,17.5,45,2.57,31,0,5,4,5,0,3,0.17,1,0,0,2,0,0,Matches
731,Tom Watson,eng ENG,"FW,MF",Sunderland,18,2006,9.9,36,3.64,20,3,2,6,3,2,0,0.00,0,0,0,0,0,0,Matches
732,Wout Weghorst,nl NED,FW,Burnley,31,1992,0.3,0,0.00,0,0,0,0,0,0,0,0.00,0,0,0,0,0,0,Matches
733,Andreas Weimann,at AUT,"FW,MF",Blackburn,32,1991,15.7,29,1.85,24,0,1,3,1,0,3,0.19,3,0,0,0,0,0,Matches
734,Nahki Wells,bm BER,FW,Bristol City,34,1990,22.8,51,2.24,42,0,2,4,3,0,9,0.39,8,0,0,0,1,0,Matches
735,Jack Whatmough,eng ENG,DF,Preston,27,1996,12.4,9,0.72,9,0,0,0,0,0,2,0.16,2,0,0,0,0,0,Matches
736,Lennon Wheeldon,eng ENG,FW,Derby County,17,2006,0.0,0,0.00,0,0,0,0,0,0,0,0.00,0,0,0,0,0,0,Matches
737,Ben Whiteman,eng ENG,MF,Preston,28,1996,27.7,65,2.34,41,18,0,4,1,1,8,0.29,5,1,0,2,0,0,Matches
738,Morgan Whittaker,eng ENG,"FW,MF",Plymouth Argyle,23,2001,19.4,41,2.11,28,1,4,5,3,0,3,0.15,2,0,0,0,1,0,Matches
739,Morgan Whittaker,eng ENG,"MF,FW",Middlesbrough,23,2001,11.0,32,2.91,26,0,2,2,1,1,1,0.09,1,0,0,0,0,0,Matches
740,Harry Whitwell,eng ENG,FW,West Brom,18,2005,0.1,0,0.00,0,0,0,0,0,0,0,0.00,0,0,0,0,0,0,Matches
741,Jacob Widell Zetterström,se SWE,GK,Derby County,26,1998,40.0,7,0.17,2,5,0,0,0,0,0,0.00,0,0,0,0,0,0,Matches
742,Joe Wildsmith,eng ENG,GK,West Brom,28,1995,10.0,3,0.30,2,0,0,0,0,1,0,0.00,0,0,0,0,0,0,Matches
743,Caleb Wiley,us USA,"DF,MF",Watford,19,2004,8.0,13,1.62,11,1,0,1,0,0,1,0.12,1,0,0,0,0,0,Matches
744,Joe Williams,eng ENG,MF,Bristol City,27,1996,15.7,67,4.26,53,10,0,0,1,3,7,0.44,6,0,0,0,0,1,Matches
745,Jordan Williams,eng ENG,DF,Portsmouth,24,1999,14.1,12,0.85,9,0,0,0,2,1,2,0.14,2,0,0,0,0,0,Matches
746,Chris Willock,eng ENG,FW,Cardiff City,26,1998,17.2,56,3.25,39,2,7,3,5,0,3,0.17,3,0,0,0,0,0,Matches
747,Ben Wilmot,eng ENG,DF,Stoke City,24,1999,36.0,36,1.00,27,2,2,4,1,0,0,0.00,0,0,0,0,0,0,Matches
748,Ben Wilson,eng ENG,GK,Coventry City,31,1992,4.0,0,0.00,0,0,0,0,0,0,0,0.00,0,0,0,0,0,0,Matches
749,Kane Wilson,eng ENG,DF,Derby County,24,2000,27.0,60,2.22,32,5,14,4,3,2,7,0.26,3,2,1,0,1,0,Matches
750,Josh Wilson-Esbrand,eng ENG,"DF,FW",Stoke City,21,2002,3.0,7,2.34,5,1,1,0,0,0,1,0.33,1,0,0,0,0,0,Matches
751,Josh Windass,eng ENG,"MF,FW",Sheffield Weds,30,1994,35.8,105,2.93,80,9,1,9,2,4,12,0.34,10,0,0,2,0,0,Matches
752,Ryan Wintle,eng ENG,MF,Millwall,27,1997,5.7,17,2.99,9,5,0,3,0,0,1,0.18,0,1,0,0,0,0,Matches
753,Maximilian Wöber,at AUT,DF,Leeds United,26,1998,3.7,11,2.95,9,0,0,2,0,0,2,0.54,2,0,0,0,0,0,Matches
754,Freddie Woodman,eng ENG,GK,Preston,27,1997,37.0,4,0.11,4,0,0,0,0,0,0,0.00,0,0,0,0,0,0,Matches
755,Cauley Woodrow,eng ENG,"MF,FW",Blackburn,29,1994,2.5,5,2.03,5,0,0,0,0,0,1,0.41,1,0,0,0,0,0,Matches
756,Cauley Woodrow,eng ENG,"MF,FW",Luton Town,29,1994,3.0,4,1.33,2,1,0,1,0,0,0,0.00,0,0,0,0,0,0,Matches
757,Joe Worrall,eng ENG,DF,Burnley,27,1997,3.2,6,1.89,5,0,0,0,1,0,1,0.32,1,0,0,0,0,0,Matches
758,Callum Wright,eng ENG,"MF,FW",Plymouth Argyle,24,2000,16.2,30,1.85,19,2,2,3,3,1,0,0.00,0,0,0,0,0,0,Matches
759,Haji Wright,us USA,FW,Coventry City,26,1998,21.6,43,1.99,23,0,6,7,5,2,7,0.32,1,0,3,2,1,0,Matches
760,Jacob Wright,eng ENG,MF,Norwich City,18,2005,9.9,30,3.04,18,10,0,0,0,2,5,0.51,1,3,0,0,0,1,Matches
761,Jerry Yates,eng ENG,FW,Derby County,27,1996,38.0,76,2.00,53,1,3,14,5,0,7,0.18,6,0,0,1,0,0,Matches
762,Kusini Yengi,au AUS,"FW,MF",Portsmouth,25,1999,6.0,13,2.17,6,0,2,3,2,0,0,0.00,0,0,0,0,0,0,Matches
763,Óscar Zambrano,ec ECU,MF,Hull City,20,2004,4.3,13,2.99,11,0,0,2,0,0,1,0.23,1,0,0,0,0,0,Matches
764,Anass Zaroury,ma MAR,"FW,MF",Burnley,23,2000,0.3,0,0.00,0,0,0,0,0,0,0,0.00,0,0,0,0,0,0,Matches
765,Stefán Þórðarson,is ISL,MF,Preston,25,1998,27.8,70,2.52,37,24,4,2,2,1,6,0.22,3,0,2,1,0,0,Matches
