Unnamed: 0_level_0_Rk,Unnamed: 1_level_0_Player,Unnamed: 2_level_0_Nation,Unnamed: 3_level_0_Pos,Unnamed: 4_level_0_Squad,Unnamed: 5_level_0_Age,Unnamed: 6_level_0_Born,Unnamed: 7_level_0_90s,Unnamed: 8_level_0_Att,Pass Types_Live,Pass Types_Dead,Pass Types_FK,Pass Types_TB,Pass Types_Sw,Pass Types_Crs,Pass Types_TI,Pass Types_CK,Corner Kicks_In,Corner Kicks_Out,Corner Kicks_Str,Outcomes_Cmp,Outcomes_Off,Outcomes_Blocks,Unnamed: 23_level_0_Matches
1,Brenden Aaronson,us USA,MF,Leeds United,23,2000,39.5,1293,1249,31,10,12,1,61,4,16,7,6,0,1028,13,37,Matches
2,Thelo Aasgaard,no NOR,"MF,FW",Luton Town,22,2002,16.8,455,423,31,1,2,2,27,5,6,4,1,0,328,1,11,Matches
3,James Abankwah,ie IRL,DF,Watford,20,2004,15.4,925,862,62,23,1,4,4,29,0,0,0,0,780,1,9,Matches
4,Salis Abdul Samed,gh GHA,MF,Sunderland,24,2000,3.1,162,157,4,2,0,0,0,0,0,0,0,0,145,1,4,Matches
5,Azeem Abdulai,sct SCO,"FW,MF",Swansea City,21,2002,3.9,143,140,3,0,0,1,18,2,1,0,0,0,102,0,7,Matches
6,Ebou Adams,gm GAM,MF,Derby County,28,1996,42.1,1296,1253,35,4,0,8,30,22,0,0,0,0,914,8,45,Matches
7,Elijah Adebayo,eng ENG,FW,Luton Town,26,1998,26.9,313,295,17,0,0,0,10,5,0,0,0,0,219,1,12,Matches
8,Michael Adu-Poku,eng ENG,FW,Watford,18,2005,0.0,1,1,0,0,0,0,0,0,0,0,0,0,0,0,0,Matches
9,Enock Agyei,be BEL,"FW,MF",Burnley,19,2005,0.6,29,28,1,0,1,1,3,0,1,1,0,0,22,0,1,Matches
10,Anel Ahmedhodžić,ba BIH,DF,Sheffield Utd,25,1999,34.8,1801,1724,77,44,2,3,7,7,0,0,0,0,1617,0,12,Matches
11,Semi Ajayi,ng NGA,DF,West Brom,30,1993,13.6,822,795,23,21,1,7,3,1,0,0,0,0,707,4,5,Matches
12,Milan Aleksić,rs SRB,"MF,FW",Sunderland,18,2005,3.2,106,103,1,0,1,2,6,1,0,0,0,0,69,2,4,Matches
13,Ajibola Alese,eng ENG,DF,Sunderland,23,2001,7.8,349,292,56,11,0,0,10,42,0,0,0,0,278,1,6,Matches
14,Jamie Allen,eng ENG,MF,Coventry City,29,1995,11.2,419,412,6,4,1,2,0,1,0,0,0,0,364,1,5,Matches
15,Joe Allen,wls WAL,MF,Swansea City,34,1990,7.9,400,375,25,15,2,0,13,0,6,0,6,0,343,0,5,Matches
16,Millenic Alli,ie IRL,"FW,DF",Luton Town,24,2000,8.5,220,212,5,0,0,1,31,3,0,0,0,0,133,3,11,Matches
17,Jak Alnwick,eng ENG,GK,Cardiff City,31,1993,29.0,908,587,313,131,0,0,0,0,0,0,0,0,571,8,1,Matches
18,Will Alves,eng ENG,"FW,MF",Cardiff City,19,2005,7.4,159,155,2,0,0,0,24,2,0,0,0,0,121,2,8,Matches
19,Steven Alzate,co COL,MF,Hull City,25,1998,21.6,1093,1040,48,35,1,7,24,6,3,1,1,0,915,5,15,Matches
20,Zeki Amdouni,ch SUI,MF,Burnley,23,2000,0.4,19,18,1,1,0,0,0,0,0,0,0,0,16,0,0,Matches
21,Ethan Ampadu,wls WAL,"DF,MF",Leeds United,23,2000,25.4,2239,2128,100,54,11,11,5,27,0,0,0,0,1997,11,9,Matches
22,Nordin Amrabat,ma MAR,"FW,MF",Hull City,37,1987,3.2,123,107,15,2,2,3,30,4,9,6,2,0,76,1,7,Matches
23,Lucas Andersen,dk DEN,"MF,FW",QPR,29,1994,12.9,490,389,98,26,0,6,74,20,43,26,12,2,348,3,7,Matches
24,Joe Anderson,eng ENG,DF,Sunderland,23,2001,1.1,82,75,6,1,0,1,4,5,0,0,0,0,61,1,1,Matches
25,Ryan Andrews,eng ENG,"DF,MF",Watford,19,2004,23.2,959,797,159,5,1,8,56,154,0,0,0,0,614,3,35,Matches
26,Jaidon Anthony,eng ENG,"FW,MF",Burnley,24,1999,40.7,1646,1446,194,42,3,24,251,33,117,42,32,1,1171,6,46,Matches
27,Adil Aouchiche,fr FRA,"MF,FW",Portsmouth,22,2002,7.6,239,230,8,2,1,5,24,1,4,3,0,0,161,1,6,Matches
28,Adil Aouchiche,fr FRA,"FW,MF",Sunderland,22,2002,3.3,142,120,22,6,0,0,32,2,14,8,5,0,90,0,2,Matches
29,Oliver Arblaster,eng ENG,MF,Sheffield Utd,20,2004,10.9,599,581,17,9,1,0,18,0,8,5,1,0,510,1,14,Matches
30,Jordan Archer,sct SCO,GK,Portsmouth,31,1993,1.7,57,40,17,10,0,0,0,0,0,0,0,0,35,0,0,Matches
31,Adam Armstrong,eng ENG,FW,West Brom,27,1997,11.2,194,178,16,1,0,0,9,0,0,0,0,0,151,0,6,Matches
32,Harrison Armstrong,eng ENG,MF,Derby County,17,2007,12.3,332,324,4,4,1,2,2,0,0,0,0,0,222,4,8,Matches
33,Sinclair Armstrong,ie IRL,FW,Bristol City,21,2003,17.3,242,223,18,0,0,0,4,3,0,0,0,0,187,1,5,Matches
34,Stuart Armstrong,sct SCO,"MF,FW",Sheffield Weds,32,1992,6.0,254,241,12,5,0,0,10,1,3,1,1,1,206,1,3,Matches
35,Harrison Ashby,sct SCO,"DF,FW",QPR,22,2001,17.6,673,539,128,19,1,3,26,109,0,0,0,0,490,6,14,Matches
36,Cian Ashford,wls WAL,"FW,MF",Cardiff City,19,2004,16.9,383,377,6,1,0,0,38,4,0,0,0,0,285,0,19,Matches
37,Robert Atkinson,eng ENG,DF,Portsmouth,26,1998,12.2,475,448,26,10,0,0,0,0,0,0,0,0,364,1,2,Matches
38,Luke Ayling,eng ENG,DF,Middlesbrough,32,1991,21.7,1605,1377,225,55,3,8,57,167,0,0,0,0,1335,3,22,Matches
39,Finn Azaz,ie IRL,"MF,FW",Middlesbrough,23,2000,39.4,1617,1443,157,46,17,10,185,4,107,44,48,0,1105,17,58,Matches
40,Femi Azeez,eng ENG,FW,Millwall,23,2001,21.2,570,561,5,0,4,2,80,5,0,0,0,0,329,4,39,Matches
41,Kwadwo Baah,eng ENG,"MF,FW",Watford,21,2003,16.2,257,255,2,0,0,2,38,2,0,0,0,0,131,0,25,Matches
42,Daniel Bachmann,at AUT,GK,Watford,30,1994,21.1,694,479,209,70,0,0,0,0,0,0,0,0,453,6,1,Matches
43,Joel Bagan,ie IRL,DF,Cardiff City,24,2000,17.9,788,657,129,17,0,8,21,110,1,0,1,0,587,2,11,Matches
44,Michael Baidoo,gh GHA,"MF,FW",Plymouth Argyle,25,1999,5.0,107,103,3,0,0,0,2,0,0,0,0,0,70,1,8,Matches
45,Lewis Baker,eng ENG,MF,Stoke City,29,1995,16.4,603,488,112,39,1,4,65,5,49,27,11,1,460,3,8,Matches
46,Lewis Baker,eng ENG,"MF,FW",Blackburn,29,1995,6.6,233,206,26,17,2,1,6,0,6,3,2,0,191,1,1,Matches
47,Daniel Ballard,nir NIR,DF,Sunderland,24,1999,12.5,759,737,19,15,1,4,0,1,0,0,0,0,665,3,5,Matches
48,Patrick Bamford,eng ENG,FW,Leeds United,30,1993,2.8,59,58,1,0,0,0,3,0,0,0,0,0,36,0,3,Matches
49,Raees Bangura-Williams,,"FW,MF",Millwall,,,6.8,143,140,1,0,3,0,2,0,1,0,0,0,99,2,7,Matches
50,Tamer Bani Odeh,jo JOR,"MF,FW",West Brom,20,2003,0.6,25,24,1,0,0,1,2,1,0,0,0,0,18,0,2,Matches
51,Barry Bannan,sct SCO,MF,Sheffield Weds,34,1989,38.5,2237,1971,254,161,7,17,148,11,80,42,23,5,1742,12,20,Matches
52,Jamal Baptiste,eng ENG,DF,Sheffield Utd,20,2003,0.1,3,2,1,0,0,0,0,1,0,0,0,0,2,0,0,Matches
53,Shandon Baptiste,gd GRN,MF,Luton Town,26,1998,8.0,350,315,31,14,3,4,32,3,13,6,7,0,275,4,7,Matches
54,Tom Barkhuizen,eng ENG,"FW,MF",Derby County,31,1993,4.5,165,155,9,0,0,0,13,8,0,0,0,0,118,1,5,Matches
55,Daniel Barlaser,tr TUR,MF,Middlesbrough,27,1997,12.8,1035,923,107,62,7,10,61,2,43,18,14,1,876,5,12,Matches
56,Ashley Barnes,eng ENG,"FW,MF",Norwich City,34,1989,1.9,35,32,2,1,1,0,0,1,0,0,0,0,25,1,1,Matches
57,Ashley Barnes,eng ENG,"FW,MF",Burnley,34,1989,1.5,32,31,1,1,0,0,1,0,0,0,0,0,17,0,3,Matches
58,Louie Barry,eng ENG,"FW,MF",Hull City,21,2003,1.8,60,49,11,0,0,0,12,0,8,8,0,0,36,0,1,Matches
59,Kyle Bartley,eng ENG,DF,West Brom,33,1991,29.0,1692,1570,121,86,2,16,1,4,0,0,0,0,1503,1,3,Matches
60,Norman Bassette,be BEL,FW,Coventry City,19,2004,10.1,83,77,6,0,1,2,11,2,0,0,0,0,50,0,3,Matches
61,Danny Batth,eng ENG,DF,Blackburn,33,1990,33.4,1549,1463,83,30,0,15,0,1,0,0,0,0,1237,3,7,Matches
62,Patrick Bauer,de GER,DF,Preston,31,1992,0.1,2,1,0,0,0,0,0,0,0,0,0,0,0,1,0,Matches
63,Vakoun Bayo,ci CIV,FW,Watford,27,1997,24.9,387,357,30,0,2,3,3,6,0,0,0,0,284,0,12,Matches
64,James Beadle,eng ENG,GK,Sheffield Weds,20,2004,38.0,1364,1033,326,121,0,1,0,0,0,0,0,0,958,5,1,Matches
65,Owen Beck,wls WAL,"DF,FW",Blackburn,21,2002,20.8,926,664,259,33,2,4,72,185,41,15,14,1,670,3,23,Matches
66,Chris Bedia,ci CIV,FW,Hull City,28,1996,10.2,92,71,21,0,0,0,0,0,0,0,0,0,78,0,3,Matches
67,Amari'i Bell,jm JAM,DF,Luton Town,30,1994,30.1,1230,1030,197,25,1,3,16,172,0,0,0,0,920,3,21,Matches
68,Sam Bell,eng ENG,"FW,DF",Bristol City,22,2002,4.9,149,139,8,0,0,0,15,5,2,0,0,0,102,2,6,Matches
69,Jobe Bellingham,eng ENG,MF,Sunderland,18,2005,39.0,1590,1555,33,30,7,8,10,1,0,0,0,0,1362,2,17,Matches
70,Bachir Belloumi,dz ALG,"FW,MF",Hull City,22,2002,9.1,342,290,49,1,3,2,58,5,43,9,5,0,216,3,9,Matches
71,Anis Ben Slimane,tn TUN,MF,Norwich City,23,2001,23.2,1191,1161,25,18,8,5,15,5,0,0,0,0,1007,5,23,Matches
72,Anis Ben Slimane,tn TUN,MF,Sheffield Utd,23,2001,0.5,27,26,1,0,0,0,0,0,1,0,0,0,22,0,0,Matches
73,Joe Bennett,eng ENG,DF,Oxford United,34,1990,8.3,384,307,77,10,1,0,2,67,0,0,0,0,305,0,9,Matches
74,Daniel Bennie,au AUS,"FW,MF",QPR,18,2006,2.4,73,61,10,0,0,0,5,8,0,0,0,0,45,2,1,Matches
75,Jóhann Berg Guðmundsson,is ISL,MF,Burnley,33,1990,0.2,10,10,0,0,0,0,0,0,0,0,0,0,5,0,0,Matches
76,Di'Shon Bernard,jm JAM,DF,Sheffield Weds,23,2000,24.8,1174,1088,85,31,2,1,2,17,0,0,0,0,1018,1,6,Matches
77,Kian Best,eng ENG,DF,Preston,18,2005,0.0,4,3,1,1,0,0,2,0,0,0,0,0,2,0,0,Matches
78,Florian Bianchini,fr FRA,FW,Swansea City,23,2001,12.3,240,202,37,1,1,0,24,2,6,0,5,0,171,1,8,Matches
79,Jake Bidwell,eng ENG,DF,Coventry City,31,1993,22.9,1111,862,244,8,1,1,84,236,0,0,0,0,807,5,30,Matches
80,Luis Binks,eng ENG,DF,Coventry City,22,2001,20.6,1398,1321,74,32,0,20,8,20,0,0,0,0,1162,3,4,Matches
81,Max Bird,eng ENG,MF,Bristol City,23,2000,38.7,1719,1547,165,50,18,5,124,6,84,50,19,2,1315,7,33,Matches
82,Colby Bishop,eng ENG,FW,Portsmouth,27,1996,29.2,701,686,10,0,0,2,9,0,0,0,0,0,349,5,18,Matches
83,Billy Blacker,eng ENG,MF,Sheffield Utd,18,2006,0.0,2,2,0,0,0,0,0,0,0,0,0,0,1,0,0,Matches
84,Corey Blackett-Taylor,eng ENG,"FW,MF",Derby County,26,1997,4.5,96,94,1,0,0,0,20,1,0,0,0,0,62,1,7,Matches
85,Harvey Blair,eng ENG,FW,Portsmouth,20,2003,3.3,30,30,0,0,0,0,6,0,0,0,0,0,19,0,2,Matches
86,Malachi Boateng,eng ENG,MF,Plymouth Argyle,22,2002,2.2,106,104,2,1,0,0,0,1,0,0,0,0,75,0,3,Matches
87,Eric Bocat,fr FRA,DF,Stoke City,25,1999,22.7,1099,852,243,8,1,0,61,234,1,1,0,0,808,4,18,Matches
88,Jayden Bogle,eng ENG,DF,Leeds United,24,2000,42.5,2333,1838,491,56,6,2,88,434,1,0,0,0,1788,4,71,Matches
89,Jonathan Bond,eng ENG,GK,Watford,31,1993,8.9,269,188,81,14,0,0,0,0,0,0,0,0,205,0,0,Matches
90,Neto Borges,br BRA,DF,Middlesbrough,27,1996,32.1,1654,1409,240,21,2,3,49,219,0,0,0,0,1387,5,26,Matches
91,Raphael Borges Rodrigues,au AUS,"MF,FW",Coventry City,20,2003,0.1,3,3,0,0,0,0,0,0,0,0,0,0,2,0,0,Matches
92,Josh Bowler,eng ENG,"FW,DF",Preston,25,1999,5.1,166,159,6,0,1,2,13,2,3,0,0,1,126,1,3,Matches
93,Josh Bowler,eng ENG,"MF,FW",Luton Town,25,1999,1.7,56,53,3,0,0,1,6,3,0,0,0,0,44,0,1,Matches
94,Sonny Bradley,eng ENG,DF,Derby County,32,1991,3.4,106,100,5,1,0,0,1,4,0,0,0,0,82,1,1,Matches
95,Tom Bradshaw,wls WAL,FW,Oxford United,32,1992,4.0,64,63,1,0,0,0,0,0,0,0,0,0,42,0,0,Matches
96,Tom Bradshaw,wls WAL,FW,Millwall,32,1992,5.0,55,53,1,0,0,0,1,0,0,0,0,0,37,1,0,Matches
97,Robbie Brady,ie IRL,"DF,FW",Preston,32,1992,18.2,935,776,150,29,6,8,134,66,54,38,8,0,598,9,30,Matches
98,Cohen Bramall,eng ENG,"DF,FW",Portsmouth,28,1996,5.1,220,177,42,2,0,0,19,40,0,0,0,0,147,1,6,Matches
99,Cameron Brannagan,eng ENG,MF,Oxford United,28,1996,32.2,1335,1247,83,47,2,17,63,3,33,10,21,0,1086,5,14,Matches
100,Ben Brereton,cl CHI,"FW,MF",Sheffield Utd,25,1999,10.9,293,289,3,1,1,1,10,1,1,0,0,0,208,1,11,Matches
101,Rhian Brewster,eng ENG,"MF,FW",Sheffield Utd,24,2000,17.3,413,377,33,6,4,3,30,6,7,5,1,0,313,3,12,Matches
102,Callum Brittain,eng ENG,DF,Blackburn,26,1998,29.5,1561,1251,299,27,3,9,123,262,10,7,2,0,1209,11,35,Matches
103,Andre Brooks,eng ENG,"FW,MF",Sheffield Utd,20,2003,10.6,303,286,16,1,0,2,16,9,4,1,0,0,245,1,3,Matches
104,Ciaron Brown,nir NIR,DF,Oxford United,26,1998,40.1,1972,1802,160,30,0,15,14,112,0,0,0,0,1497,10,23,Matches
105,Dajaune Brown,jm JAM,FW,Derby County,18,2005,4.3,56,55,1,0,1,0,1,0,0,0,0,0,37,0,2,Matches
106,Jacob Brown,sct SCO,"FW,MF",Luton Town,26,1998,13.5,223,221,1,0,1,0,12,0,0,0,0,0,143,1,10,Matches
107,Alan Browne,ie IRL,"MF,DF",Sunderland,29,1995,13.5,495,431,60,12,1,1,24,40,7,3,3,0,383,4,13,Matches
108,Josh Brownhill,eng ENG,"MF,FW",Burnley,28,1995,38.6,1726,1599,118,52,3,9,55,23,24,14,3,0,1372,9,39,Matches
109,Joe Bryan,eng ENG,DF,Millwall,30,1993,36.4,1818,1233,573,119,0,19,164,375,79,43,28,6,1306,12,37,Matches
110,Solomon Brynn,eng ENG,GK,Middlesbrough,23,2000,5.7,171,133,36,7,0,0,0,0,0,0,0,0,140,2,0,Matches
111,John Buckley,eng ENG,MF,Blackburn,24,1999,9.5,575,526,45,30,2,6,22,4,11,1,3,2,439,4,12,Matches
112,Mustapha Bundu,sl SLE,"FW,MF",Plymouth Argyle,27,1997,25.6,588,566,18,0,2,1,35,7,1,0,0,0,387,4,19,Matches
113,Wouter Burger,nl NED,MF,Stoke City,23,2001,33.4,1394,1353,26,18,11,7,20,6,0,0,0,0,1038,15,19,Matches
114,Delano Burgzorg,sr SUR,"FW,MF",Middlesbrough,25,1998,24.3,506,484,21,3,2,3,11,11,3,1,0,0,402,1,13,Matches
115,Reece Burke,eng ENG,DF,Luton Town,27,1996,9.5,360,298,58,2,0,1,14,56,0,0,0,0,240,4,7,Matches
116,Finley Burns,eng ENG,"DF,MF",Hull City,21,2003,3.5,122,109,13,6,0,1,0,0,0,0,0,0,100,0,3,Matches
117,Harrison Burrows,eng ENG,DF,Sheffield Utd,22,2002,38.4,1970,1549,416,64,2,1,213,249,103,77,9,1,1402,5,49,Matches
118,Mason Burstow,eng ENG,"FW,MF",Hull City,20,2003,10.6,303,292,8,0,2,8,15,2,1,0,0,0,214,3,11,Matches
119,Sam Byram,eng ENG,DF,Leeds United,30,1993,15.7,943,767,171,13,1,2,18,158,0,0,0,0,765,5,23,Matches
120,Ben Cabango,wls WAL,DF,Swansea City,24,2000,44.8,3315,3100,202,84,2,16,4,28,0,0,0,0,2853,13,16,Matches
121,Tyrese Campbell,eng ENG,FW,Sheffield Utd,24,1999,17.6,290,280,10,0,0,6,16,0,0,0,0,0,211,0,12,Matches
122,Thomas Cannon,ie IRL,FW,Stoke City,21,2002,20.6,274,253,19,0,1,0,12,0,0,0,0,0,161,2,13,Matches
123,Thomas Cannon,ie IRL,FW,Sheffield Utd,21,2002,7.6,88,82,6,0,0,0,3,0,0,0,0,0,62,0,4,Matches
124,Todd Cantwell,eng ENG,"MF,FW",Blackburn,26,1998,27.5,1350,1166,171,61,12,13,137,14,79,34,31,5,1016,13,21,Matches
125,Theo Carroll,eng ENG,MF,Preston,17,2007,0.0,6,5,1,0,0,0,1,1,0,0,0,0,4,0,0,Matches
126,Hayden Carter,eng ENG,DF,Blackburn,24,1999,15.1,848,772,72,7,0,9,13,65,0,0,0,0,686,4,9,Matches
127,Eiran Cashin,ie IRL,DF,Derby County,22,2001,19.8,1086,1015,68,16,1,22,7,47,0,0,0,0,857,3,12,Matches
128,Žan Celar,si SVN,FW,QPR,25,1999,10.5,124,106,18,0,0,0,3,1,0,0,0,0,88,0,2,Matches
129,Ilias Chair,ma MAR,"MF,FW",QPR,26,1997,18.9,843,718,122,32,2,5,115,20,48,23,18,2,618,3,18,Matches
130,Giorgi Chakvetadze,ge GEO,"MF,FW",Watford,24,1999,36.5,1563,1332,217,51,12,15,175,33,100,81,7,0,1221,14,31,Matches
131,Nathaniel Chalobah,eng ENG,MF,Sheffield Weds,29,1994,4.9,237,229,8,7,0,0,3,0,0,0,0,0,189,0,7,Matches
132,Calum Chambers,eng ENG,"DF,MF",Cardiff City,29,1995,39.0,2110,2034,65,33,2,5,20,20,1,0,0,0,1707,11,26,Matches
133,Samuel Chambers,eng ENG,FW,Leeds United,16,2007,0.2,2,2,0,0,0,0,0,0,0,0,0,0,2,0,0,Matches
134,Pierce Charles,nir NIR,GK,Sheffield Weds,19,2005,8.0,337,277,60,21,0,0,0,0,0,0,0,0,265,0,1,Matches
135,Shea Charles,nir NIR,"MF,DF",Sheffield Weds,20,2003,40.3,1975,1763,207,72,4,8,162,24,109,39,49,3,1559,5,28,Matches
136,Tawanda Chirewa,zw ZIM,MF,Derby County,20,2003,1.7,49,49,0,0,0,1,0,0,0,0,0,0,38,0,3,Matches
137,Tahith Chong,cw CUW,"MF,DF",Luton Town,24,1999,22.5,627,553,73,2,0,1,58,48,1,0,1,0,469,1,29,Matches
138,Hamza Choudhury,bd BAN,"MF,DF",Sheffield Utd,26,1997,12.3,609,556,52,10,0,1,5,42,0,0,0,0,490,1,16,Matches
139,Benjamin Chrisene,eng ENG,DF,Norwich City,20,2004,12.8,664,540,122,9,1,0,21,113,0,0,0,0,559,2,14,Matches
140,Cyrus Christie,ie IRL,DF,Swansea City,31,1992,3.1,237,204,28,3,0,0,2,21,1,0,1,0,189,5,3,Matches
141,Dennis Cirkin,eng ENG,DF,Sunderland,22,2002,30.4,1390,1105,283,31,0,0,55,252,0,0,0,0,1073,2,39,Matches
142,Ibrahim Cissoko,nl NED,"FW,MF",Plymouth Argyle,21,2003,7.3,208,203,5,0,0,1,22,4,1,1,0,0,148,0,11,Matches
143,Ibrahim Cissoko,nl NED,"FW,MF",Sheffield Weds,21,2003,0.6,23,23,0,0,0,0,2,0,0,0,0,0,20,0,0,Matches
144,Jordan Clark,eng ENG,MF,Luton Town,30,1993,35.9,1316,1101,202,86,5,12,158,22,74,41,28,0,933,13,29,Matches
145,Harry Clarke,eng ENG,DF,Sheffield Utd,23,2001,5.2,241,187,53,5,0,1,9,48,0,0,0,0,183,1,4,Matches
146,Jack Clarke,eng ENG,FW,Sunderland,23,2000,2.0,68,54,12,5,0,0,7,3,4,0,2,0,52,2,0,Matches
147,Matthew Clarke,eng ENG,DF,Derby County,27,1996,15.2,604,532,68,7,0,7,2,56,0,0,0,0,415,4,4,Matches
148,Matthew Clarke,eng ENG,DF,Middlesbrough,27,1996,12.4,828,778,47,20,0,15,4,6,0,0,0,0,728,3,2,Matches
149,Jake Clarke-Salter,eng ENG,DF,QPR,26,1997,8.4,410,366,41,18,1,0,2,14,0,0,0,0,345,3,3,Matches
150,Josh Coburn,eng ENG,MF,Middlesbrough,21,2002,0.1,1,1,0,0,0,0,0,0,0,0,0,0,1,0,0,Matches
151,Josh Coburn,eng ENG,FW,Millwall,21,2002,13.5,190,184,3,0,0,0,8,0,0,0,0,0,99,3,13,Matches
152,Jack Colback,eng ENG,MF,QPR,34,1989,16.1,671,629,40,23,0,1,7,9,0,0,0,0,585,2,10,Matches
153,Devante Cole,eng ENG,"FW,MF",West Brom,29,1995,1.8,42,39,3,0,0,0,1,1,0,0,0,0,26,0,2,Matches
154,Bradley Collins,eng ENG,GK,Coventry City,27,1997,14.6,507,364,141,51,0,0,0,0,0,0,0,0,346,2,0,Matches
155,James Collins,ie IRL,"FW,MF",Derby County,33,1990,2.5,66,60,6,0,0,0,1,2,0,0,0,0,42,0,5,Matches
156,Jamilu Collins,ng NGA,DF,Cardiff City,29,1994,1.8,80,66,14,4,0,1,4,10,0,0,0,0,52,0,5,Matches
157,Rubin Colwill,wls WAL,"MF,FW",Cardiff City,22,2002,28.0,1058,1005,48,15,5,10,77,4,13,5,4,0,813,5,42,Matches
158,Aaron Connolly,ie IRL,"FW,MF",Sunderland,24,2000,2.7,18,16,1,0,0,0,0,0,0,0,0,0,10,1,0,Matches
159,Aaron Connolly,ie IRL,"FW,MF",Millwall,24,2000,7.3,144,137,6,2,1,2,7,4,0,0,0,0,100,1,4,Matches
160,Tommy Conway,sct SCO,"FW,MF",Middlesbrough,21,2002,26.2,519,442,76,6,0,1,15,11,13,0,0,0,437,1,22,Matches
161,Steve Cook,eng ENG,DF,QPR,33,1991,29.1,1444,1332,104,41,1,13,19,19,0,0,0,0,1110,8,14,Matches
162,Jake Cooper,eng ENG,DF,Millwall,29,1995,35.5,1351,1314,25,23,1,25,1,2,0,0,0,0,1006,12,9,Matches
163,Michael Cooper,eng ENG,GK,Sheffield Utd,24,1999,43.0,1657,1302,346,123,0,7,0,0,0,0,0,0,1207,9,0,Matches
164,Oliver Cooper,wls WAL,"MF,FW",Swansea City,24,1999,11.6,312,299,12,5,2,1,17,7,0,0,0,0,242,1,15,Matches
165,José Cordoba,pa PAN,DF,Norwich City,23,2001,23.4,1967,1878,85,43,1,3,3,8,0,0,0,0,1773,4,11,Matches
166,David Cornell,wls WAL,GK,Preston,33,1991,9.0,336,234,102,27,0,0,0,0,0,0,0,0,223,0,0,Matches
167,Harry Cornick,eng ENG,"FW,MF",Bristol City,29,1995,0.4,14,13,1,0,0,0,0,1,0,0,0,0,6,0,2,Matches
168,Lewie Coyle,eng ENG,DF,Hull City,28,1995,41.3,2532,2014,509,71,3,11,166,438,0,0,0,0,1950,9,44,Matches
169,Amario Cozier-Duberry,eng ENG,"FW,MF",Blackburn,19,2005,8.0,248,238,7,1,0,1,16,2,2,1,0,0,198,3,5,Matches
170,Tristan Crama,fr FRA,DF,Millwall,22,2001,18.2,786,611,171,1,1,0,51,170,0,0,0,0,466,4,15,Matches
171,Charlie Crew,wls WAL,MF,Leeds United,18,2006,0.1,6,6,0,0,0,0,0,0,0,0,0,0,5,0,0,Matches
172,Ante Crnac,hr CRO,FW,Norwich City,20,2003,27.7,507,482,21,0,4,2,9,14,0,0,0,0,371,4,24,Matches
173,Matt Crooks,eng ENG,"MF,FW",Hull City,30,1994,8.8,274,269,4,2,2,1,1,0,0,0,0,0,208,1,7,Matches
174,Josh Cullen,ie IRL,MF,Burnley,28,1996,42.2,2821,2720,92,79,6,10,38,5,8,3,4,0,2476,9,22,Matches
175,Liam Cullen,wls WAL,"MF,FW",Swansea City,25,1999,33.3,763,717,41,4,7,0,15,8,0,0,0,0,585,5,19,Matches
176,Jamie Cumming,eng ENG,GK,Oxford United,24,1999,45.0,1834,1348,478,152,0,0,0,0,0,0,0,0,1179,8,1,Matches
177,Luke Cundle,eng ENG,"MF,FW",Millwall,22,2002,10.9,288,285,1,0,0,1,3,1,0,0,0,0,223,2,7,Matches
178,Jesper Daland,no NOR,DF,Cardiff City,24,2000,15.9,577,555,20,8,0,1,4,9,0,0,0,0,485,2,4,Matches
179,Owen Dale,eng ENG,"MF,FW",Oxford United,25,1998,3.9,106,103,3,0,1,4,7,2,1,1,0,0,78,0,3,Matches
180,Harry Darling,eng ENG,DF,Swansea City,24,1999,37.1,2412,2316,87,77,6,24,2,7,0,0,0,0,2108,9,8,Matches
181,Karl Darlow,wls WAL,GK,Leeds United,33,1990,7.0,231,179,51,18,0,1,0,0,0,0,0,0,177,1,0,Matches
182,Jay Dasilva,wls WAL,DF,Coventry City,26,1998,20.1,1144,938,199,10,0,2,49,189,0,0,0,0,926,7,16,Matches
183,Adam Davies,wls WAL,GK,Sheffield Utd,32,1992,3.0,97,72,24,7,0,0,0,0,0,0,0,0,73,1,0,Matches
184,Isaak Davies,wls WAL,"FW,MF",Cardiff City,22,2001,3.2,64,63,1,0,0,0,10,1,0,0,0,0,38,0,5,Matches
185,Tom Davies,eng ENG,MF,Sheffield Utd,26,1998,7.5,373,367,6,3,0,4,5,0,3,0,0,0,324,0,5,Matches
186,James Debayo,eng ENG,DF,Leeds United,19,2005,0.0,0,0,0,0,0,0,0,0,0,0,0,0,0,0,0,Matches
187,Hannes Delcroix,ht HAI,DF,Swansea City,25,1999,9.9,579,554,22,6,0,1,1,16,0,0,0,0,493,3,5,Matches
188,Tom Dele-Bashiru,ng NGA,MF,Watford,24,1999,22.9,1082,1061,19,15,2,2,3,0,1,0,0,0,985,2,13,Matches
189,Karamoko Dembélé,eng ENG,"FW,MF",QPR,21,2003,13.2,401,342,56,18,4,2,57,2,32,26,3,0,282,3,5,Matches
190,Siriki Dembélé,ci CIV,"FW,MF",Oxford United,27,1996,15.2,340,303,32,8,3,2,37,4,15,7,8,0,234,5,15,Matches
191,Rav van den Berg,nl NED,DF,Middlesbrough,20,2004,23.6,1468,1424,40,19,2,3,1,11,0,0,0,0,1354,4,4,Matches
192,Emmanuel Dennis,ng NGA,"FW,MF",Blackburn,26,1997,1.8,61,59,2,0,0,0,2,1,1,0,0,0,53,0,0,Matches
193,Terry Devlin,nir NIR,"DF,MF",Portsmouth,20,2003,17.4,757,584,171,10,1,0,20,161,0,0,0,0,477,2,22,Matches
194,Ousmane Diakité,ml MLI,"MF,DF",West Brom,24,2000,9.6,376,371,5,5,1,3,0,0,0,0,0,0,322,0,6,Matches
195,Grady Diangana,cd COD,"FW,MF",West Brom,26,1998,16.6,596,576,16,7,15,1,13,5,2,0,0,0,473,4,16,Matches
196,Robert Dickie,eng ENG,DF,Bristol City,28,1996,34.7,1984,1871,108,35,0,3,0,6,0,0,0,0,1666,5,6,Matches
197,Seny Dieng,sn SEN,GK,Middlesbrough,29,1994,17.0,548,442,104,27,0,0,0,0,0,0,0,0,435,2,0,Matches
198,Anfernee Dijksteel,sr SUR,DF,Middlesbrough,27,1996,28.1,1805,1481,322,35,2,5,20,287,0,0,0,0,1538,2,40,Matches
199,Daryl Dike,us USA,"FW,MF",West Brom,24,2000,2.5,41,40,1,0,2,1,0,0,0,0,0,0,23,0,3,Matches
200,Jaden Dixon,eng ENG,"FW,DF",Stoke City,17,2007,0.1,7,4,3,1,0,0,0,2,0,0,0,0,7,0,0,Matches
201,Elijah Dixon-Bonner,eng ENG,"MF,FW",QPR,23,2001,0.1,11,11,0,0,0,0,0,0,0,0,0,0,8,0,0,Matches
202,Lewis Dobbin,eng ENG,FW,Norwich City,21,2003,7.1,188,187,1,1,0,0,9,0,0,0,0,0,147,0,4,Matches
203,Lewis Dobbin,eng ENG,"FW,MF",West Brom,21,2003,3.8,102,101,1,0,0,0,4,1,0,0,0,0,77,0,3,Matches
204,Tyrhys Dolan,eng ENG,"FW,MF",Blackburn,22,2001,35.3,1018,978,35,2,4,4,66,5,8,3,0,0,776,5,42,Matches
205,Alfie Doughty,eng ENG,"DF,MF",Luton Town,24,1999,22.6,1185,808,370,91,1,10,275,156,123,53,63,0,753,7,40,Matches
206,Mamadou Doumbia,ml MLI,FW,Watford,18,2006,10.8,162,144,17,0,0,0,2,0,0,0,0,0,116,1,3,Matches
207,Oliver Dovin,se SWE,GK,Coventry City,22,2002,27.4,947,713,234,84,0,2,0,0,0,0,0,0,712,0,0,Matches
208,Callum Doyle,eng ENG,DF,Norwich City,20,2003,38.2,3247,2992,244,70,12,31,49,137,1,0,0,0,2750,11,38,Matches
209,Andre Dozzell,eng ENG,MF,Portsmouth,25,1999,31.3,983,879,103,25,0,3,49,0,20,17,1,0,748,1,17,Matches
210,Cody Drameh,eng ENG,DF,Hull City,22,2001,18.3,1214,1022,190,37,0,8,27,153,0,0,0,0,990,2,15,Matches
211,Shane Duffy,ie IRL,DF,Norwich City,32,1992,44.9,3423,3268,150,79,0,29,4,22,0,0,0,0,3038,5,18,Matches
212,Jimmy Dunne,ie IRL,DF,QPR,26,1997,45.0,2422,2031,382,55,0,2,40,320,0,0,0,0,1769,9,29,Matches
213,Leonard Duru,eng ENG,DF,Blackburn,19,2005,0.0,0,0,0,0,0,0,0,0,0,0,0,0,0,0,0,Matches
214,Pierre Dwomoh,be BEL,MF,Watford,20,2004,5.9,231,227,4,4,3,0,1,0,0,0,0,0,185,0,5,Matches
215,Lyndon Dykes,sct SCO,FW,QPR,28,1995,0.1,4,4,0,0,0,0,0,0,0,0,0,0,1,0,1,Matches
216,George Earthy,eng ENG,"MF,FW",Bristol City,19,2004,16.2,607,568,35,5,2,1,24,12,12,1,1,0,502,4,21,Matches
217,Malcolm Ebiowei,eng ENG,MF,Oxford United,20,2003,0.8,16,16,0,0,0,1,3,0,0,0,0,0,10,0,0,Matches
218,Festy Ebosele,ie IRL,"DF,MF",Watford,21,2002,8.4,338,283,55,4,1,1,18,51,0,0,0,0,233,0,6,Matches
219,Josh Eccles,eng ENG,MF,Coventry City,24,2000,26.0,1289,1235,49,27,6,12,40,8,13,8,0,0,1029,5,29,Matches
220,George Edmundson,eng ENG,DF,Middlesbrough,26,1997,23.2,1498,1439,55,34,0,3,0,3,1,0,0,0,1343,4,6,Matches
221,Joe Edwards,eng ENG,DF,Plymouth Argyle,33,1990,12.6,584,475,108,12,0,1,4,95,1,0,0,0,458,1,10,Matches
222,Kyle Edwards,eng ENG,"MF,FW",Oxford United,26,1998,2.2,73,70,3,0,0,0,8,3,0,0,0,0,55,0,3,Matches
223,Marcus Edwards,eng ENG,"FW,MF",Burnley,25,1998,10.4,378,354,21,6,3,2,25,1,14,7,0,0,296,3,15,Matches
224,Ronnie Edwards,eng ENG,"DF,MF",QPR,21,2003,20.2,1046,1008,38,19,0,5,2,15,0,0,0,0,901,0,7,Matches
225,John Egan,ie IRL,DF,Burnley,31,1992,1.8,82,79,3,3,0,1,0,0,0,0,0,0,73,0,1,Matches
226,John Egan,ie IRL,DF,Hull City,31,1992,8.1,318,302,15,14,0,1,0,0,0,0,0,0,258,1,1,Matches
227,CJ Egan-Riley,eng ENG,DF,Burnley,21,2003,40.0,2852,2760,89,75,3,41,3,11,0,0,0,0,2459,3,12,Matches
228,Callum Elder,au AUS,DF,Derby County,29,1995,23.9,1082,815,265,21,0,1,115,208,35,29,4,0,733,2,30,Matches
229,Aidomo Emakhu,ie IRL,"FW,MF",Millwall,20,2003,7.7,163,161,1,0,2,0,25,0,1,0,0,0,105,1,10,Matches
230,Lukas Engel,dk DEN,DF,Middlesbrough,25,1998,4.1,284,243,39,6,0,3,19,33,0,0,0,0,214,2,5,Matches
231,Niall Ennis,eng ENG,FW,Stoke City,25,1999,2.2,34,32,2,0,0,0,1,0,0,0,0,0,22,0,2,Matches
232,Romain Esse,eng ENG,"FW,MF",Millwall,19,2005,22.4,572,563,4,1,5,4,69,2,1,0,1,0,356,5,26,Matches
233,Maxime Estève,fr FRA,DF,Burnley,22,2002,45.1,3089,2956,128,68,1,20,5,4,0,0,0,0,2789,5,16,Matches
234,Oscar Estupiñan,co COL,FW,Hull City,27,1996,1.6,20,16,4,0,0,0,0,0,0,0,0,0,12,0,0,Matches
235,Ched Evans,wls WAL,"FW,MF",Preston,35,1988,1.1,34,33,1,0,0,0,2,1,0,0,0,0,24,0,1,Matches
236,George Evans,eng ENG,GK,Millwall,19,2005,4.0,112,64,48,17,0,0,0,0,0,0,0,0,59,0,0,Matches
237,Milan van Ewijk,nl NED,DF,Coventry City,23,2000,44.6,2310,1874,433,24,1,10,131,409,0,0,0,0,1763,3,53,Matches
238,Malachi Fagan-Walcott,eng ENG,DF,Cardiff City,22,2002,0.3,10,10,0,0,0,0,0,0,0,0,0,0,9,0,0,Matches
239,Akin Famewo,eng ENG,DF,Sheffield Weds,25,1998,10.4,479,438,40,11,2,4,0,10,0,0,0,0,383,1,3,Matches
240,Lamine Fanne,es ESP,"MF,FW",Luton Town,20,2004,6.5,131,130,1,1,0,0,4,0,0,0,0,0,91,0,8,Matches
241,Jacob Farrell,au AUS,DF,Portsmouth,21,2002,1.0,42,36,6,3,0,0,2,3,0,0,0,0,30,0,3,Matches
242,Christian Fassnacht,ch SUI,"FW,DF",Norwich City,30,1993,0.9,28,25,2,0,0,0,1,2,0,0,0,0,20,1,0,Matches
243,Tom Fellows,eng ENG,"FW,MF",West Brom,21,2003,31.9,776,775,1,0,1,1,128,1,0,0,0,0,605,0,27,Matches
244,Marselino Ferdinan,id IDN,MF,Oxford United,19,2004,0.2,5,5,0,0,0,0,0,0,0,0,0,0,5,0,0,Matches
245,Sam Field,eng ENG,MF,QPR,26,1998,32.3,1110,1048,55,37,0,0,6,15,1,0,0,0,878,7,17,Matches
246,Tegan Finn,,MF,Plymouth Argyle,,,1.6,28,28,0,0,0,0,3,0,0,0,0,0,16,0,1,Matches
247,Junior Firpo,do DOM,DF,Leeds United,27,1996,29.1,1840,1531,301,24,2,4,63,277,0,0,0,0,1485,8,54,Matches
248,Will Fish,eng ENG,DF,Cardiff City,21,2003,15.3,539,529,10,8,0,6,3,1,0,0,0,0,433,0,5,Matches
249,Kellen Fisher,eng ENG,"DF,MF",Norwich City,20,2004,29.9,1648,1440,207,29,2,5,48,178,0,0,0,0,1429,1,26,Matches
250,Zian Flemming,nl NED,FW,Burnley,25,1998,26.9,404,394,8,2,0,1,9,1,0,0,0,0,278,2,9,Matches
251,Tyrese Fornah,sl SLE,MF,Derby County,24,1999,0.1,3,3,0,0,0,0,0,0,0,0,0,0,2,0,1,Matches
252,Adam Forshaw,eng ENG,MF,Plymouth Argyle,32,1991,7.6,339,314,22,10,0,5,8,4,1,1,0,0,283,3,7,Matches
253,Adam Forshaw,eng ENG,MF,Blackburn,32,1991,6.3,307,294,13,6,1,5,3,3,0,0,0,0,255,0,3,Matches
254,Amankwah Forson,gh GHA,"MF,FW",Norwich City,21,2002,8.1,248,240,6,4,6,3,8,0,0,0,0,0,190,2,5,Matches
255,Marcus Forss,fi FIN,FW,Middlesbrough,25,1999,7.4,147,141,5,0,0,0,10,1,0,0,0,0,101,1,5,Matches
256,Craig Forsyth,sct SCO,DF,Derby County,35,1989,28.4,1317,1088,216,32,0,12,35,178,0,0,0,0,914,13,17,Matches
257,Gabriel Forsyth,sct SCO,"MF,FW",Norwich City,17,2006,1.8,94,85,8,2,0,1,11,2,3,1,2,0,73,1,2,Matches
258,Lyle Foster,za RSA,FW,Burnley,23,2000,17.7,424,419,4,1,0,4,5,1,0,0,0,0,323,1,10,Matches
259,Morgan Fox,wls WAL,DF,QPR,30,1993,14.9,783,695,83,24,0,7,6,37,0,0,0,0,623,5,11,Matches
260,Gianluca Frabotta,it ITA,DF,West Brom,25,1999,0.7,42,33,9,1,0,0,3,8,0,0,0,0,27,0,2,Matches
261,Gonçalo Franco,pt POR,MF,Swansea City,23,2000,34.9,1493,1457,30,15,7,7,34,15,0,0,0,0,1192,6,42,Matches
262,Michael Frey,ch SUI,FW,QPR,30,1994,19.8,411,395,13,0,0,3,4,2,0,0,0,0,262,3,22,Matches
263,Dael Fry,eng ENG,DF,Middlesbrough,26,1997,15.7,1082,1053,27,14,0,3,0,3,0,0,0,0,975,2,0,Matches
264,Mads Frøkjær-Jensen,dk DEN,"FW,MF",Preston,25,1999,26.2,1067,987,75,5,10,3,54,39,5,4,1,0,776,5,35,Matches
265,Leo Fuhr Hjelde,no NOR,DF,Sunderland,20,2003,4.6,243,205,37,4,0,0,6,33,0,0,0,0,181,1,2,Matches
266,Jay Fulton,sct SCO,MF,Swansea City,30,1994,14.3,555,523,32,23,3,1,5,1,1,0,0,0,451,0,10,Matches
267,Darnell Furlong,eng ENG,DF,West Brom,28,1995,41.2,2159,1742,411,37,6,7,83,374,0,0,0,0,1585,6,36,Matches
268,Sam Gallagher,eng ENG,"FW,MF",Stoke City,28,1995,11.4,184,179,3,0,1,0,7,1,0,0,0,0,85,2,7,Matches
269,Brendan Galloway,zw ZIM,DF,Plymouth Argyle,28,1996,10.9,465,394,68,15,0,0,6,49,0,0,0,0,359,3,18,Matches
270,Ben Gannon-Doak,sct SCO,FW,Middlesbrough,18,2005,19.8,681,674,6,0,1,2,52,2,4,0,0,0,539,1,27,Matches
271,Djeidi Gassama,fr FRA,"MF,FW",Sheffield Weds,20,2003,33.1,755,740,12,4,0,3,44,7,0,0,0,0,554,3,34,Matches
272,Joe Gelhardt,eng ENG,"FW,MF",Leeds United,22,2002,0.1,6,6,0,0,0,0,0,0,0,0,0,0,3,0,0,Matches
273,Joe Gelhardt,eng ENG,"FW,MF",Hull City,22,2002,17.7,480,429,47,8,4,4,57,5,24,20,1,1,315,4,23,Matches
274,Anwar El Ghazi,nl NED,FW,Cardiff City,29,1995,13.1,347,333,14,4,1,0,37,7,2,1,1,0,233,0,19,Matches
275,Liam Gibbs,eng ENG,"MF,FW",Norwich City,21,2002,2.4,102,92,10,1,0,0,11,5,2,1,1,0,83,0,3,Matches
276,Ben Gibson,eng ENG,DF,Stoke City,31,1993,21.6,1433,1308,120,57,3,6,0,5,0,0,0,0,1195,5,8,Matches
277,Lewis Gibson,eng ENG,DF,Preston,24,2000,18.2,934,834,100,13,0,6,7,74,0,0,0,0,732,0,8,Matches
278,Lewis Gibson,eng ENG,DF,Plymouth Argyle,24,2000,18.0,1156,1091,63,32,0,13,3,5,0,0,0,0,1008,2,3,Matches
279,Alexander Gilbert,ie IRL,MF,Middlesbrough,22,2001,0.9,68,67,1,0,0,0,5,1,0,0,0,0,51,0,5,Matches
280,Alfie Gilchrist,eng ENG,DF,Sheffield Utd,20,2003,23.4,1152,953,199,23,1,1,22,176,0,0,0,0,927,0,17,Matches
281,Ryan Giles,eng ENG,DF,Middlesbrough,24,2000,3.4,201,155,45,2,0,0,19,43,0,0,0,0,139,1,6,Matches
282,Ryan Giles,eng ENG,DF,Hull City,24,2000,10.0,629,513,113,8,0,3,60,93,12,4,8,0,483,3,20,Matches
283,Josh Ginnelly,eng ENG,FW,Swansea City,27,1997,0.4,26,25,1,0,0,0,5,0,1,0,0,0,20,0,1,Matches
284,Tom Glover,au AUS,GK,Middlesbrough,26,1997,6.3,238,185,50,13,0,0,0,1,0,0,0,0,159,3,0,Matches
285,Wilfried Gnonto,it ITA,FW,Leeds United,20,2003,25.3,969,955,11,4,9,5,45,7,0,0,0,0,753,3,41,Matches
286,Lynden Gooch,us USA,"DF,FW",Stoke City,28,1995,11.5,460,365,92,10,1,3,66,77,5,4,1,0,283,3,26,Matches
287,Tyler Goodhram,eng ENG,"MF,FW",Oxford United,20,2003,33.9,1026,910,111,22,2,13,96,9,61,28,28,1,745,5,29,Matches
288,Will Goodwin,eng ENG,"FW,MF",Oxford United,22,2002,0.3,5,5,0,0,0,0,0,0,0,0,0,0,2,0,0,Matches
289,Kaide Gordon,eng ENG,"FW,MF",Norwich City,19,2004,2.0,75,69,6,0,0,1,7,4,1,0,0,0,61,0,2,Matches
290,Kaide Gordon,eng ENG,"FW,MF",Portsmouth,19,2004,1.7,48,45,2,0,0,0,8,1,1,1,0,0,29,1,2,Matches
291,Kenzo Goudmijn,nl NED,MF,Derby County,22,2001,25.8,1006,886,114,49,2,15,93,16,32,11,15,2,705,6,27,Matches
292,Dimitris Goutas,gr GRE,DF,Cardiff City,30,1994,32.4,1441,1369,66,32,0,11,1,2,0,0,0,0,1189,6,6,Matches
293,Karlan Grant,eng ENG,"FW,MF",West Brom,26,1997,32.6,1014,946,63,7,4,7,106,18,18,11,3,0,718,5,49,Matches
294,Andre Gray,jm JAM,FW,Plymouth Argyle,33,1991,6.1,92,86,4,1,0,1,4,0,0,0,0,0,51,2,7,Matches
295,Harry Gray,eng ENG,MF,Leeds United,15,2008,0.1,0,0,0,0,0,0,0,0,0,0,0,0,0,0,0,Matches
296,Sam Greenwood,eng ENG,"FW,MF",Preston,22,2002,27.0,784,649,129,46,5,5,135,4,48,26,14,0,498,6,36,Matches
297,Joshua Griffiths,eng ENG,GK,West Brom,22,2001,6.0,198,160,37,11,0,0,0,0,0,0,0,0,141,1,0,Matches
298,Matt Grimes,eng ENG,MF,Coventry City,29,1995,15.2,1101,983,113,59,0,7,57,2,30,14,15,1,962,5,3,Matches
299,Matt Grimes,eng ENG,MF,Swansea City,29,1995,29.0,2674,2456,204,167,5,6,103,7,30,19,4,1,2349,14,22,Matches
300,Daniel Grimshaw,eng ENG,GK,Plymouth Argyle,26,1998,21.0,1071,828,238,83,0,1,0,0,0,0,0,0,692,5,3,Matches
301,Ilia Gruev,bg BUL,MF,Leeds United,24,2000,18.9,1405,1287,115,46,4,0,79,1,68,43,18,0,1217,3,13,Matches
302,Makhtar Gueye,sn SEN,FW,Blackburn,26,1997,24.4,519,504,10,0,5,6,11,1,0,0,0,0,275,5,14,Matches
303,Josuha Guilavogui,fr FRA,"MF,DF",Leeds United,33,1990,0.7,102,101,1,1,0,1,0,0,0,0,0,0,91,0,3,Matches
304,Angus Gunn,sct SCO,GK,Norwich City,28,1996,34.5,1367,1144,221,68,0,1,0,0,0,0,0,0,1103,2,0,Matches
305,Darko Gyabi,eng ENG,MF,Plymouth Argyle,20,2004,31.6,892,882,10,10,3,6,6,0,0,0,0,0,721,0,17,Matches
306,Hayden Hackney,eng ENG,MF,Middlesbrough,22,2002,42.1,3135,3018,98,68,16,18,32,8,5,4,1,0,2625,19,49,Matches
307,Rami Al Hajj,se SWE,MF,Plymouth Argyle,22,2001,15.3,533,522,9,1,4,2,7,2,4,2,1,0,435,2,10,Matches
308,Ali Al Hamadi,iq IRQ,FW,Stoke City,22,2002,9.2,152,137,13,0,0,1,3,1,0,0,0,0,100,2,8,Matches
309,Gustavo Hamer,nl NED,"FW,MF",Sheffield Utd,27,1997,34.7,1569,1383,171,67,27,24,142,14,80,54,14,1,1057,15,28,Matches
310,Micah Hamilton,eng ENG,FW,Middlesbrough,20,2003,3.5,168,164,4,1,1,0,5,3,0,0,0,0,147,0,6,Matches
311,Grant Hanley,sct SCO,DF,Norwich City,32,1991,0.9,40,37,3,1,0,0,0,0,0,0,0,0,38,0,0,Matches
312,Ryan Hardie,sct SCO,"FW,MF",Plymouth Argyle,27,1997,25.2,251,231,20,0,1,2,14,4,0,0,0,0,149,0,19,Matches
313,Wes Harding,jm JAM,DF,Millwall,27,1996,2.1,102,72,30,0,0,0,7,30,0,0,0,0,56,0,9,Matches
314,Marcus Harness,eng ENG,"MF,FW",Derby County,28,1996,26.2,703,630,67,23,0,3,89,0,34,15,18,0,421,6,43,Matches
315,Mark Harris,wls WAL,FW,Oxford United,25,1998,32.1,424,402,20,2,1,0,4,4,0,0,0,0,304,2,15,Matches
316,Daiki Hashioka,jp JPN,DF,Luton Town,25,1999,13.4,508,403,103,4,0,0,24,99,0,0,0,0,328,2,13,Matches
317,Joseph Hatch,wls WAL,MF,Plymouth Argyle,17,2006,0.0,0,0,0,0,0,0,0,0,0,0,0,0,0,0,0,Matches
318,Ryo Hatsuse,jp JPN,"DF,MF",Sheffield Weds,27,1997,3.9,198,149,46,9,0,1,19,35,2,1,1,0,132,3,4,Matches
319,Isaac Hayden,jm JAM,MF,Portsmouth,29,1995,10.4,351,329,21,15,0,1,12,0,0,0,0,0,257,1,5,Matches
320,Conor Hazard,nir NIR,GK,Plymouth Argyle,26,1998,25.0,925,553,367,130,0,0,0,0,0,0,0,0,453,5,0,Matches
321,Ryan Hedges,wls WAL,FW,Blackburn,29,1995,28.5,917,860,54,7,2,4,79,35,10,6,2,0,636,3,37,Matches
322,Torbjørn Heggem,no NOR,DF,West Brom,25,1999,44.6,2459,2243,210,43,0,7,29,141,0,0,0,0,2136,6,25,Matches
323,Michał Helik,pl POL,DF,Oxford United,28,1995,20.0,810,753,57,26,1,6,2,2,0,0,0,0,645,0,6,Matches
324,Onel Hernández,cu CUB,"FW,MF",Norwich City,31,1993,7.1,175,168,7,0,0,0,29,4,0,0,0,0,118,0,15,Matches
325,Brad Hills,eng ENG,DF,Norwich City,20,2004,0.2,27,26,1,0,0,0,0,0,0,0,0,0,25,0,0,Matches
326,Yu Hirakawa,jp JPN,"FW,MF",Bristol City,23,2001,18.4,620,576,43,8,2,4,84,15,20,8,7,0,472,1,17,Matches
327,Václav Hladký,cz CZE,GK,Burnley,33,1990,1.0,38,32,6,3,0,0,0,0,0,0,0,0,32,0,0,Matches
328,Rob Holding,eng ENG,DF,Sheffield Utd,28,1995,4.7,263,254,8,4,0,9,1,3,0,0,0,0,226,1,3,Matches
329,Mason Holgate,jm JAM,DF,West Brom,27,1996,22.0,1236,1138,94,53,2,1,9,38,0,0,0,0,1064,4,2,Matches
330,Duane Holmes,us USA,"MF,FW",Preston,29,1994,9.3,351,305,41,5,6,2,24,33,0,0,0,0,250,5,15,Matches
331,Tom Holmes,eng ENG,DF,Luton Town,24,2000,14.6,670,638,31,13,0,3,9,18,0,0,0,0,530,1,3,Matches
332,George Honeyman,eng ENG,"MF,FW",Millwall,29,1994,26.9,805,715,81,27,1,5,117,2,51,34,13,1,529,9,33,Matches
333,Ethan Horvath,us USA,GK,Cardiff City,29,1995,17.0,522,345,175,66,0,0,0,0,0,0,0,0,307,2,2,Matches
334,Jordan Houghton,eng ENG,MF,Plymouth Argyle,28,1995,17.0,426,400,24,15,0,1,9,0,5,1,3,0,283,2,10,Matches
335,Andreas Hountondji,bj BEN,"FW,MF",Burnley,22,2002,2.3,29,28,1,0,0,0,0,0,0,0,0,0,23,0,1,Matches
336,Jonny Howson,eng ENG,"DF,MF",Middlesbrough,36,1988,15.5,1076,1025,48,26,1,3,13,11,5,1,3,0,918,3,6,Matches
337,Andrew Hughes,wls WAL,DF,Preston,32,1992,36.0,2071,1725,339,44,1,25,42,279,0,0,0,0,1578,7,46,Matches
338,Charlie Hughes,eng ENG,DF,Hull City,20,2003,26.1,1539,1466,67,38,0,18,10,9,0,0,0,0,1307,6,6,Matches
339,Trai Hume,nir NIR,DF,Sunderland,22,2002,42.3,2477,2011,462,86,5,9,139,356,20,14,3,0,1896,4,75,Matches
340,Bashir Humphreys,eng ENG,DF,Burnley,21,2003,19.7,1175,977,196,22,0,4,25,172,2,2,0,0,995,2,14,Matches
341,Shaun Hutchinson,eng ENG,DF,Millwall,33,1990,4.4,196,189,6,3,0,0,0,3,0,0,0,0,154,1,0,Matches
342,Dominic Hyam,sct SCO,DF,Blackburn,28,1995,46.0,2407,2261,141,65,0,21,3,4,0,0,0,0,1982,5,20,Matches
343,Adam Idah,ie IRL,FW,Norwich City,23,2001,0.3,10,10,0,0,0,0,2,0,0,0,0,0,7,0,0,Matches
344,Kelechi Iheanacho,ng NGA,"FW,MF",Middlesbrough,27,1996,8.5,244,239,3,1,3,0,4,1,0,0,0,0,182,2,8,Matches
345,Michael Ihiekwe,eng ENG,DF,Sheffield Weds,31,1992,20.2,949,900,48,28,0,2,0,4,0,0,0,0,804,1,4,Matches
346,Samuel Iling-Junior,eng ENG,"DF,FW",Middlesbrough,20,2003,11.7,574,439,131,8,1,3,63,92,31,12,11,0,420,4,10,Matches
347,Tom Ince,eng ENG,"MF,FW",Watford,32,1992,14.3,431,398,32,10,1,1,17,2,12,10,1,0,346,1,16,Matches
348,Svante Ingelsson,se SWE,"MF,FW",Sheffield Weds,26,1998,18.8,586,478,105,6,1,2,59,78,18,12,4,0,371,3,23,Matches
349,Matt Ingram,eng ENG,GK,Oxford United,30,1993,1.0,41,26,14,5,0,0,0,0,0,0,0,0,27,1,0,Matches
350,Dominic Iorfa,eng ENG,DF,Sheffield Weds,29,1995,15.9,573,529,44,11,0,0,1,33,0,0,0,0,462,0,8,Matches
351,Wilson Isidor,fr FRA,FW,Sunderland,23,2000,34.6,337,324,12,0,1,2,16,1,0,0,0,0,227,1,16,Matches
352,Frederick Issaka,wls WAL,"FW,MF",Plymouth Argyle,18,2006,6.6,107,105,2,0,0,2,8,2,0,0,0,0,65,0,4,Matches
353,Mihailo Ivanović,rs SRB,"FW,MF",Millwall,19,2004,24.2,424,412,9,0,1,2,13,0,0,0,0,0,229,3,15,Matches
354,Kayden Jackson,eng ENG,"FW,DF",Derby County,30,1994,28.6,595,572,20,1,0,1,78,11,4,0,0,0,356,3,40,Matches
355,Matty Jacob,eng ENG,DF,Hull City,23,2001,5.0,281,220,59,5,0,3,5,51,3,2,1,0,199,2,9,Matches
356,Daniel James,wls WAL,FW,Leeds United,26,1997,29.0,818,799,17,1,5,1,169,6,10,5,4,0,475,2,50,Matches
357,William Jarvis,eng ENG,"MF,FW",Hull City,21,2002,1.8,55,55,0,0,0,1,3,0,0,0,0,0,48,0,0,Matches
358,Daniel Jebbison,ca CAN,FW,Watford,20,2003,4.3,44,42,2,1,0,0,1,0,0,0,0,0,26,0,1,Matches
359,Lukas Jensen,dk DEN,GK,Millwall,25,1999,41.0,1150,720,426,162,0,2,0,0,0,0,0,0,515,4,1,Matches
360,Eom Jisung,kr KOR,"FW,MF",Swansea City,22,2002,25.4,794,698,91,30,1,2,122,15,46,20,21,1,578,5,21,Matches
361,Viktor Johansson,se SWE,GK,Stoke City,25,1998,46.0,1696,1304,389,147,0,0,0,0,0,0,0,0,1150,3,0,Matches
362,Daniel Johnson,jm JAM,FW,Stoke City,31,1992,0.1,3,3,0,0,0,0,0,0,0,0,0,0,3,0,0,Matches
363,Joseph Johnson,eng ENG,DF,Luton Town,18,2006,5.2,202,166,36,2,0,0,10,32,1,1,0,0,147,0,7,Matches
364,Marvin Johnson,eng ENG,"DF,MF",Sheffield Weds,33,1990,31.1,1530,1235,281,31,3,20,156,223,27,7,17,0,1039,14,55,Matches
365,Michael Johnston,ie IRL,"FW,MF",West Brom,25,1999,23.0,969,900,63,6,8,8,97,19,38,24,0,0,753,6,49,Matches
366,Alfie Jones,ca CAN,DF,Hull City,26,1997,37.7,2414,2343,65,46,6,8,5,3,0,0,0,0,2054,6,15,Matches
367,Harrison Jones,eng ENG,MF,Sunderland,19,2004,1.5,60,52,8,1,0,0,6,0,7,5,0,0,50,0,1,Matches
368,Isaiah Jones,gy GUY,FW,Middlesbrough,25,1999,8.8,302,291,9,2,4,0,22,7,0,0,0,0,218,2,12,Matches
369,Isaiah Jones,gy GUY,"DF,MF",Luton Town,25,1999,14.6,389,357,32,1,1,0,36,29,1,0,0,0,266,0,13,Matches
370,Kyle Joseph,sct SCO,FW,Hull City,22,2001,11.2,192,186,4,0,0,1,12,0,0,0,0,0,105,2,21,Matches
371,Mateo Joseph,es ESP,FW,Leeds United,20,2003,14.3,265,243,21,0,2,1,8,0,0,0,0,0,200,1,17,Matches
372,Mads Juel Andersen,dk DEN,DF,Luton Town,26,1997,4.6,169,166,1,0,0,0,1,1,0,0,0,0,127,2,1,Matches
373,Bae Junho,kr KOR,"FW,MF",Stoke City,20,2003,36.2,1151,1046,98,24,7,2,98,7,65,43,14,0,879,7,36,Matches
374,Matěj Jurásek,cz CZE,"FW,MF",Norwich City,20,2003,0.9,32,31,1,1,0,1,6,0,0,0,0,0,14,0,3,Matches
375,Abdoulaye Kamara,gn GUI,"MF,FW",Portsmouth,19,2004,1.4,86,80,6,2,0,0,1,1,1,0,0,0,80,0,0,Matches
376,Abu Kamara,eng ENG,FW,Norwich City,21,2003,0.2,8,8,0,0,0,0,0,0,0,0,0,0,7,0,0,Matches
377,Abu Kamara,eng ENG,"FW,MF",Hull City,21,2003,25.1,688,673,15,3,1,0,55,7,0,0,0,0,486,0,32,Matches
378,Thomas Kaminski,be BEL,GK,Luton Town,31,1992,44.3,1563,996,555,206,0,1,0,0,0,0,0,0,861,12,0,Matches
379,Wilfried Kanga,ci CIV,FW,Cardiff City,26,1998,5.1,61,58,3,0,0,0,1,0,0,0,0,0,38,0,0,Matches
380,Augustus Kargbo,sl SLE,FW,Blackburn,24,1999,2.1,39,39,0,0,1,0,8,0,0,0,0,0,27,0,1,Matches
381,Nikola Katić,ba BIH,DF,Plymouth Argyle,27,1996,13.6,354,344,7,5,0,1,1,1,0,0,0,0,244,3,3,Matches
382,Edo Kayembe,cd COD,"MF,FW",Watford,26,1998,35.5,1271,1239,28,7,7,16,34,6,10,10,0,0,1039,4,26,Matches
383,Will Keane,ie IRL,"FW,MF",Preston,31,1993,12.5,282,269,13,0,0,1,3,0,0,0,0,0,226,0,8,Matches
384,Kévin Keben Biakolo,cm CMR,DF,Watford,20,2004,2.8,142,132,9,2,0,1,1,0,0,0,0,0,129,1,1,Matches
385,Daniel Kelly,sct SCO,MF,Millwall,18,2005,0.2,3,3,0,0,0,0,0,0,0,0,0,0,2,0,0,Matches
386,Kaine Kesler-Hayden,eng ENG,"DF,FW",Preston,21,2002,40.8,1505,1321,177,22,2,7,49,155,0,0,0,0,1146,7,43,Matches
387,Josh Key,eng ENG,DF,Swansea City,24,1999,38.5,2446,1991,451,47,1,4,111,400,4,0,0,0,1997,4,59,Matches
388,Ben Killip,eng ENG,GK,Portsmouth,28,1995,2.0,91,65,25,11,0,0,0,0,0,0,0,0,55,1,0,Matches
389,Peter Kioso,cd COD,DF,Oxford United,25,1998,25.6,1142,896,242,17,1,7,32,225,0,0,0,0,834,4,22,Matches
390,Liam Kitching,eng ENG,DF,Coventry City,24,1999,25.4,1335,1283,48,33,1,10,6,7,0,0,0,0,1078,4,7,Matches
391,Jason Knight,ie IRL,MF,Bristol City,23,2001,46.0,2711,2604,99,73,4,17,47,16,4,1,0,0,2218,8,57,Matches
392,Olaf Kobacki,pl POL,"FW,MF",Sheffield Weds,23,2001,4.1,101,100,1,0,1,0,3,0,1,1,0,0,68,0,8,Matches
393,Luca Koleosho,it ITA,"FW,MF",Burnley,19,2004,18.6,618,600,16,2,0,5,74,13,1,0,0,0,449,2,25,Matches
394,Rayan Kolli,dz ALG,FW,QPR,19,2005,9.1,171,152,18,1,0,0,11,0,4,2,1,0,107,1,11,Matches
395,Lewis Koumas,wls WAL,"FW,MF",Stoke City,18,2005,27.1,369,353,15,0,2,1,39,5,0,0,0,0,244,1,22,Matches
396,Ronan Kpakio,wls WAL,DF,Cardiff City,17,2007,1.2,63,50,13,1,0,0,2,12,0,0,0,0,56,0,0,Matches
397,Tom Krauß,de GER,MF,Luton Town,23,2001,17.8,637,614,18,6,2,9,11,3,0,0,0,0,485,5,21,Matches
398,Paddy Lane,nir NIR,"MF,FW",Portsmouth,23,2001,11.9,279,247,32,5,0,0,39,7,20,13,3,0,182,0,10,Matches
399,Callum Lang,eng ENG,"MF,FW",Portsmouth,25,1998,27.1,360,351,5,1,1,1,57,3,1,0,0,0,217,4,27,Matches
400,Sondre Langås,no NOR,DF,Derby County,23,2001,12.4,501,432,68,4,0,1,1,64,0,0,0,0,369,1,7,Matches
401,Macaulay Langstaff,eng ENG,FW,Millwall,27,1997,15.4,172,162,10,0,1,1,13,1,2,0,0,0,109,0,11,Matches
402,Will Lankshear,eng ENG,FW,West Brom,19,2005,3.9,51,47,2,0,1,0,0,0,0,0,0,0,33,2,1,Matches
403,Yasser Larouci,dz ALG,"DF,MF",Watford,23,2001,23.7,1140,982,157,9,1,0,89,146,2,2,0,0,862,1,36,Matches
404,Joël Latibeaudière,jm JAM,DF,Coventry City,24,2000,28.6,1660,1565,92,51,2,12,9,27,0,0,0,0,1450,3,8,Matches
405,Emmanuel Latte Lath,ci CIV,FW,Middlesbrough,25,1999,19.6,266,238,26,1,0,0,3,0,0,0,0,0,197,2,8,Matches
406,Josh Laurent,eng ENG,MF,Stoke City,29,1995,3.0,122,117,5,4,2,1,3,0,0,0,0,0,104,0,1,Matches
407,Josh Laurent,eng ENG,MF,Burnley,29,1995,27.2,1097,1078,18,11,4,3,17,7,0,0,0,0,862,1,19,Matches
408,Mohammed Lawal,ie IRL,"DF,MF",Stoke City,21,2003,2.3,71,51,18,3,0,0,1,13,0,0,0,0,48,2,1,Matches
409,Dylan Lawlor,wls WAL,DF,Cardiff City,18,2006,0.6,30,28,1,1,0,1,0,0,0,0,0,0,25,1,0,Matches
410,Enzo Le Fée,fr FRA,"FW,MF",Sunderland,24,2000,11.1,589,518,69,17,6,2,62,16,36,24,4,0,453,2,15,Matches
411,Tom Leahy,eng ENG,FW,Millwall,20,2004,0.0,0,0,0,0,0,0,0,0,0,0,0,0,0,0,0,Matches
412,Ryan Ledson,eng ENG,MF,Preston,26,1997,13.5,453,434,15,3,2,4,26,3,7,0,6,1,279,4,15,Matches
413,Greg Leigh,jm JAM,DF,Oxford United,29,1994,26.0,1146,917,221,7,0,4,49,214,0,0,0,0,783,8,28,Matches
414,Harry Leonard,eng ENG,"FW,MF",Blackburn,20,2003,1.7,38,37,1,0,0,1,0,1,0,0,0,0,21,0,1,Matches
415,Ryan Leonard,eng ENG,DF,Millwall,32,1992,29.2,1462,1032,424,60,1,7,61,364,0,0,0,0,898,6,40,Matches
416,Lincoln,br BRA,"FW,MF",Hull City,25,1998,4.7,166,137,29,5,1,0,15,16,8,7,1,0,123,0,7,Matches
417,Liam Lindsay,sct SCO,DF,Preston,28,1995,29.0,1394,1302,86,43,0,7,1,15,0,0,0,0,1094,6,6,Matches
418,Alfie Lloyd,eng ENG,"FW,MF",QPR,21,2003,8.3,161,155,5,0,0,0,2,2,0,0,0,0,111,1,7,Matches
419,Ben Lloyd,wls WAL,"MF,FW",Swansea City,19,2005,0.1,8,8,0,0,0,0,1,0,0,0,0,0,6,0,1,Matches
420,George Long,eng ENG,GK,Norwich City,30,1993,8.5,308,253,53,14,0,0,0,0,0,0,0,0,248,2,0,Matches
421,Sam Long,eng ENG,DF,Oxford United,29,1995,18.4,823,718,102,13,1,2,10,84,0,0,0,0,604,3,7,Matches
422,Ryan Longman,eng ENG,"FW,MF",Hull City,23,2000,5.3,159,152,7,1,0,0,21,3,1,0,1,0,105,0,6,Matches
423,Imran Louza,ma MAR,MF,Watford,25,1999,29.7,2205,1946,250,105,10,16,149,28,105,67,33,1,1863,9,22,Matches
424,Jamal Lowe,jm JAM,"FW,MF",Sheffield Weds,30,1994,10.7,190,167,20,0,0,0,3,0,0,0,0,0,147,3,6,Matches
425,Max Lowe,eng ENG,DF,Sheffield Weds,27,1997,29.8,1440,1288,144,8,0,4,14,130,0,0,0,0,1155,8,19,Matches
426,Nathan Lowe,eng ENG,"FW,MF",Stoke City,18,2005,5.2,77,73,3,0,0,0,2,0,0,0,0,0,50,1,3,Matches
427,Lucas,br BRA,DF,Burnley,23,2001,31.0,1888,1496,387,40,4,2,109,301,46,18,17,0,1513,5,35,Matches
428,Nicolas Madsen,dk DEN,"MF,FW",QPR,24,2000,19.5,696,618,76,32,2,10,62,4,29,12,12,2,515,2,11,Matches
429,Lucien Mahovo,eng ENG,DF,Norwich City,19,2005,5.8,403,364,39,4,0,1,22,35,0,0,0,0,357,0,5,Matches
430,Josh Maja,ng NGA,FW,West Brom,25,1998,22.8,467,450,14,3,5,2,3,1,0,0,0,0,352,3,10,Matches
431,Christ Makosso,cg CGO,DF,Luton Town,20,2004,10.6,373,268,105,2,0,3,10,103,0,0,0,0,198,0,8,Matches
432,Million Manhoef,nl NED,"FW,MF",Stoke City,22,2002,26.9,688,551,128,37,14,6,133,7,70,55,7,0,455,9,24,Matches
433,Sivert Mannsverk,no NOR,MF,Cardiff City,22,2002,11.2,501,490,9,5,3,0,6,3,0,0,0,0,372,2,13,Matches
434,Benson Manuel,ao ANG,"MF,FW",Burnley,27,1997,0.5,36,34,2,0,0,0,4,1,1,0,0,0,31,0,1,Matches
435,Emiliano Marcondes,dk DEN,"MF,FW",Norwich City,29,1995,25.3,1135,1025,105,23,6,9,75,7,52,28,20,1,863,5,30,Matches
436,Ephron Mason-Clark,eng ENG,"FW,MF",Coventry City,24,1999,18.1,417,406,9,5,0,2,52,3,0,0,0,0,310,2,10,Matches
437,Han-Noah Massengo,fr FRA,MF,Burnley,23,2001,1.1,56,55,1,1,0,0,2,0,0,0,0,0,48,0,1,Matches
438,Zavier Massiah,eng ENG,FW,Watford,17,2007,0.6,13,13,0,0,0,0,0,0,0,0,0,0,8,0,2,Matches
439,Eliot Matazo,be BEL,MF,Hull City,22,2002,3.3,127,118,9,1,0,2,9,0,8,2,2,0,103,0,6,Matches
440,Alex Matos,eng ENG,MF,Oxford United,19,2004,10.4,218,209,8,1,0,1,4,0,0,0,0,0,164,1,5,Matches
441,Hayden Matthews,au AUS,DF,Portsmouth,20,2004,3.5,110,108,1,1,0,0,1,0,0,0,0,0,74,1,1,Matches
442,Eliezer Mayenda,es ESP,"FW,MF",Sunderland,19,2005,23.9,262,256,5,1,3,2,18,1,0,0,0,0,179,1,15,Matches
443,Fally Mayulu,fr FRA,FW,Bristol City,22,2002,4.5,80,77,3,0,0,0,0,0,0,0,0,0,53,0,3,Matches
444,Sam McCallum,eng ENG,"DF,MF",Sheffield Utd,23,2000,11.7,520,446,72,4,2,4,30,68,0,0,0,0,371,2,25,Matches
445,Alistair McCann,nir NIR,MF,Preston,24,1999,26.9,998,986,10,5,0,4,15,4,1,0,1,0,798,2,21,Matches
446,Ruairi Mcconville,nir NIR,DF,Norwich City,19,2005,2.3,138,125,13,1,0,1,0,12,0,0,0,0,118,0,3,Matches
447,George McCormick,eng ENG,FW,Middlesbrough,19,2005,0.0,0,0,0,0,0,0,0,0,0,0,0,0,0,0,0,Matches
448,Ross McCrorie,sct SCO,"DF,MF",Bristol City,26,1998,16.4,548,489,57,3,1,0,37,54,0,0,0,0,377,2,12,Matches
449,Josh McEachran,eng ENG,MF,Oxford United,31,1993,5.6,273,237,36,21,2,0,14,5,10,5,3,0,237,0,0,Matches
450,Kyle McFadzean,sct SCO,FW,Blackburn,37,1987,0.0,0,0,0,0,0,0,0,0,0,0,0,0,0,0,0,Matches
451,Riley McGree,au AUS,FW,Middlesbrough,25,1998,10.5,458,432,21,4,1,1,29,3,13,11,1,0,376,5,13,Matches
452,Marcus McGuane,eng ENG,MF,Bristol City,25,1999,11.8,505,492,12,10,1,1,4,2,0,0,0,0,445,1,14,Matches
453,Mark McGuinness,ie IRL,DF,Luton Town,23,2001,41.7,1572,1487,72,30,2,5,1,40,0,0,0,0,1174,13,12,Matches
454,Tom McIntyre,sct SCO,DF,Portsmouth,25,1998,11.3,462,436,24,17,1,1,1,0,0,0,0,0,345,2,1,Matches
455,Kenny McLean,sct SCO,"MF,DF",Norwich City,32,1992,33.3,2500,2317,173,75,5,14,80,54,38,29,6,0,2155,10,42,Matches
456,Sean McLoughlin,ie IRL,DF,Hull City,27,1996,35.7,2172,1905,254,60,1,8,24,163,1,0,0,0,1757,13,42,Matches
457,Paddy McNair,nir NIR,DF,West Brom,29,1995,1.0,66,63,3,0,0,0,0,0,0,0,0,0,61,0,0,Matches
458,Luke McNally,ie IRL,DF,Bristol City,24,1999,25.8,1155,1077,75,25,1,7,2,32,0,0,0,0,892,3,12,Matches
459,Luke McNally,ie IRL,"DF,MF",Burnley,24,1999,0.0,2,2,0,0,0,0,0,0,0,0,0,0,1,0,0,Matches
460,Dan McNamara,ie IRL,DF,Millwall,25,1998,7.6,260,196,61,2,0,4,5,59,0,0,0,0,191,3,3,Matches
461,Charlie McNeill,eng ENG,"MF,FW",Sheffield Weds,20,2003,0.6,26,25,1,0,0,0,1,1,0,0,0,0,20,0,0,Matches
462,Jayden Meghoma,eng ENG,"DF,FW",Preston,18,2006,8.5,243,214,29,2,0,0,18,27,0,0,0,0,178,0,17,Matches
463,Marvin Mehlem,de GER,MF,Hull City,26,1997,10.0,261,234,23,6,0,0,13,2,15,0,3,0,203,4,10,Matches
464,Anis Mehmeti,al ALB,"FW,MF",Bristol City,23,2001,28.4,718,684,31,4,4,2,68,9,16,2,0,0,509,3,29,Matches
465,Yakou Méïte,ci CIV,FW,Cardiff City,28,1996,13.3,184,177,6,0,0,0,17,2,0,0,0,0,89,1,8,Matches
466,Hannibal Mejbri,tn TUN,"MF,FW",Burnley,21,2003,21.4,853,801,51,7,5,6,42,8,12,2,5,1,690,1,28,Matches
467,Nathaniel Mendez-Laing,gt GUA,"FW,MF",Derby County,32,1992,23.3,852,734,116,18,1,1,155,15,77,39,25,2,562,2,47,Matches
468,Teden Mengi,eng ENG,DF,Luton Town,22,2002,17.4,736,705,29,13,0,10,7,9,0,0,0,0,563,2,10,Matches
469,Chris Mepham,wls WAL,DF,Sunderland,26,1997,36.4,2003,1890,105,76,3,14,0,19,0,0,0,0,1736,8,9,Matches
470,Illan Meslier,fr FRA,GK,Leeds United,24,2000,39.0,1325,1117,203,84,0,0,0,0,0,0,0,0,1051,5,1,Matches
471,Liam Millar,ca CAN,"MF,FW",Hull City,24,1999,6.9,289,278,10,3,1,2,37,3,4,3,0,0,210,1,12,Matches
472,Stanley Mills,eng ENG,"FW,MF",Oxford United,20,2003,3.9,128,120,8,0,0,0,19,8,0,0,0,0,68,0,7,Matches
473,Yang Minhyeok,kr KOR,"FW,MF",QPR,18,2006,7.7,187,182,4,0,0,0,12,3,0,0,0,0,144,1,10,Matches
474,Billy Mitchell,eng ENG,MF,Millwall,24,2000,9.9,439,435,2,1,0,8,15,0,0,0,0,0,353,2,8,Matches
475,Idris El Mizouni,tn TUN,MF,Oxford United,23,2000,13.8,580,569,11,5,1,1,6,4,0,0,0,0,490,0,10,Matches
476,Ryan Mmaee,ma MAR,FW,Stoke City,26,1997,1.2,19,17,2,1,0,0,0,0,0,0,0,0,13,0,0,Matches
477,Jayson Molumby,ie IRL,MF,West Brom,24,1999,30.0,1531,1502,25,22,5,8,20,2,0,0,0,0,1330,4,16,Matches
478,Kristi Montgomery,sct SCO,DF,Blackburn,20,2004,1.5,63,49,14,0,0,0,2,14,0,0,0,0,46,0,0,Matches
479,Elliott Moore,eng ENG,DF,Oxford United,27,1997,22.9,1026,949,72,28,0,2,0,0,0,0,0,0,906,5,4,Matches
480,Kieffer Moore,wls WAL,FW,Sheffield Utd,31,1992,19.6,369,364,4,0,2,4,6,0,0,0,0,0,227,1,7,Matches
481,Simon Moore,eng ENG,GK,Sunderland,34,1990,4.0,119,87,32,7,0,1,0,0,0,0,0,0,82,0,0,Matches
482,Andrew Moran,ie IRL,"MF,FW",Stoke City,20,2003,26.2,872,827,38,7,9,6,14,14,1,0,0,0,659,7,33,Matches
483,Kieran Morgan,eng ENG,MF,QPR,18,2006,17.6,692,673,16,5,0,6,20,5,1,1,0,0,502,3,23,Matches
484,Aidan Morris,us USA,MF,Middlesbrough,22,2001,32.4,2278,2150,127,90,5,16,14,31,5,0,3,0,2087,1,18,Matches
485,Carlton Morris,eng ENG,FW,Luton Town,28,1995,34.7,917,889,25,1,2,1,25,4,0,0,0,0,541,3,20,Matches
486,James Morris,eng ENG,DF,Watford,22,2001,12.1,734,672,59,17,0,5,9,42,0,0,0,0,600,3,9,Matches
487,Elijah Morrison,eng ENG,DF,Bristol City,18,2006,0.4,15,10,5,0,0,0,2,5,0,0,0,0,10,0,0,Matches
488,Liam Morrison,sct SCO,DF,QPR,21,2003,14.5,709,666,41,27,0,0,0,1,0,0,0,0,599,2,8,Matches
489,Victor Moses,ng NGA,"DF,MF",Luton Town,33,1990,12.6,490,360,127,3,0,1,44,122,2,0,1,0,307,3,15,Matches
490,Alex Mowatt,eng ENG,MF,West Brom,29,1995,37.2,2671,2445,222,111,4,17,120,7,89,54,19,0,2323,4,25,Matches
491,Owen Moxon,eng ENG,MF,Portsmouth,26,1998,3.1,163,149,12,5,0,1,11,2,2,2,0,0,111,2,5,Matches
492,Bali Mumba,eng ENG,"DF,MF",Plymouth Argyle,22,2001,37.7,1464,1196,262,22,2,3,48,236,0,0,0,0,1156,6,33,Matches
493,Romaine Mundle,eng ENG,"FW,MF",Sunderland,21,2003,15.9,503,448,54,15,0,4,81,13,26,14,2,0,369,1,18,Matches
494,Josh Murphy,eng ENG,FW,Portsmouth,29,1995,38.1,924,810,101,30,3,18,276,26,44,33,2,0,465,13,59,Matches
495,Anthony Musaba,nl NED,"FW,MF",Sheffield Weds,23,2000,14.8,322,319,2,0,2,1,33,0,0,0,0,0,214,1,24,Matches
496,Elliot Myles,wls WAL,MF,Norwich City,17,2007,0.5,12,12,0,0,0,0,0,0,0,0,0,0,8,0,1,Matches
497,Amin Nabizada,eng ENG,MF,Watford,17,2007,0.2,11,11,0,0,0,0,0,0,0,0,0,0,10,0,0,Matches
498,Kal Naismith,sct SCO,DF,Bristol City,32,1992,3.2,189,169,18,9,0,0,1,0,0,0,0,0,164,2,1,Matches
499,Kal Naismith,sct SCO,"DF,MF",Luton Town,32,1992,5.1,227,211,15,11,0,0,3,4,0,0,0,0,148,1,2,Matches
500,Marvelous Nakamba,zw ZIM,MF,Luton Town,30,1994,14.4,485,473,11,7,1,3,3,2,0,0,0,0,400,1,10,Matches
501,Paul Nardi,fr FRA,GK,QPR,30,1994,45.0,1624,1185,431,181,0,1,0,0,0,0,0,0,1127,8,2,Matches
502,Kyle Naughton,eng ENG,DF,Swansea City,35,1988,9.2,669,579,90,12,3,1,7,74,2,0,0,0,579,0,8,Matches
503,Camiel Neghli,nl NED,"FW,MF",Millwall,22,2001,2.1,75,64,11,3,0,0,11,1,7,5,2,0,42,0,7,Matches
504,Dan Neil,eng ENG,MF,Sunderland,22,2001,43.1,1945,1827,110,40,5,12,13,3,1,0,0,0,1616,8,39,Matches
505,Benjamin Nelson,eng ENG,DF,Oxford United,20,2004,15.2,640,611,29,10,1,6,1,5,0,0,0,0,495,0,5,Matches
506,Curtis Nelson,eng ENG,DF,Derby County,31,1993,27.0,1001,952,46,4,0,3,3,36,0,0,0,0,802,3,11,Matches
507,Zack Nelson,eng ENG,"MF,FW",Luton Town,19,2004,8.9,283,261,22,10,0,0,25,5,7,3,4,0,235,0,10,Matches
508,Perry Ng,eng ENG,DF,Cardiff City,28,1996,31.0,1675,1329,340,31,0,9,41,297,3,0,2,0,1274,6,33,Matches
509,Jeremy Ngakia,,DF,Watford,23,2000,20.9,944,774,159,5,2,1,62,154,0,0,0,0,694,11,29,Matches
510,Kevin Nisbet,sct SCO,FW,Millwall,27,1997,0.1,3,3,0,0,0,0,1,0,0,0,0,0,1,0,0,Matches
511,Lasse Nordås,no NOR,"FW,MF",Luton Town,22,2002,2.8,56,56,0,0,0,0,2,0,0,0,0,0,34,0,2,Matches
512,Casper de Norre,be BEL,MF,Millwall,27,1997,40.1,1469,1385,80,21,1,13,25,3,0,0,0,0,1182,4,32,Matches
513,Rhys Norrington-Davies,wls WAL,DF,Sheffield Utd,25,1999,2.8,149,124,25,2,0,0,6,23,0,0,0,0,115,0,6,Matches
514,Will Norris,eng ENG,GK,Portsmouth,30,1993,8.0,314,234,78,29,0,1,0,0,0,0,0,0,173,2,2,Matches
515,Marcelino Núñez,cl CHI,MF,Norwich City,24,2000,24.9,1640,1475,161,53,10,19,130,19,84,42,33,0,1321,4,19,Matches
516,Tanatswa Nyakuhwa,wls WAL,DF,Cardiff City,18,2005,0.2,13,13,0,0,0,0,2,0,0,0,0,0,9,0,2,Matches
517,Ryan Nyambe,na NAM,DF,Derby County,26,1997,12.5,529,390,139,5,0,0,12,134,0,0,0,0,402,0,24,Matches
518,Lewis O'Brien,eng ENG,MF,Swansea City,25,1998,15.8,657,636,17,9,3,2,19,5,3,0,1,1,488,4,20,Matches
519,Gatlin O'Donkor,eng ENG,FW,Oxford United,19,2004,0.0,2,1,0,0,0,0,0,0,0,0,0,0,1,1,0,Matches
520,Callum O'Dowda,ie IRL,"DF,FW",Cardiff City,29,1995,39.4,1726,1328,388,29,0,2,139,346,13,4,8,0,1133,10,48,Matches
521,Callum O'Hare,eng ENG,"MF,FW",Sheffield Utd,26,1998,34.9,1078,1021,48,9,9,3,22,4,2,0,0,0,860,9,42,Matches
522,Max O'Leary,ie IRL,GK,Bristol City,27,1996,46.0,1445,1075,361,141,0,8,0,1,0,0,0,0,861,9,1,Matches
523,Mark O'Mahony,ie IRL,FW,Portsmouth,19,2005,6.6,68,66,2,0,1,0,1,0,0,0,0,0,34,0,2,Matches
524,Luke O'Nien,eng ENG,DF,Sunderland,29,1994,43.7,2812,2584,218,115,3,33,19,65,1,1,0,0,2428,10,33,Matches
525,Dara O'Shea,ie IRL,DF,Burnley,25,1999,2.0,108,106,2,2,0,0,1,0,0,0,0,0,94,0,2,Matches
526,Michael Obafemi,ie IRL,"FW,MF",Plymouth Argyle,24,2000,13.3,205,189,15,1,1,1,7,2,0,0,0,0,149,1,7,Matches
527,Wilson Odobert,fr FRA,MF,Burnley,19,2004,1.0,20,19,1,0,0,0,0,0,0,0,0,0,19,0,1,Matches
528,Chiedozie Ogbene,ie IRL,"DF,MF",Luton Town,27,1997,2.7,99,85,14,0,0,0,9,14,0,0,0,0,76,0,4,Matches
529,Nathanael Ogbeta,eng ENG,DF,Plymouth Argyle,23,2001,7.0,268,208,60,7,0,0,21,52,1,1,0,0,200,0,6,Matches
530,Angelo Ogbonna,it ITA,DF,Watford,36,1988,4.4,225,213,11,9,0,2,0,0,0,0,0,0,200,1,0,Matches
531,Connor Ogilvie,eng ENG,DF,Portsmouth,28,1996,44.8,1865,1390,469,29,1,3,55,435,0,0,0,0,1213,6,27,Matches
532,Yuki Ohashi,jp JPN,"FW,MF",Blackburn,28,1996,24.7,479,457,19,0,2,4,18,2,0,0,0,0,314,3,26,Matches
533,Jeppe Okkels,dk DEN,"FW,MF",Preston,25,1999,1.4,51,51,0,0,0,1,2,0,0,0,0,0,43,0,1,Matches
534,Abdülkadir Ömür,tr TUR,"MF,FW",Hull City,25,1999,11.8,422,384,35,10,2,1,40,2,22,9,5,0,322,3,14,Matches
535,Ryan One,sct SCO,FW,Sheffield Utd,18,2006,3.2,50,48,2,0,0,0,2,0,0,0,0,0,32,0,3,Matches
536,Ben Osborn,eng ENG,"MF,DF",Derby County,29,1994,18.9,867,716,146,76,1,8,81,20,40,22,8,1,619,5,17,Matches
537,Milutin Osmajić,me MNE,FW,Preston,25,1999,21.3,229,219,10,0,0,0,6,2,0,0,0,0,161,0,7,Matches
538,Gabriel Otegbayo,,DF,Sheffield Weds,,,5.3,153,144,9,2,0,0,0,2,0,0,0,0,136,0,1,Matches
539,David Ozoh,eng ENG,MF,Derby County,19,2005,7.8,227,224,2,1,2,2,1,0,0,0,0,0,202,1,2,Matches
540,Kenneth Paal,sr SUR,DF,QPR,27,1997,32.0,1683,1292,385,62,0,4,126,259,64,44,13,2,1338,6,25,Matches
541,Marlon Pack,eng ENG,"DF,MF",Portsmouth,33,1991,30.1,1563,1385,171,68,3,31,44,63,33,20,7,0,1192,7,13,Matches
542,Alex Palmer,eng ENG,GK,West Brom,27,1996,30.0,1233,973,255,97,1,1,0,0,0,0,0,0,878,5,0,Matches
543,Kasey Palmer,jm JAM,"MF,FW",Hull City,27,1996,12.1,470,426,43,15,7,4,31,0,13,10,1,0,366,1,7,Matches
544,Kasey Palmer,jm JAM,"MF,FW",Coventry City,27,1996,0.6,28,27,1,1,0,0,1,0,0,0,0,0,18,0,1,Matches
545,Liam Palmer,sct SCO,"DF,MF",Sheffield Weds,32,1991,9.7,424,359,64,2,0,2,10,62,0,0,0,0,343,1,9,Matches
546,Victor Pálsson,is ISL,DF,Plymouth Argyle,33,1991,19.3,660,572,84,14,0,4,3,64,0,0,0,0,462,4,5,Matches
547,Ivor Pandur,hr CRO,GK,Hull City,24,2000,44.0,2030,1640,384,105,0,2,0,1,0,0,0,0,1656,6,1,Matches
548,Samuel Parker,wls WAL,"FW,DF",Swansea City,18,2006,1.0,42,41,1,0,0,0,4,1,0,0,0,0,33,0,1,Matches
549,Callum Paterson,sct SCO,"FW,MF",Sheffield Weds,29,1994,13.2,268,251,17,1,0,1,22,13,0,0,0,0,130,0,11,Matches
550,Jamie Paterson,eng ENG,"FW,MF",Coventry City,32,1991,0.9,54,52,1,0,0,0,4,1,0,0,0,0,36,1,2,Matches
551,Anthony Patterson,eng ENG,GK,Sunderland,24,2000,42.0,1499,1137,358,86,0,1,0,0,0,0,0,0,1083,4,2,Matches
552,Aynsley Pears,eng ENG,GK,Blackburn,26,1998,40.0,1271,946,318,125,0,0,0,0,0,0,0,0,804,7,1,Matches
553,Ben Pearson,eng ENG,MF,Stoke City,29,1995,6.3,248,235,12,9,3,2,3,1,0,0,0,0,201,1,4,Matches
554,Myles Peart-Harris,eng ENG,"FW,MF",Swansea City,21,2002,18.5,551,522,25,3,0,2,42,15,4,0,0,0,390,4,13,Matches
555,Sydie Peck,eng ENG,MF,Sheffield Utd,19,2004,32.5,1689,1638,46,14,6,5,46,8,24,18,3,0,1350,5,31,Matches
556,João Pedro,it ITA,FW,Hull City,32,1992,23.8,317,293,22,0,1,5,3,1,0,0,0,0,217,2,9,Matches
557,Ashley Phillips,wls WAL,DF,Stoke City,19,2005,34.2,1500,1443,53,45,1,1,1,6,0,0,0,0,1260,4,10,Matches
558,Joshua Phillips,eng ENG,DF,Luton Town,18,2005,0.0,3,3,0,0,0,0,1,0,0,0,0,0,1,0,0,Matches
559,Matt Phillips,sct SCO,"MF,FW",Oxford United,33,1991,10.6,286,263,20,4,0,1,34,7,7,2,5,0,175,3,13,Matches
560,Nathaniel Phillips,eng ENG,DF,Derby County,27,1997,24.8,898,828,65,5,0,5,5,54,0,0,0,0,667,5,10,Matches
561,Harry Pickering,eng ENG,DF,Blackburn,25,1998,11.5,586,463,120,12,1,5,45,99,9,6,2,1,462,3,10,Matches
562,Erik Pieters,nl NED,DF,Derby County,35,1988,0.0,0,0,0,0,0,0,0,0,0,0,0,0,0,0,0,Matches
563,Joël Piroe,nl NED,FW,Leeds United,24,1999,34.2,770,704,57,2,13,4,6,2,0,0,0,0,585,9,25,Matches
564,Julio Pleguezuelo,es ESP,DF,Plymouth Argyle,27,1997,21.8,782,723,55,27,0,5,2,26,0,0,0,0,589,4,4,Matches
565,Matthew Pollock,eng ENG,DF,Watford,22,2001,42.4,2769,2577,187,67,4,7,9,90,0,0,0,0,2260,5,15,Matches
566,Regan Poole,wls WAL,DF,Portsmouth,26,1998,23.8,974,945,27,11,0,10,5,4,0,0,0,0,763,2,11,Matches
567,Ryan Porteous,sct SCO,DF,Preston,25,1999,9.1,435,381,50,24,1,2,8,26,0,0,0,0,344,4,3,Matches
568,Ryan Porteous,sct SCO,DF,Watford,25,1999,18.5,1048,921,124,29,1,2,5,94,0,0,0,0,866,3,5,Matches
569,Brad Potts,eng ENG,"DF,MF",Preston,30,1994,22.8,965,837,125,3,1,6,41,122,0,0,0,0,717,3,29,Matches
570,Freddie Potts,eng ENG,MF,Portsmouth,20,2003,34.0,1352,1199,150,51,2,5,93,3,71,53,6,0,1002,3,20,Matches
571,Ian Poveda,eng ENG,"FW,MF",Sunderland,24,2000,1.0,34,31,3,0,0,1,4,1,2,1,0,0,25,0,4,Matches
572,Isaac Price,nir NIR,"MF,FW",West Brom,20,2003,11.7,533,461,68,17,2,13,63,15,32,7,16,0,383,4,8,Matches
573,Cameron Pring,eng ENG,"DF,MF",Bristol City,26,1998,24.8,1436,1174,256,22,0,1,53,232,2,0,0,0,1032,6,25,Matches
574,Tymoteusz Puchacz,pl POL,DF,Plymouth Argyle,25,1999,12.5,554,399,151,26,0,1,87,96,29,18,10,0,339,4,18,Matches
575,Gustavo Puerta,co COL,MF,Hull City,21,2003,21.0,848,712,130,29,1,4,82,49,51,31,13,0,603,6,24,Matches
576,Przemysław Płacheta,pl POL,"FW,MF",Oxford United,26,1998,23.0,582,568,12,3,0,2,61,6,3,1,0,0,407,2,22,Matches
577,Uroš Račić,rs SRB,MF,West Brom,26,1998,10.2,452,442,7,7,2,0,8,0,0,0,0,0,367,3,11,Matches
578,Mileta Rajovic,dk DEN,FW,Watford,25,1999,0.5,5,5,0,0,0,0,0,0,0,0,0,0,3,0,0,Matches
579,Jesurun Rak Sakyi,eng ENG,"FW,MF",Sheffield Utd,21,2002,19.2,468,444,23,1,2,0,34,1,21,17,0,0,359,1,13,Matches
580,Joe Ralls,eng ENG,MF,Cardiff City,30,1993,12.8,670,595,71,29,1,6,59,3,37,18,18,0,505,4,15,Matches
581,Largie Ramazani,be BEL,FW,Leeds United,23,2001,8.9,259,246,13,2,3,1,26,0,11,5,5,0,187,0,6,Matches
582,Aaron Ramsey,wls WAL,MF,Cardiff City,33,1990,6.2,365,316,43,18,1,2,21,7,14,8,3,0,284,6,8,Matches
583,Aaron Ramsey,eng ENG,MF,Burnley,21,2003,0.1,5,5,0,0,0,0,0,0,0,0,0,0,2,0,2,Matches
584,Adam Randell,eng ENG,MF,Plymouth Argyle,23,2000,37.5,1716,1452,250,101,7,20,134,6,83,34,37,1,1273,14,34,Matches
585,Joe Rankin-Costello,eng ENG,"DF,FW",Blackburn,25,1999,13.9,556,445,107,7,2,7,26,98,0,0,0,0,382,4,14,Matches
586,Nathan Redmond,eng ENG,FW,Burnley,30,1994,0.2,8,8,0,0,0,0,0,0,0,0,0,0,6,0,0,Matches
587,Michael Reindorf,eng ENG,FW,Cardiff City,19,2005,0.6,11,9,2,0,0,0,2,0,0,0,0,0,8,0,1,Matches
588,Vicente Reyes,cl CHI,GK,Norwich City,20,2003,3.0,73,61,12,2,0,1,0,0,0,0,0,0,58,0,0,Matches
589,Yuri Ribeiro,pt POR,DF,Blackburn,27,1997,15.0,928,711,213,22,2,4,74,168,23,22,0,0,682,4,30,Matches
590,Chris Rigg,eng ENG,"MF,FW",Sunderland,17,2007,33.9,1074,1032,35,11,1,11,68,3,19,12,4,0,803,7,33,Matches
591,Emil Riis Jakobsen,dk DEN,FW,Preston,26,1998,30.2,479,444,32,0,3,3,14,15,0,0,0,0,300,3,26,Matches
592,Andy Rinomhota,zw ZIM,"DF,MF",Cardiff City,27,1997,23.4,899,724,168,12,2,1,18,156,0,0,0,0,652,7,27,Matches
593,Matt Ritchie,sct SCO,FW,Portsmouth,34,1989,24.3,875,717,153,63,0,6,168,30,60,53,1,0,553,5,35,Matches
594,Caleb Roberts,eng ENG,MF,Plymouth Argyle,19,2004,2.1,41,40,1,0,0,0,0,0,0,0,0,0,26,0,1,Matches
595,Connor Roberts,wls WAL,DF,Burnley,28,1995,40.4,2608,2179,424,79,3,16,77,335,10,2,2,0,2156,5,27,Matches
596,Haydon Roberts,eng ENG,"DF,MF",Bristol City,22,2002,18.2,846,668,175,12,0,2,59,163,0,0,0,0,589,3,25,Matches
597,Liam Roberts,eng ENG,GK,Millwall,29,1994,1.0,35,18,17,4,0,0,0,0,0,0,0,0,7,0,0,Matches
598,Patrick Roberts,eng ENG,"FW,MF",Sunderland,27,1997,36.4,1427,1249,166,42,10,8,177,32,92,57,15,1,1059,12,46,Matches
599,Alexander Robertson,au AUS,MF,Cardiff City,21,2003,26.8,1331,1134,190,75,3,18,132,8,93,33,42,1,1028,7,25,Matches
600,Callum Robinson,ie IRL,"FW,MF",Cardiff City,29,1995,22.5,504,447,57,4,5,4,26,5,0,0,0,0,374,0,14,Matches
601,Jack Robinson,eng ENG,DF,Sheffield Utd,30,1993,31.6,1939,1672,263,83,1,13,3,141,0,0,0,0,1600,4,5,Matches
602,Joe Rodon,wls WAL,DF,Leeds United,26,1997,45.9,3758,3662,88,54,7,1,1,14,0,0,0,0,3467,8,11,Matches
603,Ruben Rodrigues,pt POR,"MF,FW",Oxford United,27,1996,25.0,660,602,55,3,2,3,9,8,0,0,0,0,482,3,16,Matches
604,Jay Rodriguez,eng ENG,FW,Burnley,35,1989,8.3,165,157,7,1,0,3,2,1,0,0,0,0,115,1,4,Matches
605,Ole Romeny,id IDN,"FW,MF",Oxford United,24,2000,6.6,114,100,14,0,1,1,8,2,0,0,0,0,70,0,5,Matches
606,Ronald,br BRA,"FW,MF",Swansea City,23,2001,41.8,1291,1255,30,3,3,5,177,19,8,0,0,0,910,6,65,Matches
607,Kemar Roofe,jm JAM,"FW,MF",Derby County,31,1993,0.1,3,3,0,0,0,0,0,0,0,0,0,0,2,0,0,Matches
608,Michael Rose,sct SCO,DF,Stoke City,28,1995,14.4,764,732,31,12,0,7,2,2,0,0,0,0,674,1,3,Matches
609,Joe Rothwell,eng ENG,MF,Leeds United,29,1995,25.0,1863,1604,254,79,7,9,176,8,167,68,73,1,1592,5,15,Matches
610,Pelly Ruddock Mpanzu,cd COD,MF,Luton Town,31,1993,2.5,84,76,8,3,1,0,6,3,0,0,0,0,53,0,3,Matches
611,Jack Rudoni,eng ENG,MF,Coventry City,24,2000,38.9,1831,1571,248,54,6,4,290,16,143,98,30,5,1311,12,61,Matches
612,Carl Rushworth,eng ENG,GK,Hull City,23,2001,2.0,63,50,13,9,0,0,0,0,0,0,0,0,47,0,0,Matches
613,Nazariy Rusyn,ua UKR,FW,Sunderland,25,1998,0.8,13,12,1,0,0,0,1,0,0,0,0,0,8,0,0,Matches
614,Georginio Rutter,fr FRA,"MF,FW",Leeds United,22,2002,1.0,24,23,1,1,0,1,4,0,0,0,0,0,13,0,2,Matches
615,Sai Sachdev,eng ENG,DF,Sheffield Utd,19,2005,0.0,2,1,1,0,0,0,0,1,0,0,0,0,0,0,1,Matches
616,Borja Sainz,es ESP,FW,Norwich City,23,2001,40.1,1080,1015,58,12,10,8,62,29,12,4,3,1,826,7,37,Matches
617,Koki Saito,jp JPN,"FW,MF",QPR,22,2001,25.5,651,625,25,3,0,2,26,16,5,3,2,0,522,1,18,Matches
618,Tatsuhiro Sakamoto,jp JPN,"FW,MF",Coventry City,27,1996,28.7,859,831,24,2,5,4,73,13,6,6,0,0,639,4,36,Matches
619,Yousef Salech,dk DEN,FW,Cardiff City,22,2002,14.2,285,269,15,0,0,2,3,0,0,0,0,0,127,1,8,Matches
620,Lars-Jørgen Salvesen,no NOR,FW,Derby County,28,1996,5.4,84,81,2,0,0,0,3,1,0,0,0,0,42,1,2,Matches
621,Shurandy Sambo,cw CUW,MF,Burnley,22,2001,0.2,10,10,0,0,0,0,1,0,0,0,0,0,7,0,0,Matches
622,Dion Sanderson,eng ENG,DF,Blackburn,24,1999,6.3,305,293,12,4,0,3,0,8,0,0,0,0,262,0,4,Matches
623,Hevertton Santos,br BRA,DF,QPR,23,2001,3.5,199,155,44,6,0,1,7,38,0,0,0,0,156,0,5,Matches
624,Josh Sargent,us USA,FW,Norwich City,24,2000,27.8,433,375,55,0,1,2,6,6,0,0,0,0,344,3,14,Matches
625,Jeremy Sarmiento,ec ECU,"FW,MF",Burnley,22,2002,13.0,373,356,16,4,3,4,17,4,5,0,3,0,297,1,10,Matches
626,George Saville,nir NIR,MF,Millwall,31,1993,36.7,1339,1159,171,81,4,9,127,7,72,27,30,9,933,9,27,Matches
627,Christian Saydee,lr LBR,"MF,FW",Portsmouth,22,2002,12.8,228,222,4,0,4,1,11,0,0,0,0,0,156,2,9,Matches
628,Calum Scanlon,eng ENG,"FW,DF",Millwall,19,2005,1.9,51,43,7,0,0,0,3,7,0,0,0,0,39,1,4,Matches
629,Dane Scarlett,eng ENG,FW,Oxford United,20,2004,8.8,110,107,3,0,0,2,2,1,0,0,0,0,69,0,6,Matches
630,Nicolas Schmid,at AUT,GK,Portsmouth,27,1997,34.3,1268,872,386,182,0,5,0,1,0,0,0,0,579,10,0,Matches
631,Isaac Schmidt,ch SUI,"FW,DF",Leeds United,24,1999,0.9,56,50,6,0,0,0,0,5,1,0,0,0,43,0,1,Matches
632,Oscar Schwartau,dk DEN,"FW,MF",Norwich City,18,2006,17.4,537,513,19,0,0,3,13,12,0,0,0,0,431,5,18,Matches
633,Jenson Seelt,nl NED,DF,Sunderland,21,2003,0.2,26,25,1,1,0,0,0,0,0,0,0,0,23,0,0,Matches
634,Tatsuki Seko,jp JPN,MF,Stoke City,26,1997,17.7,858,837,21,9,0,7,32,7,5,5,0,0,686,0,7,Matches
635,Tyrell Sellars-Fleming,eng ENG,"MF,FW",Hull City,19,2005,0.1,5,5,0,0,0,0,1,0,0,0,0,0,5,0,0,Matches
636,Egil Selvik,no NOR,GK,Watford,27,1997,16.0,610,450,155,55,0,0,0,0,0,0,0,0,402,5,0,Matches
637,Ken Sema,se SWE,"DF,MF",Watford,30,1993,5.8,192,168,23,3,0,1,11,20,0,0,0,0,139,1,12,Matches
638,Femi Seriki,eng ENG,DF,Sheffield Utd,22,2002,12.1,573,448,123,8,1,2,31,113,2,0,0,0,456,2,13,Matches
639,Jamie Shackleton,eng ENG,"DF,FW",Sheffield Utd,24,1999,3.2,165,140,25,3,0,0,1,22,0,0,0,0,136,0,4,Matches
640,Conor Shaughnessy,ie IRL,DF,Portsmouth,28,1996,5.7,277,267,9,7,0,4,1,1,0,0,0,0,207,1,3,Matches
641,James Shea,eng ENG,GK,Luton Town,33,1991,1.6,77,54,22,7,0,0,0,0,0,0,0,0,44,1,0,Matches
642,Ben Sheaf,eng ENG,MF,Coventry City,26,1998,23.7,1446,1411,27,23,5,5,23,3,0,0,0,0,1230,8,24,Matches
643,Jonjo Shelvey,eng ENG,"MF,FW",Burnley,32,1992,0.1,13,12,1,1,1,0,0,0,0,0,0,0,10,0,0,Matches
644,Louie Sibley,eng ENG,MF,Oxford United,22,2001,1.9,38,37,1,0,0,0,3,0,0,0,0,0,29,0,1,Matches
645,Sol Sidibé,eng ENG,MF,Stoke City,17,2007,3.4,139,134,4,4,1,1,4,0,0,0,0,0,108,1,5,Matches
646,Francisco Sierralta,cl CHI,DF,Watford,27,1997,21.1,1190,1130,56,31,0,3,0,6,0,0,0,0,1039,4,6,Matches
647,Arnór Sigurðsson,is ISL,"FW,MF",Blackburn,25,1999,0.7,26,23,3,1,0,0,1,1,1,0,0,0,23,0,0,Matches
648,Sam Silvera,au AUS,"FW,MF",Portsmouth,23,2000,5.0,133,129,4,1,0,0,13,1,1,1,0,0,98,0,5,Matches
649,Ellis Simms,eng ENG,FW,Coventry City,23,2001,25.4,344,337,6,0,1,1,13,0,0,0,0,0,209,1,12,Matches
650,Xavier Simons,eng ENG,MF,Hull City,21,2003,13.4,498,485,12,9,1,7,8,3,0,0,0,0,426,1,5,Matches
651,Nathan Simpson,eng ENG,FW,Middlesbrough,20,2004,0.0,2,2,0,0,0,0,0,0,0,0,0,0,0,0,2,Matches
652,Emmanouil Siopis,gr GRE,MF,Cardiff City,30,1994,16.0,593,573,16,13,1,10,3,2,0,0,0,0,499,4,12,Matches
653,Moussa Sissoko,fr FRA,"MF,FW",Watford,34,1989,32.1,1110,1061,44,24,3,7,25,20,0,0,0,0,889,5,31,Matches
654,Regan Slater,eng ENG,MF,Hull City,24,1999,33.0,956,928,22,11,2,6,40,9,1,1,0,0,754,6,31,Matches
655,Michael Smith,eng ENG,FW,Sheffield Weds,32,1991,20.5,482,458,21,1,2,4,10,2,0,0,0,0,287,3,11,Matches
656,Paul Smyth,nir NIR,"FW,MF",QPR,26,1997,30.8,836,703,131,5,0,2,114,122,3,1,2,0,512,2,53,Matches
657,Manor Solomon,il ISR,FW,Leeds United,25,1999,28.8,1141,1057,74,15,6,2,143,5,53,37,9,0,920,10,29,Matches
658,Oliver Sonne,pe PER,DF,Burnley,23,2000,0.3,18,16,2,1,0,0,0,1,0,0,0,0,15,0,0,Matches
659,Matthew Sorinola,eng ENG,"DF,MF",Plymouth Argyle,23,2001,18.6,696,506,184,23,0,5,68,151,10,4,6,0,424,6,33,Matches
660,Harry Souttar,au AUS,DF,Sheffield Utd,25,1998,19.6,1221,1181,38,34,0,14,3,3,0,0,0,0,1045,2,3,Matches
661,Vinicius Souza,br BRA,MF,Sheffield Utd,25,1999,31.0,1545,1495,46,40,2,7,5,5,0,0,0,0,1344,4,22,Matches
662,Jack Stacey,eng ENG,DF,Norwich City,28,1996,23.8,1065,861,201,12,0,4,78,189,0,0,0,0,827,3,34,Matches
663,Enda Stevens,ie IRL,DF,Stoke City,34,1990,13.3,697,552,143,13,1,2,34,128,2,1,1,0,541,2,12,Matches
664,Ben Stevenson,eng ENG,MF,Portsmouth,27,1997,0.1,11,11,0,0,0,0,0,0,0,0,0,0,11,0,0,Matches
665,Jordan Storey,eng ENG,DF,Preston,26,1997,34.0,1619,1408,206,40,0,6,15,165,0,0,0,0,1248,5,20,Matches
666,Pascal Struijk,nl NED,DF,Leeds United,24,1999,31.4,2685,2572,105,61,4,2,1,15,0,0,0,0,2419,8,20,Matches
667,Zak Sturge,eng ENG,DF,Millwall,20,2004,3.4,134,99,35,0,0,0,5,35,0,0,0,0,95,0,4,Matches
668,Callum Styles,hu HUN,DF,West Brom,24,2000,29.0,1616,1336,277,35,2,9,48,235,7,3,0,2,1295,3,32,Matches
669,Emmerson Sutton,eng ENG,FW,QPR,17,2006,0.6,14,14,0,0,0,0,3,0,0,0,0,0,11,0,1,Matches
670,Zak Swanson,eng ENG,DF,Portsmouth,23,2000,21.9,949,714,233,8,1,3,43,224,1,1,0,0,659,2,22,Matches
671,John Swift,eng ENG,MF,West Brom,29,1995,19.3,1400,1257,134,49,7,12,86,8,61,28,24,0,1165,9,19,Matches
672,Mark Sykes,ie IRL,"MF,DF",Bristol City,26,1997,19.0,759,722,34,6,1,3,78,19,9,0,0,0,537,3,34,Matches
673,Sammie Szmodics,ie IRL,MF,Blackburn,28,1995,0.3,3,2,1,1,0,0,0,0,0,0,0,0,3,0,0,Matches
674,Kornél Szűcs,hu HUN,DF,Plymouth Argyle,22,2001,31.5,1476,1274,199,44,0,0,12,148,0,0,0,0,1185,3,12,Matches
675,Elias Sørensen,dk DEN,"FW,MF",Portsmouth,24,1999,3.6,73,71,2,0,0,0,2,0,0,0,0,0,48,0,2,Matches
676,Jakob Sørensen,dk DEN,"MF,DF",Norwich City,26,1998,14.7,1004,965,36,23,3,7,4,13,0,0,0,0,859,3,7,Matches
677,Maksym Talovierov,ua UKR,DF,Plymouth Argyle,24,2000,10.4,331,324,6,2,0,7,3,4,0,0,0,0,245,1,2,Matches
678,Ao Tanaka,jp JPN,MF,Leeds United,25,1998,36.8,2667,2570,89,79,3,13,19,10,0,0,0,0,2379,8,25,Matches
679,Japhet Tanganga,eng ENG,DF,Millwall,25,1999,39.5,1367,1326,36,16,2,13,6,20,0,0,0,0,1057,5,17,Matches
680,George Tanner,eng ENG,DF,Bristol City,24,1999,22.2,1272,1057,210,16,2,3,35,194,0,0,0,0,1011,5,20,Matches
681,Ollie Tanner,eng ENG,"FW,MF",Cardiff City,22,2002,15.4,462,432,28,2,0,4,44,23,3,3,0,0,296,2,22,Matches
682,Fabio Tavares,eng ENG,FW,Coventry City,23,2001,0.0,0,0,0,0,0,0,0,0,0,0,0,0,0,0,0,Matches
683,Joseph Taylor,wls WAL,"FW,MF",Luton Town,21,2002,1.7,23,20,2,0,0,0,1,1,0,0,0,0,12,1,1,Matches
684,Junior Tchamadeu,cm CMR,DF,Stoke City,20,2003,34.8,1432,1104,322,14,4,3,63,308,0,0,0,0,1016,6,34,Matches
685,Hidde ter Avest,nl NED,DF,Oxford United,27,1997,11.1,423,364,56,0,0,1,17,56,0,0,0,0,280,3,17,Matches
686,Emre Tezgel,eng ENG,"FW,MF",Stoke City,18,2005,3.3,65,64,1,0,0,1,3,0,0,0,0,0,47,0,1,Matches
687,Bobby Thomas,eng ENG,DF,Coventry City,23,2001,37.0,2292,2206,80,63,2,19,3,8,0,0,0,0,1872,6,13,Matches
688,Joshua Thomas,wls WAL,MF,Swansea City,21,2002,0.0,0,0,0,0,0,0,0,0,0,0,0,0,0,0,0,Matches
689,Brandon Thomas-Asante,gh GHA,FW,Coventry City,25,1998,16.1,254,251,2,0,1,1,17,0,0,0,0,0,164,1,12,Matches
690,Jordan Thompson,nir NIR,"MF,DF",Stoke City,27,1997,15.0,662,621,38,13,0,0,14,22,2,1,0,1,539,3,14,Matches
691,Liam Thompson,eng ENG,MF,Derby County,22,2002,17.9,599,577,16,2,1,1,25,8,2,2,0,0,429,6,16,Matches
692,Jordan Thorniley,eng ENG,DF,Oxford United,27,1996,0.9,23,22,1,1,0,0,0,0,0,0,0,0,16,0,0,Matches
693,Muhamed Tijani,ng NGA,"FW,MF",Plymouth Argyle,24,2000,5.0,92,89,3,0,0,0,4,0,0,0,0,0,37,0,3,Matches
694,Nathan Tjoe-A-On,id IDN,DF,Swansea City,22,2001,0.0,5,5,0,0,0,0,1,0,0,0,0,0,4,0,0,Matches
695,Victor Torp,dk DEN,MF,Coventry City,25,1999,23.4,1108,964,137,31,3,1,112,5,80,56,12,0,819,7,22,Matches
696,Balázs Tóth,hu HUN,GK,Blackburn,26,1997,6.0,194,121,73,26,0,0,0,0,0,0,0,0,99,0,0,Matches
697,Ryley Towler,eng ENG,DF,Portsmouth,23,2001,10.4,395,379,13,10,0,3,0,2,0,0,0,0,323,3,1,Matches
698,Andros Townsend,eng ENG,MF,Luton Town,33,1991,0.1,10,8,2,0,0,0,3,2,0,0,0,0,6,0,0,Matches
699,James Trafford,eng ENG,GK,Burnley,21,2002,45.0,1745,1354,384,138,1,1,0,0,0,0,0,0,1279,7,0,Matches
700,Mark Travers,ie IRL,GK,Middlesbrough,25,1999,17.0,535,363,172,56,0,0,0,0,0,0,0,0,340,0,0,Matches
701,Lewis Travis,eng ENG,MF,Blackburn,26,1997,35.7,1666,1580,76,54,4,30,19,17,0,0,0,0,1395,10,30,Matches
702,Nectarios Triantis,gr GRE,FW,Sunderland,21,2003,0.0,1,1,0,0,0,0,0,0,0,0,0,0,0,0,0,Matches
703,Sondre Tronstad,no NOR,MF,Blackburn,28,1995,34.8,1626,1580,43,31,2,12,12,6,0,0,0,0,1427,3,17,Matches
704,Auston Trusty,us USA,DF,Sheffield Utd,25,1998,1.0,50,48,2,1,0,0,0,0,0,0,0,0,49,0,0,Matches
705,David Turnbull,sct SCO,MF,Cardiff City,25,1999,9.2,640,588,48,16,1,2,50,2,30,10,18,0,539,4,7,Matches
706,Scott Twine,eng ENG,"FW,MF",Bristol City,25,1999,23.5,803,646,152,43,14,1,98,11,72,28,33,1,610,5,16,Matches
707,Igor Tyjon,eng ENG,FW,Blackburn,16,2008,0.1,4,4,0,0,0,0,0,0,0,0,0,0,1,0,1,Matches
708,Josh Tymon,eng ENG,DF,Swansea City,25,1999,43.8,2481,1898,577,86,0,2,266,385,106,45,45,1,1961,6,36,Matches
709,Ike Ugbo,ca CAN,FW,Sheffield Weds,25,1998,14.2,191,170,21,0,1,0,1,1,0,0,0,0,151,0,4,Matches
710,Pol Valentín,es ESP,"DF,MF",Sheffield Weds,27,1997,17.0,585,491,91,7,0,1,74,84,0,0,0,0,392,3,33,Matches
711,Yan Valery,tn TUN,"DF,MF",Sheffield Weds,25,1999,35.0,1295,1048,244,18,1,4,76,226,0,0,0,0,956,3,46,Matches
712,Jonathan Varane,mq MTQ,MF,QPR,22,2001,28.9,1067,1052,12,10,1,10,12,2,0,0,0,0,868,3,21,Matches
713,Rocco Vata,ie IRL,"FW,MF",Watford,19,2005,17.1,389,355,34,2,1,6,38,17,11,5,0,0,262,0,15,Matches
714,Harry Vaughan,ie IRL,FW,Hull City,20,2004,1.1,23,22,1,0,0,0,0,0,0,0,0,0,19,0,1,Matches
715,Will Vaulks,wls WAL,MF,Oxford United,30,1993,37.1,2030,1675,346,133,3,21,90,176,37,9,24,0,1406,9,30,Matches
716,Josh Vickers,eng ENG,GK,Derby County,28,1995,6.0,177,93,84,29,0,1,0,0,0,0,0,0,83,0,0,Matches
717,André Vidigal,ao ANG,"MF,FW",Stoke City,25,1998,1.2,39,35,4,1,0,0,8,2,1,1,0,0,23,0,2,Matches
718,Lawrence Vigouroux,cl CHI,GK,Swansea City,30,1993,46.0,2009,1687,314,85,0,3,0,0,0,0,0,0,1290,8,1,Matches
719,Žan Vipotnik,si SVN,FW,Swansea City,22,2002,23.2,260,226,31,0,0,0,0,0,0,0,0,0,178,3,8,Matches
720,Vitinho,br BRA,"MF,FW",Burnley,25,1999,2.6,66,63,2,0,2,0,5,2,0,0,0,0,47,1,5,Matches
721,Zak Vyner,ke KEN,DF,Bristol City,27,1997,46.0,2972,2620,348,64,2,26,35,284,0,0,0,0,2327,4,34,Matches
722,Thomas Waddingham,au AUS,FW,Portsmouth,19,2005,1.1,8,8,0,0,0,0,0,0,0,0,0,0,7,0,0,Matches
723,Ben Waine,nz NZL,FW,Plymouth Argyle,23,2001,0.1,3,3,0,0,0,0,0,0,0,0,0,0,0,0,0,Matches
724,Jed Wallace,eng ENG,"FW,MF",West Brom,30,1994,9.0,275,256,19,7,0,3,31,3,5,0,2,0,198,0,9,Matches
725,Murray Wallace,sct SCO,DF,Millwall,31,1993,8.1,340,335,3,2,0,3,1,1,0,0,0,0,253,2,3,Matches
726,Joe Walsh,eng ENG,GK,QPR,22,2002,1.0,42,30,12,7,0,0,0,0,0,0,0,0,23,0,0,Matches
727,Liam Walsh,eng ENG,MF,Luton Town,26,1997,15.7,707,615,90,44,0,8,73,6,38,20,8,2,534,2,17,Matches
728,Reuell Walters,eng ENG,DF,Luton Town,19,2004,10.9,437,353,82,3,0,1,14,79,0,0,0,0,336,2,18,Matches
729,Joe Ward,eng ENG,DF,Derby County,28,1995,1.7,79,57,21,4,0,0,15,14,3,3,0,0,51,1,3,Matches
730,Duncan Watmore,eng ENG,"FW,MF",Millwall,30,1994,17.5,304,294,8,0,4,0,11,3,0,0,0,0,208,2,19,Matches
731,Tom Watson,eng ENG,"FW,MF",Sunderland,18,2006,9.9,285,253,31,6,0,1,55,4,21,10,1,0,194,1,16,Matches
732,Wout Weghorst,nl NED,FW,Burnley,31,1992,0.3,5,5,0,0,0,0,0,0,0,0,0,0,4,0,0,Matches
733,Andreas Weimann,at AUT,"FW,MF",Blackburn,32,1991,15.7,366,354,11,1,4,0,15,3,0,0,0,0,281,1,7,Matches
734,Nahki Wells,bm BER,FW,Bristol City,34,1990,22.8,493,469,23,1,2,0,29,4,1,0,0,0,332,1,22,Matches
735,Jack Whatmough,eng ENG,DF,Preston,27,1996,12.4,654,631,20,11,0,9,2,5,0,0,0,0,528,3,1,Matches
736,Lennon Wheeldon,eng ENG,FW,Derby County,17,2006,0.0,0,0,0,0,0,0,0,0,0,0,0,0,0,0,0,Matches
737,Ben Whiteman,eng ENG,MF,Preston,28,1996,27.7,1356,1250,96,62,3,15,54,1,33,10,16,4,1052,10,20,Matches
738,Morgan Whittaker,eng ENG,"FW,MF",Plymouth Argyle,23,2001,19.4,524,504,17,10,4,14,36,7,0,0,0,0,368,3,22,Matches
739,Morgan Whittaker,eng ENG,"MF,FW",Middlesbrough,23,2001,11.0,402,386,14,3,0,7,23,0,10,3,1,0,323,2,9,Matches
740,Harry Whitwell,eng ENG,FW,West Brom,18,2005,0.1,9,9,0,0,0,0,0,0,0,0,0,0,8,0,1,Matches
741,Jacob Widell Zetterström,se SWE,GK,Derby County,26,1998,40.0,1241,824,416,163,0,6,0,0,0,0,0,0,666,1,2,Matches
742,Joe Wildsmith,eng ENG,GK,West Brom,28,1995,10.0,370,275,93,28,0,0,0,0,0,0,0,0,233,2,0,Matches
743,Caleb Wiley,us USA,"DF,MF",Watford,19,2004,8.0,397,335,62,3,1,0,17,59,0,0,0,0,315,0,19,Matches
744,Joe Williams,eng ENG,MF,Bristol City,27,1996,15.7,1055,997,56,29,2,7,59,1,26,9,7,1,866,2,12,Matches
745,Jordan Williams,eng ENG,DF,Portsmouth,24,1999,14.1,583,478,105,7,0,0,18,87,0,0,0,0,461,0,11,Matches
746,Chris Willock,eng ENG,FW,Cardiff City,26,1998,17.2,573,548,24,6,1,1,80,0,12,4,4,0,443,1,18,Matches
747,Ben Wilmot,eng ENG,DF,Stoke City,24,1999,36.0,1943,1750,183,40,1,28,17,106,0,0,0,0,1525,10,17,Matches
748,Ben Wilson,eng ENG,GK,Coventry City,31,1992,4.0,136,106,30,12,0,0,0,0,0,0,0,0,76,0,0,Matches
749,Kane Wilson,eng ENG,DF,Derby County,24,2000,27.0,887,696,189,2,2,4,113,187,0,0,0,0,577,2,46,Matches
750,Josh Wilson-Esbrand,eng ENG,"DF,FW",Stoke City,21,2002,3.0,173,129,39,3,0,0,14,36,0,0,0,0,127,5,5,Matches
751,Josh Windass,eng ENG,"MF,FW",Sheffield Weds,30,1994,35.8,1216,1082,124,22,9,16,116,24,38,16,8,1,914,10,29,Matches
752,Ryan Wintle,eng ENG,MF,Millwall,27,1997,5.7,176,161,14,5,0,2,6,0,8,4,0,0,129,1,4,Matches
753,Maximilian Wöber,at AUT,DF,Leeds United,26,1998,3.7,208,167,41,5,0,0,11,36,0,0,0,0,151,0,4,Matches
754,Freddie Woodman,eng ENG,GK,Preston,27,1997,37.0,1466,1084,378,148,0,13,1,0,0,0,0,0,1033,4,1,Matches
755,Cauley Woodrow,eng ENG,"MF,FW",Blackburn,29,1994,2.5,96,95,1,0,0,0,2,0,0,0,0,0,73,0,3,Matches
756,Cauley Woodrow,eng ENG,"MF,FW",Luton Town,29,1994,3.0,124,113,9,4,0,1,11,1,3,1,2,0,81,2,4,Matches
757,Joe Worrall,eng ENG,DF,Burnley,27,1997,3.2,247,241,6,3,0,3,0,2,0,0,0,0,215,0,1,Matches
758,Callum Wright,eng ENG,"MF,FW",Plymouth Argyle,24,2000,16.2,370,352,14,0,1,3,29,5,0,0,0,0,235,4,12,Matches
759,Haji Wright,us USA,FW,Coventry City,26,1998,21.6,391,378,11,2,3,0,32,2,0,0,0,0,260,2,25,Matches
760,Jacob Wright,eng ENG,MF,Norwich City,18,2005,9.9,784,726,52,15,3,3,51,4,32,15,13,0,633,6,6,Matches
761,Jerry Yates,eng ENG,FW,Derby County,27,1996,38.0,508,471,36,0,2,3,15,2,0,0,0,0,361,1,23,Matches
762,Kusini Yengi,au AUS,"FW,MF",Portsmouth,25,1999,6.0,77,75,2,1,0,0,5,0,0,0,0,0,45,0,4,Matches
763,Óscar Zambrano,ec ECU,MF,Hull City,20,2004,4.3,148,146,2,2,1,0,0,0,0,0,0,0,128,0,4,Matches
764,Anass Zaroury,ma MAR,"FW,MF",Burnley,23,2000,0.3,10,8,1,0,0,0,2,0,1,0,1,0,5,1,1,Matches
765,Stefán Þórðarson,is ISL,MF,Preston,25,1998,27.8,1043,932,107,44,2,18,64,22,38,21,11,1,798,4,19,Matches
