Unnamed: 0_level_0_Rk,Unnamed: 1_level_0_Player,Unnamed: 2_level_0_Nation,Unnamed: 3_level_0_Pos,Unnamed: 4_level_0_Squad,Unnamed: 5_level_0_Age,Unnamed: 6_level_0_Born,Unnamed: 7_level_0_90s,Tackles_Tkl,Tackles_TklW,Tackles_Def 3rd,Tackles_Mid 3rd,Tackles_Att 3rd,Challenges_Tkl,Challenges_Att,Challenges_Tkl%,Challenges_Lost,Blocks_Blocks,Blocks_Sh,Blocks_Pass,Unnamed: 20_level_0_Int,Unnamed: 21_level_0_Tkl+Int,Unnamed: 22_level_0_Clr,Unnamed: 23_level_0_Err,Unnamed: 24_level_0_Matches
1,Nabil Aberdin,fr FRA,DF,Getafe,20,2002,2.0,0,0,0,0,0,0,1,0.0,1,0,0,0,0,0,4,0,Matches
2,Abner,br BRA,DF,Betis,23,2000,15.6,25,19,15,9,1,17,34,50.0,17,23,5,18,15,40,62,0,Matches
3,Abdel Abqar,ma MAR,DF,Alavés,24,1999,25.7,35,19,28,5,2,21,35,60.0,14,31,26,5,23,58,115,0,Matches
4,Marcos Acuña,ar ARG,DF,Sevilla,31,1991,14.4,33,21,20,12,1,9,14,64.3,5,12,2,10,4,37,25,0,Matches
5,Julen Agirrezabala,es ESP,GK,Athletic Club,22,2000,2.6,0,0,0,0,0,0,0,,0,0,0,0,0,0,0,0,Matches
6,Lucien Agoume,fr FRA,MF,Sevilla,21,2002,8.6,23,18,7,14,2,9,12,75.0,3,6,1,5,7,30,8,0,Matches
7,Joseph Aidoo,gh GHA,DF,Celta Vigo,27,1995,4.5,8,3,6,2,0,4,8,50.0,4,3,1,2,4,12,28,0,Matches
8,Ilias Akhomach,ma MAR,"MF,FW",Villarreal,19,2004,16.8,36,21,11,16,9,10,20,50.0,10,10,2,8,13,49,13,0,Matches
9,Sergio Akieme,es ESP,DF,Almería,25,1997,18.6,27,15,18,7,2,13,16,81.3,3,14,4,10,10,37,34,0,Matches
10,Paul Akouokou,ci CIV,MF,Betis,25,1997,0.3,5,3,0,2,3,3,3,100.0,0,3,1,2,1,6,1,0,Matches
11,David Alaba,at AUT,DF,Real Madrid,31,1992,12.8,13,9,7,5,1,4,8,50.0,4,10,7,3,15,28,34,0,Matches
12,Raúl Albiol,es ESP,DF,Villarreal,37,1985,22.6,25,14,15,9,1,18,27,66.7,9,31,24,7,16,41,102,0,Matches
13,Rubén Alcaraz,es ESP,MF,Cádiz,32,1991,34.8,97,59,39,52,6,50,121,41.3,71,60,14,46,33,130,55,2,Matches
14,Omar Alderete,py PAR,DF,Getafe,26,1996,24.4,28,21,15,13,0,19,35,54.3,16,30,18,12,13,41,111,0,Matches
15,Iván Alejo,es ESP,MF,Cádiz,28,1995,18.8,40,23,23,11,6,17,57,29.8,40,20,0,20,7,47,17,0,Matches
16,Carles Aleñá,es ESP,MF,Getafe,25,1998,11.3,24,8,7,14,3,10,24,41.7,14,14,3,11,4,28,13,0,Matches
17,Mohamed Ali Cho,fr FRA,"FW,MF",Real Sociedad,19,2004,2.8,4,3,3,1,0,2,7,28.6,5,6,0,6,1,5,1,0,Matches
18,Tadeo Allende,ar ARG,"MF,FW",Celta Vigo,24,1999,3.7,6,1,3,2,1,4,6,66.7,2,3,0,3,3,9,3,0,Matches
19,Domingos André Ribeiro Almeida,pt POR,"FW,MF",Valencia,23,2000,10.7,25,15,9,12,4,9,19,47.4,10,13,1,12,6,31,5,0,Matches
20,Marcos Alonso,es ESP,DF,Barcelona,32,1990,2.8,5,3,2,3,0,3,4,75.0,1,2,0,2,4,9,6,0,Matches
21,Adrià Altimira,es ESP,"DF,MF",Villarreal,22,2001,8.6,16,7,9,6,1,9,24,37.5,15,18,5,13,5,21,18,0,Matches
22,Sergi Altimira,es ESP,MF,Betis,21,2001,6.3,15,8,8,6,1,11,23,47.8,12,12,1,11,9,24,10,0,Matches
23,Gastón Álvarez,uy URU,DF,Getafe,23,2000,28.2,68,37,43,20,5,37,57,64.9,20,40,11,29,35,103,80,0,Matches
24,Hugo Álvarez,es ESP,"MF,DF",Celta Vigo,20,2003,8.5,14,9,8,3,3,9,20,45.0,11,4,1,3,5,19,9,0,Matches
25,Yeray Álvarez,es ESP,DF,Athletic Club,28,1995,12.8,18,9,15,3,0,12,19,63.2,7,8,5,3,11,29,34,1,Matches
26,Selim Amallah,ma MAR,"FW,MF",Valencia,26,1996,6.7,17,12,7,7,3,3,9,33.3,6,13,0,13,11,28,6,0,Matches
27,Amath,sn SEN,"FW,MF",Mallorca,27,1996,4.4,9,6,7,2,0,2,10,20.0,8,2,0,2,3,12,6,0,Matches
28,Miguel Ángel Rubio,es ESP,DF,Granada,25,1998,17.3,20,12,14,6,0,14,21,66.7,7,31,18,13,28,48,74,2,Matches
29,Fabrizio Angileri,ar ARG,"DF,MF",Getafe,29,1994,1.8,1,1,1,0,0,1,3,33.3,2,0,0,0,4,5,8,0,Matches
30,Mauro Arambarri,uy URU,MF,Getafe,27,1995,3.8,6,2,3,2,1,1,6,16.7,5,1,0,1,2,8,7,0,Matches
31,Jon Aramburu,ve VEN,DF,Real Sociedad,21,2002,6.0,24,15,12,10,2,15,25,60.0,10,8,3,5,7,31,17,0,Matches
32,Julian Araujo,mx MEX,DF,Las Palmas,21,2001,16.2,41,22,29,7,5,23,33,69.7,10,23,16,7,10,51,52,1,Matches
33,Ronald Araújo,uy URU,DF,Barcelona,24,1999,22.2,27,22,11,15,1,12,17,70.6,5,20,11,9,12,39,66,2,Matches
34,Adu Ares,es ESP,FW,Athletic Club,21,2001,2.9,8,4,4,2,2,2,3,66.7,1,1,0,1,1,9,0,0,Matches
35,Jesús Areso,es ESP,DF,Osasuna,24,1999,29.6,45,24,25,13,7,31,38,81.6,7,36,15,21,18,63,58,0,Matches
36,Matias Arezo,uy URU,FW,Granada,20,2002,4.1,7,3,2,5,0,1,5,20.0,4,4,1,3,1,8,4,0,Matches
37,Iñigo Arguibide,es ESP,DF,Osasuna,18,2005,0.2,1,0,0,1,0,0,0,,0,0,0,0,0,1,1,0,Matches
38,José Arnaiz,es ESP,"FW,MF",Osasuna,28,1995,10.3,14,8,6,4,4,6,21,28.6,15,11,2,9,3,17,2,0,Matches
39,Sergio Arribas,es ESP,"MF,FW",Almería,21,2001,22.7,34,17,16,17,1,14,31,45.2,17,20,1,19,16,50,8,1,Matches
40,Kepa Arrizabalaga,es ESP,GK,Real Madrid,28,1994,13.3,0,0,0,0,0,0,1,0.0,1,0,0,0,0,0,4,0,Matches
41,Iago Aspas,es ESP,FW,Celta Vigo,35,1987,30.1,11,6,4,6,1,1,15,6.7,14,23,3,20,10,21,8,0,Matches
42,Ezequiel Ávila,ar ARG,"FW,MF",Osasuna,29,1994,9.6,3,2,1,1,1,3,11,27.3,8,14,0,14,4,7,8,0,Matches
43,Ezequiel Ávila,ar ARG,FW,Betis,29,1994,3.3,2,1,0,2,0,1,3,33.3,2,2,0,2,1,3,4,0,Matches
44,César Azpilicueta,es ESP,DF,Atlético Madrid,33,1989,15.8,25,14,15,9,1,12,19,63.2,7,25,6,19,16,41,46,0,Matches
45,Iddrisu Baba,gh GHA,MF,Almería,27,1996,15.9,46,26,27,18,1,17,39,43.6,22,20,6,14,11,57,27,2,Matches
46,Srđan Babić,rs SRB,DF,Almería,27,1996,1.0,2,2,0,2,0,1,1,100.0,0,1,1,0,0,2,2,0,Matches
47,Loïc Bade,fr FRA,DF,Sevilla,23,2000,25.3,65,41,53,12,0,30,49,61.2,19,23,15,8,38,103,116,2,Matches
48,Alex Baena,es ESP,"MF,FW",Villarreal,22,2001,28.7,34,21,10,16,8,20,47,42.6,27,23,2,21,13,47,17,1,Matches
49,Eric Bailly,ci CIV,DF,Villarreal,29,1994,9.3,5,3,4,1,0,2,2,100.0,0,8,8,0,9,14,38,2,Matches
50,Cédric Bakambu,cd COD,FW,Betis,32,1991,2.2,1,0,0,1,0,0,0,,0,2,0,2,0,1,0,0,Matches
51,Alejandro Balde,es ESP,DF,Barcelona,19,2003,15.3,20,11,11,6,3,7,11,63.6,4,14,1,13,5,25,21,1,Matches
52,Iván Balliu,al ALB,DF,Rayo Vallecano,31,1992,31.9,44,31,20,24,0,22,39,56.4,17,27,11,16,29,73,66,1,Matches
53,Jonathan Bamba,ci CIV,"MF,FW",Celta Vigo,27,1996,22.0,14,9,4,8,2,2,17,11.8,15,20,0,20,18,32,12,0,Matches
54,Léo Baptistão,br BRA,FW,Almería,30,1992,20.4,25,16,12,8,5,9,25,36.0,16,13,1,12,11,36,22,0,Matches
55,Kike Barja,es ESP,"FW,MF",Osasuna,26,1997,3.4,6,2,2,2,2,3,8,37.5,5,2,1,1,2,8,2,0,Matches
56,Ander Barrenetxea,es ESP,"FW,MF",Real Sociedad,21,2001,15.9,32,21,7,16,9,10,26,38.5,16,18,1,17,6,38,5,0,Matches
57,Pablo Barrios,es ESP,MF,Atlético Madrid,20,2003,17.3,45,25,15,29,1,19,40,47.5,21,20,3,17,28,73,24,2,Matches
58,Marc Bartra,es ESP,DF,Betis,32,1991,2.5,4,3,3,1,0,4,5,80.0,1,3,1,2,3,7,10,0,Matches
59,Augusto Batalla,ar ARG,GK,Granada,27,1996,17.0,0,0,0,0,0,0,1,0.0,1,0,0,0,0,0,10,2,Matches
60,Bebé,cv CPV,"MF,FW",Rayo Vallecano,33,1990,2.4,2,2,1,1,0,1,5,20.0,4,1,0,1,0,2,0,0,Matches
61,Sheraldo Becker,sr SUR,"FW,MF",Real Sociedad,28,1995,8.6,2,2,0,2,0,0,1,0.0,1,3,0,3,1,3,0,0,Matches
62,Héctor Bellerín,es ESP,DF,Betis,28,1995,19.0,34,22,14,16,4,20,53,37.7,33,13,5,8,22,56,40,1,Matches
63,Jude Bellingham,eng ENG,MF,Real Madrid,20,2003,25.7,42,34,14,18,10,12,36,33.3,24,55,5,50,21,63,17,0,Matches
64,Fran Beltrán,es ESP,MF,Celta Vigo,24,1999,27.0,56,32,22,23,11,24,63,38.1,39,28,2,26,18,74,34,0,Matches
65,Carlos Benavídez,uy URU,MF,Alavés,25,1998,12.6,56,35,19,26,11,19,34,55.9,15,13,5,8,19,75,31,0,Matches
66,Yuri Berchiche,es ESP,DF,Athletic Club,33,1990,21.4,33,25,13,14,6,19,33,57.6,14,28,9,19,20,53,62,0,Matches
67,Álex Berenguer,es ESP,FW,Athletic Club,28,1995,17.7,23,14,9,9,5,7,24,29.2,17,23,0,23,5,28,13,0,Matches
68,Antonio Blanco,es ESP,MF,Alavés,23,2000,27.0,61,36,29,27,5,31,86,36.0,55,25,2,23,35,96,30,0,Matches
69,Daley Blind,nl NED,DF,Girona,33,1990,33.0,47,21,33,13,1,29,47,61.7,18,37,19,18,21,68,113,0,Matches
70,Adri Bosch,es ESP,DF,Granada,22,2001,0.3,1,1,1,0,0,0,0,,0,0,0,0,0,1,1,0,Matches
71,Yassine Bounou,ma MAR,GK,Sevilla,32,1991,1.0,0,0,0,0,0,0,0,,0,0,0,0,0,0,0,0,Matches
72,Lucas Boyé,ar ARG,FW,Granada,27,1996,28.2,50,25,14,25,11,14,34,41.2,20,35,5,30,10,60,46,0,Matches
73,Darko Brašanac,rs SRB,MF,Osasuna,31,1992,0.5,1,0,1,0,0,1,1,100.0,0,1,0,1,0,1,0,0,Matches
74,Brau,es ESP,DF,Granada,21,2001,0.3,1,0,1,0,0,1,1,100.0,0,0,0,0,0,1,2,0,Matches
75,Claudio Bravo,cl CHI,GK,Betis,40,1983,7.0,0,0,0,0,0,0,1,0.0,1,0,0,0,0,0,2,0,Matches
76,Ben Brereton,cl CHI,"FW,MF",Villarreal,24,1999,3.0,2,2,1,0,1,0,2,0.0,2,0,0,0,0,2,0,0,Matches
77,Ante Budimir,hr CRO,FW,Osasuna,32,1991,27.1,21,15,2,11,8,5,14,35.7,9,19,5,14,5,26,18,0,Matches
78,Manu Bueno,es ESP,MF,Sevilla,19,2004,1.3,4,2,4,0,0,3,3,100.0,0,3,0,3,0,4,1,0,Matches
79,Pablo Busto,es ESP,DF,Betis,17,2005,0.5,1,1,0,0,1,1,1,100.0,0,0,0,0,1,2,3,0,Matches
80,José Callejón,es ESP,"MF,FW",Granada,36,1987,8.9,13,6,10,3,0,8,22,36.4,14,7,1,6,5,18,10,0,Matches
81,Eduardo Camavinga,fr FRA,"MF,DF",Real Madrid,20,2002,20.2,76,47,39,29,8,23,39,59.0,16,36,8,28,29,105,29,1,Matches
82,Sergio Camello,es ESP,FW,Rayo Vallecano,22,2001,18.5,16,5,3,10,3,6,15,40.0,9,10,2,8,3,19,15,0,Matches
83,José Campaña,es ESP,MF,Las Palmas,30,1993,1.9,2,2,1,1,0,0,2,0.0,2,3,2,1,2,4,3,0,Matches
84,João Cancelo,pt POR,DF,Barcelona,29,1994,27.8,64,44,35,21,8,38,58,65.5,20,35,6,29,29,93,59,1,Matches
85,Sergi Canós,es ESP,"MF,FW",Valencia,26,1997,13.7,23,13,7,11,5,10,24,41.7,14,14,2,12,11,34,9,0,Matches
86,Étienne Capoue,fr FRA,MF,Villarreal,35,1988,16.2,32,18,17,12,3,15,22,68.2,7,20,4,16,22,54,24,1,Matches
87,Isaac Carcelen,es ESP,DF,Cádiz,30,1993,29.0,50,31,30,15,5,25,45,55.6,20,24,7,17,27,77,87,2,Matches
88,Dani Cárdenas,es ESP,GK,Rayo Vallecano,26,1997,1.0,0,0,0,0,0,0,0,,0,0,0,0,0,0,1,0,Matches
89,Marc Cardona,es ESP,FW,Las Palmas,28,1995,8.2,9,8,3,4,2,1,12,8.3,11,5,0,5,2,11,7,0,Matches
90,Sergi Cardona,es ESP,DF,Las Palmas,24,1999,31.3,90,55,52,29,9,55,96,57.3,41,45,7,38,46,136,102,0,Matches
91,Johnny Cardoso,us USA,MF,Betis,21,2001,14.8,48,29,19,24,5,22,33,66.7,11,20,5,15,32,80,31,0,Matches
92,Carmona,es ESP,"DF,MF",Getafe,21,2002,14.6,30,21,13,14,3,9,28,32.1,19,15,2,13,21,51,25,0,Matches
93,Yannick Carrasco,be BEL,DF,Atlético Madrid,29,1993,2.5,4,4,3,1,0,2,7,28.6,5,2,0,2,1,5,6,0,Matches
94,Álvaro Carreras,es ESP,"MF,FW",Granada,20,2003,5.3,13,8,8,4,1,5,11,45.5,6,5,1,4,7,20,9,1,Matches
95,Dani Carvajal,es ESP,DF,Real Madrid,31,1992,24.1,47,32,28,15,4,23,42,54.8,19,28,9,19,22,69,54,4,Matches
96,William Carvalho,pt POR,MF,Betis,31,1992,7.6,20,12,11,7,2,10,16,62.5,6,8,1,7,8,28,9,1,Matches
97,Marc Casado,es ESP,MF,Barcelona,19,2003,0.2,1,1,1,0,0,1,1,100.0,0,0,0,0,1,2,2,0,Matches
98,Catena,es ESP,DF,Osasuna,28,1994,28.2,33,18,26,6,1,19,35,54.3,16,24,15,9,15,48,119,3,Matches
99,Dani Ceballos,es ESP,"MF,FW",Real Madrid,26,1996,6.6,10,5,4,5,1,5,14,35.7,9,9,2,7,0,10,4,1,Matches
100,Álex Centelles,es ESP,DF,Almería,25,1997,10.9,11,6,9,2,0,8,18,44.4,10,5,2,3,18,29,29,0,Matches
101,Franco Cervi,ar ARG,"MF,DF",Celta Vigo,29,1994,6.1,24,18,13,9,2,13,24,54.2,11,16,0,16,9,33,4,0,Matches
102,Pep Chavarría,es ESP,"DF,MF",Rayo Vallecano,25,1998,13.0,23,18,15,6,2,11,17,64.7,6,15,3,12,6,29,29,1,Matches
103,Andreas Christensen,dk DEN,"DF,MF",Barcelona,27,1996,22.0,23,14,7,14,2,16,28,57.1,12,23,10,13,21,44,41,0,Matches
104,Chumi,es ESP,DF,Almería,24,1999,27.0,34,22,22,12,0,16,26,61.5,10,38,23,15,14,48,107,3,Matches
105,Víctor Chust,es ESP,DF,Cádiz,23,2000,20.7,29,18,23,5,1,18,32,56.3,14,27,21,6,11,40,92,1,Matches
106,Pathé Ciss,sn SEN,MF,Rayo Vallecano,29,1994,18.5,44,24,16,26,2,16,29,55.2,13,27,10,17,30,74,54,0,Matches
107,Silvi Clúa,es ESP,MF,Girona,18,2005,0.0,2,0,2,0,0,2,2,100.0,0,1,0,1,0,2,0,0,Matches
108,Saúl Coco,gq EQG,DF,Las Palmas,24,1999,25.5,32,19,25,7,0,11,18,61.1,7,27,15,12,20,52,120,3,Matches
109,Santi Comesaña,es ESP,MF,Villarreal,26,1996,18.4,44,26,15,21,8,19,38,50.0,19,33,9,24,22,66,27,1,Matches
110,Copete,es ESP,DF,Mallorca,23,1999,14.8,45,27,27,17,1,30,43,69.8,13,12,6,6,32,77,47,1,Matches
111,Francis Coquelin,fr FRA,MF,Villarreal,32,1991,10.1,20,12,8,10,2,5,13,38.5,8,14,4,10,16,36,15,0,Matches
112,Theo Corbeanu,ca CAN,"MF,FW",Granada,21,2002,2.0,5,2,2,3,0,1,3,33.3,2,3,0,3,3,8,2,0,Matches
113,Jesús Corona,mx MEX,"MF,DF",Sevilla,30,1993,0.2,0,0,0,0,0,0,0,,0,0,0,0,1,1,0,0,Matches
114,Ángel Correa,ar ARG,"FW,MF",Atlético Madrid,28,1995,17.0,22,15,3,11,8,5,17,29.4,12,13,0,13,2,24,6,0,Matches
115,Thierry Correia,pt POR,DF,Valencia,24,1999,23.9,63,35,39,20,4,28,49,57.1,21,39,16,23,33,96,61,0,Matches
116,Jaume Costa,es ESP,DF,Mallorca,35,1988,18.7,38,22,23,10,5,18,29,62.1,11,14,4,10,16,54,35,0,Matches
117,Samu Costa,pt POR,MF,Mallorca,22,2000,25.6,91,50,40,46,5,46,93,49.5,47,28,14,14,39,130,59,3,Matches
118,Thibaut Courtois,be BEL,GK,Real Madrid,31,1992,3.7,1,0,1,0,0,0,0,,0,0,0,0,0,1,0,0,Matches
119,Yan Couto,br BRA,"DF,FW",Girona,21,2002,24.9,45,34,25,14,6,20,40,50.0,20,14,2,12,10,55,31,1,Matches
120,Crespo,pt POR,MF,Rayo Vallecano,26,1996,5.9,16,9,8,6,2,9,17,52.9,8,15,6,9,10,26,7,0,Matches
121,Cristian,es ESP,GK,Valencia,25,1998,0.6,0,0,0,0,0,0,0,,0,0,0,0,0,0,0,0,Matches
122,Juan Cruz Armada,es ESP,DF,Osasuna,31,1992,18.5,27,15,16,10,1,17,25,68.0,8,14,7,7,12,39,39,1,Matches
123,Juan Cruz,es ESP,FW,Betis,23,2000,0.8,0,0,0,0,0,0,1,0.0,1,0,0,0,0,0,0,0,Matches
124,Pau Cubarsí,es ESP,DF,Barcelona,16,2007,17.3,22,14,18,3,1,13,18,72.2,5,20,16,4,12,34,65,0,Matches
125,Iván Cuéllar,es ESP,GK,Mallorca,39,1984,1.0,0,0,0,0,0,0,0,,0,0,0,0,0,0,0,0,Matches
126,Jorge Cuenca,es ESP,DF,Villarreal,23,1999,21.8,42,29,26,10,6,19,30,63.3,11,26,15,11,21,63,114,0,Matches
127,Eric Curbelo,es ESP,"DF,MF",Las Palmas,29,1994,1.1,4,3,2,2,0,3,4,75.0,1,3,1,2,2,6,5,1,Matches
128,Alberto Dadie,es ESP,MF,Real Sociedad,21,2002,0.3,2,1,2,0,0,0,0,,0,1,0,1,0,2,0,0,Matches
129,Sergi Darder,es ESP,MF,Mallorca,29,1993,24.0,39,26,13,21,5,12,31,38.7,19,20,4,16,16,55,16,0,Matches
130,Rodrigo De Paul,ar ARG,MF,Atlético Madrid,29,1994,23.1,31,21,11,14,6,15,38,39.5,23,28,1,27,11,42,15,2,Matches
131,Mouctar Diakhaby,gn GUI,"DF,MF",Valencia,26,1996,11.9,18,11,9,9,0,11,13,84.6,2,17,7,10,11,29,62,0,Matches
132,Moussa Diakité,ml MLI,MF,Cádiz,19,2003,0.0,0,0,0,0,0,0,0,,0,0,0,0,0,0,0,0,Matches
133,Assane Diao,sn SEN,FW,Betis,17,2005,11.6,20,12,5,9,6,6,17,35.3,11,22,4,18,7,27,7,0,Matches
134,Brahim Díaz,ma MAR,"FW,MF",Real Madrid,23,1999,17.2,29,19,4,16,9,6,13,46.2,7,16,1,15,5,34,2,0,Matches
135,Víctor Díaz,es ESP,"DF,MF",Granada,35,1988,1.8,5,3,2,3,0,1,3,33.3,2,1,0,1,1,6,8,0,Matches
136,Famara Diedhiou,sn SEN,"FW,MF",Granada,30,1992,1.0,1,1,0,1,0,0,1,0.0,1,0,0,0,0,1,2,0,Matches
137,Stole Dimitrievski,mk MKD,GK,Rayo Vallecano,29,1993,37.0,1,1,1,0,0,1,1,100.0,0,0,0,0,0,1,17,3,Matches
138,Djené,tg TOG,"DF,MF",Getafe,31,1991,27.6,34,19,18,13,3,15,26,57.7,11,31,15,16,23,57,70,0,Matches
139,Marko Dmitrović,rs SRB,GK,Sevilla,31,1992,13.0,1,1,1,0,0,1,2,50.0,1,0,0,0,1,2,5,0,Matches
140,Jaume Doménech,es ESP,GK,Valencia,32,1990,0.9,0,0,0,0,0,0,0,,0,0,0,0,0,0,0,0,Matches
141,Carlos Dominguez,es ESP,DF,Celta Vigo,22,2001,17.6,33,21,17,9,7,23,37,62.2,14,24,12,12,22,55,78,0,Matches
142,Mario Dominguez,es ESP,FW,Valencia,19,2004,0.3,0,0,0,0,0,0,0,,0,0,0,0,0,0,0,0,Matches
143,Carlos Dotor,es ESP,MF,Celta Vigo,22,2001,7.9,14,7,3,8,3,4,13,30.8,9,12,2,10,4,18,4,0,Matches
144,Anastasios Douvikas,gr GRE,FW,Celta Vigo,23,1999,10.1,15,7,2,6,7,3,8,37.5,5,6,3,3,2,17,9,0,Matches
145,Artem Dovbyk,ua UKR,FW,Girona,26,1997,28.7,4,3,2,1,1,0,2,0.0,2,8,1,7,0,4,17,0,Matches
146,Domingos Duarte,pt POR,DF,Getafe,28,1995,10.1,7,4,6,0,1,5,7,71.4,2,7,5,2,8,15,27,0,Matches
147,Rubén Duarte,es ESP,DF,Alavés,27,1995,20.9,39,20,21,16,2,21,31,67.7,10,21,6,15,23,62,69,0,Matches
148,Hugo Duro,es ESP,FW,Valencia,23,1999,33.1,16,8,5,8,3,9,29,31.0,20,24,5,19,5,21,27,0,Matches
149,Aritz Elustondo,es ESP,DF,Real Sociedad,29,1994,9.0,11,7,5,4,2,6,14,42.9,8,12,10,2,7,18,26,0,Matches
150,Adri Embarba,es ESP,"FW,MF",Almería,31,1992,27.5,55,37,29,15,11,26,53,49.1,27,37,1,36,15,70,12,0,Matches
151,Youssef En-Nesyri,ma MAR,FW,Sevilla,26,1997,28.6,10,7,3,4,3,0,10,0.0,10,9,1,8,7,17,29,1,Matches
152,Gonzalo Escalante,ar ARG,MF,Cádiz,30,1993,18.9,39,24,16,14,9,20,55,36.4,35,23,5,18,26,65,33,2,Matches
153,Aarón Escandell,es ESP,GK,Las Palmas,27,1995,1.7,0,0,0,0,0,0,0,,0,0,0,0,0,0,1,1,Matches
154,Alfonso Espino,uy URU,DF,Rayo Vallecano,31,1992,27.9,67,45,43,22,2,30,82,36.6,52,26,4,22,40,107,63,0,Matches
155,Bernardo Espinosa,co COL,DF,Girona,34,1989,0.0,1,1,1,0,0,1,1,100.0,0,0,0,0,0,1,2,0,Matches
156,Karl Etta Eyong,cm CMR,FW,Cádiz,19,2003,0.2,1,1,0,1,0,0,0,,0,0,0,0,0,1,0,0,Matches
157,Abde Ezzalzouli,ma MAR,"FW,MF",Barcelona,21,2001,0.8,1,1,0,0,1,0,1,0.0,1,1,0,1,0,1,0,0,Matches
158,Abde Ezzalzouli,ma MAR,FW,Betis,21,2001,9.6,17,14,7,5,5,4,14,28.6,10,10,0,10,5,22,5,0,Matches
159,Radamel Falcao,co COL,"FW,DF",Rayo Vallecano,37,1986,4.5,7,5,1,5,1,1,3,33.3,2,2,0,2,3,10,4,0,Matches
160,Fali,es ESP,DF,Cádiz,29,1993,28.3,41,26,29,11,1,21,36,58.3,15,38,24,14,27,68,120,0,Matches
161,Ansu Fati,es ESP,"MF,FW",Barcelona,20,2002,0.6,0,0,0,0,0,0,1,0.0,1,0,0,0,0,0,0,0,Matches
162,Nabil Fekir,fr FRA,"MF,FW",Betis,30,1993,11.7,15,10,5,7,3,5,10,50.0,5,9,0,9,7,22,3,0,Matches
163,Luiz Felipe,it ITA,DF,Betis,26,1997,4.0,7,3,5,2,0,4,5,80.0,1,10,4,6,4,11,16,0,Matches
164,João Félix,pt POR,FW,Barcelona,23,1999,17.1,22,16,9,7,6,8,22,36.4,14,14,1,13,10,32,11,0,Matches
165,Kiko Femenía,es ESP,DF,Villarreal,32,1991,17.6,35,25,19,13,3,19,34,55.9,15,21,6,15,31,66,45,0,Matches
166,Aitor Fernández,es ESP,GK,Osasuna,32,1991,6.1,0,0,0,0,0,0,1,0.0,1,0,0,0,0,0,5,1,Matches
167,Álex Fernández,es ESP,MF,Cádiz,30,1992,14.3,19,9,10,9,0,11,22,50.0,11,17,5,12,15,34,30,0,Matches
168,Carlos Fernández,es ESP,FW,Real Sociedad,27,1996,4.5,11,7,3,6,2,0,2,0.0,2,4,0,4,0,11,5,0,Matches
169,Raúl Fernández,es ESP,GK,Granada,35,1988,3.1,0,0,0,0,0,0,1,0.0,1,0,0,0,0,0,1,2,Matches
170,Valery Fernández,es ESP,"MF,FW",Girona,23,1999,5.6,11,9,4,7,0,6,8,75.0,2,6,1,5,1,12,4,0,Matches
171,Fernando,es ESP,GK,Almería,33,1990,4.0,0,0,0,0,0,0,0,,0,1,0,1,0,0,2,0,Matches
172,Fernando,br BRA,MF,Sevilla,36,1987,5.1,9,8,2,4,3,5,9,55.6,4,2,0,2,7,16,9,0,Matches
173,André Ferreira,pt POR,GK,Granada,27,1996,14.9,0,0,0,0,0,0,1,0.0,1,0,0,0,0,0,9,2,Matches
174,Rachad Fettal,ma MAR,FW,Almería,18,2005,0.2,1,1,1,0,0,0,0,,0,0,0,0,0,1,0,0,Matches
175,Pablo Fornals,es ESP,"FW,MF",Betis,27,1996,12.8,24,16,8,11,5,12,22,54.5,10,14,0,14,22,46,10,2,Matches
176,Héctor Fort,es ESP,DF,Barcelona,16,2006,3.5,6,5,5,1,0,4,10,40.0,6,0,0,0,2,8,4,0,Matches
177,Dimitri Foulquier,fr FRA,"DF,MF",Valencia,30,1993,20.5,39,22,22,13,4,18,26,69.2,8,10,1,9,16,55,49,1,Matches
178,Juan Foyth,ar ARG,DF,Villarreal,25,1998,11.8,26,15,18,8,0,12,27,44.4,15,17,4,13,12,38,44,0,Matches
179,Jorge de Frutos,es ESP,"FW,MF",Rayo Vallecano,26,1997,17.2,19,8,5,8,6,7,22,31.8,15,12,0,12,7,26,18,0,Matches
180,Daniel Fuzato,br BRA,GK,Getafe,26,1997,0.1,0,0,0,0,0,0,0,,0,0,0,0,0,0,1,0,Matches
181,Matteo Gabbia,it ITA,DF,Villarreal,23,1999,5.3,10,6,4,6,0,5,8,62.5,3,5,2,3,8,18,36,1,Matches
182,Javi Galán,es ESP,DF,Atlético Madrid,28,1994,1.0,5,4,2,2,1,4,5,80.0,1,1,0,1,1,6,3,0,Matches
183,Javi Galán,es ESP,DF,Real Sociedad,28,1994,11.9,38,22,15,19,4,15,30,50.0,15,24,1,23,14,52,17,1,Matches
184,Iñigo Ruiz de Galarreta,es ESP,MF,Athletic Club,29,1993,23.2,49,31,15,26,8,24,49,49.0,25,18,5,13,12,61,17,0,Matches
185,Aleix García,es ESP,MF,Girona,26,1997,35.5,49,28,17,26,6,28,54,51.9,26,45,17,28,36,85,53,3,Matches
186,Álvaro García,es ESP,"FW,MF",Rayo Vallecano,30,1992,27.5,34,25,15,10,9,7,34,20.6,27,35,0,35,36,70,33,0,Matches
187,Dani García,es ESP,MF,Athletic Club,33,1990,8.3,17,11,4,7,6,12,24,50.0,12,9,3,6,8,25,11,0,Matches
188,David García,es ESP,DF,Osasuna,29,1994,25.9,29,18,19,9,1,16,26,61.5,10,40,19,21,18,47,115,2,Matches
189,Eric García,es ESP,DF,Barcelona,22,2001,0.6,0,0,0,0,0,0,0,,0,1,1,0,0,0,0,0,Matches
190,Eric García,es ESP,DF,Girona,22,2001,29.3,55,37,34,18,3,34,49,69.4,15,36,18,18,30,85,79,2,Matches
191,Fran Garcia,es ESP,DF,Real Madrid,23,1999,15.5,25,17,11,12,2,13,31,41.9,18,16,3,13,19,44,28,1,Matches
192,Gonzalo García,es ESP,"FW,MF",Real Madrid,19,2004,0.2,0,0,0,0,0,0,1,0.0,1,1,1,0,0,0,1,0,Matches
193,Jastin García,es ESP,FW,Girona,19,2004,0.4,1,0,0,0,1,0,0,,0,0,0,0,0,1,1,0,Matches
194,Raúl García,es ESP,"FW,MF",Athletic Club,37,1986,4.7,9,6,2,4,3,4,9,44.4,5,10,1,9,3,12,9,0,Matches
195,Rubén García,es ESP,"FW,MF",Osasuna,30,1993,17.2,32,18,8,17,7,13,33,39.4,20,23,3,20,12,44,23,0,Matches
196,Santiago García,es ESP,FW,Getafe,21,2001,0.3,1,0,0,0,1,1,1,100.0,0,0,0,0,0,1,0,0,Matches
197,Unai García,es ESP,DF,Osasuna,31,1992,6.2,12,9,9,2,1,5,10,50.0,5,7,1,6,8,20,18,0,Matches
198,Yarek Gasiorowski,es ESP,DF,Valencia,18,2005,8.2,22,12,14,5,3,13,19,68.4,6,15,8,7,15,37,50,1,Matches
199,Federico Gattoni,ar ARG,"DF,FW",Sevilla,24,1999,0.1,1,0,1,0,0,1,1,100.0,0,0,0,0,0,1,1,0,Matches
200,Gavi,es ESP,"MF,FW",Barcelona,18,2004,10.5,39,21,20,14,5,18,36,50.0,18,19,3,16,8,47,16,1,Matches
201,Paulo Gazzaniga,ar ARG,GK,Girona,31,1992,38.0,2,2,2,0,0,2,4,50.0,2,0,0,0,0,2,12,1,Matches
202,David Gil,es ESP,GK,Cádiz,29,1994,4.1,0,0,0,0,0,0,1,0.0,1,0,0,0,0,0,3,0,Matches
203,Maxi Gómez,uy URU,FW,Cádiz,26,1996,12.9,6,4,2,3,1,3,5,60.0,2,8,3,5,3,9,3,0,Matches
204,Moi Gómez,es ESP,"MF,FW",Osasuna,29,1994,22.3,30,19,7,19,4,9,24,37.5,15,15,1,14,11,41,22,0,Matches
205,Unai Gómez,es ESP,MF,Athletic Club,20,2003,9.7,12,10,2,6,4,5,10,50.0,5,13,2,11,2,14,9,0,Matches
206,Édgar González,es ESP,"DF,MF",Almería,26,1997,28.0,45,21,22,20,3,25,49,51.0,24,48,28,20,38,83,130,3,Matches
207,Fabio González,es ESP,MF,Las Palmas,26,1997,1.4,2,2,2,0,0,1,2,50.0,1,2,0,2,0,2,0,0,Matches
208,Giovanni González,uy URU,DF,Mallorca,28,1994,27.4,73,45,37,32,4,40,81,49.4,41,24,3,21,31,104,60,2,Matches
209,Hugo González,es ESP,"MF,FW",Valencia,20,2003,1.0,2,1,0,2,0,0,0,,0,0,0,0,0,2,0,0,Matches
210,Iñaki González,es ESP,MF,Las Palmas,19,2004,0.1,1,0,1,0,0,0,0,,0,0,0,0,0,1,1,0,Matches
211,Peter González,do DOM,"MF,FW",Valencia,21,2002,7.2,5,3,3,1,1,1,10,10.0,9,11,0,11,7,12,10,0,Matches
212,Urko González,es ESP,MF,Real Sociedad,22,2001,1.7,4,1,0,3,1,2,2,100.0,0,1,0,1,1,5,6,0,Matches
213,Andoni Gorosabel,es ESP,DF,Alavés,26,1996,31.7,62,42,40,17,5,38,75,50.7,37,24,8,16,28,90,69,0,Matches
214,Pablo Gozalbez,es ESP,"MF,FW",Valencia,22,2001,1.1,1,0,0,0,1,1,6,16.7,5,0,0,0,1,2,2,0,Matches
215,Mason Greenwood,eng ENG,"MF,FW",Getafe,21,2001,29.6,11,6,3,5,3,4,21,19.0,17,9,0,9,4,15,4,0,Matches
216,Dominik Greif,sk SVK,GK,Mallorca,26,1997,1.0,0,0,0,0,0,0,0,,0,0,0,0,0,0,0,0,Matches
217,Antoine Griezmann,fr FRA,"FW,MF",Atlético Madrid,32,1991,29.4,33,19,14,14,5,15,41,36.6,26,34,3,31,10,43,23,1,Matches
218,Vicente Guaita,es ESP,GK,Celta Vigo,36,1987,26.7,1,1,1,0,0,1,2,50.0,1,0,0,0,0,1,9,1,Matches
219,Andrés Guardado,mx MEX,MF,Betis,36,1986,5.0,17,12,5,9,3,7,14,50.0,7,4,2,2,6,23,5,0,Matches
220,Sergi Guardiola,es ESP,"FW,MF",Cádiz,32,1991,5.5,10,7,2,6,2,4,9,44.4,5,10,0,10,0,10,4,0,Matches
221,Nemanja Gudelj,rs SRB,"DF,MF",Sevilla,31,1991,19.4,31,24,18,10,3,17,31,54.8,14,17,9,8,27,58,56,0,Matches
222,Gonçalo Guedes,pt POR,"FW,MF",Villarreal,26,1996,10.6,6,4,1,2,3,2,7,28.6,5,8,0,8,2,8,3,0,Matches
223,Javier Guerra,es ESP,MF,Valencia,20,2003,27.8,54,24,25,22,7,22,58,37.9,36,27,7,20,18,72,44,0,Matches
224,Ander Guevara,es ESP,MF,Alavés,26,1997,32.6,59,32,28,25,6,31,64,48.4,33,34,12,22,13,72,46,1,Matches
225,Hugo Guillamón,es ESP,MF,Valencia,23,2000,14.6,24,15,7,14,3,11,17,64.7,6,8,3,5,12,36,25,2,Matches
226,Marc Guiu,es ESP,"FW,MF",Barcelona,17,2006,0.8,1,0,0,1,0,0,0,,0,0,0,0,0,1,0,0,Matches
227,Arda Güler,tr TUR,"FW,MF",Real Madrid,18,2005,4.2,6,4,1,3,2,5,8,62.5,3,0,0,0,2,8,5,0,Matches
228,Gerard Gumbau,es ESP,MF,Granada,28,1994,29.7,55,34,21,30,4,23,62,37.1,39,24,5,19,25,80,30,2,Matches
229,İlkay Gündoğan,de GER,MF,Barcelona,32,1990,33.3,32,22,14,16,2,12,39,30.8,27,19,4,15,21,53,18,1,Matches
230,Jon Guridi,es ESP,MF,Alavés,28,1995,29.8,42,24,10,27,5,12,45,26.7,33,23,3,20,22,64,22,0,Matches
231,Gorka Guruzeta,es ESP,FW,Athletic Club,26,1996,24.6,34,23,6,25,3,9,30,30.0,21,36,2,34,17,51,23,0,Matches
232,Miguel Gutiérrez,es ESP,DF,Girona,22,2001,33.7,29,18,11,14,4,13,35,37.1,22,27,11,16,22,51,66,2,Matches
233,Munir El Haddadi,ma MAR,FW,Las Palmas,27,1995,27.2,40,27,18,17,5,17,38,44.7,21,27,1,26,11,51,16,0,Matches
234,Ianis Hagi,ro ROU,"MF,FW",Alavés,24,1998,8.9,17,12,2,14,1,5,12,41.7,7,8,0,8,5,22,4,0,Matches
235,Luiz Henrique,br BRA,FW,Betis,22,2001,6.8,15,11,4,10,1,9,14,64.3,5,11,0,11,5,20,8,0,Matches
236,Mario Hermoso,es ESP,DF,Atlético Madrid,28,1995,28.4,46,25,29,13,4,28,51,54.9,23,27,9,18,30,76,93,0,Matches
237,Javi Hernández,es ESP,DF,Cádiz,25,1998,27.9,43,24,26,12,5,25,46,54.3,21,34,9,25,19,62,72,1,Matches
238,Aridane Hernández,es ESP,DF,Rayo Vallecano,34,1989,18.8,10,8,5,4,1,4,11,36.4,7,19,14,5,14,24,98,1,Matches
239,Luis Hernández,es ESP,DF,Cádiz,34,1989,8.0,7,3,4,3,0,4,8,50.0,4,3,2,1,8,15,25,0,Matches
240,Jorge Herrando,es ESP,DF,Osasuna,22,2001,18.3,29,19,23,6,0,12,19,63.2,7,20,11,9,15,44,69,1,Matches
241,Ander Herrera,es ESP,MF,Athletic Club,33,1989,11.4,44,32,11,26,7,20,36,55.6,16,16,6,10,15,59,18,1,Matches
242,Cristian Herrera,es ESP,"FW,MF",Las Palmas,32,1991,1.8,1,1,0,1,0,1,2,50.0,1,1,0,1,0,1,2,0,Matches
243,Sergio Herrera,es ESP,GK,Osasuna,30,1993,31.9,2,2,2,0,0,2,3,66.7,1,0,0,0,0,2,22,3,Matches
244,Yangel Herrera,ve VEN,MF,Girona,25,1998,23.4,64,37,28,30,6,30,56,53.6,26,30,8,22,24,88,45,1,Matches
245,Juan Herzog,es ESP,DF,Las Palmas,20,2003,3.2,6,5,5,1,0,3,6,50.0,3,4,1,3,2,8,17,0,Matches
246,Martin Hongla,cm CMR,"MF,DF",Granada,25,1998,6.2,7,3,2,5,0,3,9,33.3,6,6,3,3,6,13,13,1,Matches
247,Xabier Huarte Armendáriz,es ESP,MF,Osasuna,22,2001,0.1,0,0,0,0,0,0,0,,0,0,0,0,0,0,0,0,Matches
248,Pablo Ibáñez,es ESP,MF,Osasuna,24,1998,12.8,18,9,5,7,6,5,21,23.8,16,26,3,23,9,27,17,0,Matches
249,Iglesias,es ESP,"DF,FW",Getafe,25,1998,15.7,41,22,25,11,5,21,33,63.6,12,18,7,11,16,57,53,0,Matches
250,Borja Iglesias,es ESP,FW,Betis,30,1993,4.5,0,0,0,0,0,0,3,0.0,3,0,0,0,2,2,2,0,Matches
251,Imanol,es ESP,DF,Athletic Club,23,2000,5.8,7,5,1,5,1,5,18,27.8,13,6,0,6,7,14,15,0,Matches
252,Isco,es ESP,MF,Betis,31,1992,25.8,41,27,15,21,5,14,38,36.8,24,19,1,18,10,51,7,0,Matches
253,Diego Iturralde,es ESP,DF,Sevilla,20,2003,0.4,0,0,0,0,0,0,0,,0,1,1,0,0,0,2,0,Matches
254,Adnan Januzaj,be BEL,"FW,MF",Sevilla,28,1995,2.1,3,3,2,0,1,0,1,0.0,1,2,0,2,1,4,0,0,Matches
255,Mikel Jauregizar,es ESP,MF,Athletic Club,19,2003,1.7,0,0,0,0,0,0,6,0.0,6,5,0,5,0,0,2,0,Matches
256,Luis Javier Suárez,co COL,FW,Almería,25,1997,10.2,7,5,2,5,0,2,6,33.3,4,11,0,11,0,7,13,0,Matches
257,Salim El Jebari,ma MAR,MF,Atlético Madrid,19,2004,0.1,1,0,0,1,0,0,0,,0,0,0,0,0,1,1,0,Matches
258,Frenkie de Jong,nl NED,MF,Barcelona,26,1997,18.2,43,26,14,23,6,8,19,42.1,11,18,8,10,14,57,28,1,Matches
259,Joan Jordán,es ESP,MF,Sevilla,29,1994,4.2,8,7,3,3,2,7,15,46.7,8,4,2,2,4,12,2,0,Matches
260,Jordi,es ESP,"MF,DF",Getafe,22,2001,6.4,16,11,3,11,2,7,15,46.7,8,7,2,5,8,24,7,0,Matches
261,Jeremy Jorge,es ESP,FW,Getafe,20,2003,0.0,0,0,0,0,0,0,0,,0,0,0,0,0,0,0,0,Matches
262,Willian José,br BRA,FW,Betis,31,1991,21.9,7,3,1,2,4,2,5,40.0,3,8,2,6,2,9,15,0,Matches
263,Joselu,es ESP,FW,Real Madrid,33,1990,18.7,6,3,1,4,1,0,7,0.0,7,11,1,10,6,12,11,0,Matches
264,Kamil Jóźwiak,pl POL,MF,Granada,25,1998,6.3,13,10,4,6,3,9,17,52.9,8,4,0,4,2,15,6,0,Matches
265,Juanmi,es ESP,FW,Cádiz,30,1993,9.7,9,4,2,7,0,2,9,22.2,7,6,0,6,6,15,3,0,Matches
266,Juanpe,es ESP,DF,Girona,32,1991,8.3,11,8,8,3,0,9,10,90.0,1,17,11,6,7,18,50,1,Matches
267,Vinicius Júnior,br BRA,FW,Real Madrid,23,2000,20.7,18,13,5,5,8,3,12,25.0,9,13,0,13,1,19,3,2,Matches
268,Filip Jørgensen,dk DEN,GK,Villarreal,21,2002,36.0,3,1,3,0,0,3,4,75.0,1,0,0,0,2,5,10,3,Matches
269,Sory Kaba,gn GUI,FW,Las Palmas,28,1995,8.0,2,0,0,2,0,0,5,0.0,5,6,0,6,0,2,9,0,Matches
270,Kaiky,br BRA,DF,Almería,19,2004,5.8,7,4,6,0,1,3,6,50.0,3,9,7,2,3,10,29,1,Matches
271,Jon Karrikaburu,es ESP,"MF,FW",Alavés,20,2002,0.2,0,0,0,0,0,0,0,,0,0,0,0,0,0,0,0,Matches
272,Ibrahima Kebe,ml MLI,MF,Girona,22,2000,0.1,1,1,0,1,0,0,0,,0,1,0,1,1,2,0,0,Matches
273,Kiké,es ESP,"FW,MF",Alavés,33,1989,15.8,8,4,2,3,3,4,9,44.4,5,16,5,11,1,9,12,0,Matches
274,Koke,es ESP,MF,Atlético Madrid,31,1992,27.7,66,44,27,32,7,36,79,45.6,43,37,12,25,16,82,34,1,Matches
275,Ibrahima Koné,ml MLI,FW,Almería,24,1999,3.1,1,0,1,0,0,1,1,100.0,0,1,0,1,0,1,4,0,Matches
276,Rominigue Kouamé,ml MLI,MF,Cádiz,26,1996,9.1,14,9,6,7,1,7,15,46.7,8,10,2,8,13,27,10,1,Matches
277,Jules Koundé,fr FRA,DF,Barcelona,24,1998,32.2,37,23,22,10,5,28,51,54.9,23,32,12,20,25,62,83,5,Matches
278,Toni Kroos,de GER,MF,Real Madrid,33,1990,23.6,53,34,19,25,9,24,59,40.7,35,22,4,18,17,70,11,1,Matches
279,Takefusa Kubo,jp JPN,"FW,MF",Real Sociedad,22,2001,23.9,26,17,15,6,5,9,23,39.1,14,21,2,19,11,37,8,1,Matches
280,Luca de la Torre,us USA,MF,Celta Vigo,25,1998,21.7,39,21,12,22,5,22,43,51.2,21,23,4,19,12,51,17,0,Matches
281,Yoel Lago,es ESP,DF,Celta Vigo,19,2004,1.0,2,0,2,0,0,0,0,,0,1,0,1,0,2,2,0,Matches
282,Érik Lamela,ar ARG,"FW,MF",Sevilla,31,1992,5.1,21,14,4,10,7,10,15,66.7,5,12,0,12,1,22,5,0,Matches
283,Bruno Langa,mz MOZ,DF,Almería,25,1997,9.1,17,12,10,5,2,6,14,42.9,8,11,4,7,4,21,33,2,Matches
284,Cyle Larin,ca CAN,FW,Mallorca,28,1995,20.3,17,8,6,4,7,2,7,28.6,5,16,5,11,3,20,17,0,Matches
285,Juanmi Latasa,es ESP,FW,Getafe,22,2001,17.3,9,7,0,6,3,1,11,9.1,10,9,0,9,4,13,21,0,Matches
286,Toni Lato,es ESP,DF,Mallorca,25,1997,17.2,38,23,19,13,6,16,27,59.3,11,17,3,14,17,55,27,0,Matches
287,Lázaro,br BRA,"FW,MF",Almería,21,2002,3.2,4,1,2,0,2,2,8,25.0,6,4,0,4,1,5,1,0,Matches
288,Robin Le Normand,es ESP,DF,Real Sociedad,26,1996,27.4,31,22,16,15,0,17,30,56.7,13,26,15,11,28,59,96,1,Matches
289,Jeremías Ledesma,ar ARG,GK,Cádiz,30,1993,33.9,1,1,1,0,0,1,4,25.0,3,0,0,0,0,1,15,3,Matches
290,Florian Lejeune,fr FRA,DF,Rayo Vallecano,32,1991,37.0,39,25,26,11,2,19,30,63.3,11,33,18,15,23,62,155,1,Matches
291,Stefan Lekovic,rs SRB,DF,Villarreal,19,2004,0.3,0,0,0,0,0,0,0,,0,1,1,0,0,0,1,0,Matches
292,Iñigo Lekue,es ESP,DF,Athletic Club,30,1993,22.2,40,22,25,10,5,27,53,50.9,26,24,6,18,15,55,50,0,Matches
293,Thomas Lemar,fr FRA,MF,Atlético Madrid,27,1995,1.8,3,1,2,1,0,1,2,50.0,1,0,0,0,0,3,0,0,Matches
294,Álvaro Lemos,es ESP,DF,Las Palmas,30,1993,2.8,4,1,1,3,0,0,2,0.0,2,3,1,2,2,6,4,0,Matches
295,Ruben Lendinez,es ESP,DF,Valencia,20,2003,0.1,2,2,0,2,0,1,1,100.0,0,0,0,0,0,2,1,0,Matches
296,Robert Lewandowski,pl POL,FW,Barcelona,34,1988,30.6,8,5,0,6,2,4,12,33.3,8,13,4,9,9,17,18,0,Matches
297,Samuel Lino,br BRA,"DF,MF",Atlético Madrid,23,1999,23.1,61,34,32,17,12,35,70,50.0,35,37,1,36,14,75,27,0,Matches
298,Javier Llabrés,es ESP,"MF,FW",Mallorca,20,2002,2.7,3,1,1,1,1,1,2,50.0,1,1,0,1,3,6,4,0,Matches
299,Marcos Llorente,es ESP,"MF,DF",Atlético Madrid,28,1995,28.5,40,23,18,17,5,16,44,36.4,28,36,11,25,14,54,35,0,Matches
300,Enzo Loiodice,fr FRA,MF,Las Palmas,22,2000,19.9,62,35,15,34,13,20,42,47.6,22,20,2,18,12,74,16,1,Matches
301,David López,es ESP,DF,Girona,33,1989,21.8,33,20,21,12,0,17,22,77.3,5,28,19,9,20,53,63,4,Matches
302,Diego López,es ESP,"MF,FW",Valencia,21,2002,29.5,37,25,14,16,7,13,56,23.2,43,23,1,22,20,57,12,0,Matches
303,Fermin López,es ESP,"MF,FW",Barcelona,20,2003,16.1,41,21,15,18,8,14,40,35.0,26,14,1,13,4,45,9,0,Matches
304,Javi López,es ESP,DF,Alavés,21,2002,26.5,23,12,11,9,3,15,26,57.7,11,25,9,16,10,33,77,1,Matches
305,Unai López,es ESP,MF,Rayo Vallecano,27,1995,23.4,48,24,18,23,7,21,53,39.6,32,24,3,21,16,64,15,2,Matches
306,Dion Lopy,sn SEN,MF,Almería,21,2002,21.3,62,37,36,20,6,17,44,38.6,27,23,5,18,15,77,22,2,Matches
307,Anthony Lozano,hn HON,"MF,FW",Getafe,30,1993,1.0,0,0,0,0,0,0,1,0.0,1,0,0,0,0,0,1,0,Matches
308,Anthony Lozano,hn HON,FW,Almería,30,1993,8.6,7,5,2,5,0,4,7,57.1,3,6,1,5,2,9,12,0,Matches
309,Lucas,br BRA,DF,Cádiz,22,2001,17.1,47,27,32,11,4,32,55,58.2,23,27,4,23,17,64,45,0,Matches
310,José Luis Gayà,es ESP,DF,Valencia,28,1995,19.9,71,36,44,23,4,43,67,64.2,24,18,3,15,11,82,42,0,Matches
311,José Luis Morales,es ESP,"FW,MF",Villarreal,36,1987,11.6,5,3,1,4,0,3,13,23.1,10,9,1,8,7,12,4,0,Matches
312,Dodi Lukebakio,be BEL,"FW,MF",Sevilla,25,1997,12.5,5,2,2,2,1,1,6,16.7,5,9,2,7,2,7,5,0,Matches
313,Andriy Lunin,ua UKR,GK,Real Madrid,24,1999,21.0,0,0,0,0,0,0,1,0.0,1,0,0,0,0,0,15,1,Matches
314,Darwin Machís,ve VEN,MF,Cádiz,30,1993,8.7,23,14,7,9,7,13,24,54.2,11,8,1,7,4,27,2,0,Matches
315,Pablo Maffeo,es ESP,DF,Mallorca,26,1997,16.2,35,22,18,13,4,23,40,57.5,17,12,2,10,10,45,23,0,Matches
316,Jon Magunazelaia,es ESP,"FW,MF",Real Sociedad,22,2001,1.3,5,3,2,3,0,4,8,50.0,4,3,0,3,0,5,2,0,Matches
317,Nemanja Maksimović,rs SRB,MF,Getafe,28,1995,36.3,65,43,26,31,8,23,41,56.1,18,56,23,33,46,111,61,0,Matches
318,Giorgi Mamardashvili,ge GEO,GK,Valencia,22,2000,36.5,4,3,4,0,0,4,4,100.0,0,1,0,1,2,6,22,2,Matches
319,Wilson Manafá,pt POR,"DF,MF",Granada,29,1994,2.7,6,4,3,2,1,4,7,57.1,3,1,0,1,1,7,4,1,Matches
320,Reinildo Mandava,mz MOZ,DF,Atlético Madrid,29,1994,8.1,30,22,16,11,3,19,22,86.4,3,10,2,8,15,45,21,0,Matches
321,Aïssa Mandi,dz ALG,DF,Villarreal,31,1991,12.4,13,8,8,5,0,7,14,50.0,7,10,7,3,8,21,41,0,Matches
322,Javier Manquillo,es ESP,"DF,MF",Celta Vigo,29,1994,8.3,15,11,6,5,4,8,15,53.3,7,14,3,11,3,18,17,0,Matches
323,Faitout Maouassa,fr FRA,"DF,MF",Granada,25,1998,2.5,8,5,6,1,1,4,5,80.0,1,6,0,6,1,9,3,0,Matches
324,Marcão,br BRA,DF,Sevilla,27,1996,3.9,9,6,5,4,0,6,10,60.0,4,8,6,2,4,13,11,1,Matches
325,Óscar de Marcos,es ESP,DF,Athletic Club,34,1989,25.1,56,39,26,24,6,42,71,59.2,29,28,6,22,15,71,44,0,Matches
326,Alberto Marí,es ESP,FW,Valencia,22,2001,3.1,4,2,0,1,3,1,1,100.0,0,3,0,3,0,4,5,0,Matches
327,José Mari,es ESP,"MF,FW",Cádiz,35,1987,0.2,2,1,0,2,0,1,2,50.0,1,0,0,0,0,2,0,0,Matches
328,José María Giménez,uy URU,DF,Atlético Madrid,28,1995,14.7,18,10,10,7,1,5,16,31.3,11,16,12,4,10,28,95,0,Matches
329,Mariano,do DOM,"FW,MF",Sevilla,29,1993,2.7,1,1,0,1,0,0,1,0.0,1,1,0,1,0,1,2,0,Matches
330,Rafa Marín,es ESP,DF,Alavés,21,2002,27.1,32,20,23,9,0,14,27,51.9,13,34,21,13,33,65,129,2,Matches
331,Diego Mariño,es ESP,GK,Almería,33,1990,1.0,0,0,0,0,0,0,0,,0,0,0,0,0,0,1,0,Matches
332,Mika Mármol,es ESP,DF,Las Palmas,22,2001,35.3,70,42,44,24,2,35,53,66.0,18,39,19,20,44,114,147,2,Matches
333,Unai Marrero,es ESP,GK,Real Sociedad,21,2001,1.6,0,0,0,0,0,0,0,,0,0,0,0,0,0,0,0,Matches
334,Roger Martí,es ESP,FW,Cádiz,32,1991,15.1,12,6,1,9,2,2,7,28.6,5,16,1,15,7,19,4,0,Matches
335,Iván Martín,es ESP,MF,Girona,24,1999,30.3,44,25,22,15,7,22,57,38.6,35,25,3,22,21,65,14,0,Matches
336,Jon Martin,es ESP,DF,Real Sociedad,17,2006,0.3,0,0,0,0,0,0,0,,0,0,0,0,0,0,3,0,Matches
337,Mario Martín,es ESP,MF,Real Madrid,19,2004,0.2,5,1,0,2,3,3,4,75.0,1,2,1,1,0,5,0,0,Matches
338,Arnau Martinez,es ESP,DF,Girona,20,2003,13.8,25,16,17,6,2,15,32,46.9,17,15,5,10,10,35,41,3,Matches
339,Iñigo Martínez,es ESP,DF,Barcelona,32,1991,14.4,10,7,9,1,0,6,8,75.0,2,13,10,3,11,21,50,0,Matches
340,Marc Martínez,es ESP,GK,Granada,33,1990,3.0,0,0,0,0,0,0,1,0.0,1,0,0,0,0,0,1,0,Matches
341,Marvin,es ESP,"FW,DF",Las Palmas,23,2000,20.6,39,25,18,17,4,18,36,50.0,18,28,2,26,14,53,18,1,Matches
342,Omar Mascarell,gq EQG,MF,Mallorca,30,1993,17.5,33,16,16,17,0,18,35,51.4,17,24,8,16,31,64,30,1,Matches
343,Jaime Mata,es ESP,"FW,MF",Getafe,34,1988,19.9,24,15,12,8,4,11,26,42.3,15,18,1,17,17,41,31,0,Matches
344,Luís Maximiano,pt POR,GK,Almería,24,1999,33.0,0,0,0,0,0,0,1,0.0,1,0,0,0,0,0,19,2,Matches
345,Borja Mayoral,es ESP,FW,Getafe,26,1997,23.9,9,5,2,2,5,5,22,22.7,17,7,0,7,4,13,16,0,Matches
346,Mamadou Mbaye,sn SEN,DF,Cádiz,25,1998,3.2,6,3,3,3,0,2,5,40.0,3,10,7,3,5,11,26,0,Matches
347,Hannibal Mejbri,tn TUN,MF,Sevilla,20,2003,1.2,3,3,1,2,0,0,1,0.0,1,1,0,1,0,3,0,0,Matches
348,Óscar Melendo,es ESP,"MF,FW",Granada,25,1997,12.5,14,6,4,10,0,4,12,33.3,8,13,0,13,5,19,4,1,Matches
349,Gonzalo Melero,es ESP,"MF,FW",Almería,29,1994,12.3,14,8,7,5,2,7,19,36.8,12,12,4,8,4,18,11,0,Matches
350,Memphis,nl NED,FW,Atlético Madrid,29,1994,9.9,5,2,0,3,2,3,6,50.0,3,2,0,2,1,6,0,0,Matches
351,Houboulang Mendes,gw GNB,DF,Almería,25,1998,4.4,16,13,11,5,0,8,16,50.0,8,4,2,2,1,17,17,1,Matches
352,Tomás Mendes,es ESP,MF,Alavés,18,2004,0.1,0,0,0,0,0,0,0,,0,0,0,0,0,0,0,0,Matches
353,Brais Méndez,es ESP,"MF,FW",Real Sociedad,26,1997,26.8,42,28,13,20,9,15,43,34.9,28,23,4,19,12,54,21,0,Matches
354,Bruno Méndez,uy URU,DF,Granada,23,1999,14.8,36,17,19,12,5,21,37,56.8,16,24,6,18,26,62,45,0,Matches
355,Diego Méndez,es ESP,MF,Rayo Vallecano,19,2003,0.1,1,1,1,0,0,1,1,100.0,0,0,0,0,1,2,0,0,Matches
356,Ferland Mendy,fr FRA,DF,Real Madrid,28,1995,19.1,15,10,12,2,1,11,14,78.6,3,12,2,10,13,28,26,1,Matches
357,Jorge Meré,es ESP,DF,Cádiz,26,1997,7.5,8,7,6,2,0,4,7,57.1,3,5,3,2,8,16,33,0,Matches
358,Mikel Merino,es ESP,MF,Real Sociedad,27,1996,27.6,77,43,25,34,18,22,48,45.8,26,36,11,25,16,93,55,3,Matches
359,Omenuke Mfulu,cd COD,"MF,FW",Las Palmas,29,1994,0.9,4,3,3,1,0,0,1,0.0,1,1,1,0,2,6,5,0,Matches
360,Miguel,es ESP,"FW,MF",Alavés,23,1999,0.7,0,0,0,0,0,0,0,,0,2,0,2,0,0,0,0,Matches
361,Éder Militão,br BRA,DF,Real Madrid,25,1998,5.5,7,3,4,3,0,6,9,66.7,3,4,3,1,4,11,19,1,Matches
362,Luis Milla,es ESP,MF,Getafe,28,1994,23.5,57,33,19,28,10,28,47,59.6,19,20,1,19,32,89,10,0,Matches
363,Marko Milovanović,rs SRB,"FW,MF",Almería,19,2003,3.4,4,4,1,3,0,2,4,50.0,2,2,0,2,0,4,5,0,Matches
364,Óscar Mingueza,es ESP,"DF,MF",Celta Vigo,24,1999,33.3,62,38,44,11,7,37,80,46.3,43,38,7,31,17,79,49,2,Matches
365,Ignasi Miquel,es ESP,DF,Granada,30,1992,33.2,47,30,39,6,2,23,40,57.5,17,32,16,16,45,92,132,4,Matches
366,Rafa Mir,es ESP,"FW,MF",Sevilla,26,1997,4.3,2,2,1,1,0,1,2,50.0,1,2,0,2,1,3,1,0,Matches
367,Juan Miranda,es ESP,DF,Betis,23,2000,20.6,38,24,21,13,4,17,31,54.8,14,31,6,25,19,57,62,0,Matches
368,Stefan Mitrović,rs SRB,DF,Getafe,33,1990,7.8,9,3,7,2,0,4,8,50.0,4,3,2,1,6,15,26,0,Matches
369,Luka Modrić,hr CRO,MF,Real Madrid,37,1985,18.8,22,15,10,6,6,9,25,36.0,16,13,4,9,21,43,9,0,Matches
370,Johan Mojica,co COL,DF,Osasuna,30,1992,22.7,30,22,11,15,4,16,25,64.0,9,15,2,13,21,51,40,2,Matches
371,Alberto Moleiro,es ESP,"FW,MF",Las Palmas,19,2003,20.0,15,6,4,7,4,6,30,20.0,24,11,0,11,7,22,10,0,Matches
372,Nahuel Molina,ar ARG,DF,Atlético Madrid,25,1998,20.6,38,22,16,18,4,26,54,48.1,28,19,3,16,9,47,36,1,Matches
373,Jon Moncayola,es ESP,MF,Osasuna,25,1998,20.0,27,18,14,10,3,17,42,40.5,25,31,5,26,15,42,21,0,Matches
374,César Montes,mx MEX,DF,Almería,26,1997,19.9,22,13,13,9,0,9,18,50.0,9,21,9,12,11,33,94,0,Matches
375,Álvaro Morata,es ESP,FW,Atlético Madrid,30,1992,21.2,16,10,4,7,5,3,5,60.0,2,18,3,15,1,17,26,0,Matches
376,Alberto Moreno,es ESP,DF,Villarreal,31,1992,16.5,31,21,19,10,2,10,30,33.3,20,12,2,10,24,55,33,0,Matches
377,Gerard Moreno,es ESP,FW,Villarreal,31,1992,24.6,25,12,10,7,8,11,25,44.0,14,24,7,17,9,34,24,0,Matches
378,Jorge Moreno,es ESP,DF,Osasuna,22,2001,0.2,0,0,0,0,0,0,0,,0,1,0,1,0,0,3,0,Matches
379,Ilaix Moriba,gn GUI,"MF,FW",Getafe,20,2003,6.7,20,11,3,11,6,4,9,44.4,5,3,1,2,4,24,10,0,Matches
380,Manu Morlanes,es ESP,MF,Mallorca,24,1999,17.9,50,29,23,26,1,23,53,43.4,30,13,1,12,20,70,21,0,Matches
381,Cristhian Mosquera,es ESP,DF,Valencia,19,2004,34.2,57,34,36,18,3,25,39,64.1,14,42,23,19,36,93,137,2,Matches
382,Yerson Mosquera,co COL,DF,Villarreal,22,2001,13.7,27,13,18,7,2,12,15,80.0,3,12,2,10,17,44,65,0,Matches
383,Abdul Mumin,gh GHA,DF,Rayo Vallecano,25,1998,18.8,19,10,13,4,2,8,10,80.0,2,27,19,8,22,41,82,1,Matches
384,Iker Muniain,es ESP,"MF,FW",Athletic Club,30,1992,6.6,5,1,2,3,0,1,3,33.3,2,4,1,3,0,5,0,0,Matches
385,Aihen Muñoz,es ESP,DF,Real Sociedad,25,1997,12.5,36,21,20,10,6,24,35,68.6,11,16,8,8,9,45,33,0,Matches
386,Iker Muñoz,es ESP,MF,Osasuna,20,2002,20.6,32,18,13,17,2,15,31,48.4,16,16,5,11,11,43,50,0,Matches
387,Javier Muñoz,es ESP,MF,Las Palmas,28,1995,29.3,42,23,14,22,6,16,44,36.4,28,40,4,36,20,62,29,1,Matches
388,Vedat Muriqi,xk KVX,FW,Mallorca,29,1994,25.9,11,6,4,3,4,2,14,14.3,12,11,4,7,6,17,26,0,Matches
389,Nacho,es ESP,DF,Real Madrid,33,1990,19.4,18,10,9,7,2,6,13,46.2,7,23,13,10,18,36,56,0,Matches
390,Matija Nastasić,rs SRB,DF,Mallorca,30,1993,25.1,35,17,26,9,0,24,32,75.0,8,33,20,13,29,64,114,0,Matches
391,Roberto Navarro,es ESP,"MF,FW",Cádiz,21,2002,21.0,46,29,20,21,5,22,43,51.2,21,33,0,33,19,65,7,1,Matches
392,Jesús Navas,es ESP,DF,Sevilla,37,1985,22.3,37,27,21,14,2,22,40,55.0,18,15,7,8,22,59,48,0,Matches
393,Álvaro Negredo,es ESP,"FW,MF",Cádiz,37,1985,0.6,0,0,0,0,0,0,0,,0,1,0,1,1,1,0,0,Matches
394,Carlos Neva,es ESP,DF,Granada,27,1996,35.0,32,21,22,9,1,17,40,42.5,23,39,14,25,30,62,108,2,Matches
395,Tanguy Nianzou,fr FRA,DF,Sevilla,21,2002,3.5,12,8,9,2,1,8,11,72.7,3,2,0,2,3,15,9,1,Matches
396,Saúl Ñíguez,es ESP,MF,Atlético Madrid,28,1994,15.3,64,39,29,29,6,30,49,61.2,19,36,9,27,14,78,56,0,Matches
397,Peru Nolaskoain,es ESP,"DF,MF",Athletic Club,24,1998,0.1,1,1,1,0,0,1,1,100.0,0,0,0,0,0,1,1,0,Matches
398,Randy Nteka,ao ANG,"FW,MF",Rayo Vallecano,25,1997,6.4,11,4,1,6,4,4,10,40.0,6,6,1,5,2,13,11,1,Matches
399,Unai Núñez,es ESP,DF,Celta Vigo,26,1997,31.1,51,28,30,19,2,23,49,46.9,26,38,24,14,52,103,153,3,Matches
400,Ørjan Nyland,no NOR,GK,Sevilla,32,1990,24.0,0,0,0,0,0,0,1,0.0,1,0,0,0,0,0,9,1,Matches
401,Jan Oblak,si SVN,GK,Atlético Madrid,30,1993,38.0,0,0,0,0,0,0,0,,0,0,0,0,0,0,10,0,Matches
402,Brian Ocampo,uy URU,"MF,FW",Cádiz,24,1999,2.8,4,3,1,3,0,2,5,40.0,3,4,0,4,3,7,0,0,Matches
403,Lucas Ocampos,ar ARG,"FW,MF",Sevilla,29,1994,31.9,66,47,22,27,17,29,58,50.0,29,34,1,33,21,87,29,0,Matches
404,Álvaro Odriozola,es ESP,DF,Real Sociedad,27,1995,4.4,9,7,7,1,1,5,5,100.0,0,2,1,1,8,17,7,0,Matches
405,Aingeru Olabarrieta,es ESP,FW,Athletic Club,17,2005,0.1,0,0,0,0,0,0,0,,0,0,0,0,0,0,0,0,Matches
406,Olasagasti,es ESP,MF,Real Sociedad,22,2000,4.0,16,13,4,7,5,5,8,62.5,3,2,0,2,3,19,5,1,Matches
407,Samu Omorodion,es ESP,FW,Alavés,19,2004,21.3,6,3,1,4,1,0,4,0.0,4,11,2,9,1,7,14,0,Matches
408,Samu Omorodion,es ESP,FW,Granada,19,2004,0.9,1,1,0,1,0,1,1,100.0,0,0,0,0,0,1,0,0,Matches
409,Aimar Oroz,es ESP,MF,Osasuna,21,2001,26.0,43,26,18,20,5,13,37,35.1,24,27,2,25,16,59,11,0,Matches
410,Eneko Ortiz,es ESP,DF,Alavés,20,2003,0.2,0,0,0,0,0,0,0,,0,0,0,0,0,0,0,0,Matches
411,Asier Osambela,es ESP,MF,Osasuna,19,2004,0.1,2,1,0,1,1,0,0,,0,0,0,0,0,2,0,0,Matches
412,Milutin Osmajić,me MNE,MF,Cádiz,24,1999,0.1,0,0,0,0,0,0,0,,0,0,0,0,0,0,0,0,Matches
413,Aiham Ousou,sy SYR,DF,Cádiz,23,2000,4.8,8,5,6,2,0,5,5,100.0,0,1,0,1,7,15,15,0,Matches
414,Jesús Owono,gq EQG,GK,Alavés,22,2001,4.0,0,0,0,0,0,0,0,,0,0,0,0,0,0,3,0,Matches
415,Mikel Oyarzabal,es ESP,"FW,MF",Real Sociedad,26,1997,24.0,23,18,7,11,5,7,21,33.3,14,25,4,21,4,27,12,0,Matches
416,Cenk Özkacar,tr TUR,DF,Valencia,22,2000,17.8,26,15,22,4,0,15,23,65.2,8,18,7,11,18,44,84,1,Matches
417,Jon Pacheco,es ESP,DF,Real Sociedad,22,2001,17.0,25,15,21,4,0,14,22,63.6,8,17,6,11,10,35,53,1,Matches
418,Isaac Palazón Camacho,es ESP,"MF,FW",Rayo Vallecano,28,1994,31.0,46,25,16,21,9,20,58,34.5,38,29,2,27,16,62,41,0,Matches
419,Joaquín Panichelli,ar ARG,"FW,MF",Alavés,20,2002,2.5,3,3,1,1,1,1,2,50.0,1,1,0,1,1,4,4,0,Matches
420,Sokratis Papastathopoulos,gr GRE,DF,Betis,35,1988,12.6,21,14,16,5,0,13,17,76.5,4,15,9,6,6,27,60,0,Matches
421,Victor Parada,es ESP,"FW,MF",Alavés,21,2002,0.0,1,1,0,1,0,1,1,100.0,0,0,0,0,0,1,0,0,Matches
422,Aitor Paredes,es ESP,DF,Athletic Club,23,2000,30.0,20,11,11,9,0,7,14,50.0,7,23,11,12,33,53,104,0,Matches
423,Daniel Parejo,es ESP,MF,Villarreal,34,1989,28.7,43,30,16,21,6,20,46,43.5,26,25,9,16,21,64,29,3,Matches
424,Pascu,es ESP,FW,Villarreal,20,2003,0.2,0,0,0,0,0,0,0,,0,0,0,0,0,0,0,0,Matches
425,Gabriel Paulista,br BRA,DF,Atlético Madrid,32,1990,4.5,7,5,4,3,0,3,4,75.0,1,5,3,2,4,11,27,0,Matches
426,Gabriel Paulista,br BRA,DF,Valencia,32,1990,15.5,10,7,8,2,0,6,11,54.5,5,15,7,8,24,34,78,0,Matches
427,Nicolás Paz,ar ARG,"MF,FW",Real Madrid,18,2004,0.3,0,0,0,0,0,0,0,,0,2,0,2,1,1,0,0,Matches
428,Alfonso Pedraza,es ESP,DF,Villarreal,27,1996,12.4,25,9,18,5,2,9,17,52.9,8,16,7,9,13,38,19,0,Matches
429,Pedri,es ESP,"MF,FW",Barcelona,20,2002,16.4,33,24,16,13,4,8,27,29.6,19,27,3,24,14,47,10,0,Matches
430,Adrià Pedrosa,es ESP,DF,Sevilla,25,1998,19.5,46,26,28,14,4,23,34,67.6,11,26,6,20,15,61,54,0,Matches
431,Pejiño,es ESP,FW,Las Palmas,27,1996,5.6,12,8,3,6,3,6,18,33.3,12,4,0,4,2,14,5,0,Matches
432,Facundo Pellistri,uy URU,"MF,FW",Granada,21,2001,13.7,29,19,12,10,7,6,21,28.6,15,18,0,18,4,33,7,0,Matches
433,Iñaki Peña,es ESP,GK,Barcelona,24,1999,10.0,0,0,0,0,0,0,1,0.0,1,0,0,0,0,0,5,1,Matches
434,Marcos Peña,es ESP,MF,Almería,18,2005,4.9,19,14,12,7,0,6,12,50.0,6,9,3,6,13,32,8,0,Matches
435,Rubén Peña,es ESP,"DF,FW",Osasuna,32,1991,23.2,47,25,22,18,7,20,49,40.8,29,37,8,29,30,77,39,3,Matches
436,Alberto Perea,es ESP,"MF,FW",Granada,32,1990,0.0,0,0,0,0,0,0,2,0.0,2,0,0,0,0,0,0,0,Matches
437,Ayoze Pérez,es ESP,FW,Betis,30,1993,25.5,59,32,16,33,10,21,49,42.9,28,42,4,38,22,81,18,0,Matches
438,Carles Pérez,es ESP,"MF,DF",Celta Vigo,25,1998,8.6,13,5,6,5,2,7,18,38.9,11,14,1,13,5,18,8,0,Matches
439,Francisco Perez,es ESP,"MF,FW",Valencia,20,2002,22.8,30,17,10,14,6,15,44,34.1,29,19,0,19,14,44,5,0,Matches
440,Kike Pérez,es ESP,"MF,FW",Rayo Vallecano,26,1997,9.3,27,11,11,15,1,11,23,47.8,12,11,0,11,8,35,6,0,Matches
441,Máximo Perrone,ar ARG,MF,Las Palmas,20,2003,18.0,42,21,17,22,3,19,39,48.7,20,27,4,23,24,66,21,0,Matches
442,Njegoš Petrović,rs SRB,"MF,FW",Granada,24,1999,1.7,5,2,4,1,0,2,3,66.7,1,2,0,2,1,6,3,0,Matches
443,Germán Pezzella,ar ARG,DF,Betis,32,1991,30.7,34,24,24,10,0,23,38,60.5,15,31,18,13,31,65,150,0,Matches
444,Kamil Piątkowski,pl POL,DF,Granada,23,2000,5.6,18,10,16,1,1,10,14,71.4,4,6,5,1,8,26,28,1,Matches
445,Yeremi Pino,es ESP,"MF,FW",Villarreal,20,2002,5.3,25,18,12,10,3,9,18,50.0,9,11,1,10,5,30,5,0,Matches
446,Portu,es ESP,FW,Getafe,31,1992,1.1,5,3,4,0,1,5,6,83.3,1,0,0,0,0,5,0,0,Matches
447,Portu,es ESP,"MF,FW",Girona,31,1992,13.2,18,13,3,10,5,3,18,16.7,15,9,1,8,4,22,6,0,Matches
448,José Pozo,es ESP,MF,Rayo Vallecano,27,1996,0.2,1,1,0,1,0,1,1,100.0,0,1,0,1,0,1,0,0,Matches
449,Alejandro Pozo Pozo,es ESP,"DF,MF",Almería,24,1999,10.8,19,12,11,6,2,12,20,60.0,8,14,4,10,7,26,21,0,Matches
450,Beñat Prados,es ESP,"MF,DF",Athletic Club,22,2001,16.1,45,28,11,23,11,23,42,54.8,19,32,5,27,23,68,27,0,Matches
451,Abdón Prats,es ESP,"FW,MF",Mallorca,30,1992,14.1,6,4,2,2,2,3,5,60.0,2,6,3,3,2,8,12,0,Matches
452,Marc Pubill,es ESP,DF,Almería,20,2003,20.9,47,23,35,8,4,22,39,56.4,17,20,8,12,15,62,83,1,Matches
453,Antonio Puertas,es ESP,"MF,FW",Granada,31,1992,8.1,12,8,6,5,1,6,15,40.0,9,5,0,5,6,18,4,0,Matches
454,Arnau Puigmal,es ESP,"FW,DF",Almería,22,2001,2.8,2,1,1,1,0,1,3,33.3,2,3,0,3,3,5,2,0,Matches
455,Nemanja Radonjić,rs SRB,"MF,DF",Mallorca,27,1996,3.9,4,2,1,3,0,1,4,25.0,3,2,0,2,3,7,3,0,Matches
456,Aleksandar Radovanović,rs SRB,DF,Almería,29,1993,6.3,8,7,7,1,0,6,6,100.0,0,8,8,0,11,19,48,0,Matches
457,Abdellah Raihani,ma MAR,FW,Atlético Madrid,19,2004,0.1,0,0,0,0,0,0,1,0.0,1,0,0,0,0,0,0,0,Matches
458,Antonio Raillo,es ESP,DF,Mallorca,31,1991,24.4,30,23,18,12,0,17,23,73.9,6,44,30,14,37,67,104,2,Matches
459,Predrag Rajković,rs SRB,GK,Mallorca,27,1995,36.0,2,1,2,0,0,2,2,100.0,0,0,0,0,0,2,14,0,Matches
460,Ivan Rakitić,hr CRO,MF,Sevilla,35,1988,15.8,30,16,9,12,9,11,19,57.9,8,16,5,11,14,44,12,0,Matches
461,Largie Ramazani,be BEL,"FW,MF",Almería,22,2001,17.3,12,7,5,6,1,6,26,23.1,20,16,2,14,34,46,10,0,Matches
462,Benito Ramírez,es ESP,"FW,MF",Las Palmas,28,1995,4.3,5,3,2,3,0,3,6,50.0,3,7,1,6,3,8,0,0,Matches
463,Sandro Ramírez,es ESP,FW,Las Palmas,28,1995,20.1,12,8,4,6,2,6,15,40.0,9,13,1,12,4,16,14,1,Matches
464,Chris Ramos,es ESP,"FW,MF",Cádiz,26,1997,29.0,28,15,9,15,4,8,27,29.6,19,23,7,16,9,37,44,0,Matches
465,Sergio Ramos,es ESP,DF,Sevilla,37,1986,28.0,45,30,32,11,2,27,40,67.5,13,35,30,5,41,86,156,0,Matches
466,Raphinha,br BRA,"FW,MF",Barcelona,26,1996,15.2,14,8,6,6,2,4,18,22.2,14,17,1,16,13,27,11,0,Matches
467,Andrei Ratiu,ro ROU,"DF,MF",Rayo Vallecano,25,1998,7.0,12,4,6,5,1,8,15,53.3,7,4,1,3,0,12,12,0,Matches
468,Raúl,es ESP,FW,Osasuna,22,2000,15.1,10,4,4,2,4,2,10,20.0,8,9,1,8,5,15,11,0,Matches
469,Abde Rebbach,dz ALG,"FW,MF",Alavés,24,1998,8.0,9,5,4,2,3,5,15,33.3,10,10,1,9,3,12,7,0,Matches
470,Pepe Reina,es ESP,GK,Villarreal,40,1982,2.0,0,0,0,0,0,0,0,,0,0,0,0,0,0,1,0,Matches
471,Álex Remiro,es ESP,GK,Real Sociedad,28,1995,36.4,0,0,0,0,0,0,0,,0,0,0,0,0,0,24,2,Matches
472,Chadi Riad,ma MAR,DF,Betis,20,2003,24.0,35,24,17,18,0,17,27,63.0,10,23,14,9,23,58,108,0,Matches
473,Diego Rico,es ESP,DF,Getafe,30,1993,28.2,64,48,32,23,9,41,76,53.9,35,25,8,17,41,105,76,0,Matches
474,Luis Rioja,es ESP,"FW,MF",Alavés,29,1993,27.8,27,19,10,12,5,14,43,32.6,29,28,1,27,16,43,28,0,Matches
475,Rodrigo Riquelme,es ESP,"DF,MF",Atlético Madrid,23,2000,17.0,30,19,18,4,8,18,46,39.1,28,19,0,19,9,39,20,0,Matches
476,Alberto Risco,es ESP,MF,Getafe,17,2005,1.5,2,2,1,1,0,0,4,0.0,4,0,0,0,0,2,1,0,Matches
477,Mihailo Ristić,rs SRB,"DF,MF",Celta Vigo,27,1995,9.0,15,9,9,6,0,9,12,75.0,3,9,2,7,10,25,23,0,Matches
478,Gorka Rivera Alonso,es ESP,DF,Getafe,18,2004,0.0,0,0,0,0,0,0,0,,0,0,0,0,0,0,0,0,Matches
479,Sergi Roberto,es ESP,"MF,DF",Barcelona,31,1992,9.6,15,10,4,10,1,3,11,27.3,8,7,2,5,8,23,7,1,Matches
480,Lucas Robertone,ar ARG,MF,Almería,26,1997,26.5,61,33,28,23,10,25,50,50.0,25,43,9,34,51,112,43,0,Matches
481,Marc Roca,es ESP,MF,Betis,26,1996,22.0,52,36,17,29,6,30,53,56.6,23,29,6,23,17,69,23,1,Matches
482,Sergio Rodelas,es ESP,"FW,DF",Granada,18,2004,1.4,3,2,1,0,2,0,3,0.0,3,0,0,0,0,3,0,0,Matches
483,Rodri,es ESP,"FW,MF",Betis,23,2000,11.7,17,10,6,7,4,8,21,38.1,13,11,0,11,8,25,2,0,Matches
484,Álvaro Rodríguez,uy URU,FW,Real Madrid,19,2004,0.0,0,0,0,0,0,0,0,,0,0,0,0,0,0,1,0,Matches
485,Óscar Rodríguez Arnaiz,es ESP,"MF,FW",Getafe,25,1998,10.7,24,13,2,15,7,9,15,60.0,6,12,1,11,5,29,5,0,Matches
486,Damián Rodríguez,es ESP,MF,Celta Vigo,20,2003,2.9,6,3,1,3,2,1,3,33.3,2,4,2,2,1,7,2,0,Matches
487,Dani Rodríguez,es ESP,MF,Mallorca,35,1988,29.1,47,24,21,20,6,21,45,46.7,24,34,5,29,15,62,21,0,Matches
488,Guido Rodríguez,ar ARG,MF,Betis,29,1994,20.5,53,30,21,24,8,34,55,61.8,21,27,6,21,29,82,44,0,Matches
489,Kirian Rodríguez,es ESP,MF,Las Palmas,27,1996,35.7,52,32,22,25,5,24,67,35.8,43,39,3,36,28,80,23,1,Matches
490,Miguel Rodríguez,es ESP,MF,Celta Vigo,20,2003,3.3,6,3,3,1,2,3,9,33.3,6,8,0,8,4,10,0,0,Matches
491,Rodrygo,br BRA,FW,Real Madrid,22,2001,26.4,16,15,2,9,5,5,19,26.3,14,14,0,14,8,24,6,0,Matches
492,Carlos Romero,es ESP,DF,Villarreal,21,2001,2.9,11,5,8,1,2,7,12,58.3,5,3,0,3,1,12,11,0,Matches
493,Isaac Romero,es ESP,FW,Sevilla,23,2000,11.5,6,3,2,2,2,5,9,55.6,4,12,0,12,0,6,11,0,Matches
494,Luka Romero,ar ARG,FW,Almería,18,2004,4.9,5,1,2,3,0,2,4,50.0,2,12,1,11,1,6,2,1,Matches
495,Oriol Romeu,es ESP,MF,Barcelona,31,1991,10.4,34,20,17,14,3,13,24,54.2,11,12,2,10,10,44,18,0,Matches
496,Unai Ropero,es ESP,MF,Alavés,21,2001,0.1,0,0,0,0,0,0,0,,0,0,0,0,0,0,0,0,Matches
497,Vitor Roque,br BRA,FW,Barcelona,18,2005,3.6,3,2,2,0,1,0,2,0.0,2,3,0,3,0,3,5,0,Matches
498,Antonio Rüdiger,de GER,DF,Real Madrid,30,1993,30.1,26,15,18,4,4,16,20,80.0,4,27,20,7,11,37,89,0,Matches
499,Javier Rueda Garcia,es ESP,"MF,DF",Celta Vigo,21,2002,0.2,0,0,0,0,0,0,0,,0,0,0,0,0,0,0,0,Matches
500,Aitor Ruibal,es ESP,"DF,FW",Betis,27,1996,11.3,46,27,28,13,5,32,59,54.2,27,12,1,11,14,60,33,1,Matches
501,Sergio Ruiz,es ESP,MF,Granada,28,1994,27.7,83,46,43,36,4,38,84,45.2,46,24,6,18,28,111,43,1,Matches
502,Youssouf Sabaly,sn SEN,DF,Betis,30,1993,11.6,16,11,12,3,1,8,12,66.7,4,6,3,3,11,27,27,0,Matches
503,Umar Sadiq,ng NGA,FW,Real Sociedad,26,1997,12.0,15,10,2,8,5,4,8,50.0,4,9,0,9,0,15,10,0,Matches
504,Pablo Saenz,es ESP,MF,Granada,22,2001,0.2,3,3,2,0,1,1,3,33.3,2,0,0,0,0,3,0,0,Matches
505,Kike Salas,es ESP,DF,Sevilla,21,2002,17.8,41,23,26,12,3,22,36,61.1,14,25,14,11,26,67,91,1,Matches
506,Salvi,es ESP,MF,Rayo Vallecano,32,1991,0.3,0,0,0,0,0,0,4,0.0,4,0,0,0,1,1,0,0,Matches
507,Diadie Samassékou,ml MLI,MF,Cádiz,27,1996,1.0,5,3,2,2,1,5,6,83.3,1,0,0,0,3,8,1,0,Matches
508,Fede San Emeterio,es ESP,MF,Cádiz,26,1997,1.7,3,2,2,1,0,1,4,25.0,3,3,2,1,2,5,1,0,Matches
509,Oihan Sancet,es ESP,MF,Athletic Club,23,2000,21.9,19,11,3,10,6,8,21,38.1,13,5,1,4,10,29,5,0,Matches
510,Ricard Sánchez,es ESP,DF,Granada,23,2000,25.5,29,18,15,8,6,12,24,50.0,12,32,4,28,13,42,64,0,Matches
511,Antonio Sánchez,es ESP,MF,Mallorca,26,1997,16.1,25,11,13,10,2,11,32,34.4,21,24,5,19,13,38,13,0,Matches
512,Juanlu Sánchez,es ESP,DF,Sevilla,19,2003,13.1,56,35,34,18,4,34,58,58.6,24,24,7,17,12,68,36,0,Matches
513,Manu Sánchez,es ESP,"DF,MF",Celta Vigo,22,2000,19.7,54,28,21,25,8,31,55,56.4,24,23,3,20,19,73,65,0,Matches
514,Yellu Santiago,es ESP,MF,Getafe,19,2004,7.3,17,8,8,5,4,4,7,57.1,3,3,0,3,0,17,8,0,Matches
515,Paco Sanz,es ESP,DF,Almería,18,2004,0.3,0,0,0,0,0,0,1,0.0,1,0,0,0,0,0,4,0,Matches
516,Stefan Savić,me MNE,DF,Atlético Madrid,32,1991,18.1,27,19,16,7,4,15,30,50.0,15,29,15,14,27,54,61,1,Matches
517,Sávio,br BRA,"FW,MF",Girona,19,2004,33.1,42,25,14,22,6,16,28,57.1,12,34,0,34,18,60,11,1,Matches
518,Aleksandar Sedlar,rs SRB,DF,Alavés,31,1991,10.5,14,10,10,4,0,10,16,62.5,6,8,4,4,13,27,43,0,Matches
519,André Silva,pt POR,FW,Real Sociedad,27,1995,8.1,2,2,0,0,2,0,4,0.0,4,3,0,3,1,3,3,0,Matches
520,Rui Silva,pt POR,GK,Betis,29,1994,27.5,0,0,0,0,0,0,3,0.0,3,0,0,0,1,1,13,1,Matches
521,Giuliano Simeone,ar ARG,FW,Alavés,20,2002,7.0,7,5,2,3,2,5,17,29.4,12,10,0,10,5,12,3,0,Matches
522,Unai Simón,es ESP,GK,Athletic Club,26,1997,35.4,2,1,1,1,0,2,3,66.7,1,0,0,0,1,3,9,0,Matches
523,Daley Sinkgraven,nl NED,DF,Las Palmas,28,1995,4.2,11,5,6,5,0,2,8,25.0,6,5,3,2,6,17,9,0,Matches
524,Jailson Siqueira,br BRA,"DF,MF",Celta Vigo,27,1995,10.0,27,18,22,5,0,13,24,54.2,11,13,5,8,12,39,32,0,Matches
525,Antonio Sivera,es ESP,GK,Alavés,26,1996,34.0,0,0,0,0,0,0,1,0.0,1,0,0,0,0,0,17,1,Matches
526,Rubén Sobrino,es ESP,"MF,FW",Cádiz,31,1992,18.3,52,28,18,26,8,22,51,43.1,29,26,2,24,16,68,18,0,Matches
527,Alex Sola,es ESP,"FW,MF",Alavés,24,1999,14.0,27,15,11,9,7,14,26,53.8,12,18,2,16,11,38,16,0,Matches
528,Alex Sola,es ESP,"DF,MF",Real Sociedad,24,1999,0.3,0,0,0,0,0,0,0,,0,0,0,0,1,1,2,0,Matches
529,Jhon Solis,co COL,MF,Girona,18,2004,4.3,10,8,4,5,1,4,12,33.3,8,8,3,5,8,18,7,1,Matches
530,David Soria,es ESP,GK,Getafe,30,1993,37.9,0,0,0,0,0,0,2,0.0,2,0,0,0,0,0,21,6,Matches
531,Alberto Soro,es ESP,MF,Granada,24,1999,0.1,0,0,0,0,0,0,0,,0,0,0,0,0,0,0,0,Matches
532,Hugo Sotelo,es ESP,MF,Celta Vigo,19,2003,8.0,19,17,3,13,3,8,20,40.0,12,7,1,6,2,21,5,0,Matches
533,Boubakary Soumaré,fr FRA,MF,Sevilla,24,1999,25.4,39,28,24,14,1,14,26,53.8,12,25,7,18,26,65,20,1,Matches
534,Djibril Sow,ch SUI,MF,Sevilla,26,1997,16.2,28,21,15,8,5,9,25,36.0,16,20,3,17,17,45,8,1,Matches
535,Çağlar Söyüncü,tr TUR,DF,Atlético Madrid,27,1996,1.3,1,1,1,0,0,0,0,,0,1,0,1,1,2,7,0,Matches
536,Carl Starfelt,se SWE,DF,Celta Vigo,28,1995,24.6,36,30,30,5,1,19,28,67.9,9,35,28,7,34,70,159,2,Matches
537,Jørgen Strand Larsen,no NOR,FW,Celta Vigo,23,2000,31.8,21,11,1,15,5,8,38,21.1,30,15,1,14,5,26,17,0,Matches
538,Cristhian Stuani,uy URU,FW,Girona,36,1986,8.9,14,11,4,6,4,4,7,57.1,3,9,2,7,5,19,13,0,Matches
539,Álex Suárez,es ESP,DF,Las Palmas,30,1993,28.5,53,36,33,15,5,31,37,83.8,6,33,14,19,18,71,84,0,Matches
540,Damián Suárez,uy URU,DF,Getafe,35,1988,14.4,36,21,16,16,4,26,45,57.8,19,13,3,10,10,46,31,0,Matches
541,Denis Suárez,es ESP,"MF,FW",Villarreal,29,1994,1.5,0,0,0,0,0,0,2,0.0,2,2,2,0,0,0,4,0,Matches
542,Suso,es ESP,"MF,FW",Sevilla,29,1993,16.9,24,17,14,8,2,8,28,28.6,20,9,0,9,5,29,4,0,Matches
543,Max Svensson,es ESP,FW,Osasuna,21,2001,0.0,1,0,0,0,1,0,0,,0,0,0,0,0,1,0,0,Matches
544,Williot Swedberg,se SWE,"FW,MF",Celta Vigo,19,2004,4.9,9,4,3,6,0,5,8,62.5,3,11,1,10,0,9,4,0,Matches
545,Mamadou Sylla,sn SEN,"FW,MF",Alavés,29,1994,0.2,0,0,0,0,0,0,0,,0,1,1,0,0,0,1,0,Matches
546,Alexander Sørloth,no NOR,FW,Villarreal,27,1995,27.7,6,3,1,2,3,2,6,33.3,4,9,4,5,0,6,26,0,Matches
547,Yassin Tallal,es ESP,FW,Getafe,18,2005,0.0,0,0,0,0,0,0,0,,0,0,0,0,0,0,0,0,Matches
548,Renato Tapia,pe PER,"MF,DF",Celta Vigo,28,1995,14.9,41,29,19,19,3,14,25,56.0,11,31,7,24,21,62,50,1,Matches
549,César Tárrega,es ESP,DF,Valencia,21,2002,0.1,0,0,0,0,0,0,0,,0,0,0,0,0,0,2,0,Matches
550,Marciano Tchami,gw GNB,"FW,MF",Almería,19,2004,0.5,0,0,0,0,0,0,0,,0,0,0,0,0,0,0,0,Matches
551,Aurélien Tchouaméni,fr FRA,"MF,DF",Real Madrid,23,2000,22.1,38,23,19,17,2,9,18,50.0,9,21,13,8,28,66,52,1,Matches
552,Nahuel Tenaglia,ar ARG,DF,Alavés,27,1996,12.7,29,19,22,4,3,16,28,57.1,12,14,8,6,12,41,59,0,Matches
553,Marc-André ter Stegen,de GER,GK,Barcelona,31,1992,28.0,0,0,0,0,0,0,0,,0,0,0,0,0,0,3,3,Matches
554,Ramón Terrats,es ESP,"MF,DF",Villarreal,22,2000,8.7,17,13,8,8,1,7,15,46.7,8,11,1,10,3,20,9,0,Matches
555,Kieran Tierney,sct SCO,DF,Real Sociedad,26,1997,13.8,37,24,16,18,3,18,27,66.7,9,22,8,14,10,47,45,0,Matches
556,Raúl de Tomás,es ESP,FW,Rayo Vallecano,28,1994,14.1,9,5,4,3,2,3,6,50.0,3,3,0,3,1,10,8,0,Matches
557,Pablo Torre,es ESP,"MF,FW",Girona,20,2003,7.8,5,2,0,5,0,4,10,40.0,6,10,2,8,4,9,6,1,Matches
558,Raúl Torrente,es ESP,DF,Granada,21,2001,13.9,29,16,20,9,0,17,22,77.3,5,16,10,6,11,40,68,2,Matches
559,Ferrán Torres,es ESP,FW,Barcelona,23,2000,13.5,9,6,1,6,2,5,16,31.3,11,7,1,6,5,14,6,0,Matches
560,Óliver Torres,es ESP,MF,Sevilla,28,1994,18.0,37,22,17,15,5,22,57,38.6,35,40,4,36,6,43,6,0,Matches
561,Lucas Torró,es ESP,MF,Osasuna,29,1994,19.9,25,15,11,8,6,11,28,39.3,17,10,2,8,33,58,37,0,Matches
562,Bertrand Traoré,bf BFA,MF,Villarreal,27,1995,6.3,5,4,2,1,2,1,4,25.0,3,6,0,6,1,6,2,0,Matches
563,Hamari Traoré,ml MLI,DF,Real Sociedad,31,1992,25.5,44,19,24,17,3,25,43,58.1,18,27,8,19,24,68,59,2,Matches
564,Óscar Trejo,ar ARG,"FW,MF",Rayo Vallecano,35,1988,15.3,27,15,11,9,7,13,21,61.9,8,21,1,20,5,32,9,0,Matches
565,Manu Trigueros,es ESP,MF,Villarreal,31,1991,3.4,7,5,6,1,0,4,10,40.0,6,1,1,0,3,10,9,0,Matches
566,Viktor Tsyhankov,ua UKR,"MF,FW",Girona,25,1997,22.8,29,20,11,13,5,14,26,53.8,12,18,1,17,12,41,24,0,Matches
567,Beñat Turrientes,es ESP,MF,Real Sociedad,21,2002,18.7,31,17,6,20,5,13,30,43.3,17,19,8,11,6,37,17,0,Matches
568,Enes Ünal,tr TUR,"FW,MF",Getafe,26,1997,1.6,0,0,0,0,0,0,0,,0,1,0,1,0,0,2,0,Matches
569,Myrto Uzuni,al ALB,FW,Granada,28,1995,27.2,18,14,8,7,3,6,27,22.2,21,19,3,16,4,22,7,0,Matches
570,Óscar Valentín,es ESP,MF,Rayo Vallecano,28,1994,29.9,107,66,39,62,6,46,101,45.5,55,62,10,52,35,142,52,1,Matches
571,Martin Valjent,sk SVK,DF,Mallorca,27,1995,26.1,34,18,19,13,2,18,30,60.0,12,26,11,15,29,63,112,1,Matches
572,Jesús Vallejo,es ESP,DF,Granada,26,1997,1.2,3,1,1,2,0,2,2,100.0,0,3,2,1,0,3,1,1,Matches
573,Álvaro Vallés,es ESP,GK,Las Palmas,26,1997,36.3,3,2,3,0,0,3,8,37.5,5,0,0,0,0,3,40,1,Matches
574,Federico Valverde,uy URU,MF,Real Madrid,25,1998,32.3,47,34,22,13,12,24,42,57.1,18,39,2,37,43,90,40,0,Matches
575,Siebe Van Der Heyden,be BEL,DF,Mallorca,25,1998,3.2,9,2,7,2,0,4,6,66.7,2,1,1,0,7,16,12,0,Matches
576,José Luis García Vayá,es ESP,MF,Valencia,24,1998,36.7,78,53,36,36,6,37,71,52.1,34,41,10,31,49,127,71,0,Matches
577,Borja Vázquez,es ESP,FW,Cádiz,18,2005,0.0,1,0,1,0,0,1,1,100.0,0,0,0,0,0,1,1,0,Matches
578,Jesus Vazquez,es ESP,"DF,MF",Valencia,20,2003,8.0,24,12,13,8,3,10,16,62.5,6,17,4,13,3,27,24,0,Matches
579,Kevin Vázquez,es ESP,DF,Celta Vigo,30,1993,7.8,15,13,7,7,1,12,21,57.1,9,11,3,8,5,20,25,0,Matches
580,Lucas Vázquez,es ESP,DF,Real Madrid,32,1991,15.8,37,25,22,14,1,18,25,72.0,7,27,5,22,12,49,36,0,Matches
581,Gabriel Veiga,es ESP,FW,Celta Vigo,21,2002,0.2,0,0,0,0,0,0,0,,0,0,0,0,0,0,0,0,Matches
582,Alejo Véliz,ar ARG,FW,Sevilla,19,2003,0.4,1,0,0,1,0,1,2,50.0,1,0,0,0,0,1,1,0,Matches
583,Arthur Vermeeren,be BEL,MF,Atlético Madrid,18,2005,1.8,1,0,0,1,0,0,1,0.0,1,5,0,5,6,7,2,0,Matches
584,Mikel Vesga,es ESP,MF,Athletic Club,30,1993,17.0,40,20,11,23,6,19,49,38.8,30,19,7,12,32,72,35,1,Matches
585,Carlos Vicente,es ESP,FW,Alavés,24,1999,12.4,16,6,7,7,2,10,25,40.0,15,4,0,4,4,20,9,0,Matches
586,Nacho Vidal,es ESP,"DF,FW",Osasuna,28,1995,1.1,5,4,2,2,1,2,5,40.0,3,2,0,2,0,5,6,0,Matches
587,Nacho Vidal,es ESP,DF,Mallorca,28,1995,4.6,12,5,4,5,3,6,13,46.2,7,5,2,3,3,15,9,0,Matches
588,Fran Vieites,es ESP,GK,Betis,24,1999,3.5,1,0,1,0,0,1,1,100.0,0,0,0,0,0,1,2,1,Matches
589,Jonathan Viera,es ESP,"MF,FW",Las Palmas,33,1989,6.9,6,3,1,2,3,1,9,11.1,8,0,0,0,0,6,1,0,Matches
590,Jonathan Viera,es ESP,MF,Almería,33,1989,10.1,19,9,6,9,4,10,19,52.6,9,4,0,4,4,23,1,0,Matches
591,Toni Villa,es ESP,FW,Girona,28,1995,0.1,0,0,0,0,0,0,0,,0,0,0,0,0,0,0,0,Matches
592,Asier Villalibre,es ESP,FW,Athletic Club,25,1997,5.7,2,1,0,0,2,2,2,100.0,0,2,1,1,0,2,6,0,Matches
593,Gonzalo Villar,es ESP,MF,Granada,25,1998,20.0,51,33,26,20,5,26,41,63.4,15,32,10,22,6,57,26,1,Matches
594,Iván Villar,es ESP,GK,Celta Vigo,26,1997,11.3,0,0,0,0,0,0,1,0.0,1,0,0,0,0,0,6,0,Matches
595,Ricardo Visus,es ESP,DF,Betis,22,2001,1.8,2,2,1,1,0,2,2,100.0,0,2,2,0,2,4,9,1,Matches
596,Daniel Vivian,es ESP,DF,Athletic Club,24,1999,32.0,42,28,29,11,2,28,45,62.2,17,49,25,24,31,73,104,0,Matches
597,Shon Weissman,il ISR,FW,Granada,27,1996,0.9,1,1,0,0,1,1,4,25.0,3,3,0,3,0,1,1,0,Matches
598,Iñaki Williams,gh GHA,FW,Athletic Club,29,1994,31.6,24,17,6,8,10,13,34,38.2,21,42,8,34,14,38,29,0,Matches
599,Nico Williams,es ESP,FW,Athletic Club,21,2002,25.1,31,12,9,15,7,13,36,36.1,23,18,2,16,3,34,4,1,Matches
600,Axel Witsel,be BEL,DF,Atlético Madrid,34,1989,30.9,35,21,23,12,0,17,24,70.8,7,40,21,19,16,51,119,0,Matches
601,Xeber,es ESP,"FW,MF",Alavés,26,1997,3.4,5,5,3,2,0,3,7,42.9,4,2,1,1,1,6,2,0,Matches
602,Antal Yaakobishvili,hu HUN,DF,Girona,19,2004,0.7,2,1,1,1,0,1,1,100.0,0,0,0,0,3,5,3,0,Matches
603,Lamine Yamal,es ESP,FW,Barcelona,16,2007,24.5,61,37,32,15,14,18,48,37.5,30,32,0,32,19,80,11,0,Matches
604,Roman Yaremchuk,ua UKR,FW,Valencia,27,1995,10.3,5,2,1,2,2,3,6,50.0,3,4,0,4,1,6,9,0,Matches
605,Arsen Zakharyan,ru RUS,"MF,FW",Real Sociedad,20,2003,13.6,22,15,8,11,3,9,22,40.9,13,16,0,16,4,26,10,0,Matches
606,Joseba Zaldúa,es ESP,DF,Cádiz,31,1992,7.8,20,12,17,2,1,13,21,61.9,8,6,4,2,2,22,20,0,Matches
607,Bryan Zaragoza,es ESP,"MF,FW",Granada,21,2001,18.2,18,9,8,6,4,8,23,34.8,15,9,0,9,3,21,3,0,Matches
608,Igor Zubeldia,es ESP,DF,Real Sociedad,26,1997,28.0,32,25,20,10,2,19,26,73.1,7,28,19,9,32,64,97,3,Matches
609,Martín Zubimendi,es ESP,MF,Real Sociedad,24,1999,29.5,49,27,18,29,2,23,42,54.8,19,33,9,24,37,86,54,0,Matches
