Unnamed: 0_level_0_Rk,Unnamed: 1_level_0_Player,Unnamed: 2_level_0_Nation,Unnamed: 3_level_0_Pos,Unnamed: 4_level_0_Squad,Unnamed: 5_level_0_Age,Unnamed: 6_level_0_Born,Unnamed: 7_level_0_90s,Performance_CrdY,Performance_CrdR,Performance_2CrdY,Performance_Fls,Performance_Fld,Performance_Off,Performance_Crs,Performance_Int,Performance_TklW,Performance_PKwon,Performance_PKcon,Performance_OG,Performance_Recov,Aerial Duels_Won,Aerial Duels_Lost,Aerial Duels_Won%,Unnamed: 24_level_0_Matches
1,Nabil Aberdin,fr FRA,DF,Getafe,20,2002,2.0,0,0,0,1,1,0,0,0,0,0,0,0,10,4,6,40.0,Matches
2,Abner,br BRA,DF,Betis,23,2000,15.6,3,0,0,16,2,2,26,15,19,0,1,0,79,14,10,58.3,Matches
3,Abdel Abqar,ma MAR,DF,Alavés,24,1999,25.7,10,0,0,33,23,1,2,23,19,0,2,1,109,39,36,52.0,Matches
4,Marcos Acuña,ar ARG,DF,Sevilla,31,1991,14.4,7,0,0,18,17,1,82,4,21,0,0,0,99,13,11,54.2,Matches
5,Julen Agirrezabala,es ESP,GK,Athletic Club,22,2000,2.6,0,0,0,0,0,0,0,0,0,0,0,0,6,1,0,100.0,Matches
6,Lucien Agoume,fr FRA,MF,Sevilla,21,2002,8.6,3,0,0,19,2,0,2,7,18,0,0,0,48,9,7,56.3,Matches
7,Joseph Aidoo,gh GHA,DF,Celta Vigo,27,1995,4.5,0,0,0,4,0,0,0,4,3,0,0,0,22,14,9,60.9,Matches
8,Ilias Akhomach,ma MAR,"MF,FW",Villarreal,19,2004,16.8,4,0,0,41,35,4,29,13,21,0,0,0,70,3,7,30.0,Matches
9,Sergio Akieme,es ESP,DF,Almería,25,1997,18.6,2,0,0,18,17,1,57,10,15,0,2,0,99,10,15,40.0,Matches
10,Paul Akouokou,ci CIV,MF,Betis,25,1997,0.3,0,0,0,1,1,0,0,1,3,0,0,0,0,0,0,,Matches
11,David Alaba,at AUT,DF,Real Madrid,31,1992,12.8,2,0,0,4,0,0,17,15,9,0,0,1,63,10,9,52.6,Matches
12,Raúl Albiol,es ESP,DF,Villarreal,37,1985,22.6,6,0,0,21,8,1,0,16,14,0,0,0,75,46,29,61.3,Matches
13,Rubén Alcaraz,es ESP,MF,Cádiz,32,1991,34.8,14,0,0,84,71,1,36,33,59,0,0,0,234,47,49,49.0,Matches
14,Omar Alderete,py PAR,DF,Getafe,26,1996,24.4,8,1,0,34,11,2,5,13,21,0,0,0,107,55,45,55.0,Matches
15,Iván Alejo,es ESP,MF,Cádiz,28,1995,18.8,17,0,0,49,49,9,151,7,23,0,1,0,87,15,18,45.5,Matches
16,Carles Aleñá,es ESP,MF,Getafe,25,1998,11.3,6,0,0,22,18,3,33,4,8,0,0,0,53,11,19,36.7,Matches
17,Mohamed Ali Cho,fr FRA,"FW,MF",Real Sociedad,19,2004,2.8,0,0,0,5,6,3,11,1,3,0,0,0,16,3,6,33.3,Matches
18,Tadeo Allende,ar ARG,"MF,FW",Celta Vigo,24,1999,3.7,1,0,0,2,3,3,10,3,1,0,0,0,19,5,4,55.6,Matches
19,Domingos André Ribeiro Almeida,pt POR,"FW,MF",Valencia,23,2000,10.7,0,0,0,12,20,1,18,6,15,0,0,0,43,4,15,21.1,Matches
20,Marcos Alonso,es ESP,DF,Barcelona,32,1990,2.8,0,0,0,7,6,0,15,4,3,0,0,0,14,2,4,33.3,Matches
21,Adrià Altimira,es ESP,"DF,MF",Villarreal,22,2001,8.6,3,0,0,12,4,0,5,5,7,0,1,0,42,2,7,22.2,Matches
22,Sergi Altimira,es ESP,MF,Betis,21,2001,6.3,1,0,0,8,8,0,1,9,8,0,0,0,41,2,4,33.3,Matches
23,Gastón Álvarez,uy URU,DF,Getafe,23,2000,28.2,7,0,0,43,10,1,25,35,37,0,0,0,132,51,30,63.0,Matches
24,Hugo Álvarez,es ESP,"MF,DF",Celta Vigo,20,2003,8.5,1,0,0,9,9,1,22,5,9,0,0,0,47,5,6,45.5,Matches
25,Yeray Álvarez,es ESP,DF,Athletic Club,28,1995,12.8,1,1,0,15,14,0,1,11,9,0,0,0,68,43,15,74.1,Matches
26,Selim Amallah,ma MAR,"FW,MF",Valencia,26,1996,6.7,5,1,1,21,24,1,4,11,12,0,0,0,36,11,15,42.3,Matches
27,Amath,sn SEN,"FW,MF",Mallorca,27,1996,4.4,2,0,0,10,7,4,7,3,6,1,0,0,21,6,5,54.5,Matches
28,Miguel Ángel Rubio,es ESP,DF,Granada,25,1998,17.3,5,0,0,20,11,1,0,28,12,0,0,0,77,58,30,65.9,Matches
29,Fabrizio Angileri,ar ARG,"DF,MF",Getafe,29,1994,1.8,2,1,0,1,1,0,8,4,1,0,0,0,15,6,5,54.5,Matches
30,Mauro Arambarri,uy URU,MF,Getafe,27,1995,3.8,2,0,0,18,3,0,6,2,2,0,0,0,27,5,8,38.5,Matches
31,Jon Aramburu,ve VEN,DF,Real Sociedad,21,2002,6.0,3,0,0,11,5,0,7,7,15,0,0,0,24,7,7,50.0,Matches
32,Julian Araujo,mx MEX,DF,Las Palmas,21,2001,16.2,5,0,0,13,9,2,23,10,22,0,0,0,81,29,21,58.0,Matches
33,Ronald Araújo,uy URU,DF,Barcelona,24,1999,22.2,6,0,0,25,9,0,8,12,22,0,1,0,102,60,22,73.2,Matches
34,Adu Ares,es ESP,FW,Athletic Club,21,2001,2.9,2,0,0,5,12,1,11,1,4,0,0,0,15,1,3,25.0,Matches
35,Jesús Areso,es ESP,DF,Osasuna,24,1999,29.6,3,0,0,30,20,3,110,18,24,0,0,0,130,28,21,57.1,Matches
36,Matias Arezo,uy URU,FW,Granada,20,2002,4.1,1,0,0,6,1,8,4,1,3,0,0,0,13,11,17,39.3,Matches
37,Iñigo Arguibide,es ESP,DF,Osasuna,18,2005,0.2,0,0,0,1,0,0,0,0,0,0,0,0,1,1,0,100.0,Matches
38,José Arnaiz,es ESP,"FW,MF",Osasuna,28,1995,10.3,3,0,0,8,19,3,46,3,8,0,0,0,39,11,14,44.0,Matches
39,Sergio Arribas,es ESP,"MF,FW",Almería,21,2001,22.7,1,0,0,14,42,1,60,16,17,0,0,0,91,19,24,44.2,Matches
40,Kepa Arrizabalaga,es ESP,GK,Real Madrid,28,1994,13.3,1,0,0,0,2,0,0,0,0,0,0,0,17,2,0,100.0,Matches
41,Iago Aspas,es ESP,FW,Celta Vigo,35,1987,30.1,6,1,0,19,59,12,149,10,6,1,0,0,99,7,30,18.9,Matches
42,Ezequiel Ávila,ar ARG,"FW,MF",Osasuna,29,1994,9.6,3,2,0,8,20,4,79,4,2,0,0,0,37,10,20,33.3,Matches
43,Ezequiel Ávila,ar ARG,FW,Betis,29,1994,3.3,4,1,1,3,12,0,12,1,1,0,0,0,9,4,5,44.4,Matches
44,César Azpilicueta,es ESP,DF,Atlético Madrid,33,1989,15.8,4,0,0,29,12,0,11,16,14,0,0,0,72,21,23,47.7,Matches
45,Iddrisu Baba,gh GHA,MF,Almería,27,1996,15.9,5,0,0,29,34,0,4,11,26,0,1,0,123,30,17,63.8,Matches
46,Srđan Babić,rs SRB,DF,Almería,27,1996,1.0,0,0,0,2,0,0,0,0,2,0,0,0,4,3,1,75.0,Matches
47,Loïc Bade,fr FRA,DF,Sevilla,23,2000,25.3,5,1,0,24,10,1,2,38,41,0,0,0,151,76,38,66.7,Matches
48,Alex Baena,es ESP,"MF,FW",Villarreal,22,2001,28.7,11,1,0,52,57,8,175,13,21,1,1,0,116,8,12,40.0,Matches
49,Eric Bailly,ci CIV,DF,Villarreal,29,1994,9.3,4,0,0,6,5,0,0,9,3,0,0,1,51,15,7,68.2,Matches
50,Cédric Bakambu,cd COD,FW,Betis,32,1991,2.2,1,0,0,4,3,3,0,0,0,0,0,0,4,3,7,30.0,Matches
51,Alejandro Balde,es ESP,DF,Barcelona,19,2003,15.3,1,0,0,9,18,4,37,5,11,0,0,0,67,12,13,48.0,Matches
52,Iván Balliu,al ALB,DF,Rayo Vallecano,31,1992,31.9,4,0,0,41,30,8,68,29,31,0,0,0,127,30,27,52.6,Matches
53,Jonathan Bamba,ci CIV,"MF,FW",Celta Vigo,27,1996,22.0,0,0,0,15,65,7,50,18,9,0,0,0,101,7,22,24.1,Matches
54,Léo Baptistão,br BRA,FW,Almería,30,1992,20.4,6,1,0,21,29,13,27,11,16,0,0,0,85,48,70,40.7,Matches
55,Kike Barja,es ESP,"FW,MF",Osasuna,26,1997,3.4,3,0,0,8,4,1,23,2,2,0,0,0,16,3,5,37.5,Matches
56,Ander Barrenetxea,es ESP,"FW,MF",Real Sociedad,21,2001,15.9,1,0,0,27,22,3,47,6,21,0,0,0,83,14,24,36.8,Matches
57,Pablo Barrios,es ESP,MF,Atlético Madrid,20,2003,17.3,5,0,0,23,24,0,16,28,25,0,0,0,94,14,21,40.0,Matches
58,Marc Bartra,es ESP,DF,Betis,32,1991,2.5,1,0,0,4,1,0,0,3,3,0,0,0,15,4,4,50.0,Matches
59,Augusto Batalla,ar ARG,GK,Granada,27,1996,17.0,3,0,0,0,2,0,0,0,0,0,0,0,28,3,0,100.0,Matches
60,Bebé,cv CPV,"MF,FW",Rayo Vallecano,33,1990,2.4,1,0,0,0,2,3,28,0,2,0,0,0,12,1,4,20.0,Matches
61,Sheraldo Becker,sr SUR,"FW,MF",Real Sociedad,28,1995,8.6,1,0,0,11,5,6,46,1,2,0,0,0,27,5,12,29.4,Matches
62,Héctor Bellerín,es ESP,DF,Betis,28,1995,19.0,0,1,0,21,10,1,40,22,22,0,0,1,86,16,33,32.7,Matches
63,Jude Bellingham,eng ENG,MF,Real Madrid,20,2003,25.7,5,1,0,32,72,4,21,21,34,0,0,0,118,24,25,49.0,Matches
64,Fran Beltrán,es ESP,MF,Celta Vigo,24,1999,27.0,2,0,0,28,16,2,19,18,32,0,2,0,160,13,33,28.3,Matches
65,Carlos Benavídez,uy URU,MF,Alavés,25,1998,12.6,5,0,0,38,9,1,4,19,35,0,2,0,72,35,30,53.8,Matches
66,Yuri Berchiche,es ESP,DF,Athletic Club,33,1990,21.4,5,0,0,29,33,0,44,20,25,0,1,1,119,33,20,62.3,Matches
67,Álex Berenguer,es ESP,FW,Athletic Club,28,1995,17.7,4,0,0,30,22,12,138,5,14,0,0,0,63,20,42,32.3,Matches
68,Antonio Blanco,es ESP,MF,Alavés,23,2000,27.0,5,1,0,36,40,0,15,35,36,0,0,0,160,21,18,53.8,Matches
69,Daley Blind,nl NED,DF,Girona,33,1990,33.0,6,0,0,19,12,0,17,21,21,0,1,0,147,39,32,54.9,Matches
70,Adri Bosch,es ESP,DF,Granada,22,2001,0.3,0,0,0,0,0,0,0,0,1,0,0,1,2,0,1,0.0,Matches
71,Yassine Bounou,ma MAR,GK,Sevilla,32,1991,1.0,0,0,0,0,0,0,0,0,0,0,0,0,0,0,0,,Matches
72,Lucas Boyé,ar ARG,FW,Granada,27,1996,28.2,8,1,0,72,43,8,14,10,25,0,0,0,113,58,77,43.0,Matches
73,Darko Brašanac,rs SRB,MF,Osasuna,31,1992,0.5,0,0,0,1,0,0,1,0,0,0,0,0,0,1,1,50.0,Matches
74,Brau,es ESP,DF,Granada,21,2001,0.3,0,0,0,0,0,0,1,0,0,0,0,0,0,0,0,,Matches
75,Claudio Bravo,cl CHI,GK,Betis,40,1983,7.0,0,0,0,0,1,0,0,0,0,0,0,0,14,2,0,100.0,Matches
76,Ben Brereton,cl CHI,"FW,MF",Villarreal,24,1999,3.0,2,0,0,5,4,2,4,0,2,0,0,0,13,1,2,33.3,Matches
77,Ante Budimir,hr CRO,FW,Osasuna,32,1991,27.1,4,0,0,40,26,27,10,5,15,3,0,0,55,158,124,56.0,Matches
78,Manu Bueno,es ESP,MF,Sevilla,19,2004,1.3,1,0,0,1,2,0,0,0,2,0,0,0,6,0,1,0.0,Matches
79,Pablo Busto,es ESP,DF,Betis,17,2005,0.5,0,0,0,0,1,0,1,1,1,0,0,0,1,0,0,,Matches
80,José Callejón,es ESP,"MF,FW",Granada,36,1987,8.9,2,0,0,11,21,3,34,5,6,0,0,0,48,7,10,41.2,Matches
81,Eduardo Camavinga,fr FRA,"MF,DF",Real Madrid,20,2002,20.2,9,0,0,49,68,1,4,29,47,0,1,0,146,18,17,51.4,Matches
82,Sergio Camello,es ESP,FW,Rayo Vallecano,22,2001,18.5,3,0,0,18,11,6,2,3,5,0,0,0,60,16,40,28.6,Matches
83,José Campaña,es ESP,MF,Las Palmas,30,1993,1.9,0,0,0,0,5,0,4,2,2,0,0,0,16,2,0,100.0,Matches
84,João Cancelo,pt POR,DF,Barcelona,29,1994,27.8,7,0,0,40,26,4,82,29,44,0,0,0,165,24,23,51.1,Matches
85,Sergi Canós,es ESP,"MF,FW",Valencia,26,1997,13.7,1,0,0,17,16,2,35,11,13,0,0,0,64,13,11,54.2,Matches
86,Étienne Capoue,fr FRA,MF,Villarreal,35,1988,16.2,8,0,0,25,41,2,7,22,18,1,0,0,97,21,19,52.5,Matches
87,Isaac Carcelen,es ESP,DF,Cádiz,30,1993,29.0,2,0,0,16,44,5,67,27,31,0,0,0,129,22,36,37.9,Matches
88,Dani Cárdenas,es ESP,GK,Rayo Vallecano,26,1997,1.0,0,0,0,0,0,0,0,0,0,0,0,0,1,0,0,,Matches
89,Marc Cardona,es ESP,FW,Las Palmas,28,1995,8.2,4,0,0,12,19,18,5,2,8,1,0,0,26,9,14,39.1,Matches
90,Sergi Cardona,es ESP,DF,Las Palmas,24,1999,31.3,11,0,0,52,60,5,89,46,55,0,0,0,188,52,37,58.4,Matches
91,Johnny Cardoso,us USA,MF,Betis,21,2001,14.8,3,0,0,21,19,0,3,32,29,1,0,0,91,38,25,60.3,Matches
92,Carmona,es ESP,"DF,MF",Getafe,21,2002,14.6,8,0,0,33,23,3,29,21,21,0,0,0,71,18,20,47.4,Matches
93,Yannick Carrasco,be BEL,DF,Atlético Madrid,29,1993,2.5,0,0,0,2,2,1,8,1,4,0,0,0,15,0,1,0.0,Matches
94,Álvaro Carreras,es ESP,"MF,FW",Granada,20,2003,5.3,1,0,0,6,11,1,14,7,8,0,0,0,29,10,5,66.7,Matches
95,Dani Carvajal,es ESP,DF,Real Madrid,31,1992,24.1,5,1,1,23,19,2,49,22,32,0,0,0,120,21,19,52.5,Matches
96,William Carvalho,pt POR,MF,Betis,31,1992,7.6,2,0,0,13,5,0,4,8,12,0,0,0,47,8,3,72.7,Matches
97,Marc Casado,es ESP,MF,Barcelona,19,2003,0.2,0,0,0,0,2,0,0,1,1,0,0,0,2,0,0,,Matches
98,Catena,es ESP,DF,Osasuna,28,1994,28.2,8,1,0,47,15,1,0,15,18,0,1,0,129,59,30,66.3,Matches
99,Dani Ceballos,es ESP,"MF,FW",Real Madrid,26,1996,6.6,2,0,0,5,19,0,8,0,5,0,0,0,38,2,5,28.6,Matches
100,Álex Centelles,es ESP,DF,Almería,25,1997,10.9,2,0,0,10,13,1,44,18,6,0,1,0,42,15,11,57.7,Matches
101,Franco Cervi,ar ARG,"MF,DF",Celta Vigo,29,1994,6.1,2,0,0,6,19,2,18,9,18,0,0,0,54,6,8,42.9,Matches
102,Pep Chavarría,es ESP,"DF,MF",Rayo Vallecano,25,1998,13.0,6,1,1,8,22,3,70,6,18,0,0,0,68,13,10,56.5,Matches
103,Andreas Christensen,dk DEN,"DF,MF",Barcelona,27,1996,22.0,4,0,0,26,10,0,0,21,14,0,0,0,107,54,22,71.1,Matches
104,Chumi,es ESP,DF,Almería,24,1999,27.0,4,0,0,23,8,0,2,14,22,0,1,0,93,43,31,58.1,Matches
105,Víctor Chust,es ESP,DF,Cádiz,23,2000,20.7,3,2,0,15,4,0,2,11,18,0,0,0,83,26,25,51.0,Matches
106,Pathé Ciss,sn SEN,MF,Rayo Vallecano,29,1994,18.5,10,0,0,27,29,4,3,30,24,0,0,0,127,50,42,54.3,Matches
107,Silvi Clúa,es ESP,MF,Girona,18,2005,0.0,0,0,0,1,0,0,0,0,0,0,0,0,0,0,0,,Matches
108,Saúl Coco,gq EQG,DF,Las Palmas,24,1999,25.5,6,1,0,19,24,0,1,20,19,0,0,1,104,58,37,61.1,Matches
109,Santi Comesaña,es ESP,MF,Villarreal,26,1996,18.4,8,2,1,33,22,1,5,22,26,0,0,0,85,31,26,54.4,Matches
110,Copete,es ESP,DF,Mallorca,23,1999,14.8,7,0,0,36,13,0,10,32,27,0,2,0,75,20,16,55.6,Matches
111,Francis Coquelin,fr FRA,MF,Villarreal,32,1991,10.1,4,0,0,18,8,1,2,16,12,0,0,0,60,11,10,52.4,Matches
112,Theo Corbeanu,ca CAN,"MF,FW",Granada,21,2002,2.0,2,0,0,2,1,0,12,3,2,0,0,0,13,4,1,80.0,Matches
113,Jesús Corona,mx MEX,"MF,DF",Sevilla,30,1993,0.2,0,0,0,1,0,0,2,1,0,0,0,0,2,0,0,,Matches
114,Ángel Correa,ar ARG,"FW,MF",Atlético Madrid,28,1995,17.0,3,0,0,24,32,17,40,2,15,0,0,0,63,5,13,27.8,Matches
115,Thierry Correia,pt POR,DF,Valencia,24,1999,23.9,4,1,0,41,41,2,48,33,35,1,1,0,153,16,32,33.3,Matches
116,Jaume Costa,es ESP,DF,Mallorca,35,1988,18.7,7,0,0,25,22,2,63,16,22,0,0,0,78,13,16,44.8,Matches
117,Samu Costa,pt POR,MF,Mallorca,22,2000,25.6,8,0,0,62,49,6,24,39,50,0,1,0,164,61,31,66.3,Matches
118,Thibaut Courtois,be BEL,GK,Real Madrid,31,1992,3.7,0,0,0,0,1,0,0,0,0,0,0,0,6,1,0,100.0,Matches
119,Yan Couto,br BRA,"DF,FW",Girona,21,2002,24.9,8,0,0,35,42,7,111,10,34,2,1,0,153,4,13,23.5,Matches
120,Crespo,pt POR,MF,Rayo Vallecano,26,1996,5.9,4,0,0,19,22,0,3,10,9,0,0,0,31,9,5,64.3,Matches
121,Cristian,es ESP,GK,Valencia,25,1998,0.6,0,0,0,0,0,0,0,0,0,0,0,0,1,1,0,100.0,Matches
122,Juan Cruz Armada,es ESP,DF,Osasuna,31,1992,18.5,3,0,0,20,4,1,21,12,15,0,0,0,89,21,17,55.3,Matches
123,Juan Cruz,es ESP,FW,Betis,23,2000,0.8,0,0,0,2,2,0,0,0,0,0,0,0,4,1,0,100.0,Matches
124,Pau Cubarsí,es ESP,DF,Barcelona,16,2007,17.3,4,0,0,15,2,0,1,12,14,0,1,0,59,28,26,51.9,Matches
125,Iván Cuéllar,es ESP,GK,Mallorca,39,1984,1.0,0,0,0,0,0,0,0,0,0,0,0,0,1,0,0,,Matches
126,Jorge Cuenca,es ESP,DF,Villarreal,23,1999,21.8,7,0,0,25,12,0,13,21,29,0,0,0,82,60,38,61.2,Matches
127,Eric Curbelo,es ESP,"DF,MF",Las Palmas,29,1994,1.1,0,0,0,0,0,0,0,2,3,0,0,0,11,0,1,0.0,Matches
128,Alberto Dadie,es ESP,MF,Real Sociedad,21,2002,0.3,0,0,0,4,0,0,1,0,1,0,0,0,2,0,0,,Matches
129,Sergi Darder,es ESP,MF,Mallorca,29,1993,24.0,4,0,0,19,35,1,149,16,26,0,0,0,124,8,14,36.4,Matches
130,Rodrigo De Paul,ar ARG,MF,Atlético Madrid,29,1994,23.1,7,0,0,27,59,1,46,11,21,0,0,0,145,5,4,55.6,Matches
131,Mouctar Diakhaby,gn GUI,"DF,MF",Valencia,26,1996,11.9,6,0,0,9,2,0,0,11,11,0,0,0,67,25,13,65.8,Matches
132,Moussa Diakité,ml MLI,MF,Cádiz,19,2003,0.0,0,0,0,0,0,0,0,0,0,0,0,0,1,0,0,,Matches
133,Assane Diao,sn SEN,FW,Betis,17,2005,11.6,4,0,0,12,22,1,9,7,12,0,0,0,47,14,22,38.9,Matches
134,Brahim Díaz,ma MAR,"FW,MF",Real Madrid,23,1999,17.2,0,0,0,22,41,5,31,5,19,0,0,0,74,3,9,25.0,Matches
135,Víctor Díaz,es ESP,"DF,MF",Granada,35,1988,1.8,1,0,0,0,0,0,0,1,3,0,0,0,6,3,1,75.0,Matches
136,Famara Diedhiou,sn SEN,"FW,MF",Granada,30,1992,1.0,1,0,0,6,3,0,2,0,1,1,0,0,5,12,6,66.7,Matches
137,Stole Dimitrievski,mk MKD,GK,Rayo Vallecano,29,1993,37.0,2,0,0,0,3,0,0,0,1,0,0,0,37,6,1,85.7,Matches
138,Djené,tg TOG,"DF,MF",Getafe,31,1991,27.6,14,1,1,51,37,1,30,23,19,0,1,0,175,37,29,56.1,Matches
139,Marko Dmitrović,rs SRB,GK,Sevilla,31,1992,13.0,1,0,0,0,1,0,0,1,1,0,0,1,13,2,0,100.0,Matches
140,Jaume Doménech,es ESP,GK,Valencia,32,1990,0.9,0,0,0,0,1,0,0,0,0,0,0,0,1,0,1,0.0,Matches
141,Carlos Dominguez,es ESP,DF,Celta Vigo,22,2001,17.6,2,0,0,15,8,0,3,22,21,0,0,2,71,36,30,54.5,Matches
142,Mario Dominguez,es ESP,FW,Valencia,19,2004,0.3,0,0,0,0,0,0,1,0,0,0,0,0,0,0,1,0.0,Matches
143,Carlos Dotor,es ESP,MF,Celta Vigo,22,2001,7.9,2,0,0,14,10,0,9,4,7,0,0,0,49,5,8,38.5,Matches
144,Anastasios Douvikas,gr GRE,FW,Celta Vigo,23,1999,10.1,2,0,0,18,30,6,2,2,7,0,0,0,22,35,28,55.6,Matches
145,Artem Dovbyk,ua UKR,FW,Girona,26,1997,28.7,2,0,0,27,13,33,1,0,3,0,0,0,24,39,40,49.4,Matches
146,Domingos Duarte,pt POR,DF,Getafe,28,1995,10.1,5,2,1,8,8,0,1,8,4,0,0,0,45,14,10,58.3,Matches
147,Rubén Duarte,es ESP,DF,Alavés,27,1995,20.9,7,0,0,31,30,0,70,23,20,0,0,0,93,27,26,50.9,Matches
148,Hugo Duro,es ESP,FW,Valencia,23,1999,33.1,4,0,0,41,95,17,7,5,8,3,0,0,81,58,125,31.7,Matches
149,Aritz Elustondo,es ESP,DF,Real Sociedad,29,1994,9.0,2,0,0,9,10,0,1,7,7,0,0,0,38,29,13,69.0,Matches
150,Adri Embarba,es ESP,"FW,MF",Almería,31,1992,27.5,5,0,0,37,40,16,171,15,37,0,0,0,141,25,43,36.8,Matches
151,Youssef En-Nesyri,ma MAR,FW,Sevilla,26,1997,28.6,4,0,0,21,22,22,4,7,7,0,0,0,43,68,91,42.8,Matches
152,Gonzalo Escalante,ar ARG,MF,Cádiz,30,1993,18.9,2,1,0,31,14,2,5,26,24,0,0,0,91,31,30,50.8,Matches
153,Aarón Escandell,es ESP,GK,Las Palmas,27,1995,1.7,0,1,0,0,0,0,0,0,0,0,0,0,5,0,0,,Matches
154,Alfonso Espino,uy URU,DF,Rayo Vallecano,31,1992,27.9,9,0,0,45,41,0,50,40,45,0,1,1,171,13,26,33.3,Matches
155,Bernardo Espinosa,co COL,DF,Girona,34,1989,0.0,0,0,0,0,1,0,0,0,1,0,0,0,1,1,1,50.0,Matches
156,Karl Etta Eyong,cm CMR,FW,Cádiz,19,2003,0.2,0,0,0,1,0,1,0,0,1,0,0,0,0,0,1,0.0,Matches
157,Abde Ezzalzouli,ma MAR,"FW,MF",Barcelona,21,2001,0.8,0,0,0,1,3,0,7,0,1,0,0,0,2,1,2,33.3,Matches
158,Abde Ezzalzouli,ma MAR,FW,Betis,21,2001,9.6,1,0,0,9,16,4,33,5,14,0,0,0,44,23,23,50.0,Matches
159,Radamel Falcao,co COL,"FW,DF",Rayo Vallecano,37,1986,4.5,4,0,0,15,10,6,1,3,5,0,0,0,20,14,24,36.8,Matches
160,Fali,es ESP,DF,Cádiz,29,1993,28.3,12,0,0,23,19,0,10,27,26,0,0,0,127,39,39,50.0,Matches
161,Ansu Fati,es ESP,"MF,FW",Barcelona,20,2002,0.6,0,0,0,0,4,1,0,0,0,0,0,0,2,1,1,50.0,Matches
162,Nabil Fekir,fr FRA,"MF,FW",Betis,30,1993,11.7,1,0,0,22,35,8,56,7,10,0,0,0,42,10,11,47.6,Matches
163,Luiz Felipe,it ITA,DF,Betis,26,1997,4.0,1,0,0,2,1,0,0,4,3,0,0,0,23,2,6,25.0,Matches
164,João Félix,pt POR,FW,Barcelona,23,1999,17.1,3,0,0,21,54,9,17,10,16,0,0,0,68,8,8,50.0,Matches
165,Kiko Femenía,es ESP,DF,Villarreal,32,1991,17.6,8,1,1,25,3,0,28,31,25,0,1,0,106,10,11,47.6,Matches
166,Aitor Fernández,es ESP,GK,Osasuna,32,1991,6.1,2,0,0,0,0,0,0,0,0,0,0,0,11,0,1,0.0,Matches
167,Álex Fernández,es ESP,MF,Cádiz,30,1992,14.3,3,0,0,5,16,0,35,15,9,0,0,0,82,13,16,44.8,Matches
168,Carlos Fernández,es ESP,FW,Real Sociedad,27,1996,4.5,3,0,0,15,3,2,1,0,7,0,1,0,18,16,17,48.5,Matches
169,Raúl Fernández,es ESP,GK,Granada,35,1988,3.1,0,0,0,0,0,0,0,0,0,0,0,0,8,0,0,,Matches
170,Valery Fernández,es ESP,"MF,FW",Girona,23,1999,5.6,1,0,0,6,13,3,13,1,9,0,0,0,30,2,3,40.0,Matches
171,Fernando,es ESP,GK,Almería,33,1990,4.0,0,0,0,0,0,0,0,0,0,0,0,0,5,2,0,100.0,Matches
172,Fernando,br BRA,MF,Sevilla,36,1987,5.1,0,0,0,6,3,0,4,7,8,0,0,0,35,10,8,55.6,Matches
173,André Ferreira,pt POR,GK,Granada,27,1996,14.9,1,0,0,2,2,0,0,0,0,0,2,0,18,7,1,87.5,Matches
174,Rachad Fettal,ma MAR,FW,Almería,18,2005,0.2,0,0,0,1,0,0,0,0,1,0,0,0,1,1,0,100.0,Matches
175,Pablo Fornals,es ESP,"FW,MF",Betis,27,1996,12.8,2,0,0,13,14,4,51,22,16,0,0,0,72,11,9,55.0,Matches
176,Héctor Fort,es ESP,DF,Barcelona,16,2006,3.5,0,0,0,8,1,1,6,2,5,0,0,0,16,0,3,0.0,Matches
177,Dimitri Foulquier,fr FRA,"DF,MF",Valencia,30,1993,20.5,3,0,0,24,28,2,42,16,22,0,0,0,111,10,17,37.0,Matches
178,Juan Foyth,ar ARG,DF,Villarreal,25,1998,11.8,1,0,0,18,7,0,18,12,15,0,0,0,58,26,16,61.9,Matches
179,Jorge de Frutos,es ESP,"FW,MF",Rayo Vallecano,26,1997,17.2,1,0,0,15,25,4,53,7,8,0,0,0,81,14,18,43.8,Matches
180,Daniel Fuzato,br BRA,GK,Getafe,26,1997,0.1,0,0,0,0,0,0,0,0,0,0,0,0,1,0,0,,Matches
181,Matteo Gabbia,it ITA,DF,Villarreal,23,1999,5.3,2,0,0,9,3,0,0,8,6,0,0,0,20,17,5,77.3,Matches
182,Javi Galán,es ESP,DF,Atlético Madrid,28,1994,1.0,1,0,0,1,4,0,6,1,4,0,0,0,7,3,1,75.0,Matches
183,Javi Galán,es ESP,DF,Real Sociedad,28,1994,11.9,3,0,0,21,19,3,46,14,22,0,1,0,61,7,6,53.8,Matches
184,Iñigo Ruiz de Galarreta,es ESP,MF,Athletic Club,29,1993,23.2,7,0,0,54,41,0,57,12,31,0,0,1,152,22,23,48.9,Matches
185,Aleix García,es ESP,MF,Girona,26,1997,35.5,4,1,0,29,36,1,192,36,28,0,0,0,208,17,23,42.5,Matches
186,Álvaro García,es ESP,"FW,MF",Rayo Vallecano,30,1992,27.5,8,1,1,25,23,25,121,36,25,1,0,0,111,14,27,34.1,Matches
187,Dani García,es ESP,MF,Athletic Club,33,1990,8.3,4,0,0,11,7,0,0,8,11,0,0,0,40,7,8,46.7,Matches
188,David García,es ESP,DF,Osasuna,29,1994,25.9,5,0,0,33,13,1,2,18,18,0,1,0,129,93,35,72.7,Matches
189,Eric García,es ESP,DF,Barcelona,22,2001,0.6,1,0,0,1,0,0,0,0,0,0,0,0,3,1,0,100.0,Matches
190,Eric García,es ESP,DF,Girona,22,2001,29.3,4,0,0,24,26,3,10,30,37,1,0,0,128,49,37,57.0,Matches
191,Fran Garcia,es ESP,DF,Real Madrid,23,1999,15.5,2,0,0,10,15,10,60,19,17,0,0,0,104,7,15,31.8,Matches
192,Gonzalo García,es ESP,"FW,MF",Real Madrid,19,2004,0.2,0,0,0,0,1,0,0,0,0,0,0,0,1,0,0,,Matches
193,Jastin García,es ESP,FW,Girona,19,2004,0.4,0,0,0,0,2,0,1,0,0,0,0,0,1,0,0,,Matches
194,Raúl García,es ESP,"FW,MF",Athletic Club,37,1986,4.7,3,0,0,20,10,5,7,3,6,0,1,0,19,27,19,58.7,Matches
195,Rubén García,es ESP,"FW,MF",Osasuna,30,1993,17.2,1,0,0,24,27,6,101,12,18,0,0,0,86,30,36,45.5,Matches
196,Santiago García,es ESP,FW,Getafe,21,2001,0.3,0,0,0,1,1,0,0,0,0,0,0,0,5,0,0,,Matches
197,Unai García,es ESP,DF,Osasuna,31,1992,6.2,6,1,1,9,1,0,5,8,9,0,0,0,21,4,7,36.4,Matches
198,Yarek Gasiorowski,es ESP,DF,Valencia,18,2005,8.2,1,0,0,11,2,0,6,15,12,0,0,1,15,15,4,78.9,Matches
199,Federico Gattoni,ar ARG,"DF,FW",Sevilla,24,1999,0.1,0,0,0,2,0,0,0,0,0,0,0,0,1,2,1,66.7,Matches
200,Gavi,es ESP,"MF,FW",Barcelona,18,2004,10.5,5,0,0,31,23,4,8,8,21,0,0,0,44,13,26,33.3,Matches
201,Paulo Gazzaniga,ar ARG,GK,Girona,31,1992,38.0,2,0,0,0,8,0,0,0,2,0,0,0,46,8,0,100.0,Matches
202,David Gil,es ESP,GK,Cádiz,29,1994,4.1,1,0,0,0,2,0,0,0,0,0,0,0,2,4,0,100.0,Matches
203,Maxi Gómez,uy URU,FW,Cádiz,26,1996,12.9,2,0,0,20,32,13,20,3,4,0,0,0,15,71,69,50.7,Matches
204,Moi Gómez,es ESP,"MF,FW",Osasuna,29,1994,22.3,3,0,0,29,30,2,52,11,19,0,0,0,118,13,18,41.9,Matches
205,Unai Gómez,es ESP,MF,Athletic Club,20,2003,9.7,1,0,0,11,20,0,21,2,10,0,0,0,45,13,15,46.4,Matches
206,Édgar González,es ESP,"DF,MF",Almería,26,1997,28.0,7,1,1,29,7,3,2,38,21,0,1,0,93,70,59,54.3,Matches
207,Fabio González,es ESP,MF,Las Palmas,26,1997,1.4,1,0,0,1,1,0,2,0,2,0,0,0,13,1,2,33.3,Matches
208,Giovanni González,uy URU,DF,Mallorca,28,1994,27.4,6,0,0,38,20,3,62,31,45,0,1,0,154,37,36,50.7,Matches
209,Hugo González,es ESP,"MF,FW",Valencia,20,2003,1.0,0,0,0,3,2,2,9,0,1,0,0,0,8,0,4,0.0,Matches
210,Iñaki González,es ESP,MF,Las Palmas,19,2004,0.1,0,0,0,0,0,0,0,0,0,0,0,0,0,0,0,,Matches
211,Peter González,do DOM,"MF,FW",Valencia,21,2002,7.2,1,0,0,11,11,1,18,7,3,1,0,0,27,10,10,50.0,Matches
212,Urko González,es ESP,MF,Real Sociedad,22,2001,1.7,1,0,0,1,2,0,0,1,1,0,0,0,13,5,4,55.6,Matches
213,Andoni Gorosabel,es ESP,DF,Alavés,26,1996,31.7,6,0,0,29,41,0,81,28,42,1,1,0,164,25,57,30.5,Matches
214,Pablo Gozalbez,es ESP,"MF,FW",Valencia,22,2001,1.1,0,0,0,6,2,1,1,1,0,0,0,0,6,1,5,16.7,Matches
215,Mason Greenwood,eng ENG,"MF,FW",Getafe,21,2001,29.6,6,1,0,39,43,1,107,4,6,1,0,0,120,5,20,20.0,Matches
216,Dominik Greif,sk SVK,GK,Mallorca,26,1997,1.0,0,0,0,0,0,0,0,0,0,0,0,0,1,0,0,,Matches
217,Antoine Griezmann,fr FRA,"FW,MF",Atlético Madrid,32,1991,29.4,5,0,0,16,26,14,123,10,19,0,0,0,100,14,27,34.1,Matches
218,Vicente Guaita,es ESP,GK,Celta Vigo,36,1987,26.7,2,0,0,1,5,0,0,0,1,0,1,1,21,11,1,91.7,Matches
219,Andrés Guardado,mx MEX,MF,Betis,36,1986,5.0,2,0,0,10,3,0,11,6,12,0,0,0,37,4,7,36.4,Matches
220,Sergi Guardiola,es ESP,"FW,MF",Cádiz,32,1991,5.5,1,0,0,18,22,3,17,0,7,0,0,0,27,5,10,33.3,Matches
221,Nemanja Gudelj,rs SRB,"DF,MF",Sevilla,31,1991,19.4,7,0,0,30,11,0,3,27,24,0,0,0,85,41,21,66.1,Matches
222,Gonçalo Guedes,pt POR,"FW,MF",Villarreal,26,1996,10.6,0,0,0,5,16,3,27,2,4,0,0,0,29,2,10,16.7,Matches
223,Javier Guerra,es ESP,MF,Valencia,20,2003,27.8,3,1,0,40,30,2,24,18,24,0,0,0,177,25,32,43.9,Matches
224,Ander Guevara,es ESP,MF,Alavés,26,1997,32.6,7,0,0,48,30,0,8,13,32,1,0,0,218,45,41,52.3,Matches
225,Hugo Guillamón,es ESP,MF,Valencia,23,2000,14.6,7,0,0,36,25,0,6,12,15,0,1,0,80,15,15,50.0,Matches
226,Marc Guiu,es ESP,"FW,MF",Barcelona,17,2006,0.8,1,0,0,1,2,1,0,0,0,0,0,0,1,1,3,25.0,Matches
227,Arda Güler,tr TUR,"FW,MF",Real Madrid,18,2005,4.2,1,0,0,11,8,1,13,2,4,1,0,0,21,0,0,,Matches
228,Gerard Gumbau,es ESP,MF,Granada,28,1994,29.7,12,0,0,62,26,0,150,25,34,0,0,0,126,23,24,48.9,Matches
229,İlkay Gündoğan,de GER,MF,Barcelona,32,1990,33.3,5,0,0,15,42,6,157,21,22,1,0,0,189,7,18,28.0,Matches
230,Jon Guridi,es ESP,MF,Alavés,28,1995,29.8,2,0,0,21,30,2,21,22,24,0,0,0,131,45,47,48.9,Matches
231,Gorka Guruzeta,es ESP,FW,Athletic Club,26,1996,24.6,2,0,0,45,23,11,11,17,23,1,1,0,78,70,91,43.5,Matches
232,Miguel Gutiérrez,es ESP,DF,Girona,22,2001,33.7,4,0,0,27,26,6,97,22,18,0,2,0,203,22,18,55.0,Matches
233,Munir El Haddadi,ma MAR,FW,Las Palmas,27,1995,27.2,3,0,0,30,73,21,41,11,27,0,0,0,91,19,42,31.1,Matches
234,Ianis Hagi,ro ROU,"MF,FW",Alavés,24,1998,8.9,3,0,0,13,19,1,54,5,12,0,0,0,33,13,11,54.2,Matches
235,Luiz Henrique,br BRA,FW,Betis,22,2001,6.8,1,0,0,7,15,0,24,5,11,0,0,0,29,15,14,51.7,Matches
236,Mario Hermoso,es ESP,DF,Atlético Madrid,28,1995,28.4,9,0,0,32,23,1,38,30,25,1,0,0,168,46,32,59.0,Matches
237,Javi Hernández,es ESP,DF,Cádiz,25,1998,27.9,10,0,0,45,19,1,127,19,24,0,0,0,139,31,27,53.4,Matches
238,Aridane Hernández,es ESP,DF,Rayo Vallecano,34,1989,18.8,3,0,0,11,12,0,0,14,8,0,1,0,86,35,18,66.0,Matches
239,Luis Hernández,es ESP,DF,Cádiz,34,1989,8.0,4,0,0,8,0,0,2,8,3,0,0,0,24,9,2,81.8,Matches
240,Jorge Herrando,es ESP,DF,Osasuna,22,2001,18.3,4,0,0,26,10,0,0,15,19,0,0,0,49,26,25,51.0,Matches
241,Ander Herrera,es ESP,MF,Athletic Club,33,1989,11.4,4,0,0,21,11,0,13,15,32,0,0,0,76,14,24,36.8,Matches
242,Cristian Herrera,es ESP,"FW,MF",Las Palmas,32,1991,1.8,1,0,0,3,3,2,1,0,1,0,0,0,9,0,2,0.0,Matches
243,Sergio Herrera,es ESP,GK,Osasuna,30,1993,31.9,2,0,0,0,7,0,0,0,2,0,0,0,26,10,0,100.0,Matches
244,Yangel Herrera,ve VEN,MF,Girona,25,1998,23.4,9,0,0,65,62,2,29,24,37,1,0,0,125,61,44,58.1,Matches
245,Juan Herzog,es ESP,DF,Las Palmas,20,2003,3.2,1,0,0,1,1,0,0,2,5,0,0,0,13,4,3,57.1,Matches
246,Martin Hongla,cm CMR,"MF,DF",Granada,25,1998,6.2,0,0,0,7,1,0,2,6,3,0,0,0,37,3,12,20.0,Matches
247,Xabier Huarte Armendáriz,es ESP,MF,Osasuna,22,2001,0.1,0,0,0,0,0,0,0,0,0,0,0,0,0,0,0,,Matches
248,Pablo Ibáñez,es ESP,MF,Osasuna,24,1998,12.8,5,0,0,26,16,2,12,9,9,1,0,0,74,36,38,48.6,Matches
249,Iglesias,es ESP,"DF,FW",Getafe,25,1998,15.7,4,0,0,16,10,1,58,16,22,0,0,0,71,12,10,54.5,Matches
250,Borja Iglesias,es ESP,FW,Betis,30,1993,4.5,2,0,0,7,5,7,1,2,0,0,1,0,7,6,7,46.2,Matches
251,Imanol,es ESP,DF,Athletic Club,23,2000,5.8,2,0,0,5,2,0,21,7,5,0,0,0,37,10,4,71.4,Matches
252,Isco,es ESP,MF,Betis,31,1992,25.8,10,0,0,31,79,3,152,10,27,0,0,0,129,16,39,29.1,Matches
253,Diego Iturralde,es ESP,DF,Sevilla,20,2003,0.4,0,0,0,1,0,0,0,0,0,0,0,0,1,0,0,,Matches
254,Adnan Januzaj,be BEL,"FW,MF",Sevilla,28,1995,2.1,0,0,0,3,9,0,8,1,3,0,0,0,9,3,1,75.0,Matches
255,Mikel Jauregizar,es ESP,MF,Athletic Club,19,2003,1.7,0,0,0,4,1,0,6,0,0,0,0,0,9,1,8,11.1,Matches
256,Luis Javier Suárez,co COL,FW,Almería,25,1997,10.2,3,0,0,18,18,4,7,0,5,0,0,0,17,10,33,23.3,Matches
257,Salim El Jebari,ma MAR,MF,Atlético Madrid,19,2004,0.1,0,0,0,1,0,0,1,0,0,0,0,0,0,0,2,0.0,Matches
258,Frenkie de Jong,nl NED,MF,Barcelona,26,1997,18.2,7,0,0,19,22,1,25,14,26,0,0,0,117,23,17,57.5,Matches
259,Joan Jordán,es ESP,MF,Sevilla,29,1994,4.2,1,0,0,1,3,0,3,4,7,0,0,0,19,4,5,44.4,Matches
260,Jordi,es ESP,"MF,DF",Getafe,22,2001,6.4,1,0,0,19,6,1,22,8,11,0,1,0,36,11,21,34.4,Matches
261,Jeremy Jorge,es ESP,FW,Getafe,20,2003,0.0,0,0,0,0,0,1,0,0,0,0,0,0,0,0,0,,Matches
262,Willian José,br BRA,FW,Betis,31,1991,21.9,0,1,0,9,20,9,7,2,3,0,0,0,41,31,40,43.7,Matches
263,Joselu,es ESP,FW,Real Madrid,33,1990,18.7,1,0,0,10,14,18,6,6,3,0,0,0,36,41,34,54.7,Matches
264,Kamil Jóźwiak,pl POL,MF,Granada,25,1998,6.3,2,0,0,13,12,2,6,2,10,0,0,0,34,14,15,48.3,Matches
265,Juanmi,es ESP,FW,Cádiz,30,1993,9.7,3,0,0,24,11,13,2,6,4,0,0,0,39,8,25,24.2,Matches
266,Juanpe,es ESP,DF,Girona,32,1991,8.3,4,0,0,5,0,1,1,7,8,0,0,0,27,21,13,61.8,Matches
267,Vinicius Júnior,br BRA,FW,Real Madrid,23,2000,20.7,7,0,0,24,54,10,56,1,13,0,0,0,44,1,7,12.5,Matches
268,Filip Jørgensen,dk DEN,GK,Villarreal,21,2002,36.0,4,0,0,2,5,0,0,2,1,0,1,0,40,11,0,100.0,Matches
269,Sory Kaba,gn GUI,FW,Las Palmas,28,1995,8.0,2,0,0,16,15,9,0,0,0,0,0,0,17,31,36,46.3,Matches
270,Kaiky,br BRA,DF,Almería,19,2004,5.8,2,0,0,7,0,0,1,3,4,0,1,0,14,11,11,50.0,Matches
271,Jon Karrikaburu,es ESP,"MF,FW",Alavés,20,2002,0.2,0,0,0,1,0,1,0,0,0,0,0,0,2,0,0,,Matches
272,Ibrahima Kebe,ml MLI,MF,Girona,22,2000,0.1,1,0,0,1,2,0,0,1,1,0,0,0,5,3,2,60.0,Matches
273,Kiké,es ESP,"FW,MF",Alavés,33,1989,15.8,3,0,0,25,36,7,10,1,4,2,0,0,52,50,63,44.2,Matches
274,Koke,es ESP,MF,Atlético Madrid,31,1992,27.7,5,0,0,19,19,0,11,16,44,0,0,0,198,15,16,48.4,Matches
275,Ibrahima Koné,ml MLI,FW,Almería,24,1999,3.1,0,0,0,3,4,6,2,0,0,0,0,0,7,9,10,47.4,Matches
276,Rominigue Kouamé,ml MLI,MF,Cádiz,26,1996,9.1,2,0,0,11,9,1,1,13,9,0,0,0,60,19,13,59.4,Matches
277,Jules Koundé,fr FRA,DF,Barcelona,24,1998,32.2,4,0,0,22,16,2,34,25,23,0,0,0,157,71,44,61.7,Matches
278,Toni Kroos,de GER,MF,Real Madrid,33,1990,23.6,3,0,0,17,38,3,118,17,34,0,0,0,144,8,4,66.7,Matches
279,Takefusa Kubo,jp JPN,"FW,MF",Real Sociedad,22,2001,23.9,1,0,0,21,52,8,145,11,17,0,0,0,98,11,16,40.7,Matches
280,Luca de la Torre,us USA,MF,Celta Vigo,25,1998,21.7,4,1,1,40,19,4,17,12,21,0,0,0,107,14,37,27.5,Matches
281,Yoel Lago,es ESP,DF,Celta Vigo,19,2004,1.0,0,0,0,1,2,0,0,0,0,0,0,0,2,0,0,,Matches
282,Érik Lamela,ar ARG,"FW,MF",Sevilla,31,1992,5.1,3,0,0,18,6,3,12,1,14,0,0,0,24,3,5,37.5,Matches
283,Bruno Langa,mz MOZ,DF,Almería,25,1997,9.1,1,1,0,4,12,0,16,4,12,0,0,0,37,2,6,25.0,Matches
284,Cyle Larin,ca CAN,FW,Mallorca,28,1995,20.3,8,0,0,27,34,31,7,3,8,0,1,0,42,83,102,44.9,Matches
285,Juanmi Latasa,es ESP,FW,Getafe,22,2001,17.3,7,1,1,66,39,7,2,4,7,1,1,0,31,143,125,53.4,Matches
286,Toni Lato,es ESP,DF,Mallorca,25,1997,17.2,3,0,0,19,18,2,49,17,23,1,0,0,83,10,19,34.5,Matches
287,Lázaro,br BRA,"FW,MF",Almería,21,2002,3.2,0,0,0,3,7,2,12,1,1,0,0,0,13,4,11,26.7,Matches
288,Robin Le Normand,es ESP,DF,Real Sociedad,26,1996,27.4,13,0,0,33,23,1,1,28,22,0,1,1,111,110,60,64.7,Matches
289,Jeremías Ledesma,ar ARG,GK,Cádiz,30,1993,33.9,0,0,0,1,5,0,0,0,1,0,0,0,54,6,3,66.7,Matches
290,Florian Lejeune,fr FRA,DF,Rayo Vallecano,32,1991,37.0,5,0,0,26,13,3,7,23,25,0,0,1,173,80,49,62.0,Matches
291,Stefan Lekovic,rs SRB,DF,Villarreal,19,2004,0.3,0,0,0,0,0,0,0,0,0,0,0,0,0,0,0,,Matches
292,Iñigo Lekue,es ESP,DF,Athletic Club,30,1993,22.2,4,0,0,15,7,0,37,15,22,0,0,0,139,15,9,62.5,Matches
293,Thomas Lemar,fr FRA,MF,Atlético Madrid,27,1995,1.8,0,0,0,3,2,0,6,0,1,0,0,0,5,0,2,0.0,Matches
294,Álvaro Lemos,es ESP,DF,Las Palmas,30,1993,2.8,1,0,0,2,3,1,5,2,1,0,0,0,10,5,2,71.4,Matches
295,Ruben Lendinez,es ESP,DF,Valencia,20,2003,0.1,0,0,0,0,0,0,0,0,2,0,0,0,1,0,0,,Matches
296,Robert Lewandowski,pl POL,FW,Barcelona,34,1988,30.6,5,0,0,23,55,24,18,9,5,1,0,0,56,51,49,51.0,Matches
297,Samuel Lino,br BRA,"DF,MF",Atlético Madrid,23,1999,23.1,1,0,0,26,56,9,41,14,34,1,0,0,144,9,17,34.6,Matches
298,Javier Llabrés,es ESP,"MF,FW",Mallorca,20,2002,2.7,1,0,0,5,1,0,20,3,1,0,0,0,15,2,3,40.0,Matches
299,Marcos Llorente,es ESP,"MF,DF",Atlético Madrid,28,1995,28.5,5,0,0,31,27,19,70,14,23,0,0,0,115,16,32,33.3,Matches
300,Enzo Loiodice,fr FRA,MF,Las Palmas,22,2000,19.9,2,0,0,32,38,1,23,12,35,0,0,0,123,27,27,50.0,Matches
301,David López,es ESP,DF,Girona,33,1989,21.8,4,0,0,17,15,1,0,20,20,0,1,0,121,32,38,45.7,Matches
302,Diego López,es ESP,"MF,FW",Valencia,21,2002,29.5,2,0,0,26,31,8,65,20,25,1,0,0,121,40,56,41.7,Matches
303,Fermin López,es ESP,"MF,FW",Barcelona,20,2003,16.1,2,0,0,43,17,10,17,4,21,0,0,0,70,8,23,25.8,Matches
304,Javi López,es ESP,DF,Alavés,21,2002,26.5,3,0,0,25,29,1,105,10,12,0,1,0,123,28,22,56.0,Matches
305,Unai López,es ESP,MF,Rayo Vallecano,27,1995,23.4,8,0,0,60,22,3,73,16,24,0,0,0,160,16,19,45.7,Matches
306,Dion Lopy,sn SEN,MF,Almería,21,2002,21.3,5,0,0,30,40,0,7,15,37,0,0,0,149,31,12,72.1,Matches
307,Anthony Lozano,hn HON,"MF,FW",Getafe,30,1993,1.0,1,0,0,6,1,1,1,0,0,0,0,0,2,7,7,50.0,Matches
308,Anthony Lozano,hn HON,FW,Almería,30,1993,8.6,1,0,0,22,20,5,4,2,5,1,0,0,20,21,44,32.3,Matches
309,Lucas,br BRA,DF,Cádiz,22,2001,17.1,6,0,0,12,6,2,72,17,27,0,0,0,92,11,23,32.4,Matches
310,José Luis Gayà,es ESP,DF,Valencia,28,1995,19.9,2,0,0,24,12,1,82,11,36,0,0,0,112,11,9,55.0,Matches
311,José Luis Morales,es ESP,"FW,MF",Villarreal,36,1987,11.6,0,0,0,3,4,13,10,7,3,0,0,0,38,2,12,14.3,Matches
312,Dodi Lukebakio,be BEL,"FW,MF",Sevilla,25,1997,12.5,0,0,0,24,22,4,36,2,2,0,1,0,33,12,13,48.0,Matches
313,Andriy Lunin,ua UKR,GK,Real Madrid,24,1999,21.0,2,0,0,0,3,0,0,0,0,0,0,0,17,8,0,100.0,Matches
314,Darwin Machís,ve VEN,MF,Cádiz,30,1993,8.7,0,1,0,12,14,2,64,4,14,0,0,0,53,3,10,23.1,Matches
315,Pablo Maffeo,es ESP,DF,Mallorca,26,1997,16.2,3,1,0,22,20,4,67,10,22,0,0,0,81,33,25,56.9,Matches
316,Jon Magunazelaia,es ESP,"FW,MF",Real Sociedad,22,2001,1.3,0,0,0,2,3,0,3,0,3,0,0,0,7,1,4,20.0,Matches
317,Nemanja Maksimović,rs SRB,MF,Getafe,28,1995,36.3,4,0,0,20,13,1,5,46,43,0,1,0,140,70,61,53.4,Matches
318,Giorgi Mamardashvili,ge GEO,GK,Valencia,22,2000,36.5,3,1,0,3,4,0,0,2,3,0,1,0,34,9,1,90.0,Matches
319,Wilson Manafá,pt POR,"DF,MF",Granada,29,1994,2.7,1,0,0,3,0,0,8,1,4,0,0,0,20,2,2,50.0,Matches
320,Reinildo Mandava,mz MOZ,DF,Atlético Madrid,29,1994,8.1,2,0,0,14,8,0,6,15,22,0,0,0,53,12,10,54.5,Matches
321,Aïssa Mandi,dz ALG,DF,Villarreal,31,1991,12.4,3,0,0,7,5,0,0,8,8,0,1,0,49,12,11,52.2,Matches
322,Javier Manquillo,es ESP,"DF,MF",Celta Vigo,29,1994,8.3,3,0,0,14,4,0,5,3,11,0,0,0,30,13,10,56.5,Matches
323,Faitout Maouassa,fr FRA,"DF,MF",Granada,25,1998,2.5,0,0,0,3,3,0,20,1,5,0,0,0,11,3,1,75.0,Matches
324,Marcão,br BRA,DF,Sevilla,27,1996,3.9,2,0,0,5,6,0,0,4,6,0,0,0,18,5,3,62.5,Matches
325,Óscar de Marcos,es ESP,DF,Athletic Club,34,1989,25.1,5,0,0,22,12,5,121,15,39,0,0,0,124,13,16,44.8,Matches
326,Alberto Marí,es ESP,FW,Valencia,22,2001,3.1,0,0,0,10,6,2,2,0,2,1,0,0,10,8,20,28.6,Matches
327,José Mari,es ESP,"MF,FW",Cádiz,35,1987,0.2,1,0,0,1,1,0,0,0,1,0,0,0,3,0,0,,Matches
328,José María Giménez,uy URU,DF,Atlético Madrid,28,1995,14.7,5,0,0,17,2,0,1,10,10,0,0,0,49,31,18,63.3,Matches
329,Mariano,do DOM,"FW,MF",Sevilla,29,1993,2.7,1,0,0,8,1,3,1,0,1,1,0,0,8,9,9,50.0,Matches
330,Rafa Marín,es ESP,DF,Alavés,21,2002,27.1,6,0,0,28,16,0,1,33,20,0,0,1,117,56,43,56.6,Matches
331,Diego Mariño,es ESP,GK,Almería,33,1990,1.0,0,0,0,0,0,0,0,0,0,0,0,0,1,0,0,,Matches
332,Mika Mármol,es ESP,DF,Las Palmas,22,2001,35.3,6,1,1,23,34,3,5,44,42,0,3,1,187,31,34,47.7,Matches
333,Unai Marrero,es ESP,GK,Real Sociedad,21,2001,1.6,0,0,0,0,0,0,0,0,0,0,0,0,3,0,0,,Matches
334,Roger Martí,es ESP,FW,Cádiz,32,1991,15.1,3,0,0,34,28,9,9,7,6,0,0,0,58,17,34,33.3,Matches
335,Iván Martín,es ESP,MF,Girona,24,1999,30.3,5,0,0,27,34,4,10,21,25,0,1,0,146,8,24,25.0,Matches
336,Jon Martin,es ESP,DF,Real Sociedad,17,2006,0.3,0,0,0,0,0,0,0,0,0,0,0,0,0,1,0,100.0,Matches
337,Mario Martín,es ESP,MF,Real Madrid,19,2004,0.2,0,0,0,1,1,0,0,0,1,0,0,0,2,0,0,,Matches
338,Arnau Martinez,es ESP,DF,Girona,20,2003,13.8,5,0,0,14,22,1,7,10,16,0,0,0,65,10,13,43.5,Matches
339,Iñigo Martínez,es ESP,DF,Barcelona,32,1991,14.4,5,0,0,10,11,1,3,11,7,0,0,0,69,33,27,55.0,Matches
340,Marc Martínez,es ESP,GK,Granada,33,1990,3.0,0,0,0,0,0,0,0,0,0,0,0,0,8,0,0,,Matches
341,Marvin,es ESP,"FW,DF",Las Palmas,23,2000,20.6,5,0,0,39,26,4,91,14,25,0,1,0,101,15,40,27.3,Matches
342,Omar Mascarell,gq EQG,MF,Mallorca,30,1993,17.5,8,1,1,31,14,0,4,31,16,0,0,1,103,30,24,55.6,Matches
343,Jaime Mata,es ESP,"FW,MF",Getafe,34,1988,19.9,10,1,1,63,25,31,39,17,15,0,0,0,58,49,65,43.0,Matches
344,Luís Maximiano,pt POR,GK,Almería,24,1999,33.0,1,0,0,1,3,0,0,0,0,0,1,0,42,4,0,100.0,Matches
345,Borja Mayoral,es ESP,FW,Getafe,26,1997,23.9,2,0,0,31,32,14,22,4,5,1,0,0,69,48,71,40.3,Matches
346,Mamadou Mbaye,sn SEN,DF,Cádiz,25,1998,3.2,2,0,0,6,0,0,0,5,3,0,1,0,10,9,5,64.3,Matches
347,Hannibal Mejbri,tn TUN,MF,Sevilla,20,2003,1.2,2,0,0,4,4,0,2,0,3,0,0,0,6,0,1,0.0,Matches
348,Óscar Melendo,es ESP,"MF,FW",Granada,25,1997,12.5,2,0,0,12,37,1,9,5,6,0,1,0,56,6,16,27.3,Matches
349,Gonzalo Melero,es ESP,"MF,FW",Almería,29,1994,12.3,3,0,0,21,17,1,4,4,8,0,0,0,41,19,22,46.3,Matches
350,Memphis,nl NED,FW,Atlético Madrid,29,1994,9.9,2,0,0,14,16,8,12,1,2,0,0,0,26,4,12,25.0,Matches
351,Houboulang Mendes,gw GNB,DF,Almería,25,1998,4.4,0,0,0,6,10,1,4,1,13,0,0,0,23,7,5,58.3,Matches
352,Tomás Mendes,es ESP,MF,Alavés,18,2004,0.1,0,0,0,0,0,0,0,0,0,0,0,0,2,0,0,,Matches
353,Brais Méndez,es ESP,"MF,FW",Real Sociedad,26,1997,26.8,7,0,0,58,56,3,104,12,28,1,0,0,121,25,34,42.4,Matches
354,Bruno Méndez,uy URU,DF,Granada,23,1999,14.8,4,0,0,14,0,0,8,26,17,0,0,0,65,20,17,54.1,Matches
355,Diego Méndez,es ESP,MF,Rayo Vallecano,19,2003,0.1,0,0,0,1,0,0,0,1,1,0,0,0,1,1,0,100.0,Matches
356,Ferland Mendy,fr FRA,DF,Real Madrid,28,1995,19.1,5,0,0,17,15,0,5,13,10,0,0,0,97,6,5,54.5,Matches
357,Jorge Meré,es ESP,DF,Cádiz,26,1997,7.5,0,0,0,1,4,0,1,8,7,0,0,0,38,8,11,42.1,Matches
358,Mikel Merino,es ESP,MF,Real Sociedad,27,1996,27.6,10,0,0,70,61,6,19,16,43,0,1,0,197,164,107,60.5,Matches
359,Omenuke Mfulu,cd COD,"MF,FW",Las Palmas,29,1994,0.9,1,0,0,0,2,0,0,2,3,0,0,0,7,3,4,42.9,Matches
360,Miguel,es ESP,"FW,MF",Alavés,23,1999,0.7,0,0,0,2,3,0,0,0,0,0,0,0,3,1,2,33.3,Matches
361,Éder Militão,br BRA,DF,Real Madrid,25,1998,5.5,0,0,0,5,5,2,1,4,3,0,0,0,19,11,13,45.8,Matches
362,Luis Milla,es ESP,MF,Getafe,28,1994,23.5,6,0,0,43,29,1,102,32,33,0,0,0,174,28,25,52.8,Matches
363,Marko Milovanović,rs SRB,"FW,MF",Almería,19,2003,3.4,0,0,0,15,6,4,1,0,4,0,0,0,9,13,23,36.1,Matches
364,Óscar Mingueza,es ESP,"DF,MF",Celta Vigo,24,1999,33.3,4,0,0,21,44,1,148,17,38,0,1,0,164,16,18,47.1,Matches
365,Ignasi Miquel,es ESP,DF,Granada,30,1992,33.2,5,0,0,32,26,0,3,45,30,0,0,0,136,56,55,50.5,Matches
366,Rafa Mir,es ESP,"FW,MF",Sevilla,26,1997,4.3,1,0,0,9,5,3,2,1,2,0,0,0,12,12,19,38.7,Matches
367,Juan Miranda,es ESP,DF,Betis,23,2000,20.6,8,0,0,21,34,3,62,19,24,0,1,0,83,26,27,49.1,Matches
368,Stefan Mitrović,rs SRB,DF,Getafe,33,1990,7.8,3,0,0,13,2,0,0,6,3,0,1,0,27,11,20,35.5,Matches
369,Luka Modrić,hr CRO,MF,Real Madrid,37,1985,18.8,2,0,0,19,21,2,90,21,15,0,0,0,92,8,8,50.0,Matches
370,Johan Mojica,co COL,DF,Osasuna,30,1992,22.7,1,0,0,22,18,0,116,21,22,0,0,0,168,15,14,51.7,Matches
371,Alberto Moleiro,es ESP,"FW,MF",Las Palmas,19,2003,20.0,1,0,0,17,18,2,27,7,6,1,0,0,67,1,16,5.9,Matches
372,Nahuel Molina,ar ARG,DF,Atlético Madrid,25,1998,20.6,4,1,0,20,17,7,87,9,22,0,0,0,122,7,11,38.9,Matches
373,Jon Moncayola,es ESP,MF,Osasuna,25,1998,20.0,2,1,0,24,8,0,90,15,18,0,0,0,98,16,14,53.3,Matches
374,César Montes,mx MEX,DF,Almería,26,1997,19.9,5,0,0,22,11,2,3,11,13,0,0,0,64,59,24,71.1,Matches
375,Álvaro Morata,es ESP,FW,Atlético Madrid,30,1992,21.2,4,1,1,33,35,33,10,1,10,2,0,0,54,44,32,57.9,Matches
376,Alberto Moreno,es ESP,DF,Villarreal,31,1992,16.5,5,2,2,24,14,5,49,24,21,1,0,0,76,10,13,43.5,Matches
377,Gerard Moreno,es ESP,FW,Villarreal,31,1992,24.6,0,0,0,22,38,17,27,9,12,0,0,0,87,27,28,49.1,Matches
378,Jorge Moreno,es ESP,DF,Osasuna,22,2001,0.2,0,0,0,0,0,0,1,0,0,0,0,0,1,1,1,50.0,Matches
379,Ilaix Moriba,gn GUI,"MF,FW",Getafe,20,2003,6.7,5,1,1,19,23,1,2,4,11,0,0,0,22,10,14,41.7,Matches
380,Manu Morlanes,es ESP,MF,Mallorca,24,1999,17.9,2,0,0,15,24,0,17,20,29,0,0,0,125,17,13,56.7,Matches
381,Cristhian Mosquera,es ESP,DF,Valencia,19,2004,34.2,2,0,0,25,28,0,1,36,34,0,1,0,147,52,66,44.1,Matches
382,Yerson Mosquera,co COL,DF,Villarreal,22,2001,13.7,4,0,0,14,27,0,7,17,13,0,0,0,72,26,8,76.5,Matches
383,Abdul Mumin,gh GHA,DF,Rayo Vallecano,25,1998,18.8,5,1,0,15,16,0,2,22,10,0,0,0,79,39,31,55.7,Matches
384,Iker Muniain,es ESP,"MF,FW",Athletic Club,30,1992,6.6,1,0,0,5,11,0,31,0,1,0,0,0,27,1,10,9.1,Matches
385,Aihen Muñoz,es ESP,DF,Real Sociedad,25,1997,12.5,2,0,0,17,8,0,29,9,21,0,0,0,66,23,17,57.5,Matches
386,Iker Muñoz,es ESP,MF,Osasuna,20,2002,20.6,5,0,0,37,55,0,13,11,18,0,0,0,100,56,37,60.2,Matches
387,Javier Muñoz,es ESP,MF,Las Palmas,28,1995,29.3,6,0,0,36,16,2,47,20,23,0,1,0,114,6,19,24.0,Matches
388,Vedat Muriqi,xk KVX,FW,Mallorca,29,1994,25.9,5,0,0,40,43,31,11,6,6,0,0,0,75,142,127,52.8,Matches
389,Nacho,es ESP,DF,Real Madrid,33,1990,19.4,4,2,0,21,13,2,3,18,10,0,0,0,82,27,18,60.0,Matches
390,Matija Nastasić,rs SRB,DF,Mallorca,30,1993,25.1,8,0,0,33,7,2,5,29,17,0,0,0,91,44,27,62.0,Matches
391,Roberto Navarro,es ESP,"MF,FW",Cádiz,21,2002,21.0,0,1,0,15,27,4,96,19,29,0,0,0,125,12,19,38.7,Matches
392,Jesús Navas,es ESP,DF,Sevilla,37,1985,22.3,6,1,0,12,12,1,143,22,27,0,1,0,99,10,14,41.7,Matches
393,Álvaro Negredo,es ESP,"FW,MF",Cádiz,37,1985,0.6,0,0,0,0,2,3,2,1,0,0,0,0,2,3,1,75.0,Matches
394,Carlos Neva,es ESP,DF,Granada,27,1996,35.0,4,0,0,22,44,0,83,30,21,0,0,0,135,27,31,46.6,Matches
395,Tanguy Nianzou,fr FRA,DF,Sevilla,21,2002,3.5,3,0,0,6,4,0,0,3,8,0,0,0,18,4,5,44.4,Matches
396,Saúl Ñíguez,es ESP,MF,Atlético Madrid,28,1994,15.3,10,1,1,41,14,2,16,14,39,0,0,0,72,47,32,59.5,Matches
397,Peru Nolaskoain,es ESP,"DF,MF",Athletic Club,24,1998,0.1,0,0,0,0,0,0,0,0,1,0,0,0,1,2,0,100.0,Matches
398,Randy Nteka,ao ANG,"FW,MF",Rayo Vallecano,25,1997,6.4,3,0,0,19,14,6,3,2,4,1,0,0,23,27,24,52.9,Matches
399,Unai Núñez,es ESP,DF,Celta Vigo,26,1997,31.1,4,0,0,37,24,0,1,52,28,1,0,0,206,89,57,61.0,Matches
400,Ørjan Nyland,no NOR,GK,Sevilla,32,1990,24.0,1,0,0,0,2,0,0,0,0,0,0,0,28,10,0,100.0,Matches
401,Jan Oblak,si SVN,GK,Atlético Madrid,30,1993,38.0,1,0,0,0,2,0,0,0,0,0,0,0,29,8,0,100.0,Matches
402,Brian Ocampo,uy URU,"MF,FW",Cádiz,24,1999,2.8,2,0,0,9,9,0,19,3,3,0,0,0,23,4,3,57.1,Matches
403,Lucas Ocampos,ar ARG,"FW,MF",Sevilla,29,1994,31.9,8,0,0,32,71,8,120,21,47,0,0,0,161,63,56,52.9,Matches
404,Álvaro Odriozola,es ESP,DF,Real Sociedad,27,1995,4.4,0,0,0,7,4,1,10,8,7,0,1,0,13,1,8,11.1,Matches
405,Aingeru Olabarrieta,es ESP,FW,Athletic Club,17,2005,0.1,0,0,0,0,0,0,2,0,0,0,0,0,0,0,0,,Matches
406,Olasagasti,es ESP,MF,Real Sociedad,22,2000,4.0,3,0,0,7,7,1,1,3,13,0,0,0,36,6,10,37.5,Matches
407,Samu Omorodion,es ESP,FW,Alavés,19,2004,21.3,6,0,0,30,30,16,2,1,3,1,0,0,46,59,89,39.9,Matches
408,Samu Omorodion,es ESP,FW,Granada,19,2004,0.9,0,0,0,1,3,0,0,0,1,0,0,0,2,2,5,28.6,Matches
409,Aimar Oroz,es ESP,MF,Osasuna,21,2001,26.0,3,0,0,39,46,2,11,16,26,0,0,0,144,19,39,32.8,Matches
410,Eneko Ortiz,es ESP,DF,Alavés,20,2003,0.2,0,0,0,0,0,0,1,0,0,0,0,0,0,0,0,,Matches
411,Asier Osambela,es ESP,MF,Osasuna,19,2004,0.1,0,0,0,1,0,0,0,0,1,0,0,0,1,2,2,50.0,Matches
412,Milutin Osmajić,me MNE,MF,Cádiz,24,1999,0.1,0,0,0,0,0,0,0,0,0,0,0,0,0,1,0,100.0,Matches
413,Aiham Ousou,sy SYR,DF,Cádiz,23,2000,4.8,0,0,0,4,6,0,0,7,5,0,0,0,26,8,7,53.3,Matches
414,Jesús Owono,gq EQG,GK,Alavés,22,2001,4.0,1,0,0,0,0,0,0,0,0,0,0,0,11,2,0,100.0,Matches
415,Mikel Oyarzabal,es ESP,"FW,MF",Real Sociedad,26,1997,24.0,3,0,0,20,20,19,10,4,18,0,0,0,69,26,51,33.8,Matches
416,Cenk Özkacar,tr TUR,DF,Valencia,22,2000,17.8,3,0,0,13,8,1,6,18,15,0,1,1,70,31,31,50.0,Matches
417,Jon Pacheco,es ESP,DF,Real Sociedad,22,2001,17.0,8,0,0,29,1,1,1,10,15,0,0,0,49,57,33,63.3,Matches
418,Isaac Palazón Camacho,es ESP,"MF,FW",Rayo Vallecano,28,1994,31.0,8,0,0,32,76,10,131,16,25,0,0,0,156,40,69,36.7,Matches
419,Joaquín Panichelli,ar ARG,"FW,MF",Alavés,20,2002,2.5,0,0,0,8,4,1,0,1,3,0,0,0,10,17,5,77.3,Matches
420,Sokratis Papastathopoulos,gr GRE,DF,Betis,35,1988,12.6,6,0,0,13,6,0,0,6,14,0,0,1,51,25,18,58.1,Matches
421,Victor Parada,es ESP,"FW,MF",Alavés,21,2002,0.0,0,0,0,0,0,0,0,0,1,0,0,0,0,0,0,,Matches
422,Aitor Paredes,es ESP,DF,Athletic Club,23,2000,30.0,9,1,1,37,11,0,1,33,11,0,0,0,137,60,37,61.9,Matches
423,Daniel Parejo,es ESP,MF,Villarreal,34,1989,28.7,4,0,0,18,51,0,57,21,30,0,0,0,173,24,10,70.6,Matches
424,Pascu,es ESP,FW,Villarreal,20,2003,0.2,0,0,0,0,0,0,0,0,0,0,0,0,1,0,1,0.0,Matches
425,Gabriel Paulista,br BRA,DF,Atlético Madrid,32,1990,4.5,1,0,0,4,0,0,0,4,5,0,0,0,19,13,6,68.4,Matches
426,Gabriel Paulista,br BRA,DF,Valencia,32,1990,15.5,6,1,1,11,4,0,0,24,7,0,0,0,70,29,19,60.4,Matches
427,Nicolás Paz,ar ARG,"MF,FW",Real Madrid,18,2004,0.3,0,0,0,1,0,0,1,1,0,0,0,0,2,1,0,100.0,Matches
428,Alfonso Pedraza,es ESP,DF,Villarreal,27,1996,12.4,4,1,0,14,17,4,58,13,9,0,0,0,54,6,8,42.9,Matches
429,Pedri,es ESP,"MF,FW",Barcelona,20,2002,16.4,3,0,0,11,22,1,9,14,24,0,0,0,82,3,5,37.5,Matches
430,Adrià Pedrosa,es ESP,DF,Sevilla,25,1998,19.5,1,0,0,6,32,2,111,15,26,0,0,0,102,10,21,32.3,Matches
431,Pejiño,es ESP,FW,Las Palmas,27,1996,5.6,1,0,0,6,4,0,31,2,8,0,0,0,21,4,2,66.7,Matches
432,Facundo Pellistri,uy URU,"MF,FW",Granada,21,2001,13.7,2,1,1,22,21,5,30,4,19,1,0,0,57,9,22,29.0,Matches
433,Iñaki Peña,es ESP,GK,Barcelona,24,1999,10.0,0,0,0,0,1,0,0,0,0,0,0,0,12,4,0,100.0,Matches
434,Marcos Peña,es ESP,MF,Almería,18,2005,4.9,3,0,0,8,4,0,0,13,14,0,0,0,26,3,4,42.9,Matches
435,Rubén Peña,es ESP,"DF,FW",Osasuna,32,1991,23.2,3,0,0,28,24,6,111,30,25,0,0,0,134,14,42,25.0,Matches
436,Alberto Perea,es ESP,"MF,FW",Granada,32,1990,0.0,0,0,0,0,2,0,1,0,0,0,0,0,1,0,0,,Matches
437,Ayoze Pérez,es ESP,FW,Betis,30,1993,25.5,4,0,0,36,48,11,19,22,32,0,0,0,121,20,34,37.0,Matches
438,Carles Pérez,es ESP,"MF,DF",Celta Vigo,25,1998,8.6,3,0,0,15,12,1,17,5,5,0,0,0,45,4,13,23.5,Matches
439,Francisco Perez,es ESP,"MF,FW",Valencia,20,2002,22.8,4,0,0,31,23,8,50,14,17,0,0,0,109,6,19,24.0,Matches
440,Kike Pérez,es ESP,"MF,FW",Rayo Vallecano,26,1997,9.3,7,0,0,42,34,0,18,8,11,0,0,0,57,11,26,29.7,Matches
441,Máximo Perrone,ar ARG,MF,Las Palmas,20,2003,18.0,6,0,0,27,16,0,0,24,21,0,0,0,113,6,28,17.6,Matches
442,Njegoš Petrović,rs SRB,"MF,FW",Granada,24,1999,1.7,0,0,0,0,1,0,1,1,2,0,0,0,11,2,1,66.7,Matches
443,Germán Pezzella,ar ARG,DF,Betis,32,1991,30.7,7,0,0,22,13,6,2,31,24,0,0,0,148,84,39,68.3,Matches
444,Kamil Piątkowski,pl POL,DF,Granada,23,2000,5.6,1,1,0,3,3,0,2,8,10,0,0,0,23,11,10,52.4,Matches
445,Yeremi Pino,es ESP,"MF,FW",Villarreal,20,2002,5.3,4,0,0,22,9,3,7,5,18,0,0,0,29,8,10,44.4,Matches
446,Portu,es ESP,FW,Getafe,31,1992,1.1,1,0,0,0,0,1,2,0,3,0,0,0,4,1,3,25.0,Matches
447,Portu,es ESP,"MF,FW",Girona,31,1992,13.2,3,0,0,18,16,9,19,4,13,1,0,0,37,7,19,26.9,Matches
448,José Pozo,es ESP,MF,Rayo Vallecano,27,1996,0.2,0,0,0,1,1,0,0,0,1,0,0,0,0,0,1,0.0,Matches
449,Alejandro Pozo Pozo,es ESP,"DF,MF",Almería,24,1999,10.8,3,0,0,16,6,0,41,7,12,0,0,0,50,5,9,35.7,Matches
450,Beñat Prados,es ESP,"MF,DF",Athletic Club,22,2001,16.1,1,0,0,29,23,0,10,23,28,0,1,0,102,28,30,48.3,Matches
451,Abdón Prats,es ESP,"FW,MF",Mallorca,30,1992,14.1,4,0,0,18,18,5,8,2,4,0,0,0,30,39,60,39.4,Matches
452,Marc Pubill,es ESP,DF,Almería,20,2003,20.9,2,0,0,21,34,0,68,15,23,0,0,0,93,25,20,55.6,Matches
453,Antonio Puertas,es ESP,"MF,FW",Granada,31,1992,8.1,3,1,0,21,12,6,20,6,8,1,0,0,30,13,23,36.1,Matches
454,Arnau Puigmal,es ESP,"FW,DF",Almería,22,2001,2.8,3,0,0,7,4,0,14,3,1,0,1,0,16,1,3,25.0,Matches
455,Nemanja Radonjić,rs SRB,"MF,DF",Mallorca,27,1996,3.9,0,0,0,1,5,0,20,3,2,0,0,0,13,3,1,75.0,Matches
456,Aleksandar Radovanović,rs SRB,DF,Almería,29,1993,6.3,2,0,0,7,2,0,0,11,7,0,0,0,13,14,9,60.9,Matches
457,Abdellah Raihani,ma MAR,FW,Atlético Madrid,19,2004,0.1,0,0,0,0,1,0,0,0,0,0,0,0,0,0,0,,Matches
458,Antonio Raillo,es ESP,DF,Mallorca,31,1991,24.4,6,1,1,32,8,3,2,37,23,0,0,0,107,123,59,67.6,Matches
459,Predrag Rajković,rs SRB,GK,Mallorca,27,1995,36.0,2,0,0,1,4,0,0,0,1,0,0,0,42,5,2,71.4,Matches
460,Ivan Rakitić,hr CRO,MF,Sevilla,35,1988,15.8,6,0,0,16,19,1,131,14,16,0,0,0,117,12,13,48.0,Matches
461,Largie Ramazani,be BEL,"FW,MF",Almería,22,2001,17.3,11,2,2,27,24,9,32,34,7,1,0,0,81,5,25,16.7,Matches
462,Benito Ramírez,es ESP,"FW,MF",Las Palmas,28,1995,4.3,0,0,0,4,4,2,33,3,3,0,0,0,22,2,11,15.4,Matches
463,Sandro Ramírez,es ESP,FW,Las Palmas,28,1995,20.1,3,0,0,20,36,16,89,4,8,1,0,0,60,7,11,38.9,Matches
464,Chris Ramos,es ESP,"FW,MF",Cádiz,26,1997,29.0,5,0,0,61,46,12,12,9,15,2,0,0,60,172,164,51.2,Matches
465,Sergio Ramos,es ESP,DF,Sevilla,37,1986,28.0,7,1,0,27,22,9,2,41,30,0,1,1,143,80,41,66.1,Matches
466,Raphinha,br BRA,"FW,MF",Barcelona,26,1996,15.2,4,1,0,17,25,7,82,13,8,1,0,0,74,9,5,64.3,Matches
467,Andrei Ratiu,ro ROU,"DF,MF",Rayo Vallecano,25,1998,7.0,1,0,0,2,4,0,18,0,4,0,0,0,39,6,7,46.2,Matches
468,Raúl,es ESP,FW,Osasuna,22,2000,15.1,4,0,0,13,12,9,6,5,4,0,0,0,28,50,69,42.0,Matches
469,Abde Rebbach,dz ALG,"FW,MF",Alavés,24,1998,8.0,1,0,0,13,10,3,63,3,5,0,0,0,31,7,13,35.0,Matches
470,Pepe Reina,es ESP,GK,Villarreal,40,1982,2.0,2,1,0,0,0,0,0,0,0,0,0,0,0,1,0,100.0,Matches
471,Álex Remiro,es ESP,GK,Real Sociedad,28,1995,36.4,3,1,0,1,4,0,0,0,0,0,0,0,60,6,0,100.0,Matches
472,Chadi Riad,ma MAR,DF,Betis,20,2003,24.0,1,0,0,15,7,1,0,23,24,0,1,0,110,44,38,53.7,Matches
473,Diego Rico,es ESP,DF,Getafe,30,1993,28.2,10,0,0,32,55,2,130,41,48,0,0,0,164,29,20,59.2,Matches
474,Luis Rioja,es ESP,"FW,MF",Alavés,29,1993,27.8,4,0,0,22,18,10,174,16,19,1,0,0,128,10,23,30.3,Matches
475,Rodrigo Riquelme,es ESP,"DF,MF",Atlético Madrid,23,2000,17.0,1,0,0,11,29,9,65,9,19,0,1,0,98,5,16,23.8,Matches
476,Alberto Risco,es ESP,MF,Getafe,17,2005,1.5,0,0,0,1,1,0,1,0,2,0,0,0,3,0,1,0.0,Matches
477,Mihailo Ristić,rs SRB,"DF,MF",Celta Vigo,27,1995,9.0,2,0,0,12,14,0,39,10,9,0,0,0,67,9,7,56.3,Matches
478,Gorka Rivera Alonso,es ESP,DF,Getafe,18,2004,0.0,0,0,0,0,0,0,0,0,0,0,0,0,0,0,0,,Matches
479,Sergi Roberto,es ESP,"MF,DF",Barcelona,31,1992,9.6,4,0,0,8,7,1,9,8,10,0,0,0,44,12,11,52.2,Matches
480,Lucas Robertone,ar ARG,MF,Almería,26,1997,26.5,11,0,0,38,54,2,67,51,33,0,0,0,163,38,29,56.7,Matches
481,Marc Roca,es ESP,MF,Betis,26,1996,22.0,5,0,0,48,23,1,25,17,36,0,0,0,147,9,22,29.0,Matches
482,Sergio Rodelas,es ESP,"FW,DF",Granada,18,2004,1.4,0,0,0,2,1,0,4,0,2,0,0,0,7,0,2,0.0,Matches
483,Rodri,es ESP,"FW,MF",Betis,23,2000,11.7,0,0,0,6,29,4,36,8,10,0,0,0,58,0,9,0.0,Matches
484,Álvaro Rodríguez,uy URU,FW,Real Madrid,19,2004,0.0,0,0,0,0,0,0,0,0,0,0,0,0,1,0,0,,Matches
485,Óscar Rodríguez Arnaiz,es ESP,"MF,FW",Getafe,25,1998,10.7,9,0,0,20,15,1,17,5,13,0,0,0,48,10,27,27.0,Matches
486,Damián Rodríguez,es ESP,MF,Celta Vigo,20,2003,2.9,1,0,0,4,1,0,9,1,3,0,0,0,8,0,2,0.0,Matches
487,Dani Rodríguez,es ESP,MF,Mallorca,35,1988,29.1,9,0,0,61,43,6,169,15,24,0,0,0,151,23,50,31.5,Matches
488,Guido Rodríguez,ar ARG,MF,Betis,29,1994,20.5,6,0,0,23,35,4,6,29,30,0,1,0,155,20,14,58.8,Matches
489,Kirian Rodríguez,es ESP,MF,Las Palmas,27,1996,35.7,8,0,0,23,37,1,26,28,32,0,2,0,231,22,46,32.4,Matches
490,Miguel Rodríguez,es ESP,MF,Celta Vigo,20,2003,3.3,2,0,0,15,11,0,11,4,3,0,0,0,9,1,8,11.1,Matches
491,Rodrygo,br BRA,FW,Real Madrid,22,2001,26.4,2,0,0,10,46,13,32,8,15,1,0,0,61,5,21,19.2,Matches
492,Carlos Romero,es ESP,DF,Villarreal,21,2001,2.9,1,0,0,2,6,0,11,1,5,0,0,0,27,1,2,33.3,Matches
493,Isaac Romero,es ESP,FW,Sevilla,23,2000,11.5,2,0,0,28,17,6,12,0,3,0,0,0,36,16,19,45.7,Matches
494,Luka Romero,ar ARG,FW,Almería,18,2004,4.9,2,0,0,8,11,0,2,1,1,0,0,0,22,2,6,25.0,Matches
495,Oriol Romeu,es ESP,MF,Barcelona,31,1991,10.4,4,0,0,15,11,0,6,10,20,0,0,0,62,14,19,42.4,Matches
496,Unai Ropero,es ESP,MF,Alavés,21,2001,0.1,0,0,0,1,0,0,0,0,0,0,0,0,0,0,0,,Matches
497,Vitor Roque,br BRA,FW,Barcelona,18,2005,3.6,4,1,1,13,11,2,2,0,2,0,0,0,8,3,6,33.3,Matches
498,Antonio Rüdiger,de GER,DF,Real Madrid,30,1993,30.1,7,0,0,26,5,1,4,11,15,0,0,0,124,49,23,68.1,Matches
499,Javier Rueda Garcia,es ESP,"MF,DF",Celta Vigo,21,2002,0.2,0,0,0,0,1,0,0,0,0,0,0,0,2,0,0,,Matches
500,Aitor Ruibal,es ESP,"DF,FW",Betis,27,1996,11.3,5,0,0,16,13,1,28,14,27,0,1,0,78,4,9,30.8,Matches
501,Sergio Ruiz,es ESP,MF,Granada,28,1994,27.7,9,0,0,42,66,0,17,28,46,0,1,0,177,32,30,51.6,Matches
502,Youssouf Sabaly,sn SEN,DF,Betis,30,1993,11.6,2,0,0,9,6,0,27,11,11,0,0,0,63,10,13,43.5,Matches
503,Umar Sadiq,ng NGA,FW,Real Sociedad,26,1997,12.0,4,0,0,45,19,27,12,0,10,0,0,0,34,29,51,36.3,Matches
504,Pablo Saenz,es ESP,MF,Granada,22,2001,0.2,0,0,0,0,1,0,1,0,3,0,0,0,3,0,0,,Matches
505,Kike Salas,es ESP,DF,Sevilla,21,2002,17.8,10,0,0,32,10,1,7,26,23,0,0,0,81,66,40,62.3,Matches
506,Salvi,es ESP,MF,Rayo Vallecano,32,1991,0.3,0,0,0,0,1,0,0,1,0,0,0,0,1,0,0,,Matches
507,Diadie Samassékou,ml MLI,MF,Cádiz,27,1996,1.0,0,0,0,2,0,0,0,3,3,0,0,0,6,3,2,60.0,Matches
508,Fede San Emeterio,es ESP,MF,Cádiz,26,1997,1.7,1,1,0,8,3,0,1,2,2,0,0,0,5,3,4,42.9,Matches
509,Oihan Sancet,es ESP,MF,Athletic Club,23,2000,21.9,5,2,1,30,35,3,30,10,11,0,0,0,107,24,18,57.1,Matches
510,Ricard Sánchez,es ESP,DF,Granada,23,2000,25.5,8,0,0,27,21,5,82,13,18,0,1,0,97,19,18,51.4,Matches
511,Antonio Sánchez,es ESP,MF,Mallorca,26,1997,16.1,3,0,0,26,13,1,36,13,11,0,0,0,115,7,19,26.9,Matches
512,Juanlu Sánchez,es ESP,DF,Sevilla,19,2003,13.1,2,0,0,11,23,1,61,12,35,0,2,0,67,14,15,48.3,Matches
513,Manu Sánchez,es ESP,"DF,MF",Celta Vigo,22,2000,19.7,3,0,0,21,5,0,57,19,28,0,0,0,95,9,21,30.0,Matches
514,Yellu Santiago,es ESP,MF,Getafe,19,2004,7.3,4,0,0,17,11,0,4,0,8,0,0,0,29,6,7,46.2,Matches
515,Paco Sanz,es ESP,DF,Almería,18,2004,0.3,0,0,0,0,0,0,0,0,0,0,0,0,0,1,0,100.0,Matches
516,Stefan Savić,me MNE,DF,Atlético Madrid,32,1991,18.1,7,1,1,16,6,1,3,27,19,0,0,0,77,46,32,59.0,Matches
517,Sávio,br BRA,"FW,MF",Girona,19,2004,33.1,5,0,0,30,66,16,120,18,25,2,0,0,171,4,13,23.5,Matches
518,Aleksandar Sedlar,rs SRB,DF,Alavés,31,1991,10.5,2,0,0,14,4,1,0,13,10,0,1,0,49,17,18,48.6,Matches
519,André Silva,pt POR,FW,Real Sociedad,27,1995,8.1,1,0,0,14,8,4,0,1,2,0,0,0,22,12,18,40.0,Matches
520,Rui Silva,pt POR,GK,Betis,29,1994,27.5,4,0,0,2,7,0,0,1,0,0,2,1,41,10,3,76.9,Matches
521,Giuliano Simeone,ar ARG,FW,Alavés,20,2002,7.0,1,0,0,11,6,2,14,5,5,1,0,0,37,2,10,16.7,Matches
522,Unai Simón,es ESP,GK,Athletic Club,26,1997,35.4,2,0,0,0,8,0,0,1,1,0,0,1,58,10,1,90.9,Matches
523,Daley Sinkgraven,nl NED,DF,Las Palmas,28,1995,4.2,0,1,0,4,5,0,5,6,5,0,1,0,17,5,1,83.3,Matches
524,Jailson Siqueira,br BRA,"DF,MF",Celta Vigo,27,1995,10.0,1,0,0,13,13,0,4,12,18,0,0,0,61,17,25,40.5,Matches
525,Antonio Sivera,es ESP,GK,Alavés,26,1996,34.0,3,0,0,0,2,0,0,0,0,0,0,0,23,7,1,87.5,Matches
526,Rubén Sobrino,es ESP,"MF,FW",Cádiz,31,1992,18.3,8,1,0,46,31,7,22,16,28,0,0,0,112,22,22,50.0,Matches
527,Alex Sola,es ESP,"FW,MF",Alavés,24,1999,14.0,2,0,0,11,28,10,84,11,15,0,1,0,79,16,18,47.1,Matches
528,Alex Sola,es ESP,"DF,MF",Real Sociedad,24,1999,0.3,0,0,0,2,2,0,0,1,0,0,0,0,2,2,0,100.0,Matches
529,Jhon Solis,co COL,MF,Girona,18,2004,4.3,0,0,0,10,5,0,0,8,8,0,0,0,22,6,12,33.3,Matches
530,David Soria,es ESP,GK,Getafe,30,1993,37.9,3,0,0,1,2,0,0,0,0,0,1,0,52,3,0,100.0,Matches
531,Alberto Soro,es ESP,MF,Granada,24,1999,0.1,0,0,0,0,1,0,0,0,0,0,0,0,0,0,1,0.0,Matches
532,Hugo Sotelo,es ESP,MF,Celta Vigo,19,2003,8.0,1,0,0,16,3,0,29,2,17,0,0,0,52,2,7,22.2,Matches
533,Boubakary Soumaré,fr FRA,MF,Sevilla,24,1999,25.4,10,0,0,33,29,0,3,26,28,0,0,0,148,20,11,64.5,Matches
534,Djibril Sow,ch SUI,MF,Sevilla,26,1997,16.2,6,0,0,27,19,2,5,17,21,0,0,0,73,14,18,43.8,Matches
535,Çağlar Söyüncü,tr TUR,DF,Atlético Madrid,27,1996,1.3,0,1,0,3,1,1,0,1,1,0,1,0,9,1,0,100.0,Matches
536,Carl Starfelt,se SWE,DF,Celta Vigo,28,1995,24.6,4,0,0,15,10,0,1,34,30,0,1,0,129,72,35,67.3,Matches
537,Jørgen Strand Larsen,no NOR,FW,Celta Vigo,23,2000,31.8,5,0,0,65,48,21,18,5,11,1,0,0,88,73,82,47.1,Matches
538,Cristhian Stuani,uy URU,FW,Girona,36,1986,8.9,6,0,0,28,7,4,1,5,11,0,0,0,13,25,23,52.1,Matches
539,Álex Suárez,es ESP,DF,Las Palmas,30,1993,28.5,7,0,0,27,28,3,15,18,36,0,1,1,98,47,47,50.0,Matches
540,Damián Suárez,uy URU,DF,Getafe,35,1988,14.4,7,1,0,24,12,0,49,10,21,0,1,0,77,9,9,50.0,Matches
541,Denis Suárez,es ESP,"MF,FW",Villarreal,29,1994,1.5,0,0,0,4,2,1,4,0,0,0,0,0,8,0,1,0.0,Matches
542,Suso,es ESP,"MF,FW",Sevilla,29,1993,16.9,5,1,0,22,35,3,132,5,17,0,0,0,88,8,9,47.1,Matches
543,Max Svensson,es ESP,FW,Osasuna,21,2001,0.0,0,0,0,1,0,0,0,0,0,0,0,0,0,0,0,,Matches
544,Williot Swedberg,se SWE,"FW,MF",Celta Vigo,19,2004,4.9,1,0,0,6,11,2,5,0,4,1,0,0,18,5,5,50.0,Matches
545,Mamadou Sylla,sn SEN,"FW,MF",Alavés,29,1994,0.2,0,0,0,1,2,0,0,0,0,0,0,0,1,3,3,50.0,Matches
546,Alexander Sørloth,no NOR,FW,Villarreal,27,1995,27.7,3,0,0,34,19,23,7,0,3,1,0,0,57,80,45,64.0,Matches
547,Yassin Tallal,es ESP,FW,Getafe,18,2005,0.0,0,0,0,1,0,0,0,0,0,0,0,0,0,1,1,50.0,Matches
548,Renato Tapia,pe PER,"MF,DF",Celta Vigo,28,1995,14.9,5,1,1,24,27,1,9,21,29,0,0,0,112,43,33,56.6,Matches
549,César Tárrega,es ESP,DF,Valencia,21,2002,0.1,0,0,0,0,0,0,0,0,0,0,0,0,0,0,0,,Matches
550,Marciano Tchami,gw GNB,"FW,MF",Almería,19,2004,0.5,0,0,0,0,0,0,1,0,0,0,0,0,2,4,4,50.0,Matches
551,Aurélien Tchouaméni,fr FRA,"MF,DF",Real Madrid,23,2000,22.1,7,0,0,20,22,0,22,28,23,0,0,0,99,51,24,68.0,Matches
552,Nahuel Tenaglia,ar ARG,DF,Alavés,27,1996,12.7,5,0,0,13,14,2,17,12,19,0,0,0,47,25,18,58.1,Matches
553,Marc-André ter Stegen,de GER,GK,Barcelona,31,1992,28.0,3,0,0,0,1,0,0,0,0,0,0,0,55,4,0,100.0,Matches
554,Ramón Terrats,es ESP,"MF,DF",Villarreal,22,2000,8.7,4,0,0,15,16,1,28,3,13,0,1,0,45,5,5,50.0,Matches
555,Kieran Tierney,sct SCO,DF,Real Sociedad,26,1997,13.8,1,0,0,6,8,0,26,10,24,0,0,0,52,16,20,44.4,Matches
556,Raúl de Tomás,es ESP,FW,Rayo Vallecano,28,1994,14.1,5,0,0,24,26,12,9,1,5,0,0,0,35,24,41,36.9,Matches
557,Pablo Torre,es ESP,"MF,FW",Girona,20,2003,7.8,1,0,0,8,21,0,7,4,2,0,0,0,42,0,7,0.0,Matches
558,Raúl Torrente,es ESP,DF,Granada,21,2001,13.9,4,0,0,18,8,1,2,11,16,0,1,1,56,22,15,59.5,Matches
559,Ferrán Torres,es ESP,FW,Barcelona,23,2000,13.5,2,0,0,8,16,16,21,5,6,1,0,0,40,4,11,26.7,Matches
560,Óliver Torres,es ESP,MF,Sevilla,28,1994,18.0,3,0,0,26,23,6,44,6,22,0,0,0,127,11,28,28.2,Matches
561,Lucas Torró,es ESP,MF,Osasuna,29,1994,19.9,5,0,0,43,16,0,3,33,15,0,0,0,115,71,41,63.4,Matches
562,Bertrand Traoré,bf BFA,MF,Villarreal,27,1995,6.3,4,0,0,7,21,2,9,1,4,1,0,0,22,4,3,57.1,Matches
563,Hamari Traoré,ml MLI,DF,Real Sociedad,31,1992,25.5,7,0,0,32,18,1,47,24,19,0,1,0,136,29,35,45.3,Matches
564,Óscar Trejo,ar ARG,"FW,MF",Rayo Vallecano,35,1988,15.3,4,1,0,40,40,3,23,5,15,1,0,0,92,14,19,42.4,Matches
565,Manu Trigueros,es ESP,MF,Villarreal,31,1991,3.4,0,0,0,5,3,1,5,3,5,0,0,0,15,4,1,80.0,Matches
566,Viktor Tsyhankov,ua UKR,"MF,FW",Girona,25,1997,22.8,0,0,0,14,41,4,62,12,20,0,1,0,88,13,14,48.1,Matches
567,Beñat Turrientes,es ESP,MF,Real Sociedad,21,2002,18.7,4,0,0,36,36,0,19,6,17,0,0,0,81,16,31,34.0,Matches
568,Enes Ünal,tr TUR,"FW,MF",Getafe,26,1997,1.6,0,0,0,5,5,4,1,0,0,0,0,0,5,3,13,18.8,Matches
569,Myrto Uzuni,al ALB,FW,Granada,28,1995,27.2,3,0,0,26,19,18,11,4,14,0,0,0,59,11,59,15.7,Matches
570,Óscar Valentín,es ESP,MF,Rayo Vallecano,28,1994,29.9,7,1,1,77,41,0,5,35,66,0,0,0,160,33,50,39.8,Matches
571,Martin Valjent,sk SVK,DF,Mallorca,27,1995,26.1,5,0,0,29,10,2,18,29,18,0,0,0,97,46,24,65.7,Matches
572,Jesús Vallejo,es ESP,DF,Granada,26,1997,1.2,1,0,0,2,1,0,0,0,1,0,0,0,8,0,1,0.0,Matches
573,Álvaro Vallés,es ESP,GK,Las Palmas,26,1997,36.3,2,1,0,1,6,0,1,0,2,0,0,0,73,8,2,80.0,Matches
574,Federico Valverde,uy URU,MF,Real Madrid,25,1998,32.3,2,0,0,19,15,0,30,43,34,0,0,0,160,21,10,67.7,Matches
575,Siebe Van Der Heyden,be BEL,DF,Mallorca,25,1998,3.2,2,1,0,8,1,1,0,7,2,0,0,0,10,8,6,57.1,Matches
576,José Luis García Vayá,es ESP,MF,Valencia,24,1998,36.7,4,0,0,51,40,1,147,49,53,0,1,0,244,57,42,57.6,Matches
577,Borja Vázquez,es ESP,FW,Cádiz,18,2005,0.0,0,0,0,0,0,0,1,0,0,0,0,0,0,0,0,,Matches
578,Jesus Vazquez,es ESP,"DF,MF",Valencia,20,2003,8.0,1,0,0,8,7,1,18,3,12,0,0,0,47,12,19,38.7,Matches
579,Kevin Vázquez,es ESP,DF,Celta Vigo,30,1993,7.8,3,0,0,11,10,0,8,5,13,0,1,0,29,10,8,55.6,Matches
580,Lucas Vázquez,es ESP,DF,Real Madrid,32,1991,15.8,0,0,0,22,25,5,47,12,25,1,0,0,78,4,6,40.0,Matches
581,Gabriel Veiga,es ESP,FW,Celta Vigo,21,2002,0.2,0,0,0,0,0,0,1,0,0,0,0,0,0,0,1,0.0,Matches
582,Alejo Véliz,ar ARG,FW,Sevilla,19,2003,0.4,0,0,0,4,1,0,0,0,0,0,0,0,0,3,1,75.0,Matches
583,Arthur Vermeeren,be BEL,MF,Atlético Madrid,18,2005,1.8,2,0,0,7,1,0,0,6,0,0,0,0,14,1,6,14.3,Matches
584,Mikel Vesga,es ESP,MF,Athletic Club,30,1993,17.0,2,0,0,28,6,0,13,32,20,0,0,0,112,31,31,50.0,Matches
585,Carlos Vicente,es ESP,FW,Alavés,24,1999,12.4,1,0,0,18,25,9,90,4,6,0,0,0,47,22,26,45.8,Matches
586,Nacho Vidal,es ESP,"DF,FW",Osasuna,28,1995,1.1,0,0,0,0,1,0,0,0,4,0,0,0,3,2,4,33.3,Matches
587,Nacho Vidal,es ESP,DF,Mallorca,28,1995,4.6,2,0,0,9,3,0,15,3,5,0,0,0,18,13,7,65.0,Matches
588,Fran Vieites,es ESP,GK,Betis,24,1999,3.5,0,0,0,0,0,0,0,0,0,0,0,0,1,1,0,100.0,Matches
589,Jonathan Viera,es ESP,"MF,FW",Las Palmas,33,1989,6.9,1,0,0,3,16,1,16,0,3,0,0,0,28,1,4,20.0,Matches
590,Jonathan Viera,es ESP,MF,Almería,33,1989,10.1,3,1,1,10,16,4,6,4,9,0,0,0,36,3,6,33.3,Matches
591,Toni Villa,es ESP,FW,Girona,28,1995,0.1,0,0,0,0,1,0,0,0,0,0,0,0,2,0,0,,Matches
592,Asier Villalibre,es ESP,FW,Athletic Club,25,1997,5.7,0,0,0,7,11,3,2,0,1,0,0,0,13,21,23,47.7,Matches
593,Gonzalo Villar,es ESP,MF,Granada,25,1998,20.0,7,0,0,44,66,2,24,6,33,1,0,0,131,31,17,64.6,Matches
594,Iván Villar,es ESP,GK,Celta Vigo,26,1997,11.3,0,2,0,2,2,0,0,0,0,0,2,0,19,1,0,100.0,Matches
595,Ricardo Visus,es ESP,DF,Betis,22,2001,1.8,0,0,0,3,1,0,0,2,2,0,0,0,3,2,5,28.6,Matches
596,Daniel Vivian,es ESP,DF,Athletic Club,24,1999,32.0,6,0,0,37,26,1,4,31,28,0,0,0,213,34,46,42.5,Matches
597,Shon Weissman,il ISR,FW,Granada,27,1996,0.9,0,0,0,1,1,0,1,0,1,0,0,0,2,1,5,16.7,Matches
598,Iñaki Williams,gh GHA,FW,Athletic Club,29,1994,31.6,4,0,0,32,45,25,111,14,17,0,0,1,119,32,23,58.2,Matches
599,Nico Williams,es ESP,FW,Athletic Club,21,2002,25.1,6,1,1,19,37,12,153,3,12,3,1,0,131,8,9,47.1,Matches
600,Axel Witsel,be BEL,DF,Atlético Madrid,34,1989,30.9,5,0,0,24,29,0,4,16,21,0,0,0,148,55,26,67.9,Matches
601,Xeber,es ESP,"FW,MF",Alavés,26,1997,3.4,1,0,0,9,0,1,14,1,5,0,0,0,19,2,5,28.6,Matches
602,Antal Yaakobishvili,hu HUN,DF,Girona,19,2004,0.7,0,0,0,1,0,0,0,3,1,0,0,0,3,2,1,66.7,Matches
603,Lamine Yamal,es ESP,FW,Barcelona,16,2007,24.5,3,0,0,23,52,4,87,19,37,2,0,0,102,2,11,15.4,Matches
604,Roman Yaremchuk,ua UKR,FW,Valencia,27,1995,10.3,2,0,0,7,13,16,3,1,2,0,0,0,28,26,46,36.1,Matches
605,Arsen Zakharyan,ru RUS,"MF,FW",Real Sociedad,20,2003,13.6,1,0,0,21,11,3,75,4,15,0,0,0,52,11,21,34.4,Matches
606,Joseba Zaldúa,es ESP,DF,Cádiz,31,1992,7.8,3,0,0,14,4,2,17,2,12,0,0,1,24,10,5,66.7,Matches
607,Bryan Zaragoza,es ESP,"MF,FW",Granada,21,2001,18.2,5,0,0,12,33,14,98,3,9,1,0,0,56,4,9,30.8,Matches
608,Igor Zubeldia,es ESP,DF,Real Sociedad,26,1997,28.0,11,1,0,43,9,0,3,32,25,0,1,0,156,83,81,50.6,Matches
609,Martín Zubimendi,es ESP,MF,Real Sociedad,24,1999,29.5,5,0,0,36,20,0,7,37,27,0,0,0,169,44,28,61.1,Matches
