Unnamed: 0_level_0_Rk,Unnamed: 1_level_0_Player,Unnamed: 2_level_0_Nation,Unnamed: 3_level_0_Pos,Unnamed: 4_level_0_Squad,Unnamed: 5_level_0_Age,Unnamed: 6_level_0_Born,Unnamed: 7_level_0_90s,Unnamed: 8_level_0_Att,Pass Types_Live,Pass Types_Dead,Pass Types_FK,Pass Types_TB,Pass Types_Sw,Pass Types_Crs,Pass Types_TI,Pass Types_CK,Corner Kicks_In,Corner Kicks_Out,Corner Kicks_Str,Outcomes_Cmp,Outcomes_Off,Outcomes_Blocks,Unnamed: 23_level_0_Matches
1,Nabil Aberdin,fr FRA,DF,Getafe,20,2002,2.0,79,75,4,4,0,1,0,0,0,0,0,0,60,0,0,Matches
2,Abner,br BRA,DF,Betis,23,2000,15.6,797,628,165,7,0,3,26,158,0,0,0,0,615,4,23,Matches
3,Abdel Abqar,ma MAR,DF,Alavés,24,1999,25.7,762,704,55,50,0,17,2,4,0,0,0,0,553,3,10,Matches
4,Marcos Acuña,ar ARG,DF,Sevilla,31,1991,14.4,847,672,173,32,1,11,82,122,19,7,12,0,628,2,16,Matches
5,Julen Agirrezabala,es ESP,GK,Athletic Club,22,2000,2.6,100,72,28,6,0,0,0,0,0,0,0,0,67,0,1,Matches
6,Lucien Agoume,fr FRA,MF,Sevilla,21,2002,8.6,360,356,4,4,1,2,2,0,0,0,0,0,301,0,6,Matches
7,Joseph Aidoo,gh GHA,DF,Celta Vigo,27,1995,4.5,185,175,10,6,1,0,0,4,0,0,0,0,145,0,0,Matches
8,Ilias Akhomach,ma MAR,"MF,FW",Villarreal,19,2004,16.8,481,464,14,5,4,2,29,5,4,1,1,0,372,3,14,Matches
9,Sergio Akieme,es ESP,DF,Almería,25,1997,18.6,801,630,169,19,1,5,57,148,2,0,1,0,620,2,22,Matches
10,Paul Akouokou,ci CIV,MF,Betis,25,1997,0.3,17,17,0,0,0,0,0,0,0,0,0,0,16,0,0,Matches
11,David Alaba,at AUT,DF,Real Madrid,31,1992,12.8,904,835,65,23,4,7,17,5,12,7,3,0,810,4,2,Matches
12,Raúl Albiol,es ESP,DF,Villarreal,37,1985,22.6,1272,1207,61,45,0,6,0,3,0,0,0,0,1095,4,8,Matches
13,Rubén Alcaraz,es ESP,MF,Cádiz,32,1991,34.8,1582,1462,106,85,1,42,36,7,8,1,7,0,1271,14,17,Matches
14,Omar Alderete,py PAR,DF,Getafe,26,1996,24.4,1056,985,58,54,0,37,5,3,0,0,0,0,678,13,11,Matches
15,Iván Alejo,es ESP,MF,Cádiz,28,1995,18.8,481,433,46,10,1,2,151,24,12,0,11,0,245,2,32,Matches
16,Carles Aleñá,es ESP,MF,Getafe,25,1998,11.3,396,359,36,17,1,4,33,5,14,13,1,0,308,1,12,Matches
17,Mohamed Ali Cho,fr FRA,"FW,MF",Real Sociedad,19,2004,2.8,66,66,0,0,0,0,11,0,0,0,0,0,38,0,1,Matches
18,Tadeo Allende,ar ARG,"MF,FW",Celta Vigo,24,1999,3.7,98,97,1,0,1,1,10,0,0,0,0,0,60,0,6,Matches
19,Domingos André Ribeiro Almeida,pt POR,"FW,MF",Valencia,23,2000,10.7,399,375,24,12,0,4,18,2,7,0,5,0,315,0,18,Matches
20,Marcos Alonso,es ESP,DF,Barcelona,32,1990,2.8,214,171,43,10,0,3,15,27,6,2,2,0,180,0,5,Matches
21,Adrià Altimira,es ESP,"DF,MF",Villarreal,22,2001,8.6,465,400,65,5,0,1,5,60,0,0,0,0,389,0,10,Matches
22,Sergi Altimira,es ESP,MF,Betis,21,2001,6.3,320,315,3,1,0,4,1,1,1,1,0,0,289,2,3,Matches
23,Gastón Álvarez,uy URU,DF,Getafe,23,2000,28.2,1017,878,138,35,0,10,25,101,0,0,0,0,754,1,17,Matches
24,Hugo Álvarez,es ESP,"MF,DF",Celta Vigo,20,2003,8.5,455,379,73,8,4,1,22,58,7,1,5,1,380,3,10,Matches
25,Yeray Álvarez,es ESP,DF,Athletic Club,28,1995,12.8,710,674,32,30,2,8,1,1,0,0,0,0,572,4,7,Matches
26,Selim Amallah,ma MAR,"FW,MF",Valencia,26,1996,6.7,164,162,2,0,2,0,4,0,0,0,0,0,120,0,5,Matches
27,Amath,sn SEN,"FW,MF",Mallorca,27,1996,4.4,113,110,2,1,2,0,7,1,0,0,0,0,76,1,4,Matches
28,Miguel Ángel Rubio,es ESP,DF,Granada,25,1998,17.3,775,745,29,24,1,4,0,1,0,0,0,0,622,1,11,Matches
29,Fabrizio Angileri,ar ARG,"DF,MF",Getafe,29,1994,1.8,103,96,7,1,0,2,8,6,0,0,0,0,68,0,5,Matches
30,Mauro Arambarri,uy URU,MF,Getafe,27,1995,3.8,142,138,4,2,0,2,6,1,1,1,0,0,114,0,2,Matches
31,Jon Aramburu,ve VEN,DF,Real Sociedad,21,2002,6.0,321,256,62,7,0,0,7,55,0,0,0,0,254,3,7,Matches
32,Julian Araujo,mx MEX,DF,Las Palmas,21,2001,16.2,831,694,135,19,0,2,23,116,0,0,0,0,680,2,14,Matches
33,Ronald Araújo,uy URU,DF,Barcelona,24,1999,22.2,1641,1540,93,45,3,14,8,37,0,0,0,0,1458,8,6,Matches
34,Adu Ares,es ESP,FW,Athletic Club,21,2001,2.9,104,103,1,0,0,1,11,0,1,1,0,0,79,0,5,Matches
35,Jesús Areso,es ESP,DF,Osasuna,24,1999,29.6,1368,1033,332,20,1,6,110,311,0,0,0,0,1021,3,48,Matches
36,Matias Arezo,uy URU,FW,Granada,20,2002,4.1,82,75,7,0,1,0,4,1,0,0,0,0,52,0,0,Matches
37,Iñigo Arguibide,es ESP,DF,Osasuna,18,2005,0.2,4,3,1,0,0,0,0,1,0,0,0,0,1,0,1,Matches
38,José Arnaiz,es ESP,"FW,MF",Osasuna,28,1995,10.3,318,260,58,18,0,3,46,3,25,13,8,0,233,0,8,Matches
39,Sergio Arribas,es ESP,"MF,FW",Almería,21,2001,22.7,751,661,86,32,4,4,60,7,28,13,9,0,588,4,20,Matches
40,Kepa Arrizabalaga,es ESP,GK,Real Madrid,28,1994,13.3,456,374,82,12,0,1,0,0,0,0,0,0,386,0,1,Matches
41,Iago Aspas,es ESP,FW,Celta Vigo,35,1987,30.1,1305,1112,190,51,20,15,149,8,94,39,35,0,949,3,30,Matches
42,Ezequiel Ávila,ar ARG,"FW,MF",Osasuna,29,1994,9.6,371,312,56,13,4,6,79,10,32,17,12,0,232,3,9,Matches
43,Ezequiel Ávila,ar ARG,FW,Betis,29,1994,3.3,91,89,2,1,0,3,12,1,0,0,0,0,55,0,6,Matches
44,César Azpilicueta,es ESP,DF,Atlético Madrid,33,1989,15.8,1035,899,130,19,1,2,11,111,0,0,0,0,867,6,8,Matches
45,Iddrisu Baba,gh GHA,MF,Almería,27,1996,15.9,654,636,15,15,2,2,4,0,0,0,0,0,543,3,10,Matches
46,Srđan Babić,rs SRB,DF,Almería,27,1996,1.0,62,60,2,2,0,1,0,0,0,0,0,0,58,0,0,Matches
47,Loïc Bade,fr FRA,DF,Sevilla,23,2000,25.3,1346,1308,34,30,1,18,2,4,0,0,0,0,1113,4,12,Matches
48,Alex Baena,es ESP,"MF,FW",Villarreal,22,2001,28.7,1255,1087,153,38,28,15,175,15,95,44,37,1,893,15,32,Matches
49,Eric Bailly,ci CIV,DF,Villarreal,29,1994,9.3,385,359,24,12,0,1,0,0,0,0,0,0,337,2,2,Matches
50,Cédric Bakambu,cd COD,FW,Betis,32,1991,2.2,39,35,4,0,0,0,0,0,0,0,0,0,26,0,2,Matches
51,Alejandro Balde,es ESP,DF,Barcelona,19,2003,15.3,817,694,122,12,1,3,37,110,0,0,0,0,694,1,16,Matches
52,Iván Balliu,al ALB,DF,Rayo Vallecano,31,1992,31.9,1487,1082,395,24,2,6,68,371,0,0,0,0,1116,10,43,Matches
53,Jonathan Bamba,ci CIV,"MF,FW",Celta Vigo,27,1996,22.0,769,745,19,4,8,2,50,11,1,1,0,0,590,5,31,Matches
54,Léo Baptistão,br BRA,FW,Almería,30,1992,20.4,568,534,31,0,1,3,27,8,0,0,0,0,366,3,30,Matches
55,Kike Barja,es ESP,"FW,MF",Osasuna,26,1997,3.4,114,110,4,1,0,0,23,1,2,2,0,0,83,0,3,Matches
56,Ander Barrenetxea,es ESP,"FW,MF",Real Sociedad,21,2001,15.9,555,545,5,0,1,9,47,4,1,0,0,0,372,5,27,Matches
57,Pablo Barrios,es ESP,MF,Atlético Madrid,20,2003,17.3,873,847,16,11,3,3,16,4,1,0,0,0,728,10,10,Matches
58,Marc Bartra,es ESP,DF,Betis,32,1991,2.5,118,107,9,9,0,1,0,0,0,0,0,0,101,2,0,Matches
59,Augusto Batalla,ar ARG,GK,Granada,27,1996,17.0,689,483,205,83,0,1,0,0,0,0,0,0,445,1,1,Matches
60,Bebé,cv CPV,"MF,FW",Rayo Vallecano,33,1990,2.4,104,83,21,3,0,2,28,8,10,6,3,0,63,0,4,Matches
61,Sheraldo Becker,sr SUR,"FW,MF",Real Sociedad,28,1995,8.6,243,236,6,0,0,0,46,1,2,0,1,0,154,1,17,Matches
62,Héctor Bellerín,es ESP,DF,Betis,28,1995,19.0,979,791,185,17,0,8,40,168,0,0,0,0,756,3,20,Matches
63,Jude Bellingham,eng ENG,MF,Real Madrid,20,2003,25.7,1543,1490,43,18,18,14,21,12,1,1,0,0,1363,10,25,Matches
64,Fran Beltrán,es ESP,MF,Celta Vigo,24,1999,27.0,1364,1309,53,46,4,4,19,1,6,2,3,0,1180,2,19,Matches
65,Carlos Benavídez,uy URU,MF,Alavés,25,1998,12.6,459,447,11,7,1,6,4,3,1,0,0,0,321,1,3,Matches
66,Yuri Berchiche,es ESP,DF,Athletic Club,33,1990,21.4,1304,1050,249,43,0,8,44,206,0,0,0,0,1078,5,26,Matches
67,Álex Berenguer,es ESP,FW,Athletic Club,28,1995,17.7,596,478,117,38,4,5,138,13,65,22,30,0,373,1,23,Matches
68,Antonio Blanco,es ESP,MF,Alavés,23,2000,27.0,1053,1018,30,25,4,21,15,2,3,1,0,0,811,5,27,Matches
69,Daley Blind,nl NED,DF,Girona,33,1990,33.0,2585,2465,97,69,0,18,17,21,2,0,1,0,2304,23,27,Matches
70,Adri Bosch,es ESP,DF,Granada,22,2001,0.3,14,13,1,1,0,0,0,0,0,0,0,0,11,0,0,Matches
71,Yassine Bounou,ma MAR,GK,Sevilla,32,1991,1.0,31,21,10,3,0,0,0,0,0,0,0,0,20,0,0,Matches
72,Lucas Boyé,ar ARG,FW,Granada,27,1996,28.2,631,564,60,1,2,5,14,1,0,0,0,0,454,7,25,Matches
73,Darko Brašanac,rs SRB,MF,Osasuna,31,1992,0.5,15,15,0,0,0,0,1,0,0,0,0,0,9,0,0,Matches
74,Brau,es ESP,DF,Granada,21,2001,0.3,10,9,1,0,0,0,1,1,0,0,0,0,7,0,0,Matches
75,Claudio Bravo,cl CHI,GK,Betis,40,1983,7.0,230,153,76,16,1,1,0,0,0,0,0,0,186,1,0,Matches
76,Ben Brereton,cl CHI,"FW,MF",Villarreal,24,1999,3.0,74,73,1,0,1,0,4,1,0,0,0,0,55,0,4,Matches
77,Ante Budimir,hr CRO,FW,Osasuna,32,1991,27.1,441,421,20,0,1,1,10,4,0,0,0,0,241,0,19,Matches
78,Manu Bueno,es ESP,MF,Sevilla,19,2004,1.3,49,49,0,0,0,0,0,0,0,0,0,0,45,0,0,Matches
79,Pablo Busto,es ESP,DF,Betis,17,2005,0.5,26,22,4,0,1,0,1,4,0,0,0,0,18,0,0,Matches
80,José Callejón,es ESP,"MF,FW",Granada,36,1987,8.9,368,320,46,15,0,6,34,13,16,10,5,0,286,2,3,Matches
81,Eduardo Camavinga,fr FRA,"MF,DF",Real Madrid,20,2002,20.2,1328,1278,44,24,4,9,4,20,0,0,0,0,1205,6,12,Matches
82,Sergio Camello,es ESP,FW,Rayo Vallecano,22,2001,18.5,380,350,23,0,6,3,2,0,0,0,0,0,273,7,10,Matches
83,José Campaña,es ESP,MF,Las Palmas,30,1993,1.9,162,149,11,9,0,0,4,0,2,2,0,0,135,2,4,Matches
84,João Cancelo,pt POR,DF,Barcelona,29,1994,27.8,1852,1602,238,37,6,24,82,201,0,0,0,0,1533,12,42,Matches
85,Sergi Canós,es ESP,"MF,FW",Valencia,26,1997,13.7,405,392,8,1,6,2,35,5,2,1,0,0,260,5,21,Matches
86,Étienne Capoue,fr FRA,MF,Villarreal,35,1988,16.2,813,790,20,13,3,14,7,5,0,0,0,0,699,3,10,Matches
87,Isaac Carcelen,es ESP,DF,Cádiz,30,1993,29.0,1163,894,263,24,0,7,67,234,5,0,5,0,851,6,25,Matches
88,Dani Cárdenas,es ESP,GK,Rayo Vallecano,26,1997,1.0,40,33,7,3,0,0,0,0,0,0,0,0,26,0,0,Matches
89,Marc Cardona,es ESP,FW,Las Palmas,28,1995,8.2,227,215,12,1,2,1,5,0,0,0,0,0,170,0,7,Matches
90,Sergi Cardona,es ESP,DF,Las Palmas,24,1999,31.3,2150,1785,354,37,3,4,89,317,0,0,0,0,1727,11,53,Matches
91,Johnny Cardoso,us USA,MF,Betis,21,2001,14.8,640,627,11,10,1,5,3,1,0,0,0,0,539,2,13,Matches
92,Carmona,es ESP,"DF,MF",Getafe,21,2002,14.6,570,489,79,6,0,3,29,73,0,0,0,0,419,2,20,Matches
93,Yannick Carrasco,be BEL,DF,Atlético Madrid,29,1993,2.5,88,77,10,3,0,1,8,4,3,0,2,0,65,1,2,Matches
94,Álvaro Carreras,es ESP,"MF,FW",Granada,20,2003,5.3,222,195,27,8,1,4,14,17,2,0,1,0,169,0,7,Matches
95,Dani Carvajal,es ESP,DF,Real Madrid,31,1992,24.1,1475,1284,190,37,3,3,49,153,0,0,0,0,1265,1,34,Matches
96,William Carvalho,pt POR,MF,Betis,31,1992,7.6,634,612,20,19,0,1,4,1,0,0,0,0,560,2,6,Matches
97,Marc Casado,es ESP,MF,Barcelona,19,2003,0.2,6,6,0,0,0,0,0,0,0,0,0,0,6,0,0,Matches
98,Catena,es ESP,DF,Osasuna,28,1994,28.2,1341,1242,94,72,1,19,0,3,0,0,0,0,1095,5,6,Matches
99,Dani Ceballos,es ESP,"MF,FW",Real Madrid,26,1996,6.6,542,519,22,11,5,5,8,5,6,1,2,0,486,1,10,Matches
100,Álex Centelles,es ESP,DF,Almería,25,1997,10.9,544,430,112,24,1,5,44,88,0,0,0,0,400,2,19,Matches
101,Franco Cervi,ar ARG,"MF,DF",Celta Vigo,29,1994,6.1,284,249,34,4,0,1,18,25,5,0,4,0,225,1,15,Matches
102,Pep Chavarría,es ESP,"DF,MF",Rayo Vallecano,25,1998,13.0,812,710,101,4,1,3,70,97,0,0,0,0,618,1,24,Matches
103,Andreas Christensen,dk DEN,"DF,MF",Barcelona,27,1996,22.0,1569,1514,55,41,0,5,0,5,0,0,0,0,1480,0,11,Matches
104,Chumi,es ESP,DF,Almería,24,1999,27.0,1208,1139,64,21,0,4,2,25,0,0,0,0,1044,5,11,Matches
105,Víctor Chust,es ESP,DF,Cádiz,23,2000,20.7,1040,994,38,30,0,12,2,3,0,0,0,0,831,8,12,Matches
106,Pathé Ciss,sn SEN,MF,Rayo Vallecano,29,1994,18.5,890,842,41,35,2,14,3,2,0,0,0,0,738,7,10,Matches
107,Silvi Clúa,es ESP,MF,Girona,18,2005,0.0,5,5,0,0,0,0,0,0,0,0,0,0,5,0,0,Matches
108,Saúl Coco,gq EQG,DF,Las Palmas,24,1999,25.5,1422,1361,54,48,1,3,1,2,0,0,0,0,1257,7,8,Matches
109,Santi Comesaña,es ESP,MF,Villarreal,26,1996,18.4,868,842,24,23,2,7,5,1,0,0,0,0,752,2,8,Matches
110,Copete,es ESP,DF,Mallorca,23,1999,14.8,584,560,22,21,1,14,10,1,0,0,0,0,449,2,8,Matches
111,Francis Coquelin,fr FRA,MF,Villarreal,32,1991,10.1,431,421,10,10,1,7,2,0,0,0,0,0,379,0,4,Matches
112,Theo Corbeanu,ca CAN,"MF,FW",Granada,21,2002,2.0,60,59,1,0,1,0,12,0,1,0,0,0,37,0,1,Matches
113,Jesús Corona,mx MEX,"MF,DF",Sevilla,30,1993,0.2,14,14,0,0,1,0,2,0,0,0,0,0,9,0,0,Matches
114,Ángel Correa,ar ARG,"FW,MF",Atlético Madrid,28,1995,17.0,516,471,37,3,1,2,40,0,21,11,8,0,379,8,11,Matches
115,Thierry Correia,pt POR,DF,Valencia,24,1999,23.9,1340,1033,300,31,2,4,48,268,1,0,0,0,1017,7,19,Matches
116,Jaume Costa,es ESP,DF,Mallorca,35,1988,18.7,834,645,178,3,0,2,63,175,0,0,0,0,615,11,16,Matches
117,Samu Costa,pt POR,MF,Mallorca,22,2000,25.6,1087,1063,21,14,1,14,24,2,2,1,1,0,830,3,36,Matches
118,Thibaut Courtois,be BEL,GK,Real Madrid,31,1992,3.7,123,103,20,2,0,1,0,0,0,0,0,0,113,0,0,Matches
119,Yan Couto,br BRA,"DF,FW",Girona,21,2002,24.9,1354,1181,170,24,5,4,111,145,1,0,0,0,1057,3,47,Matches
120,Crespo,pt POR,MF,Rayo Vallecano,26,1996,5.9,273,262,10,7,1,1,3,0,0,0,0,0,230,1,3,Matches
121,Cristian,es ESP,GK,Valencia,25,1998,0.6,18,13,5,2,0,0,0,0,0,0,0,0,13,0,0,Matches
122,Juan Cruz Armada,es ESP,DF,Osasuna,31,1992,18.5,941,759,178,11,0,0,21,165,0,0,0,0,712,4,15,Matches
123,Juan Cruz,es ESP,FW,Betis,23,2000,0.8,20,20,0,0,0,0,0,0,0,0,0,0,15,0,0,Matches
124,Pau Cubarsí,es ESP,DF,Barcelona,16,2007,17.3,1487,1441,43,32,2,11,1,3,0,0,0,0,1360,3,6,Matches
125,Iván Cuéllar,es ESP,GK,Mallorca,39,1984,1.0,35,32,3,0,0,0,0,0,0,0,0,0,24,0,0,Matches
126,Jorge Cuenca,es ESP,DF,Villarreal,23,1999,21.8,1150,1035,111,36,0,16,13,41,0,0,0,0,957,4,9,Matches
127,Eric Curbelo,es ESP,"DF,MF",Las Palmas,29,1994,1.1,59,52,7,3,0,1,0,1,0,0,0,0,57,0,0,Matches
128,Alberto Dadie,es ESP,MF,Real Sociedad,21,2002,0.3,7,7,0,0,0,0,1,0,0,0,0,0,3,0,1,Matches
129,Sergi Darder,es ESP,MF,Mallorca,29,1993,24.0,1002,841,150,55,10,19,149,13,63,23,36,2,725,11,25,Matches
130,Rodrigo De Paul,ar ARG,MF,Atlético Madrid,29,1994,23.1,1553,1461,75,51,23,16,46,12,12,3,4,0,1291,17,23,Matches
131,Mouctar Diakhaby,gn GUI,"DF,MF",Valencia,26,1996,11.9,546,530,15,13,0,3,0,0,0,0,0,0,475,1,4,Matches
132,Moussa Diakité,ml MLI,MF,Cádiz,19,2003,0.0,0,0,0,0,0,0,0,0,0,0,0,0,0,0,0,Matches
133,Assane Diao,sn SEN,FW,Betis,17,2005,11.6,264,261,2,0,0,0,9,0,0,0,0,0,200,1,12,Matches
134,Brahim Díaz,ma MAR,"FW,MF",Real Madrid,23,1999,17.2,740,705,29,8,7,2,31,6,7,3,2,0,624,6,12,Matches
135,Víctor Díaz,es ESP,"DF,MF",Granada,35,1988,1.8,74,63,9,6,0,0,0,3,0,0,0,0,47,2,4,Matches
136,Famara Diedhiou,sn SEN,"FW,MF",Granada,30,1992,1.0,41,40,1,0,0,0,2,1,0,0,0,0,20,0,4,Matches
137,Stole Dimitrievski,mk MKD,GK,Rayo Vallecano,29,1993,37.0,1198,794,401,134,0,5,0,0,0,0,0,0,732,3,0,Matches
138,Djené,tg TOG,"DF,MF",Getafe,31,1991,27.6,1121,1049,69,21,0,4,30,48,0,0,0,0,861,3,14,Matches
139,Marko Dmitrović,rs SRB,GK,Sevilla,31,1992,13.0,394,291,102,23,0,0,0,0,0,0,0,0,292,1,0,Matches
140,Jaume Doménech,es ESP,GK,Valencia,32,1990,0.9,31,18,13,6,0,0,0,0,0,0,0,0,13,0,0,Matches
141,Carlos Dominguez,es ESP,DF,Celta Vigo,22,2001,17.6,864,831,30,27,0,12,3,3,0,0,0,0,681,3,10,Matches
142,Mario Dominguez,es ESP,FW,Valencia,19,2004,0.3,5,5,0,0,0,0,1,0,0,0,0,0,4,0,0,Matches
143,Carlos Dotor,es ESP,MF,Celta Vigo,22,2001,7.9,350,339,10,2,1,0,9,4,3,3,0,0,289,1,7,Matches
144,Anastasios Douvikas,gr GRE,FW,Celta Vigo,23,1999,10.1,166,154,12,0,1,1,2,0,0,0,0,0,105,0,4,Matches
145,Artem Dovbyk,ua UKR,FW,Girona,26,1997,28.7,392,359,28,0,2,2,1,0,0,0,0,0,277,5,16,Matches
146,Domingos Duarte,pt POR,DF,Getafe,28,1995,10.1,380,365,13,11,1,3,1,1,0,0,0,0,294,2,4,Matches
147,Rubén Duarte,es ESP,DF,Alavés,27,1995,20.9,827,658,160,55,0,8,70,104,1,0,0,0,566,9,10,Matches
148,Hugo Duro,es ESP,FW,Valencia,23,1999,33.1,570,522,45,1,0,0,7,4,0,0,0,0,406,3,16,Matches
149,Aritz Elustondo,es ESP,DF,Real Sociedad,29,1994,9.0,468,417,51,14,0,1,1,37,0,0,0,0,402,0,3,Matches
150,Adri Embarba,es ESP,"FW,MF",Almería,31,1992,27.5,928,770,150,35,0,16,171,16,94,36,31,0,609,8,43,Matches
151,Youssef En-Nesyri,ma MAR,FW,Sevilla,26,1997,28.6,318,271,47,0,2,2,4,3,0,0,0,0,205,0,13,Matches
152,Gonzalo Escalante,ar ARG,MF,Cádiz,30,1993,18.9,711,689,15,7,2,2,5,1,0,0,0,0,537,7,12,Matches
153,Aarón Escandell,es ESP,GK,Las Palmas,27,1995,1.7,86,65,20,8,0,0,0,0,0,0,0,0,64,1,0,Matches
154,Alfonso Espino,uy URU,DF,Rayo Vallecano,31,1992,27.9,1423,1132,288,28,2,5,50,260,0,0,0,0,1061,3,41,Matches
155,Bernardo Espinosa,co COL,DF,Girona,34,1989,0.0,8,8,0,0,0,0,0,0,0,0,0,0,7,0,0,Matches
156,Karl Etta Eyong,cm CMR,FW,Cádiz,19,2003,0.2,2,2,0,0,0,0,0,0,0,0,0,0,2,0,0,Matches
157,Abde Ezzalzouli,ma MAR,"FW,MF",Barcelona,21,2001,0.8,37,32,5,0,0,0,7,4,1,1,0,0,23,0,1,Matches
158,Abde Ezzalzouli,ma MAR,FW,Betis,21,2001,9.6,353,340,11,3,3,2,33,5,3,1,1,0,232,2,20,Matches
159,Radamel Falcao,co COL,"FW,DF",Rayo Vallecano,37,1986,4.5,110,103,7,1,1,0,1,2,0,0,0,0,92,0,1,Matches
160,Fali,es ESP,DF,Cádiz,29,1993,28.3,1050,989,54,49,5,21,10,0,0,0,0,0,799,7,7,Matches
161,Ansu Fati,es ESP,"MF,FW",Barcelona,20,2002,0.6,28,25,3,1,0,0,0,1,1,0,0,0,24,0,0,Matches
162,Nabil Fekir,fr FRA,"MF,FW",Betis,30,1993,11.7,611,534,73,29,3,5,56,3,34,13,17,0,482,4,16,Matches
163,Luiz Felipe,it ITA,DF,Betis,26,1997,4.0,169,163,4,4,0,0,0,0,0,0,0,0,151,2,0,Matches
164,João Félix,pt POR,FW,Barcelona,23,1999,17.1,663,631,25,5,8,7,17,12,8,4,0,0,538,7,13,Matches
165,Kiko Femenía,es ESP,DF,Villarreal,32,1991,17.6,1121,939,179,26,0,4,28,153,0,0,0,0,939,3,19,Matches
166,Aitor Fernández,es ESP,GK,Osasuna,32,1991,6.1,198,147,49,27,0,0,0,0,0,0,0,0,127,2,0,Matches
167,Álex Fernández,es ESP,MF,Cádiz,30,1992,14.3,649,578,67,29,0,6,35,6,20,6,10,0,539,4,11,Matches
168,Carlos Fernández,es ESP,FW,Real Sociedad,27,1996,4.5,83,78,5,1,1,0,1,0,0,0,0,0,44,0,4,Matches
169,Raúl Fernández,es ESP,GK,Granada,35,1988,3.1,107,73,32,15,0,0,0,0,0,0,0,0,69,2,0,Matches
170,Valery Fernández,es ESP,"MF,FW",Girona,23,1999,5.6,221,211,10,0,1,0,13,10,0,0,0,0,188,0,4,Matches
171,Fernando,es ESP,GK,Almería,33,1990,4.0,160,123,36,10,0,0,0,0,0,0,0,0,110,1,0,Matches
172,Fernando,br BRA,MF,Sevilla,36,1987,5.1,242,233,8,8,1,3,4,0,0,0,0,0,209,1,2,Matches
173,André Ferreira,pt POR,GK,Granada,27,1996,14.9,498,331,167,57,0,0,0,0,0,0,0,0,359,0,1,Matches
174,Rachad Fettal,ma MAR,FW,Almería,18,2005,0.2,6,5,0,0,0,0,0,0,0,0,0,0,4,1,0,Matches
175,Pablo Fornals,es ESP,"FW,MF",Betis,27,1996,12.8,672,625,43,5,3,5,51,12,26,12,11,0,500,4,28,Matches
176,Héctor Fort,es ESP,DF,Barcelona,16,2006,3.5,230,203,27,6,0,2,6,21,0,0,0,0,200,0,2,Matches
177,Dimitri Foulquier,fr FRA,"DF,MF",Valencia,30,1993,20.5,1042,791,245,22,1,4,42,223,0,0,0,0,766,6,43,Matches
178,Juan Foyth,ar ARG,DF,Villarreal,25,1998,11.8,690,579,109,15,1,5,18,94,0,0,0,0,565,2,16,Matches
179,Jorge de Frutos,es ESP,"FW,MF",Rayo Vallecano,26,1997,17.2,483,463,17,2,0,1,53,8,7,3,4,0,344,3,24,Matches
180,Daniel Fuzato,br BRA,GK,Getafe,26,1997,0.1,10,6,4,0,0,0,0,0,0,0,0,0,5,0,0,Matches
181,Matteo Gabbia,it ITA,DF,Villarreal,23,1999,5.3,299,283,15,9,0,5,0,0,0,0,0,0,267,1,0,Matches
182,Javi Galán,es ESP,DF,Atlético Madrid,28,1994,1.0,60,49,11,0,0,0,6,9,2,0,1,0,45,0,3,Matches
183,Javi Galán,es ESP,DF,Real Sociedad,28,1994,11.9,657,534,122,11,1,8,46,111,0,0,0,0,526,1,16,Matches
184,Iñigo Ruiz de Galarreta,es ESP,MF,Athletic Club,29,1993,23.2,1232,1157,69,29,8,20,57,2,36,1,30,0,993,6,18,Matches
185,Aleix García,es ESP,MF,Girona,26,1997,35.5,2935,2673,254,119,5,87,192,11,122,50,52,1,2567,8,24,Matches
186,Álvaro García,es ESP,"FW,MF",Rayo Vallecano,30,1992,27.5,825,789,35,7,1,3,121,16,10,5,3,0,518,1,35,Matches
187,Dani García,es ESP,MF,Athletic Club,33,1990,8.3,331,321,10,9,0,2,0,1,0,0,0,0,279,0,2,Matches
188,David García,es ESP,DF,Osasuna,29,1994,25.9,1339,1258,77,50,3,11,2,8,0,0,0,0,1109,4,6,Matches
189,Eric García,es ESP,DF,Barcelona,22,2001,0.6,48,42,6,2,0,2,0,4,0,0,0,0,46,0,0,Matches
190,Eric García,es ESP,DF,Girona,22,2001,29.3,2306,2123,175,71,7,18,10,95,0,0,0,0,2064,8,20,Matches
191,Fran Garcia,es ESP,DF,Real Madrid,23,1999,15.5,997,866,129,7,2,3,60,122,0,0,0,0,841,2,20,Matches
192,Gonzalo García,es ESP,"FW,MF",Real Madrid,19,2004,0.2,7,7,0,0,0,0,0,0,0,0,0,0,4,0,0,Matches
193,Jastin García,es ESP,FW,Girona,19,2004,0.4,11,11,0,0,0,0,1,0,0,0,0,0,7,0,1,Matches
194,Raúl García,es ESP,"FW,MF",Athletic Club,37,1986,4.7,138,136,0,0,1,2,7,0,0,0,0,0,79,2,3,Matches
195,Rubén García,es ESP,"FW,MF",Osasuna,30,1993,17.2,774,692,82,24,2,4,101,7,47,25,16,1,519,0,32,Matches
196,Santiago García,es ESP,FW,Getafe,21,2001,0.3,7,6,1,1,0,0,0,0,0,0,0,0,6,0,0,Matches
197,Unai García,es ESP,DF,Osasuna,31,1992,6.2,202,184,17,15,0,6,5,2,0,0,0,0,158,1,0,Matches
198,Yarek Gasiorowski,es ESP,DF,Valencia,18,2005,8.2,292,235,57,7,0,0,6,48,0,0,0,0,208,0,6,Matches
199,Federico Gattoni,ar ARG,"DF,FW",Sevilla,24,1999,0.1,9,7,2,1,0,0,0,1,0,0,0,0,7,0,0,Matches
200,Gavi,es ESP,"MF,FW",Barcelona,18,2004,10.5,541,514,26,18,3,6,8,6,0,0,0,0,489,1,8,Matches
201,Paulo Gazzaniga,ar ARG,GK,Girona,31,1992,38.0,1391,1065,321,75,1,5,0,0,0,0,0,0,1094,5,1,Matches
202,David Gil,es ESP,GK,Cádiz,29,1994,4.1,152,74,78,30,0,0,0,0,0,0,0,0,78,0,0,Matches
203,Maxi Gómez,uy URU,FW,Cádiz,26,1996,12.9,255,247,6,1,1,3,20,0,0,0,0,0,132,2,10,Matches
204,Moi Gómez,es ESP,"MF,FW",Osasuna,29,1994,22.3,1177,1109,61,29,0,17,52,8,18,3,11,0,953,7,36,Matches
205,Unai Gómez,es ESP,MF,Athletic Club,20,2003,9.7,260,234,26,6,1,1,21,0,14,11,1,0,198,0,5,Matches
206,Édgar González,es ESP,"DF,MF",Almería,26,1997,28.0,1350,1296,51,35,0,8,2,2,0,0,0,0,1150,3,6,Matches
207,Fabio González,es ESP,MF,Las Palmas,26,1997,1.4,129,125,4,2,0,1,2,1,0,0,0,0,119,0,1,Matches
208,Giovanni González,uy URU,DF,Mallorca,28,1994,27.4,1244,1047,187,12,0,4,62,175,0,0,0,0,936,10,31,Matches
209,Hugo González,es ESP,"MF,FW",Valencia,20,2003,1.0,39,35,4,1,0,0,9,0,3,0,2,0,24,0,4,Matches
210,Iñaki González,es ESP,MF,Las Palmas,19,2004,0.1,4,4,0,0,0,0,0,0,0,0,0,0,4,0,0,Matches
211,Peter González,do DOM,"MF,FW",Valencia,21,2002,7.2,162,150,12,4,0,0,18,8,0,0,0,0,108,0,12,Matches
212,Urko González,es ESP,MF,Real Sociedad,22,2001,1.7,89,89,0,0,0,0,0,0,0,0,0,0,71,0,1,Matches
213,Andoni Gorosabel,es ESP,DF,Alavés,26,1996,31.7,1329,1014,311,25,0,3,81,285,1,0,0,0,1059,4,32,Matches
214,Pablo Gozalbez,es ESP,"MF,FW",Valencia,22,2001,1.1,32,31,0,0,0,0,1,0,0,0,0,0,16,1,2,Matches
215,Mason Greenwood,eng ENG,"MF,FW",Getafe,21,2001,29.6,1036,962,66,21,4,32,107,3,39,28,1,0,777,8,24,Matches
216,Dominik Greif,sk SVK,GK,Mallorca,26,1997,1.0,32,20,12,3,0,0,0,0,0,0,0,0,24,0,0,Matches
217,Antoine Griezmann,fr FRA,"FW,MF",Atlético Madrid,32,1991,29.4,1383,1212,161,33,13,14,123,4,94,28,42,0,1062,10,32,Matches
218,Vicente Guaita,es ESP,GK,Celta Vigo,36,1987,26.7,804,524,278,65,0,2,0,0,0,0,0,0,555,2,0,Matches
219,Andrés Guardado,mx MEX,MF,Betis,36,1986,5.0,298,275,22,11,0,7,11,2,9,2,6,0,253,1,5,Matches
220,Sergi Guardiola,es ESP,"FW,MF",Cádiz,32,1991,5.5,209,202,7,3,0,3,17,1,0,0,0,0,148,0,12,Matches
221,Nemanja Gudelj,rs SRB,"DF,MF",Sevilla,31,1991,19.4,1061,1011,46,43,1,14,3,3,0,0,0,0,914,4,11,Matches
222,Gonçalo Guedes,pt POR,"FW,MF",Villarreal,26,1996,10.6,333,306,23,2,0,3,27,1,8,1,1,0,255,4,11,Matches
223,Javier Guerra,es ESP,MF,Valencia,20,2003,27.8,969,944,21,13,6,12,24,2,0,0,0,0,700,4,31,Matches
224,Ander Guevara,es ESP,MF,Alavés,26,1997,32.6,1471,1431,35,26,8,3,8,2,7,1,0,0,1111,5,35,Matches
225,Hugo Guillamón,es ESP,MF,Valencia,23,2000,14.6,695,649,43,42,2,11,6,0,0,0,0,0,564,3,9,Matches
226,Marc Guiu,es ESP,"FW,MF",Barcelona,17,2006,0.8,8,8,0,0,0,0,0,0,0,0,0,0,8,0,0,Matches
227,Arda Güler,tr TUR,"FW,MF",Real Madrid,18,2005,4.2,218,205,13,4,0,3,13,2,6,5,0,0,183,0,4,Matches
228,Gerard Gumbau,es ESP,MF,Granada,28,1994,29.7,1504,1289,201,112,7,24,150,3,86,30,36,1,1079,14,29,Matches
229,İlkay Gündoğan,de GER,MF,Barcelona,32,1990,33.3,2510,2228,271,96,16,17,157,5,140,60,50,1,2163,11,29,Matches
230,Jon Guridi,es ESP,MF,Alavés,28,1995,29.8,830,805,19,1,2,3,21,1,0,0,0,0,643,6,20,Matches
231,Gorka Guruzeta,es ESP,FW,Athletic Club,26,1996,24.6,618,585,30,1,1,3,11,1,0,0,0,0,422,3,27,Matches
232,Miguel Gutiérrez,es ESP,DF,Girona,22,2001,33.7,1855,1586,263,28,9,3,97,235,0,0,0,0,1595,6,33,Matches
233,Munir El Haddadi,ma MAR,FW,Las Palmas,27,1995,27.2,760,716,41,16,4,15,41,2,9,4,2,0,584,3,22,Matches
234,Ianis Hagi,ro ROU,"MF,FW",Alavés,24,1998,8.9,301,227,71,15,4,5,54,15,32,10,12,0,194,3,14,Matches
235,Luiz Henrique,br BRA,FW,Betis,22,2001,6.8,211,207,3,1,1,2,24,1,1,0,0,0,146,1,11,Matches
236,Mario Hermoso,es ESP,DF,Atlético Madrid,28,1995,28.4,1947,1747,194,65,2,47,38,123,0,0,0,0,1676,6,25,Matches
237,Javi Hernández,es ESP,DF,Cádiz,25,1998,27.9,1292,992,299,62,1,4,127,193,44,15,22,0,922,1,27,Matches
238,Aridane Hernández,es ESP,DF,Rayo Vallecano,34,1989,18.8,788,748,38,36,0,2,0,2,0,0,0,0,675,2,2,Matches
239,Luis Hernández,es ESP,DF,Cádiz,34,1989,8.0,363,297,66,8,1,2,2,58,0,0,0,0,257,0,1,Matches
240,Jorge Herrando,es ESP,DF,Osasuna,22,2001,18.3,738,679,58,34,0,3,0,1,0,0,0,0,589,1,11,Matches
241,Ander Herrera,es ESP,MF,Athletic Club,33,1989,11.4,756,727,24,20,4,4,13,1,0,0,0,0,643,5,6,Matches
242,Cristian Herrera,es ESP,"FW,MF",Las Palmas,32,1991,1.8,101,98,3,1,0,0,1,1,0,0,0,0,92,0,2,Matches
243,Sergio Herrera,es ESP,GK,Osasuna,30,1993,31.9,1185,842,341,118,0,0,0,1,0,0,0,0,766,2,1,Matches
244,Yangel Herrera,ve VEN,MF,Girona,25,1998,23.4,1137,1110,22,7,1,6,29,2,0,0,0,0,972,5,14,Matches
245,Juan Herzog,es ESP,DF,Las Palmas,20,2003,3.2,220,206,14,12,0,0,0,0,0,0,0,0,195,0,6,Matches
246,Martin Hongla,cm CMR,"MF,DF",Granada,25,1998,6.2,283,273,9,7,0,3,2,2,0,0,0,0,237,1,4,Matches
247,Xabier Huarte Armendáriz,es ESP,MF,Osasuna,22,2001,0.1,2,2,0,0,0,0,0,0,0,0,0,0,2,0,0,Matches
248,Pablo Ibáñez,es ESP,MF,Osasuna,24,1998,12.8,452,437,13,3,0,1,12,5,0,0,0,0,343,2,9,Matches
249,Iglesias,es ESP,"DF,FW",Getafe,25,1998,15.7,635,505,123,10,2,10,58,113,0,0,0,0,382,7,15,Matches
250,Borja Iglesias,es ESP,FW,Betis,30,1993,4.5,101,91,10,0,1,1,1,0,0,0,0,0,83,0,1,Matches
251,Imanol,es ESP,DF,Athletic Club,23,2000,5.8,343,277,65,3,0,3,21,61,1,0,1,0,280,1,11,Matches
252,Isco,es ESP,MF,Betis,31,1992,25.8,1502,1288,206,63,15,23,152,7,127,47,46,2,1201,8,27,Matches
253,Diego Iturralde,es ESP,DF,Sevilla,20,2003,0.4,14,9,5,0,0,0,0,5,0,0,0,0,9,0,0,Matches
254,Adnan Januzaj,be BEL,"FW,MF",Sevilla,28,1995,2.1,88,80,8,3,0,3,8,3,2,0,1,0,70,0,1,Matches
255,Mikel Jauregizar,es ESP,MF,Athletic Club,19,2003,1.7,79,71,8,1,1,0,6,1,6,1,4,0,56,0,4,Matches
256,Luis Javier Suárez,co COL,FW,Almería,25,1997,10.2,202,184,17,1,2,1,7,0,0,0,0,0,150,1,7,Matches
257,Salim El Jebari,ma MAR,MF,Atlético Madrid,19,2004,0.1,4,4,0,0,0,0,1,0,0,0,0,0,3,0,0,Matches
258,Frenkie de Jong,nl NED,MF,Barcelona,26,1997,18.2,1674,1619,51,42,12,7,25,6,1,1,0,0,1542,4,14,Matches
259,Joan Jordán,es ESP,MF,Sevilla,29,1994,4.2,243,232,10,7,0,4,3,2,0,0,0,0,212,1,3,Matches
260,Jordi,es ESP,"MF,DF",Getafe,22,2001,6.4,242,233,6,0,1,1,22,6,0,0,0,0,150,3,7,Matches
261,Jeremy Jorge,es ESP,FW,Getafe,20,2003,0.0,0,0,0,0,0,0,0,0,0,0,0,0,0,0,0,Matches
262,Willian José,br BRA,FW,Betis,31,1991,21.9,541,495,44,0,0,9,7,0,0,0,0,0,429,2,13,Matches
263,Joselu,es ESP,FW,Real Madrid,33,1990,18.7,360,342,15,0,2,1,6,3,0,0,0,0,260,3,9,Matches
264,Kamil Jóźwiak,pl POL,MF,Granada,25,1998,6.3,180,177,2,0,1,0,6,2,0,0,0,0,128,1,4,Matches
265,Juanmi,es ESP,FW,Cádiz,30,1993,9.7,226,204,22,1,2,1,2,2,1,0,0,0,181,0,5,Matches
266,Juanpe,es ESP,DF,Girona,32,1991,8.3,550,528,22,15,0,4,1,1,0,0,0,0,500,0,1,Matches
267,Vinicius Júnior,br BRA,FW,Real Madrid,23,2000,20.7,690,663,22,4,10,22,56,7,5,0,0,0,499,5,34,Matches
268,Filip Jørgensen,dk DEN,GK,Villarreal,21,2002,36.0,1303,975,325,80,0,2,0,0,0,0,0,0,1052,3,1,Matches
269,Sory Kaba,gn GUI,FW,Las Palmas,28,1995,8.0,158,148,10,0,2,2,0,1,0,0,0,0,111,0,5,Matches
270,Kaiky,br BRA,DF,Almería,19,2004,5.8,263,252,11,10,0,3,1,1,0,0,0,0,217,0,4,Matches
271,Jon Karrikaburu,es ESP,"MF,FW",Alavés,20,2002,0.2,5,3,1,0,0,0,0,0,0,0,0,0,2,1,0,Matches
272,Ibrahima Kebe,ml MLI,MF,Girona,22,2000,0.1,8,7,1,1,0,0,0,0,0,0,0,0,5,0,0,Matches
273,Kiké,es ESP,"FW,MF",Alavés,33,1989,15.8,301,288,10,0,2,1,10,0,0,0,0,0,200,3,9,Matches
274,Koke,es ESP,MF,Atlético Madrid,31,1992,27.7,2263,2183,67,64,14,31,11,2,1,0,1,0,2037,13,19,Matches
275,Ibrahima Koné,ml MLI,FW,Almería,24,1999,3.1,56,49,7,0,0,0,2,2,0,0,0,0,38,0,0,Matches
276,Rominigue Kouamé,ml MLI,MF,Cádiz,26,1996,9.1,411,408,3,3,0,3,1,0,0,0,0,0,355,0,4,Matches
277,Jules Koundé,fr FRA,DF,Barcelona,24,1998,32.2,2757,2482,267,61,2,29,34,198,0,0,0,0,2478,8,29,Matches
278,Toni Kroos,de GER,MF,Real Madrid,33,1990,23.6,2505,2260,239,137,6,53,118,13,89,32,34,0,2291,6,13,Matches
279,Takefusa Kubo,jp JPN,"FW,MF",Real Sociedad,22,2001,23.9,862,759,98,13,6,3,145,2,82,46,18,0,611,5,32,Matches
280,Luca de la Torre,us USA,MF,Celta Vigo,25,1998,21.7,764,756,4,2,1,0,17,0,0,0,0,0,620,4,36,Matches
281,Yoel Lago,es ESP,DF,Celta Vigo,19,2004,1.0,86,83,3,2,0,0,0,0,0,0,0,0,82,0,0,Matches
282,Érik Lamela,ar ARG,"FW,MF",Sevilla,31,1992,5.1,174,165,9,2,1,0,12,5,1,1,0,0,142,0,3,Matches
283,Bruno Langa,mz MOZ,DF,Almería,25,1997,9.1,400,320,80,13,0,3,16,67,0,0,0,0,307,0,13,Matches
284,Cyle Larin,ca CAN,FW,Mallorca,28,1995,20.3,294,278,13,0,1,1,7,1,0,0,0,0,184,3,14,Matches
285,Juanmi Latasa,es ESP,FW,Getafe,22,2001,17.3,368,354,11,0,2,0,2,0,0,0,0,0,192,3,5,Matches
286,Toni Lato,es ESP,DF,Mallorca,25,1997,17.2,788,619,167,2,1,3,49,164,1,0,0,0,595,2,23,Matches
287,Lázaro,br BRA,"FW,MF",Almería,21,2002,3.2,100,87,12,4,1,2,12,3,5,3,2,0,69,1,4,Matches
288,Robin Le Normand,es ESP,DF,Real Sociedad,26,1996,27.4,1765,1712,51,34,0,11,1,0,0,0,0,0,1562,2,9,Matches
289,Jeremías Ledesma,ar ARG,GK,Cádiz,30,1993,33.9,1186,734,447,163,0,1,0,0,0,0,0,0,689,5,5,Matches
290,Florian Lejeune,fr FRA,DF,Rayo Vallecano,32,1991,37.0,2031,1850,167,117,1,35,7,4,1,1,0,0,1636,14,13,Matches
291,Stefan Lekovic,rs SRB,DF,Villarreal,19,2004,0.3,14,14,0,0,0,0,0,0,0,0,0,0,12,0,0,Matches
292,Iñigo Lekue,es ESP,DF,Athletic Club,30,1993,22.2,1273,1036,233,23,2,4,37,207,0,0,0,0,1012,4,29,Matches
293,Thomas Lemar,fr FRA,MF,Atlético Madrid,27,1995,1.8,84,81,3,0,1,0,6,1,2,2,0,0,71,0,0,Matches
294,Álvaro Lemos,es ESP,DF,Las Palmas,30,1993,2.8,185,146,39,4,0,1,5,35,0,0,0,0,145,0,6,Matches
295,Ruben Lendinez,es ESP,DF,Valencia,20,2003,0.1,6,6,0,0,0,0,0,0,0,0,0,0,6,0,0,Matches
296,Robert Lewandowski,pl POL,FW,Barcelona,34,1988,30.6,592,569,16,2,9,5,18,1,0,0,0,0,416,7,23,Matches
297,Samuel Lino,br BRA,"DF,MF",Atlético Madrid,23,1999,23.1,1015,961,48,4,5,8,41,42,2,0,0,0,816,6,35,Matches
298,Javier Llabrés,es ESP,"MF,FW",Mallorca,20,2002,2.7,97,91,6,0,0,0,20,1,5,2,3,0,64,0,3,Matches
299,Marcos Llorente,es ESP,"MF,DF",Atlético Madrid,28,1995,28.5,1219,1135,80,1,1,3,70,79,0,0,0,0,974,4,46,Matches
300,Enzo Loiodice,fr FRA,MF,Las Palmas,22,2000,19.9,1129,1096,29,9,8,6,23,2,13,7,4,0,935,4,29,Matches
301,David López,es ESP,DF,Girona,33,1989,21.8,1582,1499,81,33,0,3,0,2,0,0,0,0,1468,2,4,Matches
302,Diego López,es ESP,"MF,FW",Valencia,21,2002,29.5,791,761,27,2,4,3,65,17,0,0,0,0,512,3,42,Matches
303,Fermin López,es ESP,"MF,FW",Barcelona,20,2003,16.1,631,614,12,1,3,10,17,3,0,0,0,0,522,5,20,Matches
304,Javi López,es ESP,DF,Alavés,21,2002,26.5,1129,865,258,14,2,12,105,244,0,0,0,0,775,6,47,Matches
305,Unai López,es ESP,MF,Rayo Vallecano,27,1995,23.4,1462,1340,109,53,3,18,73,10,43,22,8,1,1184,13,19,Matches
306,Dion Lopy,sn SEN,MF,Almería,21,2002,21.3,882,855,25,18,2,15,7,7,0,0,0,0,745,2,11,Matches
307,Anthony Lozano,hn HON,"MF,FW",Getafe,30,1993,1.0,16,16,0,0,0,0,1,0,0,0,0,0,10,0,1,Matches
308,Anthony Lozano,hn HON,FW,Almería,30,1993,8.6,136,120,15,0,0,0,4,0,0,0,0,0,98,1,4,Matches
309,Lucas,br BRA,DF,Cádiz,22,2001,17.1,807,632,169,14,2,4,72,145,10,6,2,0,595,6,14,Matches
310,José Luis Gayà,es ESP,DF,Valencia,28,1995,19.9,1062,851,206,24,1,11,82,182,0,0,0,0,801,5,28,Matches
311,José Luis Morales,es ESP,"FW,MF",Villarreal,36,1987,11.6,214,204,7,0,1,2,10,0,0,0,0,0,154,3,9,Matches
312,Dodi Lukebakio,be BEL,"FW,MF",Sevilla,25,1997,12.5,351,337,11,4,1,4,36,2,2,1,1,0,269,3,16,Matches
313,Andriy Lunin,ua UKR,GK,Real Madrid,24,1999,21.0,666,531,133,17,0,1,0,0,0,0,0,0,580,2,2,Matches
314,Darwin Machís,ve VEN,MF,Cádiz,30,1993,8.7,290,253,36,10,0,6,64,6,20,12,3,0,177,1,16,Matches
315,Pablo Maffeo,es ESP,DF,Mallorca,26,1997,16.2,603,482,119,2,2,2,67,116,1,0,0,0,374,2,20,Matches
316,Jon Magunazelaia,es ESP,"FW,MF",Real Sociedad,22,2001,1.3,45,45,0,0,0,0,3,0,0,0,0,0,30,0,3,Matches
317,Nemanja Maksimović,rs SRB,MF,Getafe,28,1995,36.3,1036,969,63,19,1,3,5,5,0,0,0,0,844,4,16,Matches
318,Giorgi Mamardashvili,ge GEO,GK,Valencia,22,2000,36.5,1111,714,395,150,0,0,0,0,0,0,0,0,589,2,1,Matches
319,Wilson Manafá,pt POR,"DF,MF",Granada,29,1994,2.7,135,106,29,0,1,1,8,29,0,0,0,0,104,0,3,Matches
320,Reinildo Mandava,mz MOZ,DF,Atlético Madrid,29,1994,8.1,414,360,53,7,0,2,6,46,0,0,0,0,353,1,6,Matches
321,Aïssa Mandi,dz ALG,DF,Villarreal,31,1991,12.4,734,688,45,24,2,3,0,4,0,0,0,0,671,1,4,Matches
322,Javier Manquillo,es ESP,"DF,MF",Celta Vigo,29,1994,8.3,436,360,76,6,1,0,5,70,0,0,0,0,357,0,9,Matches
323,Faitout Maouassa,fr FRA,"DF,MF",Granada,25,1998,2.5,97,67,30,5,0,1,20,19,6,6,0,0,58,0,6,Matches
324,Marcão,br BRA,DF,Sevilla,27,1996,3.9,199,190,6,5,0,0,0,1,0,0,0,0,176,3,1,Matches
325,Óscar de Marcos,es ESP,DF,Athletic Club,34,1989,25.1,1566,1262,298,30,1,3,121,267,1,1,0,0,1243,6,33,Matches
326,Alberto Marí,es ESP,FW,Valencia,22,2001,3.1,61,56,5,0,0,0,2,0,0,0,0,0,38,0,6,Matches
327,José Mari,es ESP,"MF,FW",Cádiz,35,1987,0.2,21,18,2,2,0,0,0,0,0,0,0,0,16,1,1,Matches
328,José María Giménez,uy URU,DF,Atlético Madrid,28,1995,14.7,653,626,25,21,0,12,1,0,0,0,0,0,562,2,6,Matches
329,Mariano,do DOM,"FW,MF",Sevilla,29,1993,2.7,53,46,7,0,1,1,1,1,0,0,0,0,37,0,2,Matches
330,Rafa Marín,es ESP,DF,Alavés,21,2002,27.1,1025,962,60,54,0,23,1,3,0,0,0,0,846,3,7,Matches
331,Diego Mariño,es ESP,GK,Almería,33,1990,1.0,27,25,2,0,0,0,0,0,0,0,0,0,23,0,0,Matches
332,Mika Mármol,es ESP,DF,Las Palmas,22,2001,35.3,2586,2368,211,95,1,7,5,36,0,0,0,0,2282,7,20,Matches
333,Unai Marrero,es ESP,GK,Real Sociedad,21,2001,1.6,45,22,23,15,0,0,0,0,0,0,0,0,28,0,1,Matches
334,Roger Martí,es ESP,FW,Cádiz,32,1991,15.1,344,313,28,1,3,2,9,0,0,0,0,0,225,3,15,Matches
335,Iván Martín,es ESP,MF,Girona,24,1999,30.3,1628,1583,37,20,2,4,10,6,0,0,0,0,1487,8,19,Matches
336,Jon Martin,es ESP,DF,Real Sociedad,17,2006,0.3,7,7,0,0,0,1,0,0,0,0,0,0,5,0,0,Matches
337,Mario Martín,es ESP,MF,Real Madrid,19,2004,0.2,15,14,1,1,0,0,0,0,0,0,0,0,12,0,0,Matches
338,Arnau Martinez,es ESP,DF,Girona,20,2003,13.8,834,731,101,25,2,3,7,76,0,0,0,0,751,2,8,Matches
339,Iñigo Martínez,es ESP,DF,Barcelona,32,1991,14.4,1132,1092,37,22,3,22,3,8,0,0,0,0,1001,3,4,Matches
340,Marc Martínez,es ESP,GK,Granada,33,1990,3.0,98,64,34,10,0,0,0,0,0,0,0,0,75,0,0,Matches
341,Marvin,es ESP,"FW,DF",Las Palmas,23,2000,20.6,774,723,49,5,0,1,91,43,1,0,1,0,557,2,36,Matches
342,Omar Mascarell,gq EQG,MF,Mallorca,30,1993,17.5,779,766,13,12,2,12,4,1,0,0,0,0,638,0,13,Matches
343,Jaime Mata,es ESP,"FW,MF",Getafe,34,1988,19.9,521,502,17,1,0,1,39,8,1,0,0,0,340,2,21,Matches
344,Luís Maximiano,pt POR,GK,Almería,24,1999,33.0,1266,862,397,133,0,1,0,0,0,0,0,0,833,7,0,Matches
345,Borja Mayoral,es ESP,FW,Getafe,26,1997,23.9,558,530,26,0,0,8,22,1,1,0,0,0,422,2,26,Matches
346,Mamadou Mbaye,sn SEN,DF,Cádiz,25,1998,3.2,84,80,3,3,0,0,0,0,0,0,0,0,47,1,1,Matches
347,Hannibal Mejbri,tn TUN,MF,Sevilla,20,2003,1.2,50,49,1,1,0,1,2,0,0,0,0,0,41,0,0,Matches
348,Óscar Melendo,es ESP,"MF,FW",Granada,25,1997,12.5,409,398,8,4,6,3,9,2,2,0,2,0,328,3,9,Matches
349,Gonzalo Melero,es ESP,"MF,FW",Almería,29,1994,12.3,465,443,20,10,0,0,4,3,0,0,0,0,381,2,5,Matches
350,Memphis,nl NED,FW,Atlético Madrid,29,1994,9.9,264,238,23,4,3,4,12,2,7,2,3,0,195,3,10,Matches
351,Houboulang Mendes,gw GNB,DF,Almería,25,1998,4.4,177,114,61,8,0,1,4,53,0,0,0,0,129,2,3,Matches
352,Tomás Mendes,es ESP,MF,Alavés,18,2004,0.1,6,6,0,0,0,0,0,0,0,0,0,0,4,0,0,Matches
353,Brais Méndez,es ESP,"MF,FW",Real Sociedad,26,1997,26.8,1244,1092,145,80,10,10,104,4,49,21,19,0,942,7,35,Matches
354,Bruno Méndez,uy URU,DF,Granada,23,1999,14.8,636,536,94,13,1,3,8,79,0,0,0,0,452,6,10,Matches
355,Diego Méndez,es ESP,MF,Rayo Vallecano,19,2003,0.1,2,2,0,0,0,0,0,0,0,0,0,0,2,0,0,Matches
356,Ferland Mendy,fr FRA,DF,Real Madrid,28,1995,19.1,1275,1127,148,12,0,4,5,136,0,0,0,0,1201,0,8,Matches
357,Jorge Meré,es ESP,DF,Cádiz,26,1997,7.5,233,221,8,5,0,0,1,3,0,0,0,0,166,4,2,Matches
358,Mikel Merino,es ESP,MF,Real Sociedad,27,1996,27.6,1413,1387,15,12,7,13,19,3,0,0,0,0,1076,11,24,Matches
359,Omenuke Mfulu,cd COD,"MF,FW",Las Palmas,29,1994,0.9,60,59,1,1,0,0,0,0,0,0,0,0,53,0,1,Matches
360,Miguel,es ESP,"FW,MF",Alavés,23,1999,0.7,15,12,3,0,0,0,0,0,0,0,0,0,7,0,1,Matches
361,Éder Militão,br BRA,DF,Real Madrid,25,1998,5.5,329,308,20,10,0,8,1,1,0,0,0,0,297,1,2,Matches
362,Luis Milla,es ESP,MF,Getafe,28,1994,23.5,1273,1101,165,93,1,40,102,3,65,30,24,0,1011,7,17,Matches
363,Marko Milovanović,rs SRB,"FW,MF",Almería,19,2003,3.4,68,64,4,0,0,0,1,0,0,0,0,0,43,0,2,Matches
364,Óscar Mingueza,es ESP,"DF,MF",Celta Vigo,24,1999,33.3,1967,1640,317,57,9,7,148,237,19,2,12,0,1478,10,50,Matches
365,Ignasi Miquel,es ESP,DF,Granada,30,1992,33.2,1549,1462,82,68,2,7,3,4,0,0,0,0,1265,5,11,Matches
366,Rafa Mir,es ESP,"FW,MF",Sevilla,26,1997,4.3,88,83,4,0,0,2,2,0,0,0,0,0,61,1,5,Matches
367,Juan Miranda,es ESP,DF,Betis,23,2000,20.6,1166,934,226,43,0,7,62,178,5,0,3,0,913,6,19,Matches
368,Stefan Mitrović,rs SRB,DF,Getafe,33,1990,7.8,251,223,28,24,1,1,0,0,0,0,0,0,191,0,0,Matches
369,Luka Modrić,hr CRO,MF,Real Madrid,37,1985,18.8,1669,1506,156,67,6,27,90,9,69,15,38,0,1452,7,23,Matches
370,Johan Mojica,co COL,DF,Osasuna,30,1992,22.7,1193,1001,186,18,1,12,116,167,1,0,0,0,865,6,57,Matches
371,Alberto Moleiro,es ESP,"FW,MF",Las Palmas,19,2003,20.0,735,709,22,1,11,0,27,8,9,4,2,0,581,4,37,Matches
372,Nahuel Molina,ar ARG,DF,Atlético Madrid,25,1998,20.6,1304,1074,219,16,1,11,87,188,15,6,9,0,957,11,37,Matches
373,Jon Moncayola,es ESP,MF,Osasuna,25,1998,20.0,1025,948,74,26,0,12,90,8,40,19,20,0,786,3,16,Matches
374,César Montes,mx MEX,DF,Almería,26,1997,19.9,973,927,39,36,1,16,3,0,0,0,0,0,750,7,4,Matches
375,Álvaro Morata,es ESP,FW,Atlético Madrid,30,1992,21.2,384,357,25,0,0,4,10,0,0,0,0,0,267,2,16,Matches
376,Alberto Moreno,es ESP,DF,Villarreal,31,1992,16.5,733,628,100,13,0,11,49,85,2,1,1,0,586,5,14,Matches
377,Gerard Moreno,es ESP,FW,Villarreal,31,1992,24.6,1001,934,62,5,10,10,27,6,0,0,0,0,779,5,49,Matches
378,Jorge Moreno,es ESP,DF,Osasuna,22,2001,0.2,7,7,0,0,0,0,1,0,0,0,0,0,2,0,0,Matches
379,Ilaix Moriba,gn GUI,"MF,FW",Getafe,20,2003,6.7,204,201,3,2,1,1,2,1,0,0,0,0,150,0,7,Matches
380,Manu Morlanes,es ESP,MF,Mallorca,24,1999,17.9,809,786,15,7,6,8,17,3,1,0,1,0,669,8,10,Matches
381,Cristhian Mosquera,es ESP,DF,Valencia,19,2004,34.2,1646,1561,82,54,0,6,1,18,0,0,0,0,1454,3,13,Matches
382,Yerson Mosquera,co COL,DF,Villarreal,22,2001,13.7,734,659,74,30,1,4,7,28,0,0,0,0,628,1,13,Matches
383,Abdul Mumin,gh GHA,DF,Rayo Vallecano,25,1998,18.8,773,743,28,26,0,7,2,2,0,0,0,0,617,2,3,Matches
384,Iker Muniain,es ESP,"MF,FW",Athletic Club,30,1992,6.6,410,360,50,17,4,1,31,1,26,6,14,0,345,0,4,Matches
385,Aihen Muñoz,es ESP,DF,Real Sociedad,25,1997,12.5,702,524,175,11,0,1,29,164,0,0,0,0,504,3,19,Matches
386,Iker Muñoz,es ESP,MF,Osasuna,20,2002,20.6,991,966,18,17,0,10,13,1,0,0,0,0,739,7,12,Matches
387,Javier Muñoz,es ESP,MF,Las Palmas,28,1995,29.3,1285,1251,29,8,5,7,47,7,13,4,4,1,1018,5,37,Matches
388,Vedat Muriqi,xk KVX,FW,Mallorca,29,1994,25.9,660,642,8,1,5,4,11,0,0,0,0,0,411,10,24,Matches
389,Nacho,es ESP,DF,Real Madrid,33,1990,19.4,1281,1191,89,41,0,5,3,10,0,0,0,0,1183,1,4,Matches
390,Matija Nastasić,rs SRB,DF,Mallorca,30,1993,25.1,992,954,33,29,0,3,5,1,0,0,0,0,788,5,3,Matches
391,Roberto Navarro,es ESP,"MF,FW",Cádiz,21,2002,21.0,737,672,59,9,2,0,96,6,43,20,17,0,531,6,25,Matches
392,Jesús Navas,es ESP,DF,Sevilla,37,1985,22.3,1270,1067,192,16,1,9,143,176,0,0,0,0,922,11,39,Matches
393,Álvaro Negredo,es ESP,"FW,MF",Cádiz,37,1985,0.6,22,17,3,0,0,0,2,1,0,0,0,0,10,2,1,Matches
394,Carlos Neva,es ESP,DF,Granada,27,1996,35.0,1701,1295,401,52,0,4,83,349,0,0,0,0,1291,5,66,Matches
395,Tanguy Nianzou,fr FRA,DF,Sevilla,21,2002,3.5,156,147,8,4,0,2,0,4,0,0,0,0,137,1,1,Matches
396,Saúl Ñíguez,es ESP,MF,Atlético Madrid,28,1994,15.3,682,662,16,11,2,3,16,3,0,0,0,0,549,4,10,Matches
397,Peru Nolaskoain,es ESP,"DF,MF",Athletic Club,24,1998,0.1,8,8,0,0,0,0,0,0,0,0,0,0,5,0,0,Matches
398,Randy Nteka,ao ANG,"FW,MF",Rayo Vallecano,25,1997,6.4,180,171,6,0,1,1,3,1,0,0,0,0,129,3,6,Matches
399,Unai Núñez,es ESP,DF,Celta Vigo,26,1997,31.1,1635,1547,86,82,2,35,1,4,0,0,0,0,1303,2,15,Matches
400,Ørjan Nyland,no NOR,GK,Sevilla,32,1990,24.0,787,497,287,86,0,2,0,0,0,0,0,0,486,3,0,Matches
401,Jan Oblak,si SVN,GK,Atlético Madrid,30,1993,38.0,1025,675,348,65,1,0,0,0,0,0,0,0,773,2,0,Matches
402,Brian Ocampo,uy URU,"MF,FW",Cádiz,24,1999,2.8,132,118,14,1,1,3,19,6,7,3,3,0,83,0,3,Matches
403,Lucas Ocampos,ar ARG,"FW,MF",Sevilla,29,1994,31.9,1247,1112,131,5,2,19,120,124,1,0,1,0,837,4,51,Matches
404,Álvaro Odriozola,es ESP,DF,Real Sociedad,27,1995,4.4,244,196,48,2,0,1,10,46,0,0,0,0,212,0,7,Matches
405,Aingeru Olabarrieta,es ESP,FW,Athletic Club,17,2005,0.1,5,5,0,0,0,0,2,0,0,0,0,0,2,0,2,Matches
406,Olasagasti,es ESP,MF,Real Sociedad,22,2000,4.0,172,166,3,2,1,3,1,0,1,0,1,0,127,3,7,Matches
407,Samu Omorodion,es ESP,FW,Alavés,19,2004,21.3,322,278,43,1,1,1,2,3,0,0,0,0,232,1,8,Matches
408,Samu Omorodion,es ESP,FW,Granada,19,2004,0.9,15,13,2,0,0,0,0,0,0,0,0,0,10,0,1,Matches
409,Aimar Oroz,es ESP,MF,Osasuna,21,2001,26.0,1035,986,43,5,3,3,11,7,1,1,0,0,839,6,35,Matches
410,Eneko Ortiz,es ESP,DF,Alavés,20,2003,0.2,4,2,2,0,0,0,1,2,0,0,0,0,3,0,1,Matches
411,Asier Osambela,es ESP,MF,Osasuna,19,2004,0.1,5,5,0,0,0,0,0,0,0,0,0,0,2,0,0,Matches
412,Milutin Osmajić,me MNE,MF,Cádiz,24,1999,0.1,3,3,0,0,0,0,0,0,0,0,0,0,2,0,1,Matches
413,Aiham Ousou,sy SYR,DF,Cádiz,23,2000,4.8,181,174,6,5,1,2,0,1,0,0,0,0,142,1,2,Matches
414,Jesús Owono,gq EQG,GK,Alavés,22,2001,4.0,119,75,44,13,0,0,0,0,0,0,0,0,77,0,0,Matches
415,Mikel Oyarzabal,es ESP,"FW,MF",Real Sociedad,26,1997,24.0,507,476,27,3,2,2,10,1,0,0,0,0,373,4,17,Matches
416,Cenk Özkacar,tr TUR,DF,Valencia,22,2000,17.8,860,810,48,25,1,9,6,21,0,0,0,0,698,2,15,Matches
417,Jon Pacheco,es ESP,DF,Real Sociedad,22,2001,17.0,1173,1113,54,44,1,13,1,2,0,0,0,0,1019,6,2,Matches
418,Isaac Palazón Camacho,es ESP,"MF,FW",Rayo Vallecano,28,1994,31.0,1203,1046,146,50,8,12,131,6,83,37,28,1,825,11,31,Matches
419,Joaquín Panichelli,ar ARG,"FW,MF",Alavés,20,2002,2.5,46,43,2,0,0,1,0,1,0,0,0,0,29,1,3,Matches
420,Sokratis Papastathopoulos,gr GRE,DF,Betis,35,1988,12.6,574,547,27,26,0,0,0,1,0,0,0,0,507,0,3,Matches
421,Victor Parada,es ESP,"FW,MF",Alavés,21,2002,0.0,0,0,0,0,0,0,0,0,0,0,0,0,0,0,0,Matches
422,Aitor Paredes,es ESP,DF,Athletic Club,23,2000,30.0,1556,1507,47,39,2,11,1,2,0,0,0,0,1331,2,7,Matches
423,Daniel Parejo,es ESP,MF,Villarreal,34,1989,28.7,1847,1668,166,114,5,13,57,2,48,24,14,1,1624,13,22,Matches
424,Pascu,es ESP,FW,Villarreal,20,2003,0.2,5,5,0,0,0,0,0,0,0,0,0,0,4,0,0,Matches
425,Gabriel Paulista,br BRA,DF,Atlético Madrid,32,1990,4.5,274,268,5,4,0,1,0,0,0,0,0,0,240,1,0,Matches
426,Gabriel Paulista,br BRA,DF,Valencia,32,1990,15.5,816,771,41,37,2,10,0,0,0,0,0,0,699,4,2,Matches
427,Nicolás Paz,ar ARG,"MF,FW",Real Madrid,18,2004,0.3,24,23,1,0,0,0,1,0,1,1,0,0,18,0,0,Matches
428,Alfonso Pedraza,es ESP,DF,Villarreal,27,1996,12.4,598,482,113,13,2,7,58,100,0,0,0,0,459,3,25,Matches
429,Pedri,es ESP,"MF,FW",Barcelona,20,2002,16.4,1189,1138,44,23,11,5,9,8,3,0,2,0,1035,7,23,Matches
430,Adrià Pedrosa,es ESP,DF,Sevilla,25,1998,19.5,931,747,179,18,2,3,111,151,10,6,1,0,681,5,28,Matches
431,Pejiño,es ESP,FW,Las Palmas,27,1996,5.6,232,213,18,1,1,4,31,4,13,8,3,0,166,1,6,Matches
432,Facundo Pellistri,uy URU,"MF,FW",Granada,21,2001,13.7,305,287,15,1,1,0,30,10,4,0,1,0,213,3,23,Matches
433,Iñaki Peña,es ESP,GK,Barcelona,24,1999,10.0,297,230,67,19,0,0,0,0,0,0,0,0,259,0,0,Matches
434,Marcos Peña,es ESP,MF,Almería,18,2005,4.9,217,209,8,8,0,0,0,0,0,0,0,0,188,0,2,Matches
435,Rubén Peña,es ESP,"DF,FW",Osasuna,32,1991,23.2,955,785,162,5,2,3,111,149,4,3,1,0,626,8,38,Matches
436,Alberto Perea,es ESP,"MF,FW",Granada,32,1990,0.0,7,5,2,2,0,0,1,0,0,0,0,0,6,0,0,Matches
437,Ayoze Pérez,es ESP,FW,Betis,30,1993,25.5,738,721,13,1,5,4,19,5,0,0,0,0,572,4,44,Matches
438,Carles Pérez,es ESP,"MF,DF",Celta Vigo,25,1998,8.6,259,253,5,0,3,1,17,5,0,0,0,0,201,1,8,Matches
439,Francisco Perez,es ESP,"MF,FW",Valencia,20,2002,22.8,584,574,10,2,3,1,50,5,3,0,0,0,436,0,28,Matches
440,Kike Pérez,es ESP,"MF,FW",Rayo Vallecano,26,1997,9.3,368,341,24,7,6,7,18,5,4,1,2,0,279,3,7,Matches
441,Máximo Perrone,ar ARG,MF,Las Palmas,20,2003,18.0,1311,1278,29,28,4,1,0,0,0,0,0,0,1181,4,11,Matches
442,Njegoš Petrović,rs SRB,"MF,FW",Granada,24,1999,1.7,81,78,2,1,0,0,1,1,0,0,0,0,67,1,1,Matches
443,Germán Pezzella,ar ARG,DF,Betis,32,1991,30.7,1485,1413,72,68,1,6,2,3,0,0,0,0,1277,0,3,Matches
444,Kamil Piątkowski,pl POL,DF,Granada,23,2000,5.6,230,225,4,3,0,2,2,1,0,0,0,0,197,1,1,Matches
445,Yeremi Pino,es ESP,"MF,FW",Villarreal,20,2002,5.3,171,164,5,1,2,0,7,4,0,0,0,0,137,2,1,Matches
446,Portu,es ESP,FW,Getafe,31,1992,1.1,23,21,2,1,0,0,2,0,1,0,1,0,17,0,2,Matches
447,Portu,es ESP,"MF,FW",Girona,31,1992,13.2,308,291,14,1,4,0,19,0,2,0,2,0,232,3,15,Matches
448,José Pozo,es ESP,MF,Rayo Vallecano,27,1996,0.2,11,11,0,0,0,0,0,0,0,0,0,0,11,0,0,Matches
449,Alejandro Pozo Pozo,es ESP,"DF,MF",Almería,24,1999,10.8,598,481,112,9,1,1,41,103,0,0,0,0,443,5,20,Matches
450,Beñat Prados,es ESP,"MF,DF",Athletic Club,22,2001,16.1,811,771,34,20,5,3,10,13,0,0,0,0,667,6,9,Matches
451,Abdón Prats,es ESP,"FW,MF",Mallorca,30,1992,14.1,240,228,11,2,5,3,8,0,2,1,1,0,132,1,14,Matches
452,Marc Pubill,es ESP,DF,Almería,20,2003,20.9,958,743,213,26,0,3,68,187,0,0,0,0,686,2,32,Matches
453,Antonio Puertas,es ESP,"MF,FW",Granada,31,1992,8.1,214,200,12,0,2,1,20,7,0,0,0,0,154,2,6,Matches
454,Arnau Puigmal,es ESP,"FW,DF",Almería,22,2001,2.8,93,80,13,2,0,0,14,5,5,3,2,0,65,0,3,Matches
455,Nemanja Radonjić,rs SRB,"MF,DF",Mallorca,27,1996,3.9,119,107,12,0,0,1,20,3,6,0,6,0,78,0,3,Matches
456,Aleksandar Radovanović,rs SRB,DF,Almería,29,1993,6.3,197,190,6,3,0,4,0,0,0,0,0,0,181,1,0,Matches
457,Abdellah Raihani,ma MAR,FW,Atlético Madrid,19,2004,0.1,0,0,0,0,0,0,0,0,0,0,0,0,0,0,0,Matches
458,Antonio Raillo,es ESP,DF,Mallorca,31,1991,24.4,1159,1084,72,57,0,3,2,0,0,0,0,0,990,3,6,Matches
459,Predrag Rajković,rs SRB,GK,Mallorca,27,1995,36.0,1249,820,426,126,0,2,0,0,0,0,0,0,735,3,0,Matches
460,Ivan Rakitić,hr CRO,MF,Sevilla,35,1988,15.8,1095,912,175,71,2,32,131,22,82,24,39,0,821,8,19,Matches
461,Largie Ramazani,be BEL,"FW,MF",Almería,22,2001,17.3,340,331,7,1,4,2,32,3,1,1,0,0,203,2,17,Matches
462,Benito Ramírez,es ESP,"FW,MF",Las Palmas,28,1995,4.3,196,170,26,6,1,0,33,12,8,3,4,0,136,0,12,Matches
463,Sandro Ramírez,es ESP,FW,Las Palmas,28,1995,20.1,690,574,111,12,1,4,89,3,69,18,34,0,516,5,24,Matches
464,Chris Ramos,es ESP,"FW,MF",Cádiz,26,1997,29.0,486,469,13,0,0,0,12,3,0,0,0,0,274,4,9,Matches
465,Sergio Ramos,es ESP,DF,Sevilla,37,1986,28.0,1524,1470,52,46,1,31,2,5,0,0,0,0,1356,2,3,Matches
466,Raphinha,br BRA,"FW,MF",Barcelona,26,1996,15.2,693,600,88,18,6,11,82,19,50,20,19,0,522,5,16,Matches
467,Andrei Ratiu,ro ROU,"DF,MF",Rayo Vallecano,25,1998,7.0,313,253,60,4,0,1,18,56,0,0,0,0,245,0,14,Matches
468,Raúl,es ESP,FW,Osasuna,22,2000,15.1,306,285,18,1,1,0,6,2,0,0,0,0,191,3,11,Matches
469,Abde Rebbach,dz ALG,"FW,MF",Alavés,24,1998,8.0,225,179,44,3,0,1,63,12,28,10,8,2,124,2,18,Matches
470,Pepe Reina,es ESP,GK,Villarreal,40,1982,2.0,69,55,14,3,0,0,0,0,0,0,0,0,57,0,0,Matches
471,Álex Remiro,es ESP,GK,Real Sociedad,28,1995,36.4,1258,977,276,113,0,1,0,0,0,0,0,0,965,5,0,Matches
472,Chadi Riad,ma MAR,DF,Betis,20,2003,24.0,1198,1166,31,29,0,1,0,2,0,0,0,0,1074,1,9,Matches
473,Diego Rico,es ESP,DF,Getafe,30,1993,28.2,1495,1150,335,24,2,28,130,311,0,0,0,0,993,10,49,Matches
474,Luis Rioja,es ESP,"FW,MF",Alavés,29,1993,27.8,855,757,91,22,2,4,174,16,53,12,22,2,551,7,51,Matches
475,Rodrigo Riquelme,es ESP,"DF,MF",Atlético Madrid,23,2000,17.0,673,612,59,14,1,4,65,30,14,7,4,0,501,2,27,Matches
476,Alberto Risco,es ESP,MF,Getafe,17,2005,1.5,47,44,3,0,0,0,1,3,0,0,0,0,39,0,1,Matches
477,Mihailo Ristić,rs SRB,"DF,MF",Celta Vigo,27,1995,9.0,513,408,103,15,0,4,39,83,4,0,4,0,371,2,17,Matches
478,Gorka Rivera Alonso,es ESP,DF,Getafe,18,2004,0.0,6,5,1,0,0,0,0,1,0,0,0,0,4,0,0,Matches
479,Sergi Roberto,es ESP,"MF,DF",Barcelona,31,1992,9.6,654,621,30,11,0,0,9,11,0,0,0,0,582,3,10,Matches
480,Lucas Robertone,ar ARG,MF,Almería,26,1997,26.5,1363,1250,105,58,10,12,67,8,30,7,18,0,1107,8,18,Matches
481,Marc Roca,es ESP,MF,Betis,26,1996,22.0,1193,1118,69,59,1,14,25,4,6,2,2,0,997,6,13,Matches
482,Sergio Rodelas,es ESP,"FW,DF",Granada,18,2004,1.4,33,30,2,0,0,0,4,2,0,0,0,0,27,1,1,Matches
483,Rodri,es ESP,"FW,MF",Betis,23,2000,11.7,570,544,23,5,6,1,36,13,5,5,0,0,449,3,21,Matches
484,Álvaro Rodríguez,uy URU,FW,Real Madrid,19,2004,0.0,0,0,0,0,0,0,0,0,0,0,0,0,0,0,0,Matches
485,Óscar Rodríguez Arnaiz,es ESP,"MF,FW",Getafe,25,1998,10.7,442,418,23,6,3,8,17,3,11,3,4,0,333,1,15,Matches
486,Damián Rodríguez,es ESP,MF,Celta Vigo,20,2003,2.9,213,196,17,7,0,0,9,0,10,4,2,0,191,0,2,Matches
487,Dani Rodríguez,es ESP,MF,Mallorca,35,1988,29.1,1010,827,170,53,9,8,169,9,90,29,37,5,693,13,18,Matches
488,Guido Rodríguez,ar ARG,MF,Betis,29,1994,20.5,1042,998,41,40,1,21,6,1,0,0,0,0,888,3,19,Matches
489,Kirian Rodríguez,es ESP,MF,Las Palmas,27,1996,35.7,3062,2929,114,101,16,10,26,4,6,1,0,0,2705,19,29,Matches
490,Miguel Rodríguez,es ESP,MF,Celta Vigo,20,2003,3.3,116,101,12,3,0,1,11,7,2,1,0,0,82,3,2,Matches
491,Rodrygo,br BRA,FW,Real Madrid,22,2001,26.4,1007,961,42,6,3,1,32,10,13,1,6,0,883,4,17,Matches
492,Carlos Romero,es ESP,DF,Villarreal,21,2001,2.9,164,130,33,0,0,1,11,33,0,0,0,0,113,1,9,Matches
493,Isaac Romero,es ESP,FW,Sevilla,23,2000,11.5,209,187,17,0,1,1,12,0,0,0,0,0,146,5,11,Matches
494,Luka Romero,ar ARG,FW,Almería,18,2004,4.9,148,145,3,2,0,0,2,1,0,0,0,0,137,0,0,Matches
495,Oriol Romeu,es ESP,MF,Barcelona,31,1991,10.4,806,793,13,12,4,7,6,1,0,0,0,0,717,0,9,Matches
496,Unai Ropero,es ESP,MF,Alavés,21,2001,0.1,5,3,1,0,0,0,0,0,1,0,0,0,4,1,0,Matches
497,Vitor Roque,br BRA,FW,Barcelona,18,2005,3.6,67,65,1,0,0,0,2,0,0,0,0,0,49,1,6,Matches
498,Antonio Rüdiger,de GER,DF,Real Madrid,30,1993,30.1,1815,1761,50,30,3,10,4,9,0,0,0,0,1630,4,9,Matches
499,Javier Rueda Garcia,es ESP,"MF,DF",Celta Vigo,21,2002,0.2,16,13,3,0,0,0,0,3,0,0,0,0,14,0,0,Matches
500,Aitor Ruibal,es ESP,"DF,FW",Betis,27,1996,11.3,586,490,95,11,0,4,28,84,0,0,0,0,445,1,27,Matches
501,Sergio Ruiz,es ESP,MF,Granada,28,1994,27.7,1283,1231,46,35,3,11,17,3,6,2,2,0,1080,6,19,Matches
502,Youssouf Sabaly,sn SEN,DF,Betis,30,1993,11.6,656,561,92,6,0,0,27,86,0,0,0,0,540,3,17,Matches
503,Umar Sadiq,ng NGA,FW,Real Sociedad,26,1997,12.0,192,176,16,0,0,1,12,0,0,0,0,0,131,0,10,Matches
504,Pablo Saenz,es ESP,MF,Granada,22,2001,0.2,7,7,0,0,0,0,1,0,0,0,0,0,5,0,1,Matches
505,Kike Salas,es ESP,DF,Sevilla,21,2002,17.8,1009,951,54,23,2,4,7,31,0,0,0,0,794,4,13,Matches
506,Salvi,es ESP,MF,Rayo Vallecano,32,1991,0.3,12,12,0,0,0,0,0,0,0,0,0,0,10,0,0,Matches
507,Diadie Samassékou,ml MLI,MF,Cádiz,27,1996,1.0,47,46,1,1,0,1,0,0,0,0,0,0,45,0,0,Matches
508,Fede San Emeterio,es ESP,MF,Cádiz,26,1997,1.7,52,50,1,1,0,0,1,0,0,0,0,0,43,1,1,Matches
509,Oihan Sancet,es ESP,MF,Athletic Club,23,2000,21.9,802,783,13,1,9,0,30,0,0,0,0,0,641,6,21,Matches
510,Ricard Sánchez,es ESP,DF,Granada,23,2000,25.5,1091,839,247,17,3,6,82,226,4,1,2,0,820,5,33,Matches
511,Antonio Sánchez,es ESP,MF,Mallorca,26,1997,16.1,545,511,25,5,1,2,36,10,2,1,1,0,378,9,34,Matches
512,Juanlu Sánchez,es ESP,DF,Sevilla,19,2003,13.1,730,605,125,8,0,1,61,117,0,0,0,0,577,0,24,Matches
513,Manu Sánchez,es ESP,"DF,MF",Celta Vigo,22,2000,19.7,866,678,186,13,0,1,57,169,4,3,1,0,656,2,38,Matches
514,Yellu Santiago,es ESP,MF,Getafe,19,2004,7.3,189,184,4,3,0,1,4,0,1,0,0,0,144,1,8,Matches
515,Paco Sanz,es ESP,DF,Almería,18,2004,0.3,10,10,0,0,0,0,0,0,0,0,0,0,7,0,0,Matches
516,Stefan Savić,me MNE,DF,Atlético Madrid,32,1991,18.1,989,941,40,33,3,8,3,7,0,0,0,0,820,8,7,Matches
517,Sávio,br BRA,"FW,MF",Girona,19,2004,33.1,1064,1042,17,2,1,9,120,11,4,3,0,0,812,5,42,Matches
518,Aleksandar Sedlar,rs SRB,DF,Alavés,31,1991,10.5,405,387,17,11,0,1,0,1,0,0,0,0,343,1,1,Matches
519,André Silva,pt POR,FW,Real Sociedad,27,1995,8.1,165,143,20,0,1,0,0,3,0,0,0,0,134,2,8,Matches
520,Rui Silva,pt POR,GK,Betis,29,1994,27.5,958,671,284,101,0,0,0,0,0,0,0,0,669,3,0,Matches
521,Giuliano Simeone,ar ARG,FW,Alavés,20,2002,7.0,169,165,4,0,1,0,14,1,1,0,0,0,114,0,8,Matches
522,Unai Simón,es ESP,GK,Athletic Club,26,1997,35.4,1227,855,367,127,0,2,0,0,0,0,0,0,728,5,1,Matches
523,Daley Sinkgraven,nl NED,DF,Las Palmas,28,1995,4.2,276,231,45,9,0,1,5,35,1,1,0,0,237,0,3,Matches
524,Jailson Siqueira,br BRA,"DF,MF",Celta Vigo,27,1995,10.0,488,476,11,11,1,1,4,0,0,0,0,0,406,1,8,Matches
525,Antonio Sivera,es ESP,GK,Alavés,26,1996,34.0,1105,653,449,154,0,8,0,0,0,0,0,0,651,3,0,Matches
526,Rubén Sobrino,es ESP,"MF,FW",Cádiz,31,1992,18.3,526,517,6,1,1,3,22,4,0,0,0,0,387,3,26,Matches
527,Alex Sola,es ESP,"FW,MF",Alavés,24,1999,14.0,430,364,66,4,0,1,84,41,21,3,13,0,269,0,25,Matches
528,Alex Sola,es ESP,"DF,MF",Real Sociedad,24,1999,0.3,16,9,7,1,0,0,0,6,0,0,0,0,12,0,0,Matches
529,Jhon Solis,co COL,MF,Girona,18,2004,4.3,225,222,3,2,2,0,0,1,0,0,0,0,191,0,3,Matches
530,David Soria,es ESP,GK,Getafe,30,1993,37.9,1295,781,508,198,0,9,0,0,0,0,0,0,687,6,0,Matches
531,Alberto Soro,es ESP,MF,Granada,24,1999,0.1,3,3,0,0,0,0,0,0,0,0,0,0,3,0,0,Matches
532,Hugo Sotelo,es ESP,MF,Celta Vigo,19,2003,8.0,589,534,52,25,0,6,29,1,26,9,10,0,516,3,4,Matches
533,Boubakary Soumaré,fr FRA,MF,Sevilla,24,1999,25.4,1232,1221,9,8,2,6,3,1,0,0,0,0,1109,2,15,Matches
534,Djibril Sow,ch SUI,MF,Sevilla,26,1997,16.2,682,664,16,12,0,5,5,1,1,0,1,0,582,2,14,Matches
535,Çağlar Söyüncü,tr TUR,DF,Atlético Madrid,27,1996,1.3,81,79,2,2,0,0,0,0,0,0,0,0,71,0,0,Matches
536,Carl Starfelt,se SWE,DF,Celta Vigo,28,1995,24.6,1035,1013,20,19,0,3,1,1,0,0,0,0,907,2,3,Matches
537,Jørgen Strand Larsen,no NOR,FW,Celta Vigo,23,2000,31.8,618,587,28,0,3,2,18,2,0,0,0,0,423,3,22,Matches
538,Cristhian Stuani,uy URU,FW,Girona,36,1986,8.9,115,101,14,1,1,0,1,0,0,0,0,0,84,0,2,Matches
539,Álex Suárez,es ESP,DF,Las Palmas,30,1993,28.5,1613,1402,209,68,1,5,15,128,0,0,0,0,1396,2,11,Matches
540,Damián Suárez,uy URU,DF,Getafe,35,1988,14.4,638,499,137,20,0,15,49,107,9,1,6,1,436,2,14,Matches
541,Denis Suárez,es ESP,"MF,FW",Villarreal,29,1994,1.5,94,82,12,9,0,1,4,1,2,2,0,0,79,0,1,Matches
542,Suso,es ESP,"MF,FW",Sevilla,29,1993,16.9,907,797,105,37,2,21,132,14,50,27,17,0,702,5,29,Matches
543,Max Svensson,es ESP,FW,Osasuna,21,2001,0.0,0,0,0,0,0,0,0,0,0,0,0,0,0,0,0,Matches
544,Williot Swedberg,se SWE,"FW,MF",Celta Vigo,19,2004,4.9,108,102,5,1,0,0,5,0,0,0,0,0,80,1,3,Matches
545,Mamadou Sylla,sn SEN,"FW,MF",Alavés,29,1994,0.2,7,6,1,0,0,0,0,0,0,0,0,0,3,0,0,Matches
546,Alexander Sørloth,no NOR,FW,Villarreal,27,1995,27.7,476,448,22,0,2,0,7,1,0,0,0,0,357,6,15,Matches
547,Yassin Tallal,es ESP,FW,Getafe,18,2005,0.0,2,2,0,0,0,0,0,0,0,0,0,0,0,0,0,Matches
548,Renato Tapia,pe PER,"MF,DF",Celta Vigo,28,1995,14.9,715,667,44,38,2,10,9,5,0,0,0,0,541,4,15,Matches
549,César Tárrega,es ESP,DF,Valencia,21,2002,0.1,5,5,0,0,0,0,0,0,0,0,0,0,5,0,0,Matches
550,Marciano Tchami,gw GNB,"FW,MF",Almería,19,2004,0.5,24,22,2,0,0,0,1,0,0,0,0,0,14,0,2,Matches
551,Aurélien Tchouaméni,fr FRA,"MF,DF",Real Madrid,23,2000,22.1,1520,1461,53,49,1,4,22,2,0,0,0,0,1377,6,9,Matches
552,Nahuel Tenaglia,ar ARG,DF,Alavés,27,1996,12.7,454,384,67,13,1,3,17,54,0,0,0,0,330,3,13,Matches
553,Marc-André ter Stegen,de GER,GK,Barcelona,31,1992,28.0,1036,818,216,53,0,1,0,0,0,0,0,0,927,2,2,Matches
554,Ramón Terrats,es ESP,"MF,DF",Villarreal,22,2000,8.7,462,428,31,6,1,1,28,20,5,1,1,0,375,3,19,Matches
555,Kieran Tierney,sct SCO,DF,Real Sociedad,26,1997,13.8,904,736,167,18,1,7,26,149,0,0,0,0,690,1,23,Matches
556,Raúl de Tomás,es ESP,FW,Rayo Vallecano,28,1994,14.1,272,250,19,1,0,6,9,0,0,0,0,0,207,3,8,Matches
557,Pablo Torre,es ESP,"MF,FW",Girona,20,2003,7.8,429,416,11,5,8,3,7,0,1,0,1,0,356,2,8,Matches
558,Raúl Torrente,es ESP,DF,Granada,21,2001,13.9,764,738,25,19,0,3,2,2,0,0,0,0,605,1,2,Matches
559,Ferrán Torres,es ESP,FW,Barcelona,23,2000,13.5,450,422,22,1,3,3,21,4,10,1,5,0,351,6,18,Matches
560,Óliver Torres,es ESP,MF,Sevilla,28,1994,18.0,883,838,40,13,2,5,44,9,12,6,3,0,714,5,19,Matches
561,Lucas Torró,es ESP,MF,Osasuna,29,1994,19.9,798,785,12,12,0,6,3,0,0,0,0,0,604,1,8,Matches
562,Bertrand Traoré,bf BFA,MF,Villarreal,27,1995,6.3,213,204,8,1,2,2,9,2,5,1,0,0,167,1,3,Matches
563,Hamari Traoré,ml MLI,DF,Real Sociedad,31,1992,25.5,1509,1247,255,20,5,14,47,235,0,0,0,0,1204,7,19,Matches
564,Óscar Trejo,ar ARG,"FW,MF",Rayo Vallecano,35,1988,15.3,782,738,39,9,3,0,23,7,11,2,5,0,646,5,16,Matches
565,Manu Trigueros,es ESP,MF,Villarreal,31,1991,3.4,168,156,10,3,1,0,5,1,5,0,2,0,141,2,3,Matches
566,Viktor Tsyhankov,ua UKR,"MF,FW",Girona,25,1997,22.8,920,861,50,15,5,3,62,8,27,8,11,0,726,9,25,Matches
567,Beñat Turrientes,es ESP,MF,Real Sociedad,21,2002,18.7,707,669,35,18,1,5,19,0,16,11,2,0,598,3,14,Matches
568,Enes Ünal,tr TUR,"FW,MF",Getafe,26,1997,1.6,35,34,1,1,0,0,1,0,0,0,0,0,24,0,0,Matches
569,Myrto Uzuni,al ALB,FW,Granada,28,1995,27.2,301,259,42,2,3,1,11,5,0,0,0,0,234,0,12,Matches
570,Óscar Valentín,es ESP,MF,Rayo Vallecano,28,1994,29.9,1237,1203,30,29,5,9,5,1,0,0,0,0,1005,4,19,Matches
571,Martin Valjent,sk SVK,DF,Mallorca,27,1995,26.1,1067,969,92,30,5,12,18,60,0,0,0,0,847,6,13,Matches
572,Jesús Vallejo,es ESP,DF,Granada,26,1997,1.2,85,80,5,1,0,0,0,4,0,0,0,0,78,0,0,Matches
573,Álvaro Vallés,es ESP,GK,Las Palmas,26,1997,36.3,1926,1627,286,134,3,6,1,1,0,0,0,0,1546,13,1,Matches
574,Federico Valverde,uy URU,MF,Real Madrid,25,1998,32.3,2117,2077,31,23,14,33,30,5,0,0,0,0,1901,9,18,Matches
575,Siebe Van Der Heyden,be BEL,DF,Mallorca,25,1998,3.2,101,85,16,7,0,1,0,9,0,0,0,0,70,0,2,Matches
576,José Luis García Vayá,es ESP,MF,Valencia,24,1998,36.7,2132,1905,214,100,5,28,147,3,108,22,40,1,1671,13,27,Matches
577,Borja Vázquez,es ESP,FW,Cádiz,18,2005,0.0,2,2,0,0,0,0,1,0,0,0,0,0,1,0,0,Matches
578,Jesus Vazquez,es ESP,"DF,MF",Valencia,20,2003,8.0,262,196,62,1,0,1,18,61,0,0,0,0,173,4,15,Matches
579,Kevin Vázquez,es ESP,DF,Celta Vigo,30,1993,7.8,379,314,63,5,1,2,8,58,0,0,0,0,287,2,15,Matches
580,Lucas Vázquez,es ESP,DF,Real Madrid,32,1991,15.8,1085,952,132,10,5,7,47,120,2,0,1,0,930,1,17,Matches
581,Gabriel Veiga,es ESP,FW,Celta Vigo,21,2002,0.2,5,5,0,0,0,0,1,0,0,0,0,0,3,0,0,Matches
582,Alejo Véliz,ar ARG,FW,Sevilla,19,2003,0.4,6,4,2,0,0,0,0,0,0,0,0,0,4,0,0,Matches
583,Arthur Vermeeren,be BEL,MF,Atlético Madrid,18,2005,1.8,91,89,0,0,1,0,0,0,0,0,0,0,75,2,1,Matches
584,Mikel Vesga,es ESP,MF,Athletic Club,30,1993,17.0,829,821,6,5,3,6,13,0,1,0,1,0,639,2,16,Matches
585,Carlos Vicente,es ESP,FW,Alavés,24,1999,12.4,357,301,55,13,1,1,90,6,36,8,17,0,201,1,20,Matches
586,Nacho Vidal,es ESP,"DF,FW",Osasuna,28,1995,1.1,40,36,4,1,0,1,0,3,0,0,0,0,27,0,2,Matches
587,Nacho Vidal,es ESP,DF,Mallorca,28,1995,4.6,202,172,29,2,0,0,15,27,0,0,0,0,151,1,8,Matches
588,Fran Vieites,es ESP,GK,Betis,24,1999,3.5,119,68,49,14,0,0,0,0,0,0,0,0,76,2,0,Matches
589,Jonathan Viera,es ESP,"MF,FW",Las Palmas,33,1989,6.9,513,471,41,17,2,1,16,2,15,6,1,0,456,1,7,Matches
590,Jonathan Viera,es ESP,MF,Almería,33,1989,10.1,545,512,31,20,5,0,6,4,2,1,0,0,468,2,8,Matches
591,Toni Villa,es ESP,FW,Girona,28,1995,0.1,9,7,1,1,0,0,0,0,0,0,0,0,7,1,0,Matches
592,Asier Villalibre,es ESP,FW,Athletic Club,25,1997,5.7,124,119,5,0,0,0,2,0,0,0,0,0,88,0,1,Matches
593,Gonzalo Villar,es ESP,MF,Granada,25,1998,20.0,937,879,57,38,5,5,24,2,12,6,2,0,775,1,18,Matches
594,Iván Villar,es ESP,GK,Celta Vigo,26,1997,11.3,324,196,125,27,0,0,0,0,0,0,0,0,213,3,1,Matches
595,Ricardo Visus,es ESP,DF,Betis,22,2001,1.8,61,57,4,4,0,0,0,0,0,0,0,0,50,0,0,Matches
596,Daniel Vivian,es ESP,DF,Athletic Club,24,1999,32.0,1719,1642,70,60,2,17,4,10,0,0,0,0,1442,7,5,Matches
597,Shon Weissman,il ISR,FW,Granada,27,1996,0.9,13,13,0,0,1,0,1,0,0,0,0,0,10,0,1,Matches
598,Iñaki Williams,gh GHA,FW,Athletic Club,29,1994,31.6,995,953,33,4,12,4,111,19,0,0,0,0,668,9,51,Matches
599,Nico Williams,es ESP,FW,Athletic Club,21,2002,25.1,828,739,85,16,8,3,153,11,57,36,8,0,579,4,47,Matches
600,Axel Witsel,be BEL,DF,Atlético Madrid,34,1989,30.9,1835,1761,70,58,0,3,4,8,0,0,0,0,1687,4,9,Matches
601,Xeber,es ESP,"FW,MF",Alavés,26,1997,3.4,100,96,4,0,0,1,14,2,2,0,2,0,68,0,9,Matches
602,Antal Yaakobishvili,hu HUN,DF,Girona,19,2004,0.7,42,42,0,0,0,0,0,0,0,0,0,0,37,0,0,Matches
603,Lamine Yamal,es ESP,FW,Barcelona,16,2007,24.5,1132,1091,36,4,6,6,87,14,18,6,4,1,903,5,22,Matches
604,Roman Yaremchuk,ua UKR,FW,Valencia,27,1995,10.3,210,191,16,0,1,2,3,1,0,0,0,0,142,3,8,Matches
605,Arsen Zakharyan,ru RUS,"MF,FW",Real Sociedad,20,2003,13.6,542,466,68,15,3,6,75,5,47,25,19,0,379,8,13,Matches
606,Joseba Zaldúa,es ESP,DF,Cádiz,31,1992,7.8,251,201,49,2,0,0,17,47,0,0,0,0,182,1,7,Matches
607,Bryan Zaragoza,es ESP,"MF,FW",Granada,21,2001,18.2,444,409,31,15,4,1,98,5,10,1,0,0,248,4,27,Matches
608,Igor Zubeldia,es ESP,DF,Real Sociedad,26,1997,28.0,1746,1696,42,41,3,8,3,0,0,0,0,0,1476,8,7,Matches
609,Martín Zubimendi,es ESP,MF,Real Sociedad,24,1999,29.5,1542,1473,62,59,4,4,7,2,0,0,0,0,1321,7,13,Matches
