Unnamed: 0_level_0_Rk,Unnamed: 1_level_0_Player,Unnamed: 2_level_0_Nation,Unnamed: 3_level_0_Pos,Unnamed: 4_level_0_Squad,Unnamed: 5_level_0_Age,Unnamed: 6_level_0_Born,Unnamed: 7_level_0_90s,Tackles_Tkl,Tackles_TklW,Tackles_Def 3rd,Tackles_Mid 3rd,Tackles_Att 3rd,Challenges_Tkl,Challenges_Att,Challenges_Tkl%,Challenges_Lost,Blocks_Blocks,Blocks_Sh,Blocks_Pass,Unnamed: 20_level_0_Int,Unnamed: 21_level_0_Tkl+Int,Unnamed: 22_level_0_Clr,Unnamed: 23_level_0_Err,Unnamed: 24_level_0_Matches
1,James Abankwah,ie IRL,DF,Udinese,18,2004,0.7,1,1,0,1,0,0,0,,0,4,2,2,0,1,5,0,Matches
2,Oliver Abildgaard,dk DEN,MF,Hellas Verona,26,1996,6.6,10,6,6,3,1,7,16,43.8,9,7,1,6,5,15,17,0,Matches
3,Tammy Abraham,eng ENG,FW,Roma,24,1997,24.3,17,10,4,8,5,3,16,18.8,13,10,4,6,3,20,14,0,Matches
4,Christian Acella,it ITA,MF,Cremonese,20,2002,0.2,1,0,1,0,0,0,2,0.0,2,0,0,0,0,1,0,0,Matches
5,Francesco Acerbi,it ITA,DF,Inter,34,1988,26.9,33,19,22,7,4,20,27,74.1,7,25,18,7,41,74,85,2,Matches
6,Yacine Adli,fr FRA,"MF,FW",Milan,22,2000,1.6,6,3,2,4,0,2,2,100.0,0,2,0,2,1,7,1,0,Matches
7,Michel Aebischer,ch SUI,"FW,MF",Bologna,25,1997,17.1,12,6,3,6,3,2,18,11.1,16,14,2,12,7,19,9,0,Matches
8,Felix Afena-Gyan,gh GHA,"FW,MF",Cremonese,19,2003,9.1,7,3,4,1,2,2,10,20.0,8,5,1,4,1,8,6,0,Matches
9,Kevin Agudelo,co COL,"MF,FW",Spezia,23,1998,23.7,71,38,22,30,19,25,59,42.4,34,39,5,34,10,81,6,0,Matches
10,Ola Aina,ng NGA,DF,Torino,25,1996,9.7,17,13,5,8,4,9,15,60.0,6,12,2,10,11,28,26,0,Matches
11,Emanuel Aiwum,at AUT,DF,Cremonese,21,2000,18.4,55,34,36,17,2,33,47,70.2,14,28,16,12,25,80,52,3,Matches
12,Jean-Daniel Akpa-Akpro,ci CIV,"MF,FW",Empoli,29,1992,15.1,53,37,25,19,9,23,42,54.8,19,35,4,31,13,66,27,0,Matches
13,Luis Alberto,es ESP,MF,Lazio,29,1992,27.1,49,29,18,20,11,23,72,31.9,49,35,6,29,9,58,4,0,Matches
14,Agustín Álvarez,uy URU,"FW,MF",Sassuolo,21,2001,4.1,6,3,0,5,1,1,4,25.0,3,5,1,4,3,9,3,0,Matches
15,Kelvin Amian,fr FRA,DF,Spezia,24,1998,26.4,54,32,33,12,9,24,31,77.4,7,34,12,22,22,76,87,1,Matches
16,Bruno Amione,ar ARG,DF,Hellas Verona,20,2002,0.6,1,1,1,0,0,1,2,50.0,1,1,0,1,0,1,4,0,Matches
17,Bruno Amione,ar ARG,DF,Sampdoria,20,2002,23.2,50,33,36,14,0,19,43,44.2,24,26,11,15,25,75,62,1,Matches
18,Ethan Ampadu,wls WAL,"DF,MF",Spezia,21,2000,29.3,66,37,33,28,5,17,41,41.5,24,48,23,25,36,102,98,0,Matches
19,Sofyan Amrabat,ma MAR,MF,Fiorentina,25,1996,22.2,39,24,15,17,7,16,29,55.2,13,23,5,18,21,60,18,2,Matches
20,Felipe Anderson,br BRA,FW,Lazio,29,1993,32.9,80,50,31,41,8,31,88,35.2,57,58,6,52,31,111,27,0,Matches
21,Janis Antiste,fr FRA,FW,Sassuolo,19,2002,0.6,1,0,1,0,0,1,1,100.0,0,0,0,0,0,1,0,0,Matches
22,Marcos Antônio,br BRA,MF,Lazio,22,2000,6.6,9,6,4,5,0,9,20,45.0,11,7,2,5,11,20,18,0,Matches
23,Valentin Antov,bg BUL,DF,Monza,21,2000,3.4,6,5,3,3,0,1,5,20.0,4,5,4,1,4,10,14,1,Matches
24,Marko Arnautović,at AUT,FW,Bologna,33,1989,17.0,9,6,2,5,2,1,6,16.7,5,11,1,10,2,11,10,0,Matches
25,Tolgay Arslan,de GER,MF,Udinese,31,1990,13.5,29,18,13,15,1,14,39,35.9,25,19,0,19,12,41,9,1,Matches
26,Santiago Ascacíbar,ar ARG,MF,Cremonese,25,1997,8.1,29,14,17,10,2,14,35,40.0,21,14,2,12,13,42,11,0,Matches
27,Kristoffer Askildsen,no NOR,MF,Lecce,21,2001,8.1,7,3,2,3,2,4,10,40.0,6,15,4,11,11,18,6,0,Matches
28,Kristjan Asllani,al ALB,MF,Inter,20,2002,6.6,11,5,1,8,2,7,10,70.0,3,3,1,2,6,17,4,0,Matches
29,Emil Audero,id IDN,GK,Sampdoria,25,1997,25.0,0,0,0,0,0,0,2,0.0,2,0,0,0,0,0,7,1,Matches
30,Tommaso Augello,it ITA,DF,Sampdoria,27,1994,34.0,17,14,13,2,2,9,20,45.0,11,23,7,16,17,34,61,1,Matches
31,Carlos Augusto,br BRA,DF,Monza,23,1999,34.3,73,38,42,23,8,33,54,61.1,21,24,6,18,24,97,85,1,Matches
32,Kaan Ayhan,tr TUR,DF,Sassuolo,27,1994,6.1,10,4,6,4,0,7,7,100.0,0,5,4,1,5,15,26,1,Matches
33,Jaime Báez,uy URU,DF,Cremonese,27,1995,1.1,4,2,3,0,1,3,6,50.0,3,0,0,0,0,4,2,1,Matches
34,Nedim Bajrami,al ALB,"MF,FW",Empoli,23,1999,10.4,8,4,3,3,2,4,6,66.7,2,5,0,5,7,15,4,0,Matches
35,Nedim Bajrami,al ALB,"FW,MF",Sassuolo,23,1999,9.1,12,7,6,2,4,5,11,45.5,6,9,1,8,7,19,6,0,Matches
36,Tiemoué Bakayoko,fr FRA,MF,Milan,27,1994,0.5,5,5,4,1,0,3,3,100.0,0,0,0,0,0,5,0,1,Matches
37,Tommaso Baldanzi,it ITA,MF,Empoli,19,2003,19.7,25,12,9,13,3,7,32,21.9,25,21,1,20,2,27,5,0,Matches
38,Fodé Ballo-Touré,sn SEN,DF,Milan,25,1997,5.8,14,9,7,6,1,7,10,70.0,3,11,3,8,2,16,3,0,Matches
39,Lameck Banda,zm ZAM,"FW,MF",Lecce,21,2001,18.2,30,20,13,14,3,15,41,36.6,26,24,2,22,8,38,5,0,Matches
40,Filippo Bandinelli,it ITA,MF,Empoli,27,1995,25.1,55,34,19,26,10,17,45,37.8,28,20,7,13,18,73,40,0,Matches
41,Antonín Barák,cz CZE,MF,Hellas Verona,27,1994,0.3,0,0,0,0,0,0,0,,0,0,0,0,0,0,0,0,Matches
42,Antonín Barák,cz CZE,MF,Fiorentina,27,1994,20.0,21,9,5,7,9,6,16,37.5,10,16,2,14,3,24,13,0,Matches
43,Andrea Barberis,it ITA,MF,Monza,28,1993,3.8,7,2,4,3,0,5,11,45.5,6,0,0,0,8,15,1,0,Matches
44,Tommaso Barbieri,it ITA,DF,Juventus,19,2002,1.2,3,3,3,0,0,3,8,37.5,5,3,0,3,0,3,2,0,Matches
45,Francesco Bardi,it ITA,GK,Bologna,30,1992,1.0,0,0,0,0,0,0,0,,0,0,0,0,0,0,0,0,Matches
46,Nicolò Barella,it ITA,MF,Inter,25,1997,29.0,49,25,17,26,6,28,53,52.8,25,29,5,24,12,61,12,0,Matches
47,Enzo Barrenechea,ar ARG,MF,Juventus,21,2001,1.8,8,3,3,4,1,3,5,60.0,2,3,0,3,2,10,3,0,Matches
48,Musa Barrow,gm GAM,"FW,MF",Bologna,23,1998,21.8,21,4,10,6,5,8,14,57.1,6,25,1,24,1,22,7,0,Matches
49,Federico Baschirotto,it ITA,DF,Lecce,25,1996,37.0,40,30,35,5,0,22,36,61.1,14,45,29,16,36,76,192,0,Matches
50,Toma Bašić,hr CRO,MF,Lazio,25,1996,5.7,6,4,4,1,1,3,8,37.5,5,9,0,9,7,13,8,0,Matches
51,Alberto Basso,it ITA,MF,Cremonese,18,2004,0.2,0,0,0,0,0,0,0,,0,0,0,0,0,0,0,0,Matches
52,Alessandro Bastoni,it ITA,DF,Inter,23,1999,24.0,41,20,20,14,7,11,27,40.7,16,27,13,14,24,65,45,0,Matches
53,Simone Bastoni,it ITA,"MF,DF",Spezia,25,1996,13.2,47,24,23,19,5,15,33,45.5,18,20,5,15,8,55,14,0,Matches
54,Brian Bayeye,cd COD,DF,Torino,22,2000,0.7,3,0,3,0,0,1,1,100.0,0,1,1,0,1,4,2,0,Matches
55,Rodrigo Becão,br BRA,DF,Udinese,26,1996,27.6,70,36,50,17,3,40,53,75.5,13,44,24,20,26,96,68,2,Matches
56,Julius Beck,dk DEN,MF,Spezia,17,2005,0.1,2,1,1,1,0,0,0,,0,0,0,0,0,2,0,0,Matches
57,Raoul Bellanova,it ITA,DF,Inter,22,2000,5.5,14,6,11,2,1,9,14,64.3,5,6,1,5,4,18,14,0,Matches
58,Andrea Belotti,it ITA,FW,Roma,28,1993,12.7,12,5,3,5,4,5,11,45.5,6,11,1,10,3,15,5,0,Matches
59,Marco Benassi,it ITA,DF,Fiorentina,27,1994,1.0,3,3,2,0,1,3,4,75.0,1,0,0,0,1,4,1,0,Matches
60,Marco Benassi,it ITA,MF,Cremonese,27,1994,11.1,26,15,9,11,6,15,24,62.5,9,13,1,12,12,38,19,0,Matches
61,Ismaël Bennacer,dz ALG,MF,Milan,24,1997,22.3,59,33,26,31,2,30,51,58.8,21,25,7,18,26,85,16,1,Matches
62,Domenico Berardi,it ITA,FW,Sassuolo,27,1994,20.7,23,14,8,10,5,9,40,22.5,31,13,0,13,19,42,18,0,Matches
63,Bartosz Bereszyński,pl POL,DF,Sampdoria,30,1992,13.3,28,18,15,11,2,17,26,65.4,9,18,4,14,21,49,25,0,Matches
64,Bartosz Bereszyński,pl POL,DF,Napoli,30,1992,1.8,3,2,1,1,1,2,2,100.0,0,4,0,4,3,6,3,0,Matches
65,Marco Bertini,it ITA,MF,Lazio,19,2002,0.0,0,0,0,0,0,0,0,,0,0,0,0,0,0,0,0,Matches
66,Beto,gw GNB,FW,Udinese,24,1998,23.7,16,9,0,9,7,4,17,23.5,13,18,3,15,6,22,30,0,Matches
67,Matteo Bianchetti,it ITA,DF,Cremonese,29,1993,23.7,32,19,21,9,2,20,32,62.5,12,31,17,14,20,52,111,0,Matches
68,Alessandro Bianco,it ITA,MF,Fiorentina,19,2002,1.7,5,2,2,3,0,2,3,66.7,1,1,0,1,0,5,0,0,Matches
69,Jaka Bijol,si SVN,DF,Udinese,23,1999,30.3,39,23,32,7,0,16,27,59.3,11,41,25,16,29,68,165,0,Matches
70,Cristiano Biraghi,it ITA,DF,Fiorentina,29,1992,28.3,65,38,29,29,7,32,65,49.2,33,32,7,25,14,79,42,1,Matches
71,Samuele Birindelli,it ITA,DF,Monza,23,1999,15.6,35,19,21,10,4,18,29,62.1,11,28,8,20,16,51,30,0,Matches
72,Kristijan Bistrović,hr CRO,MF,Lecce,24,1998,5.1,3,1,3,0,0,0,5,0.0,5,3,0,3,0,3,4,0,Matches
73,Alexis Blin,fr FRA,MF,Lecce,25,1996,26.4,69,39,27,33,9,38,73,52.1,35,55,15,40,34,103,74,0,Matches
74,Jeremie Boga,ci CIV,"MF,FW",Atalanta,25,1997,8.7,9,5,3,2,4,2,5,40.0,3,6,0,6,1,10,1,0,Matches
75,Emil Bohinen,no NOR,MF,Salernitana,23,1999,9.2,25,13,15,8,2,12,23,52.2,11,25,7,18,17,42,21,0,Matches
76,Giacomo Bonaventura,it ITA,MF,Fiorentina,32,1989,21.2,35,23,14,15,6,24,37,64.9,13,14,0,14,16,51,5,1,Matches
77,Federico Bonazzoli,it ITA,"FW,MF",Salernitana,25,1997,12.4,5,3,0,3,2,0,9,0.0,9,9,1,8,3,8,0,0,Matches
78,Warren Bondo,fr FRA,MF,Monza,18,2003,0.7,1,0,1,0,0,0,0,,0,1,0,1,0,1,0,0,Matches
79,Kevin Bonifazi,it ITA,DF,Bologna,26,1996,10.0,13,8,7,6,0,6,12,50.0,6,11,8,3,12,25,39,0,Matches
80,Leonardo Bonucci,it ITA,DF,Juventus,35,1987,9.8,5,4,1,4,0,2,4,50.0,2,12,8,4,13,18,29,0,Matches
81,Erik Botheim,no NOR,"MF,FW",Salernitana,22,2000,9.6,11,7,3,4,4,6,13,46.2,7,3,0,3,0,11,4,0,Matches
82,Mehdi Bourabia,ma MAR,MF,Spezia,30,1991,30.8,41,20,13,22,6,19,41,46.3,22,39,12,27,32,73,57,0,Matches
83,Edoardo Bove,it ITA,MF,Roma,20,2002,11.0,35,18,12,15,8,16,39,41.0,23,15,1,14,10,45,11,0,Matches
84,Jayden Braaf,nl NED,"MF,FW",Hellas Verona,19,2002,3.2,5,3,2,3,0,0,0,,0,1,0,1,2,7,1,0,Matches
85,Domagoj Bradarić,hr CRO,DF,Salernitana,22,1999,25.0,26,19,14,8,4,7,16,43.8,9,20,5,15,21,47,44,0,Matches
86,Josip Brekalo,hr CRO,"FW,MF",Fiorentina,24,1998,2.5,2,1,0,1,1,1,4,25.0,3,1,0,1,1,3,1,0,Matches
87,Gleison Bremer,br BRA,DF,Juventus,25,1997,29.3,29,20,23,5,1,19,26,73.1,7,44,22,22,42,71,120,2,Matches
88,Dylan Bronn,tn TUN,DF,Salernitana,27,1995,18.7,34,18,17,16,1,20,30,66.7,10,32,20,12,20,54,58,1,Matches
89,Marcelo Brozović,hr CRO,MF,Inter,29,1992,19.7,37,22,13,22,2,11,37,29.7,26,23,7,16,22,59,28,0,Matches
90,Cristian Buonaiuto,it ITA,"MF,FW",Cremonese,29,1992,10.9,25,16,8,11,6,12,26,46.2,14,11,0,11,14,39,7,0,Matches
91,Alessandro Buongiorno,it ITA,DF,Torino,23,1999,30.2,38,25,22,16,0,16,31,51.6,15,38,19,19,60,98,105,2,Matches
92,Leonardo Buta,pt POR,DF,Udinese,20,2002,0.2,1,1,0,1,0,0,0,,0,0,0,0,0,1,0,0,Matches
93,Arthur Cabral,br BRA,FW,Fiorentina,24,1998,15.9,9,2,1,4,4,4,8,50.0,4,10,1,9,1,10,12,0,Matches
94,Liberato Cacace,nz NZL,DF,Empoli,21,2000,6.5,25,10,12,8,5,9,15,60.0,6,15,7,8,4,29,16,0,Matches
95,Davide Calabria,it ITA,DF,Milan,25,1996,18.8,71,44,31,32,8,38,61,62.3,23,22,7,15,25,96,34,0,Matches
96,Mattia Caldara,it ITA,DF,Spezia,28,1994,13.9,23,14,10,11,2,9,20,45.0,11,23,16,7,17,40,88,2,Matches
97,Luca Caldirola,it ITA,DF,Monza,31,1991,26.1,26,14,19,4,3,13,26,50.0,13,32,18,14,25,51,66,1,Matches
98,Hakan Çalhanoğlu,tr TUR,MF,Inter,28,1994,26.3,48,27,17,26,5,16,43,37.2,27,30,5,25,25,73,13,1,Matches
99,Mohamed Camara,gn GUI,MF,Roma,25,1997,7.7,13,10,3,7,3,5,15,33.3,10,5,1,4,10,23,8,0,Matches
100,Nicolò Cambiaghi,it ITA,"FW,MF",Empoli,21,2000,14.3,30,22,11,12,7,8,27,29.6,19,19,1,18,9,39,8,0,Matches
101,Andrea Cambiaso,it ITA,DF,Bologna,22,2000,24.1,57,34,34,20,3,28,65,43.1,37,26,2,24,26,83,33,1,Matches
102,Matteo Cancellieri,it ITA,FW,Lazio,20,2002,2.8,10,4,5,3,2,5,9,55.6,4,4,0,4,1,11,2,0,Matches
103,Antonio Candreva,it ITA,"MF,DF",Salernitana,35,1987,30.3,17,7,13,2,2,11,38,28.9,27,7,3,4,17,34,32,0,Matches
104,Gianluca Caprari,it ITA,"MF,FW",Monza,29,1993,27.1,16,6,3,11,2,8,26,30.8,18,22,1,21,8,24,3,0,Matches
105,Francesco Caputo,it ITA,FW,Sampdoria,34,1987,12.2,3,1,0,0,3,0,3,0.0,3,0,0,0,1,4,3,0,Matches
106,Francesco Caputo,it ITA,FW,Empoli,34,1987,19.0,2,2,0,1,1,0,1,0.0,1,7,2,5,2,4,8,0,Matches
107,Andrea Carboni,it ITA,DF,Monza,21,2001,1.9,3,2,2,0,1,2,5,40.0,3,3,2,1,3,6,2,1,Matches
108,Franco Carboni,it ITA,"DF,FW",Monza,19,2003,0.7,1,1,1,0,0,0,2,0.0,2,3,0,3,1,2,0,0,Matches
109,Valentin Carboni,ar ARG,"MF,DF",Inter,17,2005,0.3,1,1,0,1,0,1,3,33.3,2,1,0,1,0,1,0,0,Matches
110,Marco Carnesecchi,it ITA,GK,Cremonese,22,2000,27.0,1,1,1,0,0,1,2,50.0,1,0,0,0,0,1,11,2,Matches
111,Nicolò Casale,it ITA,DF,Lazio,24,1998,27.1,42,20,28,14,0,22,34,64.7,12,25,17,8,17,59,73,1,Matches
112,Tommaso Cassandro,it ITA,DF,Lecce,22,2000,0.1,1,1,0,1,0,0,0,,0,1,1,0,0,1,0,0,Matches
113,Michele Castagnetti,it ITA,MF,Cremonese,32,1989,15.7,46,21,20,24,2,18,54,33.3,36,14,4,10,15,61,22,0,Matches
114,Gaetano Castrovilli,it ITA,MF,Fiorentina,25,1997,8.0,10,8,1,7,2,2,9,22.2,7,5,1,4,8,18,5,0,Matches
115,Danilo Cataldi,it ITA,MF,Lazio,27,1994,21.3,25,16,7,15,3,14,40,35.0,26,23,9,14,24,49,33,0,Matches
116,Pietro Ceccaroni,it ITA,DF,Lecce,26,1995,0.5,0,0,0,0,0,0,0,,0,1,1,0,3,3,2,0,Matches
117,Federico Ceccherini,it ITA,DF,Hellas Verona,30,1992,15.7,25,19,15,9,1,13,23,56.5,10,17,10,7,19,44,55,0,Matches
118,Assan Ceesay,gm GAM,FW,Lecce,28,1994,20.1,23,18,7,8,8,9,17,52.9,8,15,2,13,3,26,24,0,Matches
119,Emil Ceide,no NOR,FW,Sassuolo,20,2001,5.7,5,2,5,0,0,3,5,60.0,2,3,1,2,1,6,0,0,Matches
120,Zeki Çelik,tr TUR,DF,Roma,25,1997,16.7,42,21,19,21,2,24,41,58.5,17,33,6,27,14,56,36,2,Matches
121,Michele Cerofolini,it ITA,GK,Fiorentina,23,1999,5.0,0,0,0,0,0,0,0,,0,0,0,0,1,1,2,0,Matches
122,Federico Chiesa,it ITA,"DF,MF",Juventus,24,1997,9.5,22,11,6,6,10,5,14,35.7,9,13,1,12,0,22,1,0,Matches
123,Vlad Chiricheș,ro ROU,DF,Cremonese,32,1989,10.9,35,20,27,7,1,16,24,66.7,8,36,23,13,22,57,44,0,Matches
124,Daniel Ciofani,it ITA,FW,Cremonese,37,1985,11.8,6,3,1,2,3,4,7,57.1,3,7,1,6,2,8,10,0,Matches
125,Tio Cipot,si SVN,"FW,MF",Spezia,19,2003,1.5,12,7,6,3,3,6,8,75.0,2,0,0,0,0,12,2,0,Matches
126,Patrick Ciurria,it ITA,"DF,MF",Monza,27,1995,30.6,31,18,20,10,1,17,33,51.5,16,24,2,22,7,38,32,0,Matches
127,Nicolò Cocetta,it ITA,DF,Udinese,18,2003,0.4,0,0,0,0,0,0,1,0.0,1,1,1,0,1,1,1,0,Matches
128,Omar Colley,gm GAM,DF,Sampdoria,29,1992,15.4,17,10,10,7,0,9,12,75.0,3,9,5,4,22,39,69,1,Matches
129,Lorenzo Colombo,it ITA,FW,Lecce,20,2002,16.8,17,9,1,9,7,6,14,42.9,8,22,0,22,2,19,7,0,Matches
130,Andrea Colpani,it ITA,MF,Monza,23,1999,10.5,14,9,6,5,3,8,12,66.7,4,14,2,12,3,17,6,0,Matches
131,Andrea Consigli,it ITA,GK,Sassuolo,35,1987,35.0,1,0,1,0,0,0,1,0.0,1,0,0,0,0,1,13,3,Matches
132,Andrea Conti,it ITA,DF,Sampdoria,28,1994,0.3,0,0,0,0,0,0,0,,0,0,0,0,0,0,0,0,Matches
133,Diego Coppola,it ITA,DF,Hellas Verona,18,2003,13.1,25,17,15,10,0,11,24,45.8,13,20,6,14,14,39,38,0,Matches
134,Alex Cordaz,it ITA,GK,Inter,39,1983,0.3,0,0,0,0,0,0,0,,0,0,0,0,0,0,0,0,Matches
135,Joaquín Correa,ar ARG,FW,Inter,27,1994,10.6,12,7,3,6,3,4,15,26.7,11,4,1,3,3,15,0,0,Matches
136,Alessandro Cortinovis,it ITA,MF,Hellas Verona,21,2001,0.1,1,0,1,0,0,0,0,,0,1,0,1,0,1,0,0,Matches
137,Lassana Coulibaly,ml MLI,MF,Salernitana,26,1996,32.1,84,50,42,35,7,30,73,41.1,43,35,7,28,25,109,33,2,Matches
138,Alessio Cragno,it ITA,GK,Monza,28,1994,1.0,0,0,0,0,0,0,1,0.0,1,0,0,0,0,0,0,0,Matches
139,Bryan Cristante,it ITA,"MF,DF",Roma,27,1995,32.6,113,62,55,49,9,55,90,61.1,35,39,10,29,18,131,53,0,Matches
140,Domen Črnigoj,si SVN,MF,Salernitana,26,1995,3.3,8,3,0,7,1,1,2,50.0,1,9,1,8,9,17,6,0,Matches
141,Juan Cuadrado,co COL,"DF,FW",Juventus,34,1988,23.1,50,34,34,13,3,27,65,41.5,38,15,2,13,24,74,32,0,Matches
142,Mickaël Cuisance,fr FRA,MF,Sampdoria,22,1999,6.9,13,10,7,5,1,5,23,21.7,18,10,0,10,5,18,4,0,Matches
143,Marco D'Alessandro,it ITA,"DF,FW",Monza,31,1991,3.2,4,4,3,1,0,2,5,40.0,3,2,0,2,1,5,3,0,Matches
144,Danilo D'Ambrosio,it ITA,DF,Inter,33,1988,8.1,25,17,17,7,1,15,27,55.6,12,12,4,8,10,35,17,0,Matches
145,Luca D'Andrea,it ITA,FW,Sassuolo,17,2004,3.5,4,0,2,1,1,1,4,25.0,3,2,0,2,1,5,1,0,Matches
146,Flavius Daniliuc,at AUT,DF,Salernitana,21,2001,24.4,57,29,37,17,3,26,47,55.3,21,30,13,17,29,86,76,0,Matches
147,Danilo,br BRA,DF,Juventus,31,1991,35.4,92,62,61,23,8,52,73,71.2,21,39,20,19,47,139,114,1,Matches
148,Matteo Darmian,it ITA,DF,Inter,32,1989,22.5,56,30,29,15,12,31,47,66.0,16,33,5,28,21,77,36,0,Matches
149,Juan David Cabal,co COL,DF,Hellas Verona,21,2001,4.9,10,6,7,3,0,7,12,58.3,5,8,5,3,13,23,12,0,Matches
150,Paweł Dawidowicz,pl POL,DF,Hellas Verona,27,1995,18.1,48,31,28,17,3,22,31,71.0,9,14,9,5,23,71,71,0,Matches
151,Charles De Ketelaere,be BEL,"MF,FW",Milan,21,2001,12.4,26,12,7,14,5,13,30,43.3,17,14,2,12,4,30,9,0,Matches
152,Manuel De Luca,it ITA,"FW,MF",Sampdoria,24,1998,0.5,0,0,0,0,0,0,0,,0,0,0,0,0,0,0,0,Matches
153,Tommaso De Nipoti,it ITA,MF,Atalanta,19,2003,0.0,1,0,0,1,0,0,0,,0,0,0,0,0,1,0,0,Matches
154,Mattia De Sciglio,it ITA,DF,Juventus,29,1992,11.6,14,7,8,3,3,9,14,64.3,5,9,3,6,4,18,20,0,Matches
155,Lorenzo De Silvestri,it ITA,DF,Bologna,34,1988,7.5,3,2,2,0,1,3,7,42.9,4,6,5,1,3,6,20,0,Matches
156,Koni De Winter,be BEL,DF,Empoli,20,2002,11.4,14,9,11,3,0,5,13,38.5,8,14,12,2,6,20,65,0,Matches
157,Grégoire Defrel,mq MTQ,FW,Sassuolo,31,1991,13.0,9,7,5,2,2,4,13,30.8,9,11,0,11,2,11,5,0,Matches
158,Duccio Degl'Innocenti,it ITA,MF,Empoli,19,2003,0.0,0,0,0,0,0,0,0,,0,0,0,0,1,1,0,0,Matches
159,Merih Demiral,tr TUR,DF,Atalanta,24,1998,17.1,41,29,30,11,0,26,36,72.2,10,24,7,17,24,65,57,1,Matches
160,Diego Demme,de GER,MF,Napoli,30,1991,1.6,1,0,1,0,0,0,4,0.0,4,2,0,2,0,1,1,0,Matches
161,Fabio Depaoli,it ITA,DF,Hellas Verona,25,1997,24.1,48,28,25,16,7,25,44,56.8,19,32,6,26,18,66,33,3,Matches
162,Fabio Depaoli,it ITA,"DF,MF",Sampdoria,25,1997,1.5,5,3,2,3,0,3,4,75.0,1,1,0,1,1,6,4,0,Matches
163,Kastriot Dermaku,al ALB,DF,Lecce,30,1992,0.4,0,0,0,0,0,0,0,,0,0,0,0,0,0,0,0,Matches
164,Cyriel Dessers,ng NGA,FW,Cremonese,27,1994,17.6,11,4,4,4,3,2,6,33.3,4,14,2,12,3,14,5,0,Matches
165,Sergiño Dest,us USA,DF,Milan,21,2000,3.7,12,6,3,5,4,3,4,75.0,1,1,0,1,4,16,2,0,Matches
166,Mattia Destro,it ITA,"FW,MF",Empoli,31,1991,6.4,1,1,0,1,0,0,0,,0,2,0,2,1,2,5,0,Matches
167,Gerard Deulofeu,es ESP,FW,Udinese,28,1994,13.5,8,5,5,1,2,5,15,33.3,10,8,1,7,2,10,1,0,Matches
168,Samuel Di Carmine,it ITA,"FW,MF",Cremonese,33,1988,0.3,0,0,0,0,0,0,0,,0,0,0,0,0,0,0,0,Matches
169,Federico Di Francesco,it ITA,"FW,MF",Lecce,28,1994,22.6,28,16,7,11,10,9,19,47.4,10,16,0,16,8,36,14,0,Matches
170,Michele Di Gregorio,it ITA,GK,Monza,25,1997,37.0,0,0,0,0,0,0,3,0.0,3,1,0,1,4,4,18,3,Matches
171,Giovanni Di Lorenzo,it ITA,DF,Napoli,28,1993,36.2,60,29,33,19,8,25,49,51.0,24,30,9,21,30,90,60,0,Matches
172,Ángel Di María,ar ARG,"FW,MF",Juventus,34,1988,15.1,10,5,3,5,2,3,19,15.8,16,15,0,15,7,17,0,0,Matches
173,Boulaye Dia,sn SEN,"FW,MF",Salernitana,25,1996,28.0,12,5,3,6,3,2,7,28.6,5,10,0,10,7,19,27,1,Matches
174,Brahim Díaz,ma MAR,"MF,FW",Milan,22,1999,21.4,32,15,5,22,5,5,15,33.3,10,11,0,11,7,39,6,0,Matches
175,Federico Dimarco,it ITA,DF,Inter,24,1997,23.0,31,25,6,18,7,9,19,47.4,10,15,4,11,18,49,20,0,Matches
176,Koffi Djidji,ci CIV,DF,Torino,29,1992,26.9,50,25,32,17,1,18,32,56.3,14,29,14,15,34,84,72,0,Matches
177,Berat Djimsiti,al ALB,DF,Atalanta,29,1993,20.0,34,19,21,13,0,17,25,68.0,8,17,7,10,36,70,74,1,Matches
178,Dodô,br BRA,DF,Fiorentina,23,1998,25.9,40,22,20,14,6,22,46,47.8,24,26,2,24,25,65,37,0,Matches
179,Josh Doig,sct SCO,DF,Hellas Verona,20,2002,15.0,19,8,6,7,6,6,16,37.5,10,25,6,19,11,30,13,1,Matches
180,Nicolás Domínguez,ar ARG,MF,Bologna,24,1998,25.6,79,49,34,33,12,39,76,51.3,37,29,3,26,21,100,29,1,Matches
181,Giulio Donati,it ITA,DF,Monza,32,1990,4.7,4,1,1,1,2,3,6,50.0,3,3,1,2,4,8,11,0,Matches
182,Bartłomiej Drągowski,pl POL,GK,Spezia,24,1997,32.7,1,0,1,0,0,1,5,20.0,4,0,0,0,1,2,15,3,Matches
183,Ondrej Duda,sk SVK,MF,Hellas Verona,27,1994,11.8,22,14,7,12,3,9,16,56.3,7,11,0,11,13,35,8,0,Matches
184,Denzel Dumfries,nl NED,DF,Inter,26,1996,24.6,35,18,17,13,5,22,34,64.7,12,33,9,24,12,47,26,0,Matches
185,Alfred Duncan,gh GHA,MF,Fiorentina,29,1993,12.3,18,10,0,17,1,10,21,47.6,11,9,0,9,8,26,6,0,Matches
186,Paulo Dybala,ar ARG,"MF,FW",Roma,28,1993,19.3,14,4,1,8,5,8,26,30.8,18,12,1,11,8,22,4,0,Matches
187,Edin Džeko,ba BIH,FW,Inter,36,1986,19.2,3,2,0,3,0,0,4,0.0,4,15,1,14,3,6,25,0,Matches
188,Festy Ebosele,ie IRL,DF,Udinese,19,2002,4.6,15,10,8,7,0,4,10,40.0,6,5,0,5,2,17,5,0,Matches
189,Enzo Ebosse,cm CMR,DF,Udinese,23,1999,10.3,15,9,11,4,0,9,13,69.2,4,27,6,21,11,26,29,0,Matches
190,Tyronne Ebuehi,ng NGA,DF,Empoli,26,1995,21.4,22,14,11,7,4,9,13,69.2,4,23,12,11,12,34,79,1,Matches
191,Éderson,br BRA,MF,Atalanta,23,1999,24.6,67,34,18,42,7,29,66,43.9,37,56,7,49,36,103,31,0,Matches
192,Kingsley Ehizibue,nl NED,DF,Udinese,27,1995,17.1,47,31,28,13,6,29,45,64.4,16,21,3,18,10,57,42,1,Matches
193,Albin Ekdal,se SWE,MF,Spezia,33,1989,19.3,37,20,14,20,3,19,45,42.2,26,24,2,22,26,63,36,0,Matches
194,Emmanuel Ekong,se SWE,"FW,MF",Empoli,20,2002,0.2,0,0,0,0,0,0,0,,0,0,0,0,0,0,0,0,Matches
195,Mikael Ellertsson,is ISL,"MF,DF",Spezia,20,2002,1.9,4,2,1,3,0,0,3,0.0,3,2,1,1,2,6,0,0,Matches
196,Elif Elmas,mk MKD,"FW,MF",Napoli,22,1999,18.1,24,13,8,12,4,11,23,47.8,12,18,2,16,11,35,5,0,Matches
197,Martin Erlic,hr CRO,DF,Sassuolo,24,1998,25.9,27,16,18,8,1,10,23,43.5,13,36,23,13,31,58,120,1,Matches
198,Gonzalo Escalante,ar ARG,MF,Cremonese,29,1993,6.2,16,8,8,8,0,10,13,76.9,3,7,1,6,10,26,4,0,Matches
199,Salvatore Esposito,it ITA,MF,Spezia,21,2000,10.8,15,12,8,5,2,5,21,23.8,16,9,1,8,11,26,18,0,Matches
200,Nicolò Fagioli,it ITA,MF,Juventus,21,2001,16.9,29,19,12,15,2,8,27,29.6,19,16,2,14,8,37,7,1,Matches
201,Wladimiro Falcone,it ITA,GK,Lecce,27,1995,38.0,2,0,2,0,0,2,2,100.0,0,0,0,0,2,4,21,3,Matches
202,Davide Faraoni,it ITA,DF,Hellas Verona,30,1991,16.5,34,24,19,13,2,16,41,39.0,25,30,11,19,15,49,37,0,Matches
203,Federico Fazio,ar ARG,DF,Salernitana,35,1987,11.9,15,12,8,7,0,4,11,36.4,7,9,4,5,28,43,61,0,Matches
204,Jacopo Fazzini,it ITA,MF,Empoli,19,2003,9.2,31,17,20,8,3,18,34,52.9,16,15,3,12,7,38,19,0,Matches
205,Lewis Ferguson,sct SCO,"MF,FW",Bologna,22,1999,25.7,44,25,16,20,8,20,40,50.0,20,22,7,15,19,63,25,0,Matches
206,Alex Ferrari,it ITA,DF,Sampdoria,28,1994,9.6,9,5,7,2,0,4,8,50.0,4,21,10,11,19,28,25,0,Matches
207,Alex Ferrari,it ITA,DF,Cremonese,28,1994,11.2,40,23,32,7,1,28,42,66.7,14,19,4,15,25,65,45,1,Matches
208,Salvador Ferrer,es ESP,DF,Spezia,24,1998,1.5,4,2,2,2,0,1,3,33.3,2,3,1,2,1,5,4,0,Matches
209,Vincenzo Fiorillo,it ITA,GK,Salernitana,32,1990,1.0,0,0,0,0,0,0,0,,0,0,0,0,0,0,0,0,Matches
210,Alessandro Florenzi,it ITA,DF,Milan,31,1991,2.3,6,4,3,2,1,4,7,57.1,3,1,0,1,4,10,2,0,Matches
211,Davide Frattesi,it ITA,MF,Sassuolo,22,1999,31.9,63,36,24,29,10,25,44,56.8,19,27,6,21,16,79,42,0,Matches
212,Matteo Gabbia,it ITA,DF,Milan,22,1999,6.8,17,10,12,5,0,6,8,75.0,2,8,3,5,5,22,29,0,Matches
213,Manolo Gabbiadini,it ITA,"FW,MF",Sampdoria,30,1991,26.2,23,15,8,9,6,9,23,39.1,14,16,2,14,6,29,25,0,Matches
214,Gianluca Gaetano,it ITA,MF,Napoli,22,2000,0.8,5,3,1,3,1,0,0,,0,1,0,1,1,6,0,0,Matches
215,Roberto Gagliardini,it ITA,MF,Inter,28,1994,8.7,16,6,9,6,1,10,21,47.6,11,14,5,9,4,20,15,0,Matches
216,Adolfo Gaich,ar ARG,FW,Hellas Verona,23,1999,8.1,5,3,0,3,2,1,6,16.7,5,7,2,5,3,8,7,1,Matches
217,Pablo Galdames Millán,cl CHI,MF,Cremonese,25,1996,8.2,14,10,8,3,3,5,33,15.2,28,13,2,11,10,24,13,0,Matches
218,Antonino Gallo,it ITA,DF,Lecce,22,2000,27.6,56,36,35,12,9,38,57,66.7,19,37,6,31,13,69,71,0,Matches
219,Federico Gatti,it ITA,DF,Juventus,24,1998,16.1,15,11,9,4,2,9,15,60.0,6,20,14,6,21,36,54,2,Matches
220,Valentin Gendrey,fr FRA,DF,Lecce,22,2000,34.5,88,57,54,25,9,40,71,56.3,31,45,4,41,37,125,89,0,Matches
221,Paolo Ghiglione,it ITA,DF,Cremonese,25,1997,7.9,16,11,10,3,3,10,23,43.5,13,9,4,5,4,20,12,0,Matches
222,Mario Gila,es ESP,DF,Lazio,21,2000,1.0,3,1,3,0,0,0,1,0.0,1,0,0,0,3,6,3,0,Matches
223,Gvidas Gineitis,lt LTU,MF,Torino,18,2004,1.5,3,1,0,2,1,1,2,50.0,1,0,0,0,0,3,1,0,Matches
224,Olivier Giroud,fr FRA,FW,Milan,35,1986,23.8,8,5,2,4,2,2,10,20.0,8,11,3,8,3,11,23,0,Matches
225,Pierluigi Gollini,it ITA,GK,Fiorentina,27,1995,3.0,1,0,1,0,0,1,1,100.0,0,0,0,0,0,1,2,0,Matches
226,Pierluigi Gollini,it ITA,GK,Napoli,27,1995,4.0,0,0,0,0,0,0,0,,0,0,0,0,0,0,1,0,Matches
227,Joan Gonzàlez,es ESP,MF,Lecce,20,2002,24.4,48,28,20,18,10,17,51,33.3,34,37,8,29,16,64,28,0,Matches
228,Nicolás González,ar ARG,"FW,MF",Fiorentina,24,1998,15.0,17,10,3,10,4,5,16,31.3,11,14,0,14,4,21,6,0,Matches
229,Robin Gosens,de GER,DF,Inter,28,1994,13.2,34,18,15,10,9,15,25,60.0,10,16,2,14,23,57,15,0,Matches
230,Alberto Grassi,it ITA,MF,Empoli,27,1995,13.3,26,21,13,13,0,15,24,62.5,9,23,12,11,27,53,45,0,Matches
231,Andrew Gravillon,gp GLP,DF,Torino,24,1998,3.5,3,3,0,3,0,0,0,,0,4,2,2,9,12,16,0,Matches
232,Axel Guessand,fr FRA,DF,Udinese,17,2004,0.9,2,1,2,0,0,1,2,50.0,1,1,0,1,2,4,3,0,Matches
233,Koray Günter,de GER,DF,Hellas Verona,27,1994,11.1,10,6,1,8,1,4,7,57.1,3,24,15,9,30,40,46,0,Matches
234,Koray Günter,de GER,DF,Sampdoria,27,1994,8.6,10,8,6,4,0,6,9,66.7,3,10,5,5,11,21,46,0,Matches
235,Emmanuel Gyasi,gh GHA,"FW,DF",Spezia,28,1994,31.2,24,15,11,10,3,9,36,25.0,27,24,6,18,8,32,26,0,Matches
236,Norbert Gyömbér,sk SVK,DF,Salernitana,30,1992,19.3,32,23,25,6,1,16,24,66.7,8,33,22,11,35,67,92,0,Matches
237,Christian Gytkjær,dk DEN,"FW,MF",Monza,32,1990,6.2,6,2,1,4,1,2,5,40.0,3,6,1,5,0,6,2,0,Matches
238,Nicolas Haas,ch SUI,MF,Empoli,26,1996,12.8,27,13,16,6,5,12,24,50.0,12,16,4,12,8,35,27,0,Matches
239,Samir Handanović,si SVN,GK,Inter,38,1984,13.7,0,0,0,0,0,0,0,,0,0,0,0,0,0,5,0,Matches
240,Abdou Harroui,nl NED,MF,Sassuolo,24,1998,7.2,17,6,6,7,4,2,7,28.6,5,6,1,5,2,19,10,0,Matches
241,Hans Hateboer,nl NED,DF,Atalanta,28,1994,15.5,21,13,11,8,2,11,27,40.7,16,23,4,19,12,33,25,0,Matches
242,Liam Henderson,sct SCO,MF,Empoli,26,1996,11.2,13,10,6,5,2,4,21,19.0,17,10,2,8,10,23,10,0,Matches
243,Jack Hendry,sct SCO,DF,Cremonese,27,1995,2.4,0,0,0,0,0,0,1,0.0,1,2,1,1,1,1,7,0,Matches
244,Matheus Henrique,br BRA,MF,Sassuolo,24,1997,21.6,26,12,9,11,6,12,24,50.0,12,15,4,11,12,38,10,0,Matches
245,Thomas Henry,fr FRA,FW,Hellas Verona,27,1994,11.4,5,3,1,1,3,1,5,20.0,4,6,2,4,0,5,14,0,Matches
246,Theo Hernández,fr FRA,DF,Milan,24,1997,30.8,43,24,27,15,1,22,38,57.9,16,34,7,27,21,64,35,1,Matches
247,Isak Hien,se SWE,DF,Hellas Verona,23,1999,29.0,73,36,54,19,0,38,61,62.3,23,40,17,23,31,104,92,1,Matches
248,Morten Hjulmand,dk DEN,MF,Lecce,23,1999,32.9,90,52,49,40,1,37,67,55.2,30,43,11,32,72,162,54,0,Matches
249,Emil Holm,se SWE,DF,Spezia,22,2000,15.5,26,15,13,8,5,16,31,51.6,15,21,6,15,9,35,41,0,Matches
250,Martin Hongla,cm CMR,MF,Hellas Verona,24,1998,5.8,8,5,4,4,0,5,5,100.0,0,7,1,6,6,14,9,0,Matches
251,Petko Hristov,bg BUL,DF,Spezia,23,1999,4.1,6,4,2,4,0,5,8,62.5,3,4,2,2,4,10,12,0,Matches
252,Ajdin Hrustic,au AUS,MF,Hellas Verona,26,1996,2.5,2,1,1,1,0,1,2,50.0,1,2,0,2,0,2,2,1,Matches
253,Elseid Hysaj,al ALB,DF,Lazio,28,1994,22.2,39,23,24,11,4,23,41,56.1,18,31,7,24,20,59,42,0,Matches
254,Rasmus Højlund,dk DEN,FW,Atalanta,19,2003,20.4,4,3,0,2,2,1,6,16.7,5,9,1,8,1,5,5,0,Matches
255,Roger Ibanez,br BRA,DF,Roma,23,1998,31.1,67,33,38,26,3,32,48,66.7,16,30,11,19,66,133,95,2,Matches
256,Zlatan Ibrahimović,se SWE,FW,Milan,40,1981,1.6,0,0,0,0,0,0,0,,0,1,1,0,0,0,2,0,Matches
257,Antonio Iervolino,it ITA,MF,Salernitana,19,2003,0.1,0,0,0,0,0,0,1,0.0,1,0,0,0,0,0,0,0,Matches
258,Igor,br BRA,DF,Fiorentina,24,1998,22.9,43,29,21,18,4,20,27,74.1,7,33,14,19,25,68,56,2,Matches
259,Jonathan Ikone,fr FRA,FW,Fiorentina,24,1998,22.3,16,8,5,6,5,5,14,35.7,9,18,1,17,4,20,3,0,Matches
260,Ivan Ilić,rs SRB,MF,Hellas Verona,21,2001,9.5,16,10,9,7,0,6,11,54.5,5,10,1,9,8,24,14,0,Matches
261,Ivan Ilić,rs SRB,MF,Torino,21,2001,13.1,18,7,6,11,1,10,20,50.0,10,12,3,9,5,23,10,0,Matches
262,Samuel Iling-Junior,eng ENG,"DF,FW",Juventus,18,2003,3.5,7,2,3,1,3,4,9,44.4,5,5,1,4,2,9,6,0,Matches
263,Emirhan İlkhan,tr TUR,MF,Torino,18,2004,1.0,1,1,0,1,0,1,1,100.0,0,3,1,2,2,3,2,0,Matches
264,Emirhan İlkhan,tr TUR,MF,Sampdoria,18,2004,1.3,6,3,2,2,2,2,3,66.7,1,5,1,4,0,6,3,0,Matches
265,Ciro Immobile,it ITA,FW,Lazio,32,1990,24.7,11,5,4,4,3,6,9,66.7,3,10,2,8,1,12,14,0,Matches
266,Ardian Ismajli,al ALB,DF,Empoli,25,1996,23.3,40,32,25,15,0,18,24,75.0,6,47,31,16,27,67,120,0,Matches
267,Mihailo Ivanović,rs SRB,FW,Sampdoria,17,2004,0.0,0,0,0,0,0,0,0,,0,0,0,0,0,0,0,0,Matches
268,Armando Izzo,it ITA,DF,Monza,30,1992,27.4,73,50,44,27,2,29,45,64.4,16,29,17,12,50,123,87,1,Matches
269,Mato Jajalo,ba BIH,MF,Udinese,34,1988,0.7,0,0,0,0,0,0,1,0.0,1,0,0,0,0,0,2,0,Matches
270,Jesé,es ESP,FW,Sampdoria,29,1993,2.3,2,0,0,2,0,0,1,0.0,1,3,1,2,1,3,2,0,Matches
271,Juan Jesus,br BRA,DF,Napoli,31,1991,10.4,16,11,9,6,1,9,12,75.0,3,18,11,7,10,26,29,0,Matches
272,Þórir Jóhann Helgason,is ISL,MF,Lecce,21,2000,2.5,2,2,1,0,1,2,3,66.7,1,3,1,2,3,5,3,0,Matches
273,Luka Jović,rs SRB,"FW,MF",Fiorentina,24,1997,17.0,6,3,1,4,1,2,8,25.0,6,7,2,5,2,8,10,0,Matches
274,Hamed Junior Traorè,ci CIV,"MF,FW",Sassuolo,22,2000,6.6,11,6,4,6,1,4,11,36.4,7,4,0,4,2,13,0,1,Matches
275,Yayah Kallon,sl SLE,"MF,FW",Hellas Verona,21,2001,9.6,14,10,5,4,5,7,12,58.3,5,10,0,10,8,22,5,0,Matches
276,Pierre Kalulu,fr FRA,DF,Milan,22,2000,28.3,57,39,33,21,3,28,42,66.7,14,41,17,24,41,98,56,1,Matches
277,Yann Karamoh,fr FRA,"MF,FW",Torino,24,1998,8.0,5,2,3,2,0,1,5,20.0,4,5,0,5,0,5,2,1,Matches
278,Rick Karsdorp,nl NED,DF,Roma,27,1995,7.9,21,13,11,7,3,13,22,59.1,9,0,0,0,7,28,15,1,Matches
279,Denso Kasius,nl NED,DF,Bologna,19,2002,3.8,12,6,7,4,1,8,10,80.0,2,6,3,3,3,15,6,0,Matches
280,Grigoris Kastanos,cy CYP,"MF,DF",Salernitana,24,1998,14.3,39,23,18,19,2,16,40,40.0,24,20,6,14,8,47,8,0,Matches
281,Moise Kean,it ITA,FW,Juventus,22,2000,11.1,8,6,2,5,1,3,7,42.9,4,4,0,4,5,13,2,0,Matches
282,Jakub Kiwior,pl POL,DF,Spezia,22,2000,16.0,22,17,15,7,0,6,24,25.0,18,26,18,8,24,46,71,1,Matches
283,Simon Kjær,dk DEN,DF,Milan,33,1989,11.2,15,8,9,6,0,7,11,63.6,4,14,11,3,9,24,35,1,Matches
284,Teun Koopmeiners,nl NED,MF,Atalanta,24,1998,31.8,46,26,15,24,7,28,55,50.9,27,41,5,36,19,65,36,2,Matches
285,Filip Kostić,rs SRB,"DF,FW",Juventus,29,1992,28.5,41,26,17,20,4,21,47,44.7,26,30,4,26,16,57,32,0,Matches
286,Christian Kouamé,ci CIV,FW,Fiorentina,24,1997,20.7,27,18,8,10,9,7,14,50.0,7,15,3,12,12,39,8,0,Matches
287,Viktor Kovalenko,ua UKR,MF,Spezia,26,1996,6.1,9,5,1,6,2,5,8,62.5,3,11,2,9,4,13,7,0,Matches
288,Julian Kristoffersen,no NOR,FW,Salernitana,25,1997,0.2,0,0,0,0,0,0,0,,0,1,0,1,0,0,0,0,Matches
289,Raimonds Krollis,lv LVA,"FW,DF",Spezia,20,2001,0.4,1,1,0,0,1,0,1,0.0,1,0,0,0,0,1,0,0,Matches
290,Rade Krunić,ba BIH,MF,Milan,28,1993,18.4,40,28,18,18,4,16,50,32.0,34,31,11,20,16,56,21,0,Matches
291,Marash Kumbulla,al ALB,DF,Roma,22,2000,2.9,4,4,2,2,0,2,3,66.7,1,2,1,1,4,8,6,0,Matches
292,Khvicha Kvaratskhelia,ge GEO,FW,Napoli,21,2001,28.0,43,23,12,8,23,17,43,39.5,26,20,0,20,5,48,6,1,Matches
293,Giorgos Kyriakopoulos,gr GRE,"DF,FW",Bologna,26,1996,7.8,13,6,4,5,4,10,23,43.5,13,14,2,12,4,17,10,0,Matches
294,Giorgos Kyriakopoulos,gr GRE,"FW,DF",Sassuolo,26,1996,8.5,21,8,7,9,5,10,14,71.4,4,7,1,6,11,32,12,1,Matches
295,Sam Lammers,nl NED,FW,Sampdoria,25,1997,12.2,12,5,2,7,3,6,15,40.0,9,10,3,7,6,18,11,0,Matches
296,Sam Lammers,nl NED,FW,Empoli,25,1997,9.8,20,10,5,9,6,7,11,63.6,4,4,1,3,3,23,8,0,Matches
297,Kevin Lasagna,it ITA,"FW,MF",Hellas Verona,29,1992,17.5,12,6,7,3,2,6,14,42.9,8,17,1,16,5,17,13,0,Matches
298,Armand Lauriente,fr FRA,FW,Sassuolo,23,1998,24.2,21,15,5,7,9,8,21,38.1,13,20,0,20,12,33,8,0,Matches
299,Valentino Lazaro,at AUT,DF,Torino,26,1996,15.3,10,5,6,0,4,6,14,42.9,8,16,3,13,3,13,29,0,Matches
300,Marko Lazetić,rs SRB,FW,Milan,18,2004,0.1,0,0,0,0,0,0,0,,0,0,0,0,0,0,0,0,Matches
301,Darko Lazović,rs SRB,"MF,DF",Hellas Verona,31,1990,24.9,24,13,9,12,3,13,29,44.8,16,14,3,11,16,40,19,0,Matches
302,Manuel Lazzari,it ITA,DF,Lazio,28,1993,20.9,33,21,13,14,6,21,36,58.3,15,20,6,14,18,51,36,1,Matches
303,Rafael Leão,pt POR,"FW,MF",Milan,23,1999,26.9,8,7,2,3,3,6,14,42.9,8,9,2,7,15,23,8,0,Matches
304,Mehdi Léris,dz ALG,"MF,DF",Sampdoria,24,1998,27.3,63,46,30,24,9,23,55,41.8,32,38,6,32,27,90,34,0,Matches
305,Karol Linetty,pl POL,MF,Torino,27,1995,21.0,32,17,7,22,3,13,25,52.0,12,28,8,20,19,51,25,0,Matches
306,Marcin Listkowski,pl POL,"MF,FW",Lecce,24,1998,0.9,0,0,0,0,0,0,0,,0,0,0,0,3,3,2,0,Matches
307,Diego Llorente,es ESP,DF,Roma,28,1993,6.4,10,5,6,4,0,5,12,41.7,7,4,2,2,11,21,20,0,Matches
308,Stanislav Lobotka,sk SVK,MF,Napoli,27,1994,34.5,83,44,35,35,13,43,73,58.9,30,29,7,22,23,106,16,0,Matches
309,Manuel Locatelli,it ITA,MF,Juventus,24,1998,27.2,59,33,26,23,10,30,53,56.6,23,50,22,28,27,86,59,0,Matches
310,Luka Lochoshvili,ge GEO,DF,Cremonese,24,1998,20.4,45,19,30,11,4,22,31,71.0,9,31,10,21,22,67,89,0,Matches
311,Ademola Lookman,ng NGA,"FW,MF",Atalanta,24,1997,19.2,13,5,2,6,5,3,15,20.0,12,18,0,18,4,17,1,0,Matches
312,Maxime Lopez,fr FRA,MF,Sassuolo,24,1997,25.5,42,18,26,12,4,16,56,28.6,40,24,6,18,22,64,21,0,Matches
313,Matteo Lovato,it ITA,DF,Salernitana,22,2000,9.0,17,14,14,3,0,10,25,40.0,15,8,5,3,13,30,33,2,Matches
314,Sandi Lovrić,si SVN,MF,Udinese,24,1998,25.9,40,18,16,16,8,25,43,58.1,18,25,2,23,26,66,21,0,Matches
315,Hirving Lozano,mx MEX,FW,Napoli,27,1995,17.8,24,13,10,6,8,9,21,42.9,12,31,0,31,15,39,6,0,Matches
316,Jhon Lucumí,co COL,DF,Bologna,24,1998,32.2,53,37,39,13,1,24,43,55.8,19,43,26,17,35,88,100,1,Matches
317,José Luis Palomino,ar ARG,DF,Atalanta,32,1990,8.4,23,14,16,7,0,11,19,57.9,8,11,4,7,28,51,20,0,Matches
318,Romelu Lukaku,be BEL,FW,Inter,29,1993,18.4,3,1,1,0,2,2,5,40.0,3,3,1,2,0,3,16,0,Matches
319,Saša Lukić,rs SRB,MF,Torino,25,1996,13.3,21,14,10,10,1,9,15,60.0,6,17,7,10,13,34,10,0,Matches
320,Sebastiano Luperto,it ITA,DF,Empoli,25,1996,34.8,33,18,24,8,1,9,20,45.0,11,54,42,12,43,76,163,1,Matches
321,Charalampos Lykogiannis,gr GRE,DF,Bologna,28,1993,12.3,16,8,5,6,5,5,13,38.5,8,9,4,5,15,31,30,0,Matches
322,Giulio Maggiore,it ITA,MF,Salernitana,24,1998,9.9,20,8,11,6,3,10,21,47.6,11,19,4,15,8,28,10,0,Matches
323,Giangiacomo Magnani,it ITA,DF,Hellas Verona,26,1995,17.0,33,22,20,11,2,19,25,76.0,6,20,15,5,21,54,76,0,Matches
324,Mike Maignan,fr FRA,GK,Milan,27,1995,22.0,1,0,1,0,0,1,1,100.0,0,0,0,0,1,2,10,1,Matches
325,Jordan Majchrzak,pl POL,FW,Roma,17,2004,0.2,0,0,0,0,0,0,0,,0,0,0,0,0,0,0,0,Matches
326,Jean-Victor Makengo,fr FRA,MF,Udinese,24,1998,8.9,16,13,7,7,2,5,9,55.6,4,8,2,6,9,25,3,0,Matches
327,Lorenzo Malagrida,it ITA,"MF,DF",Sampdoria,18,2003,1.2,1,0,0,0,1,1,3,33.3,2,1,0,1,0,1,1,0,Matches
328,Daniel Maldini,it ITA,"FW,MF",Spezia,20,2001,7.0,12,5,3,4,5,4,11,36.4,7,9,0,9,1,13,8,0,Matches
329,Youssef Maleh,ma MAR,MF,Fiorentina,23,1998,3.3,3,1,0,3,0,0,4,0.0,4,5,0,5,1,4,3,0,Matches
330,Youssef Maleh,ma MAR,MF,Lecce,23,1998,7.5,17,8,3,7,7,6,14,42.9,8,20,1,19,5,22,10,0,Matches
331,Ruslan Malinovskyi,ua UKR,"MF,FW",Atalanta,29,1993,6.1,14,8,5,6,3,6,17,35.3,11,8,1,7,5,19,2,0,Matches
332,Gianluca Mancini,it ITA,DF,Roma,26,1996,31.8,37,19,27,9,1,18,34,52.9,16,38,17,21,46,83,67,0,Matches
333,Rolando Mandragora,it ITA,MF,Fiorentina,25,1997,21.7,42,24,12,22,8,23,52,44.2,29,25,3,22,16,58,21,0,Matches
334,Federico Marchetti,it ITA,GK,Spezia,39,1983,0.7,0,0,0,0,0,0,0,,0,0,0,0,0,0,0,0,Matches
335,Riccardo Marchizza,it ITA,DF,Sassuolo,24,1998,3.1,2,2,1,1,0,2,4,50.0,2,2,0,2,2,4,8,0,Matches
336,Gian Marco Ferrari,it ITA,DF,Sassuolo,30,1992,24.7,23,16,11,10,2,10,17,58.8,7,29,20,9,23,46,81,4,Matches
337,Pablo Marí,es ESP,DF,Monza,28,1993,27.6,37,19,29,7,1,17,26,65.4,9,22,14,8,31,68,111,3,Matches
338,Răzvan Marin,ro ROU,MF,Empoli,26,1996,28.2,44,22,22,21,1,19,40,47.5,21,29,11,18,14,58,33,0,Matches
339,Marlon,br BRA,DF,Monza,26,1995,17.7,35,21,20,14,1,15,29,51.7,14,13,4,9,18,53,50,0,Matches
340,Luca Marrone,it ITA,DF,Monza,32,1990,1.5,0,0,0,0,0,0,2,0.0,2,2,2,0,0,0,4,1,Matches
341,Lautaro Martínez,ar ARG,FW,Inter,24,1997,28.6,25,14,3,15,7,7,23,30.4,16,31,1,30,13,38,16,1,Matches
342,Lucas Martínez Quarta,ar ARG,DF,Fiorentina,26,1996,24.1,80,48,44,32,4,42,61,68.9,19,41,19,22,48,128,78,1,Matches
343,Adam Marušić,me MNE,DF,Lazio,29,1992,30.7,41,30,23,14,4,25,39,64.1,14,20,6,14,38,79,63,1,Matches
344,Adam Masina,ma MAR,DF,Udinese,28,1994,8.8,10,7,7,3,0,6,15,40.0,9,11,4,7,10,20,28,1,Matches
345,Nemanja Matić,rs SRB,MF,Roma,33,1988,20.6,47,27,24,19,4,19,33,57.6,14,27,7,20,25,72,21,1,Matches
346,Luís Maximiano,pt POR,GK,Lazio,23,1999,0.1,0,0,0,0,0,0,0,,0,0,0,0,0,0,0,0,Matches
347,Pasquale Mazzocchi,it ITA,DF,Salernitana,27,1995,21.8,32,18,21,5,6,17,37,45.9,20,10,2,8,10,42,37,2,Matches
348,Weston McKennie,us USA,"MF,DF",Juventus,23,1998,11.7,14,5,3,9,2,5,8,62.5,3,15,4,11,11,25,15,1,Matches
349,Gary Medel,cl CHI,"MF,DF",Bologna,34,1987,16.4,25,15,16,7,2,9,16,56.3,7,17,10,7,28,53,34,0,Matches
350,Soualiho Meïté,fr FRA,MF,Cremonese,28,1994,26.3,47,31,25,15,7,22,46,47.8,24,27,6,21,27,74,36,0,Matches
351,Alex Meret,it ITA,GK,Napoli,25,1997,34.0,0,0,0,0,0,0,0,,0,0,0,0,0,0,6,1,Matches
352,Yıldırım Mert Çetin,tr TUR,DF,Lecce,25,1997,0.2,1,0,1,0,0,0,0,,0,0,0,0,1,2,1,0,Matches
353,Junior Messias,br BRA,"FW,DF",Milan,31,1991,16.6,24,18,9,9,6,5,19,26.3,14,20,4,16,7,31,28,0,Matches
354,Tommaso Milanese,it ITA,MF,Cremonese,20,2002,0.3,0,0,0,0,0,0,0,,0,1,1,0,0,0,0,0,Matches
355,Nikola Milenković,rs SRB,DF,Fiorentina,24,1997,23.7,40,25,20,17,3,18,27,66.7,9,27,14,13,22,62,72,0,Matches
356,Arkadiusz Milik,pl POL,FW,Juventus,28,1994,17.6,12,8,2,8,2,2,8,25.0,6,10,1,9,1,13,14,0,Matches
357,Sergej Milinković-Savić,rs SRB,MF,Lazio,27,1995,33.6,58,35,22,23,13,24,67,35.8,43,50,12,38,28,86,49,0,Matches
358,Vanja Milinković-Savić,rs SRB,GK,Torino,25,1997,38.0,2,1,2,0,0,2,2,100.0,0,0,0,0,1,3,19,1,Matches
359,Kim Min-jae,kr KOR,DF,Napoli,25,1996,33.9,55,30,32,22,1,25,29,86.2,4,36,26,10,41,96,123,1,Matches
360,Aleksei Miranchuk,ru RUS,MF,Torino,26,1995,23.2,11,5,3,4,4,3,11,27.3,8,11,0,11,2,13,5,0,Matches
361,Antonio Mirante,it ITA,GK,Milan,39,1983,0.0,0,0,0,0,0,0,0,,0,0,0,0,0,0,0,0,Matches
362,Fabio Miretti,it ITA,"MF,FW",Juventus,18,2003,13.7,24,11,15,6,3,12,29,41.4,17,20,1,19,4,28,11,0,Matches
363,Filippo Missori,it ITA,DF,Roma,18,2004,2.0,4,3,3,0,1,3,6,50.0,3,0,0,0,3,7,5,0,Matches
364,Henrikh Mkhitaryan,am ARM,MF,Inter,33,1989,22.1,41,26,13,22,6,14,41,34.1,27,27,4,23,21,62,18,0,Matches
365,Salvatore Molina,it ITA,DF,Monza,30,1992,2.5,6,5,2,4,0,4,5,80.0,1,4,2,2,1,7,2,0,Matches
366,Daniele Montevago,it ITA,FW,Sampdoria,19,2003,2.6,1,0,0,0,1,0,1,0.0,1,2,1,1,0,1,1,0,Matches
367,Lorenzo Montipò,it ITA,GK,Hellas Verona,26,1996,37.0,1,0,1,0,0,0,3,0.0,3,1,0,1,0,1,26,3,Matches
368,Nikola Moro,hr CRO,MF,Bologna,24,1998,13.6,32,21,11,15,6,14,36,38.9,22,15,2,13,8,40,18,0,Matches
369,Dany Mota,pt POR,"FW,MF",Monza,24,1998,21.2,8,7,1,3,4,2,10,20.0,8,5,1,4,6,14,25,0,Matches
370,João Moutinho,pt POR,"DF,FW",Spezia,24,1998,0.6,7,1,5,1,1,3,4,75.0,1,1,1,0,0,7,0,0,Matches
371,Mert Müldür,tr TUR,"FW,DF",Sassuolo,23,1999,0.1,0,0,0,0,0,0,0,,0,0,0,0,0,0,0,0,Matches
372,Luis Muriel,co COL,"FW,MF",Atalanta,31,1991,11.9,9,6,2,3,4,5,16,31.3,11,9,0,9,2,11,2,0,Matches
373,Jeison Murillo,co COL,DF,Sampdoria,30,1992,11.7,22,11,16,6,0,17,26,65.4,9,22,14,8,8,30,39,0,Matches
374,Nicola Murru,it ITA,DF,Sampdoria,27,1994,8.7,24,14,15,8,1,7,13,53.8,6,17,7,10,10,34,21,0,Matches
375,Juan Musso,ar ARG,GK,Atalanta,28,1994,23.1,1,1,1,0,0,1,1,100.0,0,0,0,0,0,1,11,1,Matches
376,Joakim Mæhle,dk DEN,"DF,MF",Atalanta,25,1997,24.5,32,18,12,7,13,22,39,56.4,17,29,6,23,24,56,26,0,Matches
377,Herculano Nabian,pt POR,MF,Empoli,18,2004,0.0,0,0,0,0,0,0,0,,0,0,0,0,0,0,0,0,Matches
378,Michel Ndary Adopo,fr FRA,"MF,DF",Torino,22,2000,2.9,7,2,4,2,1,1,3,33.3,2,2,2,0,1,8,4,0,Matches
379,Tanguy Ndombele,fr FRA,MF,Napoli,25,1996,9.0,14,8,4,8,2,4,7,57.1,3,10,1,9,7,21,7,1,Matches
380,Ilija Nestorovski,mk MKD,"FW,MF",Udinese,32,1990,7.1,7,3,2,1,4,5,11,45.5,6,6,1,5,2,9,10,0,Matches
381,Cyril Ngonge,be BEL,"MF,FW",Hellas Verona,22,2000,8.3,7,3,2,2,3,3,11,27.3,8,7,0,7,6,13,4,0,Matches
382,Hans Nicolussi Caviglia,it ITA,MF,Salernitana,22,2000,6.5,15,6,5,8,2,9,15,60.0,6,9,0,9,7,22,7,1,Matches
383,Dimitris Nikolaou,gr GRE,DF,Spezia,23,1998,32.9,45,32,31,10,4,25,37,67.6,12,41,26,15,27,72,82,0,Matches
384,Samuel Ntanda,cd COD,MF,Sampdoria,17,2005,0.0,0,0,0,0,0,0,0,,0,0,0,0,0,0,0,0,Matches
385,Bram Nuytinck,nl NED,DF,Udinese,32,1990,4.3,7,4,3,4,0,4,8,50.0,4,6,6,0,5,12,22,0,Matches
386,Bram Nuytinck,nl NED,DF,Sampdoria,32,1990,16.6,54,38,33,21,0,23,34,67.6,11,36,21,15,23,77,84,0,Matches
387,M'Bala Nzola,ao ANG,FW,Spezia,25,1996,29.5,12,5,0,6,6,3,9,33.3,6,20,6,14,7,19,21,0,Matches
388,Pedro Obiang,gq EQG,MF,Sassuolo,30,1992,9.7,26,17,12,12,2,10,18,55.6,8,12,2,10,8,34,15,0,Matches
389,Guillermo Ochoa,mx MEX,GK,Salernitana,37,1985,20.0,0,0,0,0,0,0,2,0.0,2,0,0,0,0,0,9,1,Matches
390,Marios Oikonomou,gr GRE,DF,Sampdoria,29,1992,2.4,3,2,3,0,0,1,3,33.3,2,5,4,1,4,7,13,0,Matches
391,David Okereke,ng NGA,"FW,MF",Cremonese,24,1997,25.2,12,8,4,5,3,3,16,18.8,13,23,3,20,10,22,12,0,Matches
392,Caleb Okoli,it ITA,DF,Atalanta,21,2001,10.7,21,17,14,6,1,10,25,40.0,15,10,5,5,30,51,44,3,Matches
393,Mathías Olivera,uy URU,DF,Napoli,24,1997,18.3,39,23,16,16,7,22,43,51.2,21,28,2,26,22,61,26,0,Matches
394,André Onana,cm CMR,GK,Inter,26,1996,24.0,0,0,0,0,0,0,1,0.0,1,0,0,0,0,0,5,0,Matches
395,Divock Origi,be BEL,FW,Milan,27,1995,11.4,10,5,4,3,3,5,10,50.0,5,6,2,4,0,10,13,0,Matches
396,Riccardo Orsolini,it ITA,FW,Bologna,25,1997,23.6,30,19,15,10,5,17,41,41.5,24,29,3,26,8,38,18,0,Matches
397,Victor Osimhen,ng NGA,FW,Napoli,23,1998,28.5,10,6,1,2,7,0,7,0.0,7,6,1,5,6,16,29,0,Matches
398,Remi Oudin,fr FRA,"FW,MF",Lecce,25,1996,14.7,25,13,9,12,4,10,23,43.5,13,16,2,14,29,54,23,0,Matches
399,Adam Ounas,dz ALG,FW,Napoli,25,1996,0.2,0,0,0,0,0,0,0,,0,0,0,0,1,1,0,0,Matches
400,Simone Pafundi,it ITA,"MF,FW",Udinese,16,2006,0.9,8,5,1,5,2,2,4,50.0,2,0,0,0,1,9,0,0,Matches
401,Flavio Paoletti,it ITA,MF,Sampdoria,19,2003,3.2,2,2,0,2,0,1,5,20.0,4,1,0,1,5,7,9,0,Matches
402,Leandro Paredes,ar ARG,MF,Juventus,28,1994,10.9,19,13,7,11,1,10,22,45.5,12,8,0,8,17,36,22,0,Matches
403,Fabiano Parisi,it ITA,DF,Empoli,21,2000,31.4,65,35,37,21,7,30,72,41.7,42,51,16,35,41,106,91,0,Matches
404,Mario Pašalić,hr CRO,"MF,FW",Atalanta,27,1995,19.7,22,10,6,14,2,6,23,26.1,17,22,4,18,21,43,13,0,Matches
405,Patric,es ESP,DF,Lazio,29,1993,15.7,17,11,12,3,2,11,16,68.8,5,17,12,5,11,28,53,1,Matches
406,Rui Patrício,pt POR,GK,Roma,34,1988,35.0,1,1,1,0,0,1,1,100.0,0,0,0,0,2,3,6,3,Matches
407,Pedro,es ESP,FW,Lazio,35,1987,21.1,35,24,14,10,11,11,30,36.7,19,18,2,16,6,41,4,1,Matches
408,Gianluca Pegolo,it ITA,GK,Sassuolo,41,1981,2.0,0,0,0,0,0,0,1,0.0,1,0,0,0,0,0,1,0,Matches
409,Pietro Pellegri,it ITA,FW,Torino,21,2001,5.2,6,2,1,3,2,2,3,66.7,1,5,1,4,0,6,4,0,Matches
410,Lorenzo Pellegrini,it ITA,MF,Roma,26,1996,28.3,52,29,24,24,4,22,48,45.8,26,27,4,23,26,78,22,0,Matches
411,Luca Pellegrini,it ITA,DF,Lazio,23,1999,2.0,1,0,0,1,0,1,4,25.0,3,3,0,3,7,8,4,0,Matches
412,Pepín,gq EQG,MF,Monza,25,1996,12.5,28,19,10,11,7,9,27,33.3,18,14,3,11,13,41,17,0,Matches
413,Roberto Pereyra,ar ARG,"DF,MF",Udinese,31,1991,31.3,36,20,21,12,3,16,44,36.4,28,20,5,15,16,52,28,0,Matches
414,Nehuén Pérez,ar ARG,DF,Udinese,22,2000,31.3,77,40,54,20,3,39,55,70.9,16,53,23,30,35,112,106,1,Matches
415,Simone Perilli,it ITA,GK,Hellas Verona,27,1995,1.0,0,0,0,0,0,0,0,,0,0,0,0,0,0,0,0,Matches
416,Mattia Perin,it ITA,GK,Juventus,29,1992,10.5,0,0,0,0,0,0,0,,0,0,0,0,0,0,0,0,Matches
417,Samuele Perisan,it ITA,GK,Empoli,24,1997,7.0,0,0,0,0,0,0,0,,0,0,0,0,0,0,2,0,Matches
418,Matteo Pessina,it ITA,MF,Monza,25,1997,32.6,57,36,28,21,8,26,62,41.9,36,50,15,35,37,94,33,1,Matches
419,Andrea Petagna,it ITA,FW,Monza,27,1995,18.5,7,5,2,3,2,3,6,50.0,3,16,4,12,3,10,18,0,Matches
420,Giuseppe Pezzella,it ITA,DF,Lecce,24,1997,10.2,21,9,16,2,3,9,16,56.3,7,11,3,8,8,29,31,1,Matches
421,Krzysztof Piątek,pl POL,FW,Salernitana,27,1995,23.8,18,11,3,9,6,5,21,23.8,16,17,4,13,2,20,39,0,Matches
422,Roberto Piccoli,it ITA,FW,Hellas Verona,21,2001,2.1,1,0,1,0,0,0,2,0.0,2,2,0,2,0,1,2,0,Matches
423,Roberto Piccoli,it ITA,FW,Empoli,21,2001,5.7,1,1,1,0,0,0,3,0.0,3,4,1,3,1,2,9,0,Matches
424,Charles Pickel,cd COD,MF,Cremonese,25,1997,27.6,55,23,25,26,4,32,57,56.1,25,37,5,32,24,79,36,1,Matches
425,Andrea Pinamonti,it ITA,FW,Sassuolo,23,1999,24.0,10,7,0,5,5,3,7,42.9,4,19,2,17,2,12,11,0,Matches
426,Lorenzo Pirola,it ITA,DF,Salernitana,20,2002,21.6,33,29,18,14,1,19,27,70.4,8,50,35,15,30,63,85,1,Matches
427,Niccolò Pisilli,it ITA,MF,Roma,17,2004,0.0,0,0,0,0,0,0,0,,0,0,0,0,0,0,0,0,Matches
428,Marko Pjaca,hr CRO,"MF,FW",Empoli,27,1995,5.8,4,3,3,1,0,3,5,60.0,2,3,0,3,3,7,3,0,Matches
429,Tommaso Pobega,it ITA,MF,Milan,23,1999,9.8,27,16,8,15,4,13,20,65.0,7,12,4,8,9,36,11,0,Matches
430,Paul Pogba,fr FRA,"MF,FW",Juventus,29,1993,1.2,0,0,0,0,0,0,1,0.0,1,0,0,0,0,0,2,0,Matches
431,Matteo Politano,it ITA,FW,Napoli,28,1993,13.0,18,9,9,5,4,11,25,44.0,14,6,0,6,7,25,7,0,Matches
432,Marin Pongračić,hr CRO,DF,Lecce,24,1997,8.8,16,14,8,7,1,5,7,71.4,2,4,3,1,16,32,31,0,Matches
433,Stefan Posch,at AUT,DF,Bologna,25,1997,28.1,81,43,41,29,11,44,75,58.7,31,44,15,29,35,116,69,0,Matches
434,Ivan Provedel,it ITA,GK,Lazio,28,1994,37.9,1,0,1,0,0,0,0,,0,0,0,0,0,1,15,1,Matches
435,Ignacio Pussetto,ar ARG,"MF,DF",Sampdoria,26,1995,1.7,6,3,2,3,1,3,4,75.0,1,4,0,4,0,6,3,0,Matches
436,Niklas Pyyhtiä,fi FIN,MF,Bologna,18,2003,1.2,1,0,0,1,0,0,1,0.0,1,1,1,0,1,2,4,0,Matches
437,Fabio Quagliarella,it ITA,FW,Sampdoria,39,1983,8.9,2,1,1,1,0,1,7,14.3,6,5,1,4,0,2,9,0,Matches
438,Giacomo Quagliata,it ITA,DF,Cremonese,22,2000,7.8,10,8,7,1,2,5,11,45.5,6,7,2,5,11,21,8,0,Matches
439,Adrien Rabiot,fr FRA,MF,Juventus,27,1995,30.5,65,35,31,23,11,30,57,52.6,27,37,7,30,26,91,44,1,Matches
440,Nemanja Radonjić,rs SRB,"MF,FW",Torino,26,1996,16.2,2,1,2,0,0,0,4,0.0,4,3,0,3,2,4,4,0,Matches
441,Ivan Radovanović,rs SRB,"MF,DF",Salernitana,33,1988,7.5,12,4,8,4,0,4,10,40.0,6,9,3,6,7,19,9,1,Matches
442,Ionuț Radu,ro ROU,GK,Cremonese,25,1997,9.0,0,0,0,0,0,0,0,,0,0,0,0,0,0,1,3,Matches
443,Ștefan Radu,ro ROU,FW,Lazio,35,1986,0.0,0,0,0,0,0,0,0,,0,0,0,0,0,0,0,0,Matches
444,Antonio Raimondo,it ITA,FW,Bologna,18,2004,0.2,0,0,0,0,0,0,0,,0,0,0,0,0,0,1,0,Matches
445,Luca Ranieri,it ITA,DF,Fiorentina,23,1999,5.6,9,4,6,3,0,6,9,66.7,3,5,3,2,11,20,15,1,Matches
446,Andrea Ranocchia,it ITA,DF,Monza,34,1988,0.5,3,1,1,2,0,3,4,75.0,1,5,5,0,0,3,7,0,Matches
447,Filippo Ranocchia,it ITA,MF,Monza,21,2001,5.9,11,6,5,4,2,4,12,33.3,8,5,1,4,4,15,7,0,Matches
448,Giacomo Raspadori,it ITA,"FW,MF",Napoli,22,2000,10.1,10,8,0,6,4,4,10,40.0,6,9,0,9,4,14,4,0,Matches
449,Giacomo Raspadori,it ITA,FW,Sassuolo,22,2000,0.5,0,0,0,0,0,0,0,,0,0,0,0,0,0,0,0,Matches
450,Nicola Ravaglia,it ITA,GK,Sampdoria,33,1988,9.0,0,0,0,0,0,0,1,0.0,1,0,0,0,0,0,7,0,Matches
451,Ante Rebić,hr CRO,"FW,MF",Milan,28,1993,10.9,10,8,1,3,6,3,11,27.3,8,6,1,5,1,11,5,0,Matches
452,Arkadiusz Reca,pl POL,DF,Spezia,27,1995,24.1,44,28,22,12,10,19,32,59.4,13,21,5,16,24,68,54,0,Matches
453,Panagiotis Retsos,gr GRE,DF,Hellas Verona,23,1998,1.4,5,4,2,2,1,3,3,100.0,0,4,1,3,2,7,3,0,Matches
454,Franck Ribéry,fr FRA,MF,Salernitana,39,1983,0.4,0,0,0,0,0,0,0,,0,1,0,1,0,0,0,0,Matches
455,Samuele Ricci,it ITA,MF,Torino,20,2001,23.0,32,21,17,10,5,18,23,78.3,5,20,5,15,17,49,29,1,Matches
456,Tomás Rincón,ve VEN,MF,Sampdoria,34,1988,28.4,56,27,22,26,8,29,61,47.5,32,37,7,30,30,86,18,0,Matches
457,Pablo Rodríguez,es ESP,"FW,MF",Lecce,20,2001,0.6,2,1,2,0,0,0,2,0.0,2,3,0,3,0,2,0,0,Matches
458,Ricardo Rodríguez,ch SUI,DF,Torino,29,1992,29.7,54,33,30,17,7,28,42,66.7,14,30,15,15,38,92,61,0,Matches
459,Rogério,br BRA,DF,Sassuolo,24,1998,33.3,37,21,22,8,7,17,35,48.6,18,32,9,23,37,74,70,0,Matches
460,Filippo Romagna,it ITA,DF,Sassuolo,25,1997,0.5,0,0,0,0,0,0,0,,0,1,1,0,0,0,2,0,Matches
461,Alessio Romagnoli,it ITA,DF,Lazio,27,1995,32.5,33,15,19,14,0,11,22,50.0,11,33,26,7,38,71,108,0,Matches
462,Simone Romagnoli,it ITA,DF,Lecce,32,1990,1.9,6,5,3,3,0,2,2,100.0,0,4,1,3,1,7,11,0,Matches
463,Luka Romero,ar ARG,FW,Lazio,17,2004,1.7,0,0,0,0,0,0,3,0.0,3,4,0,4,3,3,1,0,Matches
464,Marten de Roon,nl NED,MF,Atalanta,31,1991,32.9,77,39,37,35,5,37,81,45.7,44,37,4,33,36,113,58,0,Matches
465,Francesco Rossi,it ITA,GK,Atalanta,31,1991,0.0,0,0,0,0,0,0,0,,0,0,0,0,0,0,0,0,Matches
466,Nicolò Rovella,it ITA,MF,Monza,20,2001,19.3,45,29,22,21,2,13,36,36.1,23,20,1,19,40,85,17,0,Matches
467,Nicolò Rovella,it ITA,MF,Juventus,20,2001,0.3,1,1,0,1,0,1,1,100.0,0,0,0,0,0,1,0,0,Matches
468,Amir Rrahmani,xk KVX,DF,Napoli,28,1994,27.2,33,18,20,13,0,17,26,65.4,9,36,20,16,14,47,79,1,Matches
469,Ruan,br BRA,DF,Sassuolo,23,1999,19.0,38,26,25,12,1,19,29,65.5,10,29,17,12,24,62,80,3,Matches
470,Daniele Rugani,it ITA,DF,Juventus,28,1994,6.3,7,0,6,1,0,4,4,100.0,0,7,5,2,7,14,32,0,Matches
471,Matteo Ruggeri,it ITA,"DF,MF",Atalanta,20,2002,9.2,17,12,5,9,3,8,16,50.0,8,14,3,11,12,29,16,0,Matches
472,Mário Rui,pt POR,DF,Napoli,31,1991,19.4,34,22,17,13,4,20,41,48.8,21,17,4,13,15,49,24,1,Matches
473,Alessandro Russo,it ITA,GK,Sassuolo,21,2001,1.0,0,0,0,0,0,0,0,,0,0,0,0,0,0,1,1,Matches
474,Abdelhamid Sabiri,ma MAR,"MF,FW",Sampdoria,25,1996,11.9,18,7,5,9,4,4,13,30.8,9,18,4,14,2,20,5,0,Matches
475,Alexis Saelemaekers,be BEL,"FW,DF",Milan,23,1999,15.6,31,20,12,16,3,19,41,46.3,22,13,1,12,19,50,11,0,Matches
476,Jacopo Sala,it ITA,MF,Spezia,30,1991,1.2,1,0,1,0,0,0,2,0.0,2,2,0,2,1,2,2,0,Matches
477,Lazar Samardzic,rs SRB,MF,Udinese,20,2002,20.5,33,16,9,20,4,17,43,39.5,26,13,0,13,11,44,16,0,Matches
478,Junior Sambia,fr FRA,DF,Salernitana,25,1996,7.7,12,5,7,4,1,6,10,60.0,4,9,3,6,8,20,16,1,Matches
479,Antonio Sanabria,py PAR,FW,Torino,26,1996,27.0,11,5,3,3,5,1,7,14.3,6,9,2,7,4,15,7,0,Matches
480,Leandro Sanca,gw GNB,"FW,MF",Spezia,22,2000,0.4,1,1,0,0,1,1,1,100.0,0,0,0,0,0,1,0,0,Matches
481,Alex Sandro,br BRA,DF,Juventus,31,1991,19.9,35,20,16,16,3,15,22,68.2,7,27,10,17,15,50,64,1,Matches
482,Nicola Sansone,it ITA,FW,Bologna,30,1991,8.2,12,4,6,4,2,5,10,50.0,5,0,0,0,0,12,4,0,Matches
483,Riccardo Saponara,it ITA,FW,Fiorentina,30,1991,13.4,10,5,3,6,1,5,9,55.6,4,7,1,6,5,15,9,1,Matches
484,Mouhamadou Sarr,sn SEN,GK,Cremonese,25,1997,2.0,0,0,0,0,0,0,0,,0,0,0,0,0,0,2,0,Matches
485,Martin Satriano,uy URU,FW,Empoli,21,2001,18.9,13,8,5,6,2,6,14,42.9,8,5,0,5,3,16,22,0,Matches
486,Giorgio Scalvini,it ITA,DF,Atalanta,18,2003,25.9,54,29,30,18,6,29,55,52.7,26,36,13,23,56,110,57,2,Matches
487,Jerdy Schouten,nl NED,MF,Bologna,25,1997,27.9,63,38,28,33,2,27,49,55.1,22,40,17,23,40,103,43,1,Matches
488,Perr Schuurs,nl NED,DF,Torino,22,1999,25.8,51,25,29,17,5,14,26,53.8,12,28,16,12,28,79,102,0,Matches
489,Demba Seck,sn SEN,"MF,FW",Torino,21,2001,5.8,5,2,3,2,0,2,3,66.7,1,3,1,2,1,6,1,0,Matches
490,Telasco Segovia,ve VEN,MF,Sampdoria,19,2003,0.0,0,0,0,0,0,0,0,,0,0,0,0,0,0,0,0,Matches
491,Jacopo Segre,it ITA,DF,Torino,25,1997,0.2,0,0,0,0,0,0,0,,0,0,0,0,0,0,0,0,Matches
492,Vivaldo Semedo,pt POR,"FW,MF",Udinese,17,2005,0.4,0,0,0,0,0,0,0,,0,1,0,1,0,0,1,0,Matches
493,Stefano Sensi,it ITA,MF,Monza,26,1995,18.0,41,26,25,13,3,18,48,37.5,30,13,3,10,20,61,4,0,Matches
494,Luigi Sepe,it ITA,GK,Salernitana,31,1991,17.0,0,0,0,0,0,0,1,0.0,1,0,0,0,0,0,0,0,Matches
495,Leonardo Sernicola,it ITA,DF,Cremonese,25,1997,25.7,45,33,25,13,7,29,43,67.4,14,23,6,17,38,83,55,0,Matches
496,Stephan El Shaarawy,it ITA,"DF,MF",Roma,29,1992,16.9,21,9,8,10,3,6,22,27.3,16,11,1,10,15,36,11,0,Matches
497,Eldor Shomurodov,uz UZB,FW,Spezia,27,1995,9.0,5,5,3,1,1,2,11,18.2,9,5,1,4,3,8,4,0,Matches
498,Eldor Shomurodov,uz UZB,FW,Roma,27,1995,1.3,1,0,1,0,0,0,2,0.0,2,1,0,1,1,2,0,0,Matches
499,Marco Silvestri,it ITA,GK,Udinese,31,1991,38.0,2,1,2,0,0,2,3,66.7,1,0,0,0,1,3,15,1,Matches
500,Giovanni Simeone,ar ARG,FW,Napoli,27,1995,4.5,12,3,3,5,4,3,8,37.5,5,2,1,1,1,13,4,0,Matches
501,Wilfried Singo,ci CIV,DF,Torino,21,2000,22.7,27,17,14,10,3,12,19,63.2,7,15,2,13,12,39,33,1,Matches
502,Salvatore Sirigu,it ITA,GK,Fiorentina,35,1987,1.0,0,0,0,0,0,0,0,,0,0,0,0,0,0,1,0,Matches
503,Leo Skiri Østigård,no NOR,DF,Napoli,22,1999,4.7,4,1,3,1,0,1,1,100.0,0,3,3,0,6,10,18,1,Matches
504,Łukasz Skorupski,pl POL,GK,Bologna,31,1991,37.0,2,1,2,0,0,1,2,50.0,1,0,0,0,0,2,19,2,Matches
505,Milan Škriniar,sk SVK,DF,Inter,27,1995,19.7,29,18,14,11,4,18,32,56.3,14,18,13,5,13,42,46,3,Matches
506,Chris Smalling,eng ENG,DF,Roma,32,1989,31.2,26,15,16,10,0,13,21,61.9,8,51,36,15,43,69,123,0,Matches
507,Ola Solbakken,no NOR,"MF,FW",Roma,23,1998,5.6,2,2,1,1,0,2,7,28.6,5,2,0,2,2,4,8,0,Matches
508,Brandon Soppy,fr FRA,DF,Udinese,20,2002,1.0,1,1,0,1,0,0,0,,0,4,0,4,1,2,1,0,Matches
509,Brandon Soppy,fr FRA,DF,Atalanta,20,2002,7.1,8,5,4,4,0,3,9,33.3,6,10,0,10,3,11,7,0,Matches
510,Roberto Soriano,it ITA,"FW,MF",Bologna,31,1991,14.7,31,16,9,16,6,13,25,52.0,12,23,2,21,6,37,14,0,Matches
511,Joaquin Sosa,uy URU,DF,Bologna,20,2002,7.6,6,2,5,1,0,4,18,22.2,14,5,3,2,6,12,31,0,Matches
512,Riccardo Sottil,it ITA,FW,Fiorentina,23,1999,9.3,4,3,2,0,2,2,5,40.0,3,2,0,2,0,4,0,0,Matches
513,Matìas Soulé,ar ARG,"MF,FW",Juventus,19,2003,4.7,7,4,3,2,2,5,7,71.4,2,7,1,6,3,10,3,0,Matches
514,Adama Soumaoro,fr FRA,DF,Bologna,30,1992,20.7,25,17,11,12,2,5,7,71.4,2,18,13,5,15,40,75,1,Matches
515,Leonardo Spinazzola,it ITA,DF,Roma,29,1993,18.4,15,8,7,6,2,8,23,34.8,15,13,3,10,9,24,25,0,Matches
516,Marco Sportiello,it ITA,GK,Atalanta,30,1992,14.9,1,0,1,0,0,1,3,33.3,2,0,0,0,0,1,2,0,Matches
517,Petar Stojanović,si SVN,DF,Empoli,26,1995,17.0,42,22,28,10,4,26,43,60.5,17,17,5,12,11,53,55,0,Matches
518,Gabriel Strefezza,br BRA,"FW,MF",Lecce,25,1997,27.1,50,24,18,20,12,27,53,50.9,26,36,3,33,16,66,15,0,Matches
519,Dávid Strelec,sk SVK,FW,Spezia,21,2001,1.9,2,2,0,1,1,2,2,100.0,0,0,0,0,0,2,0,0,Matches
520,Isaac Success,ng NGA,FW,Udinese,26,1996,20.2,8,4,2,5,1,3,8,37.5,5,13,2,11,4,12,18,0,Matches
521,Ibrahim Sulemana,gh GHA,MF,Hellas Verona,19,2003,7.2,19,13,10,7,2,6,12,50.0,6,8,2,6,14,33,15,0,Matches
522,Mile Svilar,rs SRB,GK,Roma,22,1999,3.0,0,0,0,0,0,0,0,,0,0,0,0,0,0,1,0,Matches
523,Wojciech Szczęsny,pl POL,GK,Juventus,32,1990,27.5,1,0,1,0,0,0,1,0.0,1,0,0,0,0,1,7,0,Matches
524,Benjamin Tahirovic,ba BIH,MF,Roma,19,2003,3.9,8,5,5,2,1,4,12,33.3,8,9,4,5,3,11,3,0,Matches
525,Adrien Tameze,cm CMR,MF,Hellas Verona,28,1994,33.7,51,30,21,26,4,28,63,44.4,35,51,14,37,37,88,55,2,Matches
526,Ciprian Tătărușanu,ro ROU,GK,Milan,36,1986,16.0,0,0,0,0,0,0,0,,0,0,0,0,1,1,2,0,Matches
527,Filippo Terracciano,it ITA,"DF,MF",Hellas Verona,19,2003,9.1,20,13,11,7,2,15,20,75.0,5,7,4,3,10,30,14,0,Matches
528,Pietro Terracciano,it ITA,GK,Fiorentina,32,1990,29.0,2,1,2,0,0,2,3,66.7,1,0,0,0,1,3,14,0,Matches
529,Aleksa Terzić,rs SRB,DF,Fiorentina,22,1999,10.4,16,9,9,4,3,11,21,52.4,10,13,4,9,5,21,16,0,Matches
530,Florian Thauvin,fr FRA,"FW,MF",Udinese,29,1993,6.1,2,1,0,2,0,2,13,15.4,11,5,0,5,2,4,2,0,Matches
531,Malick Thiaw,de GER,DF,Milan,20,2001,15.1,31,26,22,9,0,11,20,55.0,9,11,5,6,12,43,65,1,Matches
532,Kristian Thorstvedt,no NOR,MF,Sassuolo,23,1999,12.6,16,7,4,9,3,6,17,35.3,11,19,5,14,14,30,13,0,Matches
533,Jeremy Toljan,de GER,DF,Sassuolo,27,1994,29.7,36,23,17,14,5,22,33,66.7,11,31,14,17,18,54,60,1,Matches
534,Rafael Tolói,it ITA,DF,Atalanta,31,1990,30.9,69,44,37,32,0,35,64,54.7,29,42,18,24,57,126,88,1,Matches
535,Fikayo Tomori,eng ENG,DF,Milan,24,1997,30.7,70,34,44,25,1,22,34,64.7,12,46,25,21,29,99,88,1,Matches
536,Sandro Tonali,it ITA,MF,Milan,22,2000,30.1,64,41,35,24,5,27,44,61.4,17,34,9,25,25,89,26,1,Matches
537,Lorenzo Tonelli,it ITA,DF,Empoli,32,1990,0.2,0,0,0,0,0,0,1,0.0,1,0,0,0,0,0,0,0,Matches
538,William Troost-Ekong,ng NGA,DF,Salernitana,28,1993,4.9,11,3,7,4,0,6,7,85.7,1,7,4,3,6,17,10,0,Matches
539,Frank Tsadjout,it ITA,FW,Cremonese,23,1999,11.7,10,8,3,6,1,3,9,33.3,6,7,1,6,8,18,9,0,Matches
540,Alessandro Tuia,it ITA,DF,Lecce,32,1990,5.7,10,6,6,4,0,3,9,33.3,6,3,1,2,15,25,29,0,Matches
541,Martin Turk,si SVN,GK,Sampdoria,18,2003,4.0,0,0,0,0,0,0,0,,0,0,0,0,0,0,1,0,Matches
542,Destiny Udogie,it ITA,DF,Udinese,19,2002,30.0,71,45,42,24,5,34,59,57.6,25,34,6,28,36,107,25,0,Matches
543,Samir Ujkani,xk KVX,GK,Empoli,34,1988,0.1,0,0,0,0,0,0,0,,0,0,0,0,0,0,0,0,Matches
544,Samuel Umtiti,fr FRA,DF,Lecce,28,1993,23.5,52,34,25,25,2,18,26,69.2,8,26,14,12,26,78,79,0,Matches
545,Diego Valencia,cl CHI,"MF,FW",Salernitana,22,2000,2.6,8,5,4,2,2,2,9,22.2,7,10,1,9,1,9,2,0,Matches
546,Emanuele Valeri,it ITA,DF,Cremonese,23,1998,30.9,54,27,29,21,4,29,69,42.0,40,17,3,14,22,76,44,1,Matches
547,Mattia Valoti,it ITA,"MF,FW",Monza,28,1993,5.0,17,10,7,9,1,5,16,31.3,11,13,3,10,3,20,6,0,Matches
548,Johan Vásquez,mx MEX,DF,Cremonese,23,1998,20.1,41,26,34,7,0,18,39,46.2,21,27,20,7,45,86,93,1,Matches
549,Matías Vecino,uy URU,MF,Lazio,30,1991,18.8,47,27,13,23,11,23,48,47.9,25,33,10,23,16,63,39,1,Matches
550,Miguel Veloso,pt POR,MF,Hellas Verona,36,1986,12.9,33,10,20,12,1,16,26,61.5,10,26,6,20,6,39,14,0,Matches
551,Lorenzo Venuti,it ITA,DF,Fiorentina,27,1995,10.3,18,7,6,11,1,11,18,61.1,7,7,2,5,5,23,17,2,Matches
552,Daniele Verde,it ITA,"FW,MF",Spezia,26,1996,11.1,4,4,3,0,1,3,7,42.9,4,6,0,6,8,12,4,0,Matches
553,Simone Verdi,it ITA,"MF,FW",Hellas Verona,30,1992,12.2,15,10,7,5,3,6,17,35.3,11,8,1,7,0,15,2,0,Matches
554,Valerio Verre,it ITA,MF,Sampdoria,28,1994,7.5,14,7,6,5,3,8,17,47.1,9,9,1,8,9,23,3,0,Matches
555,Guglielmo Vicario,it ITA,GK,Empoli,25,1996,30.9,1,1,1,0,0,1,2,50.0,1,0,0,0,0,1,15,2,Matches
556,Ronaldo Vieira,gw GNB,MF,Torino,24,1998,0.2,1,0,0,1,0,1,1,100.0,0,0,0,0,0,1,2,0,Matches
557,Ronaldo Vieira,gw GNB,MF,Sampdoria,24,1998,9.1,18,10,4,12,2,10,13,76.9,3,15,5,10,13,31,10,2,Matches
558,Emanuel Vignato,it ITA,"MF,FW",Bologna,21,2000,2.7,4,4,2,2,0,2,4,50.0,2,2,0,2,3,7,0,0,Matches
559,Emanuel Vignato,it ITA,"MF,FW",Empoli,21,2000,0.6,2,0,2,0,0,0,0,,0,0,0,0,0,2,1,0,Matches
560,Samuele Vignato,it ITA,"MF,FW",Monza,18,2004,0.7,0,0,0,0,0,0,0,,0,1,0,1,0,0,0,0,Matches
561,Tonny Vilhena,nl NED,MF,Salernitana,27,1995,25.2,44,22,16,23,5,20,50,40.0,30,17,7,10,18,62,21,0,Matches
562,Gonzalo Villar,es ESP,MF,Sampdoria,24,1998,7.7,13,7,4,8,1,7,15,46.7,8,11,3,8,4,17,9,1,Matches
563,Matías Viña,uy URU,DF,Roma,24,1997,0.6,3,1,1,1,1,1,3,33.3,2,5,1,4,2,5,5,0,Matches
564,Dušan Vlahović,rs SRB,FW,Juventus,22,2000,21.4,11,6,0,7,4,4,10,40.0,6,10,3,7,3,14,8,1,Matches
565,Nikola Vlašić,hr CRO,"MF,FW",Torino,24,1997,30.3,32,21,9,16,7,15,34,44.1,19,25,2,23,10,42,14,0,Matches
566,Joel Voelkerling Persson,se SWE,"FW,MF",Lecce,19,2003,1.1,1,1,0,0,1,0,1,0.0,1,1,0,1,0,1,0,0,Matches
567,Mërgim Vojvoda,xk KVX,DF,Torino,27,1995,19.1,22,12,15,6,1,12,24,50.0,12,14,2,12,10,32,31,1,Matches
568,Cristian Volpato,it ITA,MF,Roma,18,2003,2.5,3,2,1,1,1,0,2,0.0,2,2,0,2,2,5,0,0,Matches
569,Lukáš Vorlický,cz CZE,"MF,FW",Atalanta,20,2002,0.3,0,0,0,0,0,0,0,,0,0,0,0,1,1,0,0,Matches
570,Aster Vranckx,be BEL,MF,Milan,19,2002,2.7,3,2,0,2,1,2,7,28.6,5,3,1,2,2,5,1,0,Matches
571,Stefan de Vrij,nl NED,DF,Inter,30,1992,21.6,28,18,19,9,0,8,14,57.1,6,18,10,8,40,68,80,0,Matches
572,Walace,br BRA,MF,Udinese,27,1995,35.4,82,39,42,31,9,41,90,45.6,49,47,12,35,51,133,51,1,Matches
573,Sebastian Walukiewicz,pl POL,DF,Empoli,22,2000,6.7,9,6,7,2,0,4,6,66.7,2,10,9,1,7,16,30,0,Matches
574,Georginio Wijnaldum,nl NED,MF,Roma,31,1990,8.5,4,3,1,3,0,0,2,0.0,2,7,1,6,2,6,3,0,Matches
575,Harry Winks,eng ENG,MF,Sampdoria,26,1996,19.1,27,12,7,18,2,14,43,32.6,29,14,8,6,24,51,24,0,Matches
576,Przemysław Wiśniewski,pl POL,DF,Spezia,24,1998,11.1,13,6,7,6,0,6,18,33.3,12,16,8,8,11,24,66,0,Matches
577,Gerard Yepes,es ESP,MF,Sampdoria,19,2002,2.2,5,3,2,3,0,1,3,33.3,2,3,0,3,4,9,3,0,Matches
578,Mattia Zaccagni,it ITA,FW,Lazio,27,1995,30.8,42,28,16,18,8,14,38,36.8,24,37,3,34,21,63,10,1,Matches
579,Denis Zakaria,ch SUI,MF,Juventus,25,1996,1.4,6,3,1,4,1,2,2,100.0,0,2,0,2,2,8,1,0,Matches
580,Nicola Zalewski,pl POL,DF,Roma,20,2002,24.4,45,26,25,15,5,22,71,31.0,49,27,1,26,31,76,23,0,Matches
581,Andre-Frank Zambo Anguissa,cm CMR,MF,Napoli,26,1995,33.9,53,32,16,29,8,16,64,25.0,48,50,4,46,49,102,25,0,Matches
582,Luca Zanimacchia,it ITA,"MF,FW",Cremonese,24,1998,8.3,21,13,11,6,4,8,21,38.1,13,9,0,9,9,30,5,0,Matches
583,Nicolò Zaniolo,it ITA,"MF,FW",Roma,23,1999,9.9,7,5,2,4,1,2,7,28.6,5,11,0,11,2,9,0,0,Matches
584,Alessandro Zanoli,it ITA,DF,Sampdoria,21,2000,17.1,22,14,14,6,2,8,17,47.1,9,19,15,4,12,34,39,0,Matches
585,Alessandro Zanoli,it ITA,DF,Napoli,21,2000,0.1,1,0,0,1,0,0,0,,0,0,0,0,0,1,1,0,Matches
586,Mattia Zanotti,it ITA,DF,Inter,19,2003,0.3,0,0,0,0,0,0,1,0.0,1,2,0,2,0,0,0,0,Matches
587,Duván Zapata,co COL,FW,Atalanta,31,1991,15.4,8,4,1,3,4,3,5,60.0,2,6,2,4,4,12,17,1,Matches
588,Davide Zappacosta,it ITA,DF,Atalanta,30,1992,16.3,34,18,17,12,5,15,22,68.2,7,23,2,21,9,43,16,0,Matches
589,Karim Zedadka,fr FRA,FW,Napoli,22,2000,0.2,0,0,0,0,0,0,0,,0,0,0,0,0,0,1,0,Matches
590,Deyovaisio Zeefuik,nl NED,DF,Hellas Verona,24,1998,0.1,1,1,0,1,0,0,0,,0,0,0,0,0,1,0,0,Matches
591,Marvin Zeegelaar,nl NED,DF,Udinese,31,1990,3.9,8,4,6,2,0,3,4,75.0,1,2,0,2,3,11,5,0,Matches
592,Alessio Zerbin,it ITA,FW,Napoli,23,1999,2.2,10,5,4,5,1,4,8,50.0,4,2,0,2,2,12,2,0,Matches
593,Piotr Zieliński,pl POL,MF,Napoli,28,1994,25.4,17,10,1,11,5,12,25,48.0,13,16,5,11,14,31,7,0,Matches
594,David Zima,cz CZE,DF,Torino,21,2000,4.5,9,5,5,4,0,3,4,75.0,1,7,2,5,9,18,11,2,Matches
595,Joshua Zirkzee,nl NED,FW,Bologna,21,2001,9.1,4,2,1,1,2,2,7,28.6,5,4,1,3,4,8,4,0,Matches
596,Jeroen Zoet,nl NED,GK,Spezia,31,1991,3.7,1,1,1,0,0,1,1,100.0,0,0,0,0,0,1,1,0,Matches
597,Nadir Zortea,it ITA,"DF,MF",Atalanta,23,1999,2.5,10,5,3,7,0,3,4,75.0,1,4,0,4,0,10,4,0,Matches
598,Nadir Zortea,it ITA,DF,Sassuolo,23,1999,7.3,15,8,12,2,1,9,14,64.3,5,10,4,6,4,19,21,0,Matches
599,Petar Zovko,ba BIH,GK,Spezia,20,2002,0.8,1,0,1,0,0,1,1,100.0,0,0,0,0,0,1,0,0,Matches
600,Szymon Żurkowski,pl POL,MF,Fiorentina,24,1997,0.4,0,0,0,0,0,0,0,,0,0,0,0,0,0,0,0,Matches
601,Szymon Żurkowski,pl POL,MF,Spezia,24,1997,4.7,9,3,4,4,1,2,15,13.3,13,9,2,7,4,13,6,0,Matches
602,Milan Đurić,ba BIH,FW,Hellas Verona,32,1990,15.2,2,1,1,0,1,1,3,33.3,2,7,4,3,1,3,24,0,Matches
603,Filip Đuričić,rs SRB,"MF,FW",Sampdoria,30,1992,24.1,43,22,18,20,5,14,32,43.8,18,19,6,13,7,50,8,0,Matches
