Unnamed: 0_level_0_Rk,Unnamed: 1_level_0_Player,Unnamed: 2_level_0_Nation,Unnamed: 3_level_0_Pos,Unnamed: 4_level_0_Squad,Unnamed: 5_level_0_Age,Unnamed: 6_level_0_Born,Unnamed: 7_level_0_90s,Tackles_Tkl,Tackles_TklW,Tackles_Def 3rd,Tackles_Mid 3rd,Tackles_Att 3rd,Challenges_Tkl,Challenges_Att,Challenges_Tkl%,Challenges_Lost,Blocks_Blocks,Blocks_Sh,Blocks_Pass,Unnamed: 20_level_0_Int,Unnamed: 21_level_0_Tkl+Int,Unnamed: 22_level_0_Clr,Unnamed: 23_level_0_Err,Unnamed: 24_level_0_Matches
1,Jones El-Abdellaoui,ma MAR,"FW,MF",Celta Vigo,19-345,2006,2.2,1,0,0,1,0,1,4,25.0,3,0,0,0,1,2,5,0,Matches
2,Abdel Abqar,ma MAR,DF,Getafe,26-288,1999,7.7,23,13,16,7,0,14,17,82.4,3,11,4,7,10,33,38,0,Matches
3,David Affengruber,at AUT,DF,Elche,24-279,2001,15.3,31,21,22,9,0,22,30,73.3,8,13,10,3,23,54,91,3,Matches
4,Julen Agirrezabala,es ESP,GK,Valencia,24-362,2000,17.0,1,0,1,0,0,1,2,50.0,1,0,0,0,0,1,15,0,Matches
5,Lucien Agoume,fr FRA,MF,Sevilla,23-317,2002,11.6,23,13,7,13,3,10,14,71.4,4,12,2,10,13,36,16,1,Matches
6,Marc Aguado,es ESP,MF,Elche,25-304,2000,12.0,19,10,11,6,2,11,14,78.6,3,18,12,6,23,42,24,0,Matches
7,Pablo Agudín,es ESP,"MF,FW",Oviedo,18-045,2007,0.8,0,0,0,0,0,0,1,0.0,1,1,0,1,0,0,2,0,Matches
8,Lucas Ahijado,es ESP,DF,Oviedo,30-327,1995,5.6,23,17,19,4,0,9,13,69.2,4,3,1,2,6,29,12,0,Matches
9,Joseph Aidoo,gh GHA,DF,Celta Vigo,30-085,1995,1.2,1,0,1,0,0,1,1,100.0,0,1,0,1,2,3,16,1,Matches
10,Ilias Akhomach,ma MAR,"MF,FW",Villarreal,21-251,2004,2.1,8,4,4,4,0,3,3,100.0,0,6,2,4,0,8,2,0,Matches
11,Adams Akor,ng NGA,FW,Sevilla,25-328,2000,9.5,4,2,2,1,1,1,2,50.0,1,8,1,7,0,4,12,1,Matches
12,David Alaba,at AUT,DF,Real Madrid,33-182,1992,0.6,0,0,0,0,0,0,0,,0,2,2,0,0,0,4,0,Matches
13,Alexandre Alemão,br BRA,FW,Rayo Vallecano,27-266,1998,6.2,4,1,1,1,2,2,8,25.0,6,3,2,1,0,4,7,0,Matches
14,Carles Aleñá,es ESP,"MF,FW",Alavés,27-352,1998,10.2,18,14,6,11,1,10,15,66.7,5,9,2,7,3,21,15,1,Matches
15,Trent Alexander-Arnold,eng ENG,DF,Real Madrid,27-077,1998,4.4,8,5,2,5,1,6,11,54.5,5,2,1,1,8,16,3,0,Matches
16,Alfon,es ESP,"FW,DF",Sevilla,26-233,1999,3.5,1,0,0,0,1,1,2,50.0,1,0,0,0,1,2,5,0,Matches
17,Thiago Almada,ar ARG,"MF,FW",Atlético Madrid,24-241,2001,4.8,6,4,0,6,0,1,8,12.5,7,2,1,1,3,9,4,0,Matches
18,Domingos André Ribeiro Almeida,pt POR,"MF,FW",Valencia,25-207,2000,7.1,15,6,7,6,2,9,13,69.2,4,7,0,7,8,23,4,0,Matches
19,Marcos Alonso,es ESP,DF,Celta Vigo,34-360,1990,12.9,21,12,15,3,3,11,18,61.1,7,11,7,4,17,38,78,2,Matches
20,Adrià Altimira,es ESP,DF,Villarreal,24-270,2001,0.1,1,1,1,0,0,1,1,100.0,0,0,0,0,0,1,0,0,Matches
21,Sergi Altimira,es ESP,MF,Betis,24-120,2001,6.0,24,13,9,14,1,10,19,52.6,9,7,3,4,13,37,9,0,Matches
22,Carlos Álvarez,es ESP,"MF,FW",Levante,22-139,2003,12.4,15,6,6,7,2,8,23,34.8,15,7,0,7,6,21,2,1,Matches
23,Hugo Álvarez,es ESP,"FW,MF",Celta Vigo,22-174,2003,4.0,7,5,3,2,2,2,3,66.7,1,3,0,3,3,10,7,0,Matches
24,Julián Álvarez,ar ARG,FW,Atlético Madrid,25-326,2000,14.6,12,7,3,4,5,3,13,23.1,10,9,0,9,2,14,3,0,Matches
25,Sofyan Amrabat,ma MAR,MF,Betis,29-124,1996,6.7,11,6,6,2,3,5,13,38.5,8,8,2,6,6,17,6,0,Matches
26,Miguel Ángel Rubio,es ESP,DF,Espanyol,27-287,1998,1.5,0,0,0,0,0,0,0,,0,5,4,1,0,0,15,0,Matches
27,Miguel Ángel Sierra,es ESP,"FW,MF",Sevilla,21-162,2004,0.3,3,1,1,0,2,1,1,100.0,0,0,0,0,0,3,2,0,Matches
28,Antoniu,es ESP,"FW,MF",Espanyol,23-109,2002,1.0,4,2,1,2,1,2,2,100.0,0,1,0,1,0,4,0,0,Matches
29,Antony,br BRA,FW,Betis,25-302,2000,11.1,16,11,6,9,1,8,18,44.4,10,9,1,8,10,26,11,0,Matches
30,Mauro Arambarri,uy URU,MF,Getafe,30-084,1995,16.6,34,23,10,20,4,8,26,30.8,18,20,3,17,12,46,17,0,Matches
31,Jon Aramburu,ve VEN,DF,Real Sociedad,23-153,2002,14.0,51,31,34,15,2,37,64,57.8,27,12,4,8,16,67,46,1,Matches
32,Juan Arango,ve VEN,FW,Girona,19-205,2006,0.1,0,0,0,0,0,0,0,,0,0,0,0,0,0,0,0,Matches
33,Ronald Araújo,uy URU,DF,Barcelona,26-291,1999,7.2,10,5,5,5,0,4,4,100.0,0,7,4,3,8,18,27,0,Matches
34,Jesús Areso,es ESP,DF,Athletic Club,26-174,1999,10.8,12,10,2,6,4,10,14,71.4,4,18,5,13,10,22,30,1,Matches
35,Iñigo Arguibide,es ESP,DF,Osasuna,20-248,2005,1.9,3,3,2,0,1,1,2,50.0,1,3,1,2,2,5,6,0,Matches
36,Kervin Arriaga,hn HON,MF,Levante,27-352,1998,9.0,21,15,12,8,1,11,16,68.8,5,12,9,3,8,29,29,2,Matches
37,Takuma Asano,jp JPN,"FW,MF",Mallorca,31-043,1994,3.8,3,2,1,1,1,1,3,33.3,2,2,0,2,1,4,1,0,Matches
38,Raúl Asencio,es ESP,DF,Real Madrid,22-313,2003,8.5,10,8,5,5,0,6,9,66.7,3,14,8,6,5,15,32,0,Matches
39,Iago Aspas,es ESP,"FW,MF",Celta Vigo,38-144,1987,7.3,8,6,2,6,0,2,7,28.6,5,4,0,4,6,14,1,0,Matches
40,Yaser Asprilla,co COL,"FW,MF",Girona,22-034,2003,6.6,8,3,2,5,1,3,4,75.0,1,8,1,7,5,13,4,0,Matches
41,Lander Astiazaran,es ESP,MF,Real Sociedad,19-260,2006,0.0,0,0,0,0,0,0,0,,0,0,0,0,0,0,0,0,Matches
42,Ezequiel Ávila,ar ARG,"FW,MF",Betis,31-320,1994,0.6,0,0,0,0,0,0,0,,0,0,0,0,0,0,3,0,Matches
43,César Azpilicueta,es ESP,DF,Sevilla,36-117,1989,7.5,16,9,11,4,1,7,17,41.2,10,13,6,7,16,32,30,0,Matches
44,Alex Baena,es ESP,"MF,FW",Atlético Madrid,24-156,2001,6.1,9,5,4,3,2,5,8,62.5,3,5,1,4,6,15,3,0,Matches
45,Eric Bailly,ci CIV,DF,Oviedo,31-255,1994,4.0,2,2,1,1,0,2,2,100.0,0,8,8,0,8,10,21,0,Matches
46,Cédric Bakambu,cd COD,FW,Betis,34-256,1991,0.8,0,0,0,0,0,0,0,,0,1,0,1,1,1,4,0,Matches
47,Alejandro Balde,es ESP,DF,Barcelona,22-066,2003,11.5,22,14,11,9,2,12,16,75.0,4,12,6,6,5,27,16,1,Matches
48,Iván Balliu,al ALB,DF,Rayo Vallecano,33-356,1992,2.2,3,3,2,1,0,2,3,66.7,1,2,1,1,1,4,3,0,Matches
49,Roony Bardghji,se SWE,FW,Barcelona,20-038,2005,2.7,2,1,1,0,1,2,2,100.0,0,1,0,1,0,2,2,1,Matches
50,Kike Barja,es ESP,"FW,MF",Osasuna,28-266,1997,1.8,3,2,1,1,1,3,4,75.0,1,1,0,1,0,3,3,0,Matches
51,Ander Barrenetxea,es ESP,"MF,FW",Real Sociedad,23-361,2001,10.9,9,4,4,4,1,0,6,0.0,6,13,2,11,8,17,8,0,Matches
52,Pablo Barrios,es ESP,MF,Atlético Madrid,22-191,2003,14.5,21,13,8,10,3,11,22,50.0,11,14,1,13,21,42,12,4,Matches
53,Marc Bartra,es ESP,DF,Betis,34-342,1991,12.1,33,14,23,9,1,19,33,57.6,14,23,14,9,19,52,81,2,Matches
54,Augusto Batalla,ar ARG,GK,Rayo Vallecano,29-237,1996,17.0,1,1,1,0,0,1,3,33.3,2,0,0,0,0,1,11,3,Matches
55,Samu Becerra,es ESP,"DF,MF",Rayo Vallecano,19-356,2006,0.1,0,0,0,0,0,0,0,,0,0,0,0,0,0,0,0,Matches
56,Sheraldo Becker,sr SUR,"MF,FW",Osasuna,30-317,1995,1.8,2,1,0,2,0,0,0,,0,0,0,0,3,5,4,0,Matches
57,Donny van de Beek,nl NED,MF,Girona,28-249,1997,0.5,0,0,0,0,0,0,0,,0,1,1,0,0,0,2,0,Matches
58,Ismael Bekhoucha,ma MAR,DF,Getafe,21-033,2004,1.2,6,5,3,2,1,5,8,62.5,3,1,0,1,2,8,4,0,Matches
59,Héctor Bellerín,es ESP,DF,Betis,30-279,1995,11.2,13,5,8,5,0,6,15,40.0,9,8,1,7,7,20,54,0,Matches
60,Jude Bellingham,eng ENG,MF,Real Madrid,22-177,2003,11.2,34,23,12,15,7,17,25,68.0,8,15,1,14,8,42,11,0,Matches
61,Fran Beltrán,es ESP,MF,Celta Vigo,26-323,1999,5.9,7,3,3,4,0,4,7,57.1,3,5,2,3,7,14,4,0,Matches
62,Lucas Beltrán,ar ARG,FW,Valencia,24-269,2001,6.2,6,4,1,5,0,2,6,33.3,4,7,0,7,3,9,4,0,Matches
63,Carlos Benavídez,uy URU,"MF,DF",Alavés,27-268,1998,0.6,1,0,1,0,0,0,0,,0,1,1,0,0,1,4,0,Matches
64,Iker Benito,es ESP,"DF,FW",Osasuna,23-135,2002,1.7,1,0,0,1,0,1,4,25.0,3,1,1,0,2,3,5,0,Matches
65,Yuri Berchiche,es ESP,DF,Athletic Club,35-316,1990,15.1,22,15,8,8,6,15,22,68.2,7,14,1,13,16,38,65,0,Matches
66,Álex Berenguer,es ESP,"FW,MF",Athletic Club,30-172,1995,13.3,16,8,0,14,2,7,20,35.0,13,14,0,14,6,22,15,1,Matches
67,Lucas Bergström,fi FIN,GK,Mallorca,23-109,2002,5.0,0,0,0,0,0,0,1,0.0,1,0,0,0,0,0,7,0,Matches
68,Marc Bernal,es ESP,MF,Barcelona,18-211,2007,1.4,3,3,1,2,0,0,3,0.0,3,1,0,1,0,3,4,0,Matches
69,Pedro Bigas,es ESP,DF,Elche,35-099,1990,11.9,23,13,14,9,0,13,20,65.0,7,16,9,7,16,39,45,2,Matches
70,Antonio Blanco,es ESP,MF,Alavés,25-153,2000,14.4,42,22,21,19,2,19,42,45.2,23,19,5,14,27,69,17,1,Matches
71,Daley Blind,nl NED,DF,Girona,35-289,1990,13.6,23,14,14,6,3,8,15,53.3,7,16,10,6,18,41,66,1,Matches
72,Adam Boayar,ma MAR,"MF,FW",Elche,20-071,2005,0.1,1,0,1,0,0,0,0,,0,0,0,0,0,1,0,0,Matches
73,Adama Boiro,es ESP,DF,Athletic Club,23-184,2002,3.0,5,4,3,1,1,4,8,50.0,4,3,1,2,4,9,5,1,Matches
74,Rahim Bonkano,ne NIG,DF,Oviedo,23-356,2002,12.7,25,11,16,8,1,15,19,78.9,4,14,5,9,20,45,45,1,Matches
75,Lucas Boyé,ar ARG,"FW,MF",Alavés,29-298,1996,10.1,20,16,4,9,7,11,18,61.1,7,12,2,10,4,24,5,0,Matches
76,Enzo Boyomo,cm CMR,DF,Osasuna,24-077,2001,15.7,40,24,29,10,1,19,24,79.2,5,29,11,18,7,47,76,1,Matches
77,Josip Brekalo,hr CRO,FW,Oviedo,27-183,1998,4.5,8,5,1,7,0,5,9,55.6,4,8,0,8,3,11,1,0,Matches
78,Abel Bretones,es ESP,"DF,MF",Osasuna,25-124,2000,14.8,28,9,19,9,0,20,35,57.1,15,23,5,18,14,42,43,0,Matches
79,Brugui,es ESP,"MF,FW",Levante,29-049,1996,10.0,10,5,4,4,2,1,11,9.1,10,9,1,8,4,14,16,2,Matches
80,Tajon Buchanan,ca CAN,"MF,DF",Villarreal,26-318,1999,11.0,19,15,11,6,2,15,22,68.2,7,9,1,8,16,35,12,0,Matches
81,Ante Budimir,hr CRO,FW,Osasuna,34-154,1991,13.6,11,8,1,8,2,5,7,71.4,2,14,2,12,1,12,13,0,Matches
82,Manu Bueno,es ESP,MF,Sevilla,21-149,2004,0.7,0,0,0,0,0,0,1,0.0,1,2,0,2,0,0,2,0,Matches
83,Jorge Cabello,es ESP,DF,Levante,21-242,2004,4.0,7,4,2,4,1,5,6,83.3,1,5,4,1,0,7,23,2,Matches
84,Leandro Cabrera,uy URU,DF,Espanyol,34-189,1991,16.0,11,4,8,3,0,6,18,33.3,12,16,13,3,13,24,91,0,Matches
85,Calebe,br BRA,"MF,DF",Alavés,25-237,2000,5.5,19,11,10,5,4,11,15,73.3,4,4,1,3,5,24,1,0,Matches
86,Fernando Calero,es ESP,DF,Espanyol,30-100,1995,11.3,16,9,15,1,0,6,9,66.7,3,29,21,8,13,29,60,0,Matches
87,Duje Ćaleta-Car,hr CRO,DF,Real Sociedad,29-097,1996,9.1,8,6,4,4,0,3,4,75.0,1,8,7,1,10,18,42,0,Matches
88,Dani Calvo,es ESP,DF,Oviedo,31-266,1994,7.8,11,6,8,3,0,6,7,85.7,1,8,4,4,5,16,56,0,Matches
89,Dawda Camara,mr MTN,FW,Girona,23-049,2002,0.8,1,0,0,0,1,0,0,,0,0,0,0,1,2,0,0,Matches
90,Eduardo Camavinga,fr FRA,MF,Real Madrid,23-043,2002,5.7,23,12,15,6,2,14,21,66.7,7,11,2,9,4,27,9,0,Matches
91,Sergio Camello,es ESP,"FW,MF",Rayo Vallecano,24-316,2001,4.1,2,2,0,1,1,0,2,0.0,2,2,0,2,2,4,0,1,Matches
92,Sergi Cardona,es ESP,DF,Villarreal,26-168,1999,10.2,21,14,12,5,4,13,26,50.0,13,21,2,19,20,41,26,3,Matches
93,Fábio Cardoso,pt POR,DF,Sevilla,31-248,1994,2.4,5,3,5,0,0,4,5,80.0,1,1,1,0,3,8,15,0,Matches
94,Johnny Cardoso,us USA,MF,Atlético Madrid,24-094,2001,2.2,7,3,1,5,1,4,6,66.7,2,1,0,1,3,10,5,0,Matches
95,David Carmo,ao ANG,DF,Oviedo,26-157,1999,10.7,14,6,12,2,0,6,13,46.2,7,14,12,2,11,25,94,0,Matches
96,Carmona,es ESP,DF,Sevilla,23-328,2002,14.1,40,26,22,16,2,20,48,41.7,28,18,5,13,16,56,49,1,Matches
97,Sergio Carreira,es ESP,"MF,DF",Celta Vigo,25-071,2000,13.3,20,11,10,7,3,13,19,68.4,6,16,0,16,13,33,35,0,Matches
98,Gorka Carrera,es ESP,FW,Real Sociedad,20-222,2005,0.2,0,0,0,0,0,0,1,0.0,1,0,0,0,0,0,0,0,Matches
99,Álvaro Carreras,es ESP,DF,Real Madrid,22-275,2003,14.9,22,9,14,4,4,12,25,48.0,13,22,3,19,23,45,44,1,Matches
100,Dani Carvajal,es ESP,DF,Real Madrid,33-346,1992,4.2,9,7,3,4,2,6,11,54.5,5,4,1,3,2,11,14,0,Matches
101,Marc Casado,es ESP,MF,Barcelona,22-100,2003,6.1,8,1,2,3,3,3,9,33.3,6,12,2,10,5,13,5,0,Matches
102,Castrin,es ESP,DF,Sevilla,22-356,2003,6.7,14,8,10,4,0,8,14,57.1,6,11,8,3,8,22,42,0,Matches
103,Jonny Castro,es ESP,DF,Alavés,31-295,1994,16.8,37,24,21,13,3,14,33,42.4,19,22,3,19,25,62,42,2,Matches
104,Catena,es ESP,DF,Osasuna,31-056,1994,16.0,19,16,14,5,0,9,13,69.2,4,19,15,4,17,36,107,2,Matches
105,Santi Cazorla,es ESP,"MF,FW",Oviedo,41-010,1984,4.8,10,5,7,3,0,2,10,20.0,8,3,1,2,1,11,4,0,Matches
106,Dani Ceballos,es ESP,MF,Real Madrid,29-138,1996,4.0,17,10,3,11,3,9,15,60.0,6,12,4,8,6,23,5,0,Matches
107,Ilyas Chaira,ma MAR,"FW,MF",Oviedo,24-324,2001,9.6,14,11,5,8,1,9,21,42.9,12,14,3,11,4,18,11,0,Matches
108,Pep Chavarría,es ESP,DF,Rayo Vallecano,27-257,1998,16.2,29,16,23,6,0,12,20,60.0,8,25,10,15,18,47,48,4,Matches
109,Andreas Christensen,dk DEN,DF,Barcelona,29-257,1996,4.2,5,3,3,2,0,2,4,50.0,2,6,3,3,2,7,19,0,Matches
110,Víctor Chust,es ESP,DF,Elche,25-293,2000,9.6,25,14,18,6,1,11,14,78.6,3,9,8,1,6,31,32,0,Matches
111,Pathé Ciss,sn SEN,"MF,DF",Rayo Vallecano,31-282,1994,10.7,25,13,13,12,0,11,19,57.9,8,17,8,9,15,40,30,0,Matches
112,Santiago Colombatto,ar ARG,MF,Oviedo,28-340,1997,10.9,16,6,8,7,1,12,20,60.0,8,12,3,9,4,20,24,4,Matches
113,Eray Cömert,ch SUI,DF,Valencia,27-322,1998,1.3,5,3,4,1,0,3,6,50.0,3,2,1,1,3,8,11,1,Matches
114,Santi Comesaña,es ESP,MF,Villarreal,29-079,1996,11.8,25,12,12,9,4,11,24,45.8,13,19,8,11,9,34,23,2,Matches
115,Copete,es ESP,DF,Valencia,26-074,1999,12.8,19,10,10,9,0,11,12,91.7,1,19,11,8,14,33,71,2,Matches
116,Thierry Correia,pt POR,DF,Valencia,26-289,1999,9.6,17,11,14,1,2,12,16,75.0,4,11,0,11,11,28,24,0,Matches
117,Coba da Costa,es ESP,"MF,FW",Getafe,23-150,2002,3.5,9,5,2,5,2,5,11,45.5,6,5,0,5,1,10,2,0,Matches
118,Samu Costa,pt POR,MF,Mallorca,25-026,2000,11.6,22,11,11,7,4,9,25,36.0,16,18,6,12,10,32,47,2,Matches
119,David Costas,es ESP,DF,Oviedo,30-272,1995,10.9,18,13,16,1,1,5,8,62.5,3,10,9,1,12,30,61,0,Matches
120,Thibaut Courtois,be BEL,GK,Real Madrid,33-226,1992,18.0,1,1,1,0,0,1,3,33.3,2,0,0,0,0,1,8,0,Matches
121,Juan Cruz Armada,es ESP,DF,Osasuna,33-148,1992,6.4,4,3,3,1,0,2,4,50.0,2,6,4,2,3,7,21,0,Matches
122,Pau Cubarsí,es ESP,DF,Barcelona,18-335,2007,13.4,17,13,8,8,1,6,13,46.2,7,9,6,3,11,28,52,1,Matches
123,Cucho,co COL,FW,Betis,26-247,1999,16.4,17,10,4,8,5,2,6,33.3,4,12,2,10,3,20,21,1,Matches
124,Pablo Cuñat,es ESP,GK,Levante,23-239,2002,2.0,0,0,0,0,0,0,0,,0,0,0,0,0,0,1,0,Matches
125,Arnaut Danjuma,nl NED,"FW,MF",Valencia,28-326,1997,11.9,8,7,3,3,2,3,8,37.5,5,6,1,5,0,8,4,0,Matches
126,Sergi Darder,es ESP,"MF,FW",Mallorca,32-001,1993,13.6,12,5,5,5,2,5,12,41.7,7,6,4,2,13,25,7,0,Matches
127,Davinchi,es ESP,DF,Getafe,18-068,2007,4.8,14,9,9,3,2,10,12,83.3,2,6,1,5,3,17,23,1,Matches
128,Leander Dendoncker,be BEL,MF,Oviedo,30-252,1995,14.3,36,25,20,15,1,17,34,50.0,17,22,7,15,11,47,32,2,Matches
129,Nelson Deossa,co COL,MF,Betis,25-320,2000,4.0,7,3,3,4,0,3,5,60.0,2,5,0,5,2,9,7,1,Matches
130,Bambo Diaby,sn SEN,DF,Elche,28-006,1997,0.5,0,0,0,0,0,0,1,0.0,1,1,0,1,0,0,3,0,Matches
131,Mouctar Diakhaby,gn GUI,DF,Valencia,29-004,1996,5.0,8,6,8,0,0,4,4,100.0,0,4,2,2,6,14,40,0,Matches
132,Grady Diangana,cd COD,"MF,FW",Elche,27-248,1998,3.3,3,1,1,2,0,3,4,75.0,1,11,2,9,1,4,6,1,Matches
133,Moussa Diarra,ml MLI,DF,Alavés,25-043,2000,2.4,6,2,4,2,0,3,7,42.9,4,5,0,5,1,7,7,0,Matches
134,Brahim Díaz,ma MAR,"FW,MF",Real Madrid,26-142,1999,3.5,6,3,0,1,5,2,2,100.0,0,1,0,1,1,7,2,0,Matches
135,Pedro Díaz,es ESP,"MF,FW",Rayo Vallecano,27-201,1998,9.2,18,10,3,12,3,5,19,26.3,14,15,0,15,2,20,3,0,Matches
136,Matías Dituro,ar ARG,GK,Elche,38-229,1987,6.0,0,0,0,0,0,0,1,0.0,1,0,0,0,0,0,8,1,Matches
137,Djené,tg TOG,"DF,MF",Getafe,33-357,1991,13.6,18,13,7,10,1,8,11,72.7,3,14,6,8,9,27,76,2,Matches
138,Marko Dmitrović,rs SRB,GK,Espanyol,33-333,1992,17.0,3,2,3,0,0,3,3,100.0,0,0,0,0,0,3,10,0,Matches
139,Tyrhys Dolan,eng ENG,"FW,MF",Espanyol,23-360,2001,12.7,28,19,13,10,5,11,18,61.1,7,15,0,15,5,33,8,0,Matches
140,Marc Domenech,es ESP,"FW,MF",Mallorca,19-356,2006,2.4,3,2,1,2,0,1,1,100.0,0,3,0,3,0,3,6,0,Matches
141,Carlos Dominguez,es ESP,DF,Celta Vigo,24-315,2001,4.8,11,8,8,2,1,6,7,85.7,1,9,4,5,3,14,32,0,Matches
142,John Donald,es ESP,"DF,MF",Elche,25-115,2000,3.4,8,6,4,4,0,3,3,100.0,0,3,1,2,2,10,8,0,Matches
143,Domingos Duarte,pt POR,DF,Getafe,30-288,1995,14.0,13,7,10,3,0,7,11,63.6,4,10,7,3,15,28,107,0,Matches
144,Pablo Durán,es ESP,"FW,MF",Celta Vigo,24-212,2001,7.2,9,7,6,1,2,2,8,25.0,6,2,0,2,3,12,6,0,Matches
145,Hugo Duro,es ESP,FW,Valencia,26-043,1999,11.0,7,3,2,4,1,2,10,20.0,8,12,3,9,2,9,10,0,Matches
146,Ovie Ejaria,eng ENG,MF,Oviedo,28-035,1997,2.0,4,3,1,2,1,1,5,20.0,4,0,0,0,2,6,3,0,Matches
147,Chidera Ejuke,ng NGA,"FW,MF",Sevilla,27-355,1998,4.3,7,5,3,2,2,3,3,100.0,0,2,0,2,3,10,1,0,Matches
148,Unai Elgezabal,es ESP,"DF,MF",Levante,32-242,1993,10.4,8,4,4,4,0,5,12,41.7,7,21,16,5,3,11,67,1,Matches
149,Aritz Elustondo,es ESP,DF,Real Sociedad,31-270,1994,3.7,6,2,5,0,1,5,11,45.5,6,6,2,4,5,11,28,0,Matches
150,Endrick,br BRA,FW,Real Madrid,19-155,2006,0.1,0,0,0,0,0,0,0,,0,0,0,0,0,0,0,0,Matches
151,Aarón Escandell,es ESP,GK,Oviedo,30-087,1995,17.0,0,0,0,0,0,0,0,,0,0,0,0,0,0,17,1,Matches
152,Carlos Espí,es ESP,FW,Levante,20-152,2005,1.1,2,1,0,1,1,1,2,50.0,1,3,0,3,0,2,1,0,Matches
153,Alfonso Espino,uy URU,"FW,DF",Rayo Vallecano,33-352,1992,3.9,7,6,3,3,1,3,13,23.1,10,6,0,6,1,8,9,2,Matches
154,Marco Esteban,es ESP,DF,Oviedo,19-356,2006,0.5,0,0,0,0,0,0,0,,0,0,0,0,0,0,2,1,Matches
155,Karl Etta Eyong,cm CMR,FW,Villarreal,22-070,2003,2.8,4,2,1,2,1,2,2,100.0,0,2,0,2,0,4,1,0,Matches
156,Karl Etta Eyong,cm CMR,FW,Levante,22-070,2003,10.7,16,11,3,10,3,6,8,75.0,2,7,0,7,3,19,12,0,Matches
157,Edu Expósito,es ESP,MF,Espanyol,29-144,1996,12.5,18,11,4,10,4,9,18,50.0,9,1,1,0,10,28,14,0,Matches
158,Abde Ezzalzouli,ma MAR,FW,Betis,24-006,2001,8.7,22,13,7,4,11,7,17,41.2,10,12,0,12,5,27,7,0,Matches
159,Omar Falah,es ESP,"DF,MF",Oviedo,22-105,2003,0.2,0,0,0,0,0,0,0,,0,0,0,0,0,0,3,0,Matches
160,Aleix Febas,es ESP,MF,Elche,29-324,1996,17.0,36,25,13,14,9,17,32,53.1,15,6,1,5,9,45,10,1,Matches
161,Luiz Felipe,it ITA,DF,Rayo Vallecano,28-276,1997,2.7,4,2,4,0,0,3,5,60.0,2,2,1,1,5,9,8,0,Matches
162,Kiko Femenía,es ESP,"DF,FW",Getafe,34-324,1991,9.6,18,7,11,6,1,13,21,61.9,8,10,1,9,20,38,26,0,Matches
163,Manu Fernández,es ESP,DF,Celta Vigo,24-244,2001,7.0,11,8,2,7,2,8,8,100.0,0,3,2,1,6,17,26,1,Matches
164,Pedro Fernandez,es ESP,"FW,MF",Barcelona,17-345,2008,1.0,1,0,0,0,1,0,1,0.0,1,1,0,1,0,1,0,0,Matches
165,Pelayo Fernandez,es ESP,DF,Rayo Vallecano,22-238,2003,0.5,1,0,1,0,0,0,1,0.0,1,0,0,0,0,1,3,0,Matches
166,Roberto Férnandez,es ESP,FW,Espanyol,23-173,2002,13.5,6,1,1,4,1,4,10,40.0,6,15,2,13,4,10,17,0,Matches
167,Toni Fernández,es ESP,FW,Barcelona,17-161,2008,0.5,0,0,0,0,0,0,0,,0,0,0,0,0,0,0,0,Matches
168,Junior Firpo,do DOM,DF,Betis,29-123,1996,5.1,13,8,6,4,3,7,10,70.0,3,7,1,6,6,19,19,1,Matches
169,Álex Forés,es ESP,FW,Oviedo,24-255,2001,2.1,0,0,0,0,0,0,0,,0,0,0,0,1,1,0,0,Matches
170,Pablo Fornals,es ESP,MF,Betis,29-304,1996,15.4,22,14,5,11,6,7,22,31.8,15,8,1,7,16,38,15,0,Matches
171,Héctor Fort,es ESP,DF,Elche,19-143,2006,3.6,8,2,5,2,1,3,6,50.0,3,3,1,2,5,13,9,0,Matches
172,Dimitri Foulquier,fr FRA,DF,Valencia,32-275,1993,8.2,10,6,5,3,2,7,9,77.8,2,2,0,2,7,17,27,0,Matches
173,Juan Foyth,ar ARG,DF,Villarreal,27-345,1998,8.0,15,10,13,2,0,10,11,90.9,1,9,7,2,13,28,40,0,Matches
174,Alejandro Francés,es ESP,DF,Girona,23-144,2002,4.5,6,5,5,1,0,5,7,71.4,2,3,1,2,6,12,23,0,Matches
175,Jorge de Frutos,es ESP,"FW,MF",Rayo Vallecano,28-306,1997,12.3,17,10,6,6,5,7,21,33.3,14,6,0,6,4,21,8,0,Matches
176,Javi Galán,es ESP,DF,Atlético Madrid,31-034,1994,1.5,2,2,1,1,0,2,3,66.7,1,3,0,3,1,3,5,0,Matches
177,Iñigo Ruiz de Galarreta,es ESP,MF,Athletic Club,32-139,1993,11.5,32,17,8,18,6,15,26,57.7,11,6,2,4,7,39,9,1,Matches
178,Conor Gallagher,eng ENG,MF,Atlético Madrid,25-320,2000,7.0,17,12,5,8,4,8,17,47.1,9,11,3,8,11,28,7,0,Matches
179,Facundo Garcés,my MAS,DF,Alavés,26-109,1999,6.0,9,5,6,3,0,5,7,71.4,2,10,8,2,5,14,42,0,Matches
180,Álvaro García,es ESP,"FW,MF",Rayo Vallecano,33-057,1992,12.8,14,10,8,4,2,6,16,37.5,10,12,2,10,6,20,20,0,Matches
181,Eric García,es ESP,"DF,MF",Barcelona,24-348,2001,15.3,37,18,20,9,8,19,30,63.3,11,23,4,19,24,61,34,0,Matches
182,Fran Garcia,es ESP,DF,Real Madrid,26-131,1999,4.6,9,3,3,3,3,5,8,62.5,3,6,3,3,4,13,3,0,Matches
183,Gonzalo García,es ESP,"FW,MF",Real Madrid,21-274,2004,2.0,5,3,3,2,0,2,2,100.0,0,4,0,4,1,6,2,0,Matches
184,Joan García,es ESP,GK,Barcelona,24-233,2001,12.0,2,2,2,0,0,2,2,100.0,0,0,0,0,1,3,15,1,Matches
185,Pablo Garcia,es ESP,FW,Betis,19-193,2006,3.3,9,5,4,3,2,3,7,42.9,4,6,0,6,3,12,0,0,Matches
186,Rubén García,es ESP,"FW,MF",Osasuna,32-162,1993,8.8,23,11,9,9,5,12,25,48.0,13,2,0,2,6,29,11,0,Matches
187,Víctor García,es ESP,"DF,MF",Levante,28-098,1997,3.9,6,4,1,3,2,0,1,0.0,1,1,1,0,8,14,8,0,Matches
188,Gavi,es ESP,"MF,DF",Barcelona,21-140,2004,0.7,2,1,2,0,0,1,3,33.3,2,0,0,0,0,2,1,0,Matches
189,Paulo Gazzaniga,ar ARG,GK,Girona,33-355,1992,15.5,0,0,0,0,0,0,1,0.0,1,0,0,0,0,0,9,2,Matches
190,Mourad El Ghezouani,ma MAR,FW,Elche,27-210,1998,0.6,4,2,1,3,0,3,3,100.0,0,1,0,1,0,4,0,0,Matches
191,Bryan Gil,es ESP,"FW,MF",Girona,24-315,2001,7.8,10,5,2,5,3,3,10,30.0,7,5,0,5,6,16,7,1,Matches
192,Moi Gómez,es ESP,MF,Osasuna,31-183,1994,9.0,9,4,3,3,3,5,11,45.5,6,10,0,10,6,15,7,1,Matches
193,Sergio Gómez,es ESP,DF,Real Sociedad,25-110,2000,13.2,53,33,28,19,6,23,45,51.1,22,16,3,13,14,67,29,0,Matches
194,Unai Gómez,es ESP,"FW,MF",Athletic Club,22-212,2003,3.5,6,3,2,2,2,3,6,50.0,3,2,1,1,0,6,4,1,Matches
195,Valentín Gómez,ar ARG,DF,Betis,22-180,2003,9.3,24,16,14,8,2,12,23,52.2,11,13,7,6,10,34,61,2,Matches
196,Nicolás González,ar ARG,"MF,DF",Atlético Madrid,27-261,1998,10.3,14,9,7,2,5,8,21,38.1,13,13,2,11,9,23,20,1,Matches
197,Urko González,es ESP,MF,Espanyol,24-278,2001,9.9,21,15,8,11,2,14,34,41.2,20,13,1,12,12,33,27,1,Matches
198,Urko González,es ESP,MF,Real Sociedad,24-278,2001,0.1,0,0,0,0,0,0,0,,0,1,1,0,0,0,1,0,Matches
199,Andoni Gorosabel,es ESP,DF,Athletic Club,29-141,1996,4.6,8,6,5,3,0,6,12,50.0,6,11,0,11,2,10,18,1,Matches
200,Jon Gorrotxategi,es ESP,MF,Real Sociedad,23-324,2002,14.6,31,21,12,17,2,15,30,50.0,15,16,5,11,25,56,24,2,Matches
201,Mikel Goti,es ESP,MF,Real Sociedad,23-214,2002,0.8,0,0,0,0,0,0,0,,0,3,1,2,0,0,1,1,Matches
202,Antoine Griezmann,fr FRA,"FW,MF",Atlético Madrid,34-277,1991,7.5,6,3,2,2,2,2,8,25.0,6,10,1,9,1,7,7,1,Matches
203,Nemanja Gudelj,rs SRB,"MF,DF",Sevilla,34-037,1991,9.9,16,11,6,8,2,10,19,52.6,9,10,6,4,5,21,38,0,Matches
204,Gonçalo Guedes,pt POR,"MF,FW",Real Sociedad,29-024,1996,9.4,10,7,4,3,3,4,14,28.6,10,7,0,7,2,12,3,0,Matches
205,Javier Guerra,es ESP,MF,Valencia,22-356,2003,10.5,11,6,5,4,2,5,10,50.0,5,9,3,6,9,20,14,0,Matches
206,Daniel Guerrero,es ESP,MF,Betis,20-150,2005,0.0,0,0,0,0,0,0,0,,0,0,0,0,0,0,0,0,Matches
207,Ander Guevara,es ESP,MF,Alavés,28-169,1997,3.9,4,1,4,0,0,3,11,27.3,8,6,1,5,5,9,18,1,Matches
208,Pape Gueye,sn SEN,MF,Villarreal,26-333,1999,8.6,11,7,3,8,0,6,8,75.0,2,11,4,7,11,22,15,2,Matches
209,Arda Güler,tr TUR,MF,Real Madrid,20-301,2005,12.6,24,16,3,14,7,7,17,41.2,10,6,0,6,6,30,8,2,Matches
210,Gerard Gumbau,es ESP,MF,Rayo Vallecano,31-005,1994,2.8,6,4,0,5,1,1,3,33.3,2,3,1,2,1,7,8,0,Matches
211,Jon Guridi,es ESP,"MF,FW",Alavés,30-298,1995,4.3,5,3,1,3,1,0,6,0.0,6,4,0,4,1,6,4,0,Matches
212,Gorka Guruzeta,es ESP,FW,Athletic Club,29-102,1996,10.9,7,2,1,4,2,1,6,16.7,5,16,0,16,3,10,10,0,Matches
213,Dávid Hancko,sk SVK,DF,Atlético Madrid,28-010,1997,16.0,29,19,18,7,4,17,29,58.6,12,12,5,7,13,42,52,1,Matches
214,Haissem Hassan,fr FRA,"FW,MF",Oviedo,23-318,2002,10.1,14,9,7,5,2,7,20,35.0,13,5,0,5,2,16,6,1,Matches
215,Jorge Herrando,es ESP,DF,Osasuna,24-298,2001,6.5,16,8,11,4,1,6,10,60.0,4,7,5,2,7,23,44,0,Matches
216,Sergio Herrera,es ESP,GK,Osasuna,32-201,1993,17.0,0,0,0,0,0,0,1,0.0,1,0,0,0,0,0,15,2,Matches
217,Yangel Herrera,ve VEN,MF,Girona,27-343,1998,1.2,2,1,2,0,0,0,1,0.0,1,1,0,1,1,3,7,1,Matches
218,Yangel Herrera,ve VEN,MF,Real Sociedad,27-343,1998,1.0,3,2,1,2,0,2,3,66.7,1,2,0,2,0,3,2,0,Matches
219,Omar El Hilali,ma MAR,DF,Espanyol,22-102,2003,13.9,35,27,21,10,4,26,40,65.0,14,12,4,8,17,52,47,1,Matches
220,Ali Houary,ma MAR,MF,Elche,20-140,2005,1.4,4,2,2,2,0,1,3,33.3,2,1,0,1,1,5,1,0,Matches
221,Dean Huijsen,es ESP,DF,Real Madrid,20-253,2005,10.7,17,8,9,8,0,10,13,76.9,3,15,9,6,8,25,62,2,Matches
222,Pablo Ibáñez,es ESP,MF,Alavés,27-094,1998,10.9,23,14,8,13,2,9,22,40.9,13,13,5,8,11,34,20,1,Matches
223,Stanis Idumbo,be BEL,MF,Sevilla,20-177,2005,0.5,1,0,0,1,0,0,1,0.0,1,0,0,0,0,1,1,0,Matches
224,Iglesias,es ESP,DF,Getafe,27-173,1998,15.2,45,28,24,16,5,26,43,60.5,17,18,4,14,7,52,67,2,Matches
225,Borja Iglesias,es ESP,FW,Celta Vigo,32-340,1993,10.3,4,3,1,2,1,3,4,75.0,1,6,3,3,0,4,10,0,Matches
226,Luka Ilić,rs SRB,"MF,FW",Oviedo,26-174,1999,6.0,9,4,3,6,0,8,20,40.0,12,10,3,7,4,13,7,0,Matches
227,Isco,es ESP,MF,Betis,33-246,1992,0.3,0,0,0,0,0,0,0,,0,0,0,0,0,0,0,0,Matches
228,Urko Izeta,es ESP,"MF,FW",Athletic Club,26-085,1999,0.6,1,0,1,0,0,0,1,0.0,1,2,0,2,0,1,0,0,Matches
229,Jairo Izquierdo,es ESP,"MF,DF",Elche,32-062,1993,0.3,0,0,0,0,0,0,0,,0,0,0,0,0,0,0,0,Matches
230,Adnan Januzaj,be BEL,"FW,MF",Sevilla,30-321,1995,2.1,2,1,0,0,2,2,2,100.0,0,0,0,0,1,3,1,0,Matches
231,Mikel Jauregizar,es ESP,MF,Athletic Club,22-040,2003,17.3,38,27,9,24,5,20,48,41.7,28,13,1,12,29,67,17,3,Matches
232,David Jiménez,es ESP,DF,Real Madrid,21-284,2004,0.0,0,0,0,0,0,0,0,,0,0,0,0,0,0,0,0,Matches
233,Jofre,es ESP,"MF,FW",Espanyol,24-189,2001,3.9,6,4,2,2,2,2,4,50.0,2,2,0,2,2,8,6,0,Matches
234,Frenkie de Jong,nl NED,MF,Barcelona,28-225,1997,10.6,29,13,11,13,5,17,23,73.9,6,3,2,1,13,42,9,0,Matches
235,Joan Jordán,es ESP,MF,Sevilla,31-170,1994,0.2,0,0,0,0,0,0,1,0.0,1,0,0,0,0,0,3,0,Matches
236,Josan,es ESP,"DF,MF",Elche,36-020,1989,3.4,4,3,3,0,1,3,4,75.0,1,2,0,2,1,5,2,0,Matches
237,Mateo Joseph,es ESP,"FW,MF",Mallorca,22-065,2003,11.7,16,11,7,7,2,5,14,35.7,9,16,3,13,7,23,12,0,Matches
238,Juanmi,es ESP,"FW,DF",Getafe,32-217,1993,1.0,0,0,0,0,0,0,0,,0,0,0,0,0,0,0,0,Matches
239,Luiz Lúcio Reis Júnior,br BRA,GK,Villarreal,24-343,2001,13.0,0,0,0,0,0,0,0,,0,0,0,0,0,0,13,1,Matches
240,Vinicius Júnior,br BRA,"FW,MF",Real Madrid,25-164,2000,14.7,19,11,8,6,5,6,15,40.0,9,15,0,15,1,20,2,0,Matches
241,Ferran Jutglà,es ESP,"FW,MF",Celta Vigo,26-325,1999,8.1,5,2,1,3,1,0,2,0.0,2,4,1,3,2,7,7,0,Matches
242,Abu Kamara,eng ENG,"MF,FW",Getafe,22-155,2003,2.2,4,2,2,1,1,3,5,60.0,2,5,1,4,2,6,0,0,Matches
243,Jon Karrikaburu,es ESP,"FW,MF",Real Sociedad,23-095,2002,1.5,1,1,0,1,0,1,2,50.0,1,1,0,1,0,1,0,0,Matches
244,Kiké,es ESP,FW,Espanyol,36-028,1989,7.2,5,3,0,4,1,3,8,37.5,5,7,1,6,2,7,10,0,Matches
245,Koke,es ESP,MF,Atlético Madrid,33-349,1992,13.1,27,14,11,10,6,11,29,37.9,18,11,1,10,10,37,16,0,Matches
246,Luca Koleosho,it ITA,"MF,FW",Espanyol,21-099,2004,0.7,1,1,1,0,0,0,0,,0,1,0,1,1,2,1,0,Matches
247,Jules Koundé,fr FRA,DF,Barcelona,27-041,1998,13.8,28,15,7,16,5,9,20,45.0,11,14,7,7,14,42,36,2,Matches
248,Lancinet Kourouma,gn GUI,MF,Girona,21-268,2004,0.4,0,0,0,0,0,0,2,0.0,2,1,0,1,1,1,0,0,Matches
249,Goduine Koyalipou,cf CTA,FW,Levante,25-311,2000,2.7,4,3,3,0,1,2,3,66.7,1,1,0,1,1,5,4,0,Matches
250,Vladyslav Krapyvtsov,ua UKR,GK,Girona,20-181,2005,1.5,0,0,0,0,0,0,0,,0,0,0,0,0,0,1,0,Matches
251,Ladislav Krejčí,cz CZE,DF,Girona,26-247,1999,2.0,2,0,1,1,0,1,2,50.0,1,4,1,3,1,3,1,0,Matches
252,Takefusa Kubo,jp JPN,"MF,FW",Real Sociedad,24-202,2001,10.4,17,10,12,2,3,7,12,58.3,5,8,0,8,4,21,8,0,Matches
253,Marash Kumbulla,al ALB,DF,Mallorca,25-318,2000,2.7,3,1,1,1,1,3,4,75.0,1,2,1,1,1,4,7,0,Matches
254,Adrián de la Fuente,es ESP,DF,Levante,26-300,1999,10.6,11,5,9,2,0,6,9,66.7,3,14,8,6,15,26,70,0,Matches
255,Yoel Lago,es ESP,DF,Celta Vigo,21-273,2004,3.7,7,3,3,4,0,4,6,66.7,2,4,4,0,3,10,24,1,Matches
256,Aymeric Laporte,es ESP,DF,Athletic Club,31-210,1994,9.5,8,5,5,3,0,6,11,54.5,5,15,11,4,11,19,60,0,Matches
257,Toni Lato,es ESP,DF,Mallorca,28-032,1997,1.8,3,3,1,1,1,0,1,0.0,1,4,1,3,2,5,4,0,Matches
258,Robin Le Normand,es ESP,DF,Atlético Madrid,29-042,1996,10.5,16,9,12,3,1,9,15,60.0,6,9,3,6,5,21,50,1,Matches
259,Florian Lejeune,fr FRA,DF,Rayo Vallecano,34-217,1991,16.9,31,15,20,10,1,17,30,56.7,13,22,15,7,17,48,85,1,Matches
260,Youssef Lekhedim,es ESP,DF,Alavés,20-077,2005,7.4,10,5,8,0,2,4,9,44.4,5,6,1,5,6,16,20,0,Matches
261,Iñigo Lekue,es ESP,DF,Athletic Club,32-233,1993,3.9,12,8,8,4,0,10,13,76.9,3,3,0,3,2,14,15,1,Matches
262,Thomas Lemar,fr FRA,"MF,FW",Girona,30-041,1995,3.0,8,4,3,1,4,1,5,20.0,4,1,1,0,0,8,0,0,Matches
263,Clément Lenglet,fr FRA,DF,Atlético Madrid,30-189,1995,8.1,5,3,4,1,0,4,7,57.1,3,9,5,4,11,16,30,0,Matches
264,Robert Lewandowski,pl POL,FW,Barcelona,37-124,1988,7.5,3,1,0,2,1,0,5,0.0,5,4,0,4,1,4,5,0,Matches
265,Adrián Liso,es ESP,"FW,MF",Getafe,20-265,2005,12.3,12,10,2,5,5,6,14,42.9,8,15,1,14,2,14,2,0,Matches
266,Javier Llabrés,es ESP,"FW,MF",Mallorca,23-103,2002,1.4,2,1,0,1,1,1,2,50.0,1,1,0,1,0,2,1,0,Matches
267,Diego Llorente,es ESP,DF,Betis,32-129,1993,0.9,2,1,2,0,0,2,2,100.0,0,2,0,2,1,3,5,0,Matches
268,Marcos Llorente,es ESP,DF,Atlético Madrid,30-327,1995,13.0,31,20,22,6,3,17,25,68.0,8,9,1,8,7,38,32,0,Matches
269,Giovani Lo Celso,ar ARG,MF,Betis,29-258,1996,9.8,12,8,6,3,3,5,15,33.3,10,5,0,5,4,16,4,0,Matches
270,David López,es ESP,DF,Mallorca,22-323,2003,0.7,0,0,0,0,0,0,0,,0,1,1,0,1,1,7,0,Matches
271,David López,es ESP,DF,Girona,36-075,1989,2.2,2,1,2,0,0,1,1,100.0,0,2,1,1,0,2,4,2,Matches
272,Diego López,es ESP,"FW,MF",Valencia,23-224,2002,12.6,10,7,4,5,1,3,9,33.3,6,5,2,3,7,17,9,1,Matches
273,Fermin López,es ESP,"MF,FW",Barcelona,22-226,2003,7.2,16,9,1,10,5,8,17,47.1,9,6,0,6,2,18,2,1,Matches
274,Javi López,es ESP,DF,Oviedo,23-273,2002,4.2,8,4,4,3,1,4,5,80.0,1,1,0,1,3,11,10,0,Matches
275,Pau López,es ESP,GK,Betis,31-010,1994,7.0,0,0,0,0,0,0,1,0.0,1,0,0,0,0,0,4,0,Matches
276,Unai López,es ESP,MF,Rayo Vallecano,30-054,1995,10.5,19,11,8,10,1,10,22,45.5,12,4,2,2,12,31,9,2,Matches
277,Iker Losada,es ESP,"MF,FW",Levante,24-144,2001,0.9,0,0,0,0,0,0,2,0.0,2,1,0,1,2,2,0,0,Matches
278,Pol Lozano,es ESP,MF,Espanyol,26-078,1999,12.9,17,7,7,9,1,7,26,26.9,19,7,1,6,11,28,16,0,Matches
279,Sergio Lozano,es ESP,MF,Levante,26-274,1999,0.1,2,1,2,0,0,1,1,100.0,0,0,0,0,0,2,0,0,Matches
280,Oier Luengo,es ESP,DF,Oviedo,28-042,1997,1.5,5,4,5,0,0,3,3,100.0,0,2,1,1,1,6,3,0,Matches
281,José Luis Gayà,es ESP,DF,Valencia,30-212,1995,12.2,28,13,18,8,2,20,29,69.0,9,12,4,8,9,37,39,2,Matches
282,José Luis Morales,es ESP,"MF,FW",Levante,38-153,1987,3.1,5,2,4,1,0,4,5,80.0,1,0,0,0,3,8,2,0,Matches
283,Dodi Lukebakio,be BEL,"FW,MF",Sevilla,28-090,1997,2.0,0,0,0,0,0,0,1,0.0,1,2,0,2,1,1,0,0,Matches
284,Carlos Macià,es ESP,MF,Villarreal,17-113,2008,0.6,0,0,0,0,0,0,0,,0,0,0,0,1,1,2,0,Matches
285,Pablo Maffeo,es ESP,DF,Mallorca,28-164,1997,12.3,30,14,22,8,0,17,27,63.0,10,20,11,9,16,46,55,0,Matches
286,Aitor Mañas,es ESP,FW,Alavés,22-352,2003,0.2,0,0,0,0,0,0,0,,0,0,0,0,0,0,0,0,Matches
287,Marcão,br BRA,DF,Sevilla,29-201,1996,10.4,13,5,6,6,1,7,12,58.3,5,12,5,7,5,18,60,3,Matches
288,José María Giménez,uy URU,DF,Atlético Madrid,30-337,1995,6.0,8,4,4,4,0,6,11,54.5,5,6,5,1,6,14,29,1,Matches
289,Mariano,do DOM,FW,Alavés,32-144,1993,3.1,3,1,1,1,1,1,1,100.0,0,1,1,0,0,3,2,0,Matches
290,Arkaitz Mariezkurrena,es ESP,FW,Real Sociedad,20-262,2005,0.0,0,0,0,0,0,0,0,,0,0,0,0,0,0,2,0,Matches
291,Rafa Marín,es ESP,DF,Villarreal,23-218,2002,11.9,21,13,15,5,1,18,26,69.2,8,12,9,3,12,33,69,2,Matches
292,Pablo Marín,es ESP,MF,Real Sociedad,22-173,2003,7.4,10,8,4,5,1,3,9,33.3,6,1,1,0,2,12,7,0,Matches
293,Gerard Martín,es ESP,DF,Barcelona,23-356,2002,10.1,25,17,15,9,1,17,22,77.3,5,10,1,9,13,38,41,0,Matches
294,Iván Martín,es ESP,MF,Girona,26-312,1999,13.3,31,21,15,14,2,11,21,52.4,10,6,1,5,9,40,17,1,Matches
295,Jon Martin,es ESP,DF,Real Sociedad,19-244,2006,9.0,9,6,3,6,0,3,4,75.0,1,14,11,3,13,22,44,0,Matches
296,Mario Martín,es ESP,"MF,FW",Getafe,21-293,2004,11.7,23,18,9,12,2,10,29,34.5,19,21,1,20,4,27,12,1,Matches
297,Arnau Martinez,es ESP,"DF,MF",Girona,22-242,2003,11.2,29,15,18,7,4,17,28,60.7,11,14,5,9,20,49,52,1,Matches
298,Joaquín Martínez Gauna,es ESP,DF,Sevilla,22-167,2003,2.3,4,2,4,0,0,2,6,33.3,4,2,0,2,0,4,2,0,Matches
299,Pablo Martínez,es ESP,"MF,FW",Levante,27-304,1998,6.6,8,4,1,6,1,3,7,42.9,4,10,5,5,7,15,16,0,Matches
300,Ramón Martínez,es ESP,DF,Sevilla,23-062,2002,1.1,0,0,0,0,0,0,1,0.0,1,0,0,0,1,1,2,0,Matches
301,Toni Martínez,es ESP,FW,Alavés,28-176,1997,11.2,7,3,2,2,3,0,4,0.0,4,6,1,5,3,10,14,0,Matches
302,Omar Mascarell,gq EQG,MF,Mallorca,32-324,1993,7.1,13,6,4,8,1,6,10,60.0,4,16,7,9,9,22,26,1,Matches
303,Franco Mastantuono,ar ARG,"FW,DF",Real Madrid,18-131,2007,6.1,12,8,3,4,5,7,19,36.8,12,9,0,9,0,12,1,1,Matches
304,Alan Matturro,uy URU,DF,Levante,21-073,2004,2.0,5,2,4,1,0,5,5,100.0,0,2,2,0,1,6,15,0,Matches
305,Borja Mayoral,es ESP,FW,Getafe,28-262,1997,11.6,5,4,0,4,1,3,7,42.9,4,7,2,5,5,10,5,0,Matches
306,Kylian Mbappé,fr FRA,FW,Real Madrid,27-003,1998,17.4,2,1,1,1,0,0,5,0.0,5,3,0,3,2,4,0,0,Matches
307,Brais Méndez,es ESP,MF,Real Sociedad,28-350,1997,11.1,17,9,7,9,1,5,9,55.6,4,9,1,8,4,21,5,0,Matches
308,Rodrigo Mendoza,es ESP,"MF,FW",Elche,20-283,2005,7.2,9,6,3,5,1,2,6,33.3,4,4,0,4,3,12,1,0,Matches
309,Batista Mendy,fr FRA,MF,Sevilla,25-345,2000,10.7,21,14,6,14,1,9,18,50.0,9,11,3,8,8,29,19,3,Matches
310,Nobel Mendy,fr FRA,DF,Rayo Vallecano,21-111,2004,8.2,9,2,9,0,0,6,10,60.0,4,20,9,11,9,18,55,1,Matches
311,Georges Mikautadze,ge GEO,FW,Villarreal,25-053,2000,6.5,1,0,1,0,0,0,1,0.0,1,5,0,5,1,2,2,0,Matches
312,Éder Militão,br BRA,DF,Real Madrid,27-339,1998,11.1,20,14,11,5,4,14,16,87.5,2,18,10,8,10,30,47,1,Matches
313,Luis Milla,es ESP,MF,Getafe,31-077,1994,15.5,22,14,8,9,5,12,25,48.0,13,21,4,17,16,38,19,1,Matches
314,Pere Milla,es ESP,"FW,MF",Espanyol,33-091,1992,11.8,23,13,9,7,7,8,24,33.3,16,15,3,12,11,34,8,0,Matches
315,Óscar Mingueza,es ESP,"MF,DF",Celta Vigo,26-224,1999,9.5,20,9,11,6,3,14,30,46.7,16,12,1,11,2,22,16,1,Matches
316,Bojan Miovski,mk MKD,FW,Girona,26-182,1999,0.5,0,0,0,0,0,0,0,,0,0,0,0,0,0,0,0,Matches
317,Rafa Mir,es ESP,"FW,MF",Elche,28-188,1997,13.7,8,4,4,4,0,5,11,45.5,6,6,1,5,5,13,13,1,Matches
318,Johan Mojica,co COL,DF,Mallorca,33-124,1992,14.6,34,19,25,9,0,20,27,74.1,7,12,2,10,8,42,52,1,Matches
319,Alberto Moleiro,es ESP,"MF,FW",Villarreal,22-084,2003,11.1,9,7,0,6,3,7,25,28.0,18,15,3,12,3,12,5,1,Matches
320,Nahuel Molina,ar ARG,DF,Atlético Madrid,27-261,1998,6.0,15,9,8,7,0,8,21,38.1,13,8,2,6,5,20,16,1,Matches
321,Jon Moncayola,es ESP,"MF,DF",Osasuna,27-224,1998,16.5,27,15,17,7,3,18,44,40.9,26,22,3,19,12,39,30,0,Matches
322,Diego Morcillo,es ESP,"FW,MF",Alavés,22-188,2003,0.1,0,0,0,0,0,0,0,,0,0,0,0,0,0,0,0,Matches
323,Álex Moreno,es ESP,DF,Girona,32-198,1993,15.5,17,10,11,5,1,9,23,39.1,14,13,7,6,15,32,67,1,Matches
324,Gerard Moreno,es ESP,FW,Villarreal,33-260,1992,4.9,6,3,1,5,0,3,5,60.0,2,5,1,4,2,8,4,0,Matches
325,Matias Moreno,ar ARG,DF,Levante,22-090,2003,9.5,11,7,9,2,0,7,9,77.8,2,16,9,7,16,27,56,0,Matches
326,Mateu Morey,es ESP,DF,Mallorca,25-296,2000,5.0,12,6,7,4,1,5,13,38.5,8,6,0,6,6,18,12,1,Matches
327,Ilaix Moriba,gn GUI,MF,Celta Vigo,22-338,2003,11.8,46,20,20,18,8,21,33,63.6,12,15,2,13,11,57,17,3,Matches
328,Manu Morlanes,es ESP,MF,Mallorca,26-345,1999,9.3,26,12,9,14,3,8,22,36.4,14,9,1,8,9,35,14,0,Matches
329,Santiago Mouriño,uy URU,DF,Villarreal,23-313,2002,9.8,43,30,26,15,2,30,51,58.8,21,13,4,9,13,56,40,2,Matches
330,Aihen Muñoz,es ESP,DF,Real Sociedad,28-129,1997,5.2,17,10,5,8,4,13,25,52.0,12,4,0,4,4,21,22,0,Matches
331,Iker Muñoz,es ESP,MF,Osasuna,23-048,2002,3.1,6,3,2,4,0,3,7,42.9,4,1,1,0,2,8,5,0,Matches
332,Javier Muñoz,es ESP,"MF,FW",Getafe,30-298,1995,2.4,3,2,0,3,0,2,3,66.7,1,1,0,1,1,4,4,0,Matches
333,Víctor Muñoz,es ESP,"FW,MF",Osasuna,22-163,2003,13.5,11,8,5,4,2,4,14,28.6,10,9,0,9,2,13,13,0,Matches
334,Vedat Muriqi,xk KVX,FW,Mallorca,31-243,1994,14.1,1,1,0,1,0,1,4,25.0,3,4,1,3,1,2,30,0,Matches
335,Juan Musso,ar ARG,GK,Atlético Madrid,31-231,1994,1.0,0,0,0,0,0,0,0,,0,0,0,0,0,0,0,0,Matches
336,Natan,br BRA,DF,Betis,24-320,2001,16.4,13,6,8,4,1,6,13,46.2,7,15,8,7,20,33,141,1,Matches
337,Pau Navarro,es ESP,DF,Villarreal,20-242,2005,5.6,25,11,11,10,4,18,29,62.1,11,11,6,5,3,28,20,1,Matches
338,Roberto Navarro,es ESP,"FW,MF",Athletic Club,23-255,2002,6.0,4,3,1,3,0,1,2,50.0,1,6,1,5,3,7,7,0,Matches
339,Martim Neto,pt POR,MF,Elche,22-343,2003,7.8,11,6,6,5,0,2,12,16.7,10,7,1,6,1,12,8,0,Matches
340,Yvan Neyou,cm CMR,MF,Getafe,28-354,1997,0.7,0,0,0,0,0,0,1,0.0,1,0,0,0,0,0,3,0,Matches
341,Tanguy Nianzou,fr FRA,DF,Sevilla,23-199,2002,3.4,10,5,9,1,0,5,5,100.0,0,3,1,2,0,10,27,0,Matches
342,Randy Nteka,ao ANG,FW,Rayo Vallecano,28-017,1997,0.5,2,2,1,0,1,0,0,,0,1,0,1,0,2,2,0,Matches
343,Álvaro Núñez,es ESP,DF,Elche,25-169,2000,16.6,22,15,10,10,2,11,20,55.0,9,11,6,5,16,38,30,0,Matches
344,Ørjan Nyland,no NOR,GK,Sevilla,35-104,1990,4.0,0,0,0,0,0,0,0,,0,0,0,0,0,0,5,0,Matches
345,Allan Nyom,cm CMR,"DF,FW",Getafe,37-227,1988,2.0,5,4,1,4,0,2,3,66.7,1,0,0,0,1,6,7,0,Matches
346,Jan Oblak,si SVN,GK,Atlético Madrid,32-350,1993,17.0,0,0,0,0,0,0,2,0.0,2,0,0,0,0,0,7,0,Matches
347,Álvaro Odriozola,es ESP,DF,Real Sociedad,30-009,1995,0.6,3,1,3,0,0,2,2,100.0,0,2,2,0,0,3,2,0,Matches
348,Olasagasti,es ESP,MF,Levante,25-129,2000,5.0,12,5,6,3,3,9,17,52.9,8,8,2,6,5,17,11,0,Matches
349,Dani Olmo,es ESP,MF,Barcelona,27-230,1998,9.3,19,13,7,7,5,7,11,63.6,4,7,0,7,5,24,6,1,Matches
350,Tani Oluwaseyi,ca CAN,FW,Villarreal,25-222,2000,5.2,4,3,0,0,4,3,6,50.0,3,5,1,4,0,4,3,1,Matches
351,Aimar Oroz,es ESP,"MF,FW",Osasuna,24-026,2001,8.6,16,10,6,8,2,5,9,55.6,4,8,1,7,4,20,8,0,Matches
352,Ángel Ortíz,es ESP,DF,Betis,21-151,2004,2.3,6,3,4,2,0,5,8,62.5,3,2,0,2,3,9,11,0,Matches
353,Asier Osambela,es ESP,"DF,MF",Osasuna,21-318,2004,2.4,3,1,2,1,0,2,3,66.7,1,4,1,3,4,7,11,0,Matches
354,Azzedine Ounahi,ma MAR,"MF,FW",Girona,25-248,2000,8.7,11,6,7,2,2,5,17,29.4,12,8,0,8,12,23,6,0,Matches
355,Mikel Oyarzabal,es ESP,FW,Real Sociedad,28-246,1997,13.6,7,5,2,2,3,2,11,18.2,9,7,1,6,0,7,11,0,Matches
356,Jon Pacheco,es ESP,DF,Alavés,24-349,2001,9.7,20,11,15,5,0,14,18,77.8,4,9,6,3,9,29,55,0,Matches
357,Isaac Palazón Camacho,es ESP,"MF,FW",Rayo Vallecano,30-361,1994,13.1,6,3,3,3,0,6,16,37.5,10,21,4,17,0,6,11,1,Matches
358,Diego Pampín,es ESP,DF,Levante,25-283,2000,1.3,4,2,3,1,0,4,5,80.0,1,0,0,0,3,7,7,0,Matches
359,Victor Parada,es ESP,DF,Alavés,23-263,2002,9.4,10,4,3,6,1,7,12,58.3,5,7,2,5,4,14,32,0,Matches
360,Aitor Paredes,es ESP,DF,Athletic Club,25-238,2000,10.1,15,8,6,9,0,9,12,75.0,3,8,4,4,16,31,41,0,Matches
361,Daniel Parejo,es ESP,MF,Villarreal,36-251,1989,5.6,9,7,5,4,0,5,7,71.4,2,7,4,3,5,14,7,2,Matches
362,Thomas Partey,gh GHA,MF,Villarreal,32-193,1993,7.0,11,3,3,5,3,4,9,44.4,5,10,2,8,11,22,10,0,Matches
363,Alfonso Pedraza,es ESP,"DF,MF",Villarreal,29-258,1996,6.9,16,13,7,7,2,8,11,72.7,3,7,2,5,6,22,15,2,Matches
364,Pedri,es ESP,MF,Barcelona,23-028,2002,12.2,24,14,6,11,7,12,28,42.9,16,27,1,26,10,34,11,1,Matches
365,Adrià Pedrosa,es ESP,DF,Elche,27-224,1998,5.4,16,7,10,4,2,9,14,64.3,5,8,1,7,7,23,21,1,Matches
366,Adrià Pedrosa,es ESP,DF,Sevilla,27-224,1998,0.1,1,0,0,0,1,0,0,,0,0,0,0,0,1,1,0,Matches
367,Iñaki Peña,es ESP,GK,Elche,26-296,1999,11.0,0,0,0,0,0,0,2,0.0,2,0,0,0,0,0,10,2,Matches
368,Nicolas Pépé,ci CIV,"FW,MF",Villarreal,30-208,1995,10.4,16,11,4,9,3,5,12,41.7,7,6,0,6,7,23,9,0,Matches
369,Peque,es ESP,MF,Sevilla,23-080,2002,5.9,5,3,0,5,0,1,3,33.3,2,7,0,7,0,5,3,0,Matches
370,Ayoze Pérez,es ESP,FW,Villarreal,32-147,1993,4.5,9,3,2,4,3,3,6,50.0,3,1,0,1,1,10,4,0,Matches
371,Francisco Perez,es ESP,"FW,MF",Rayo Vallecano,23-105,2002,7.3,9,7,3,5,1,6,13,46.2,7,11,0,11,2,11,3,0,Matches
372,Léo Pétrot,fr FRA,DF,Elche,28-252,1997,5.4,13,6,7,4,2,7,9,77.8,2,6,1,5,4,17,22,0,Matches
373,Charles Pickel,cd COD,"MF,FW",Espanyol,28-222,1997,3.8,7,2,3,3,1,2,5,40.0,3,5,2,3,3,10,9,0,Matches
374,Lander Pinillos,es ESP,MF,Alavés,22-078,2003,0.0,0,0,0,0,0,0,0,,0,0,0,0,0,0,0,0,Matches
375,Yeremi Pino,es ESP,"MF,FW",Villarreal,23-064,2002,1.8,2,1,0,2,0,0,2,0.0,2,2,1,1,2,4,2,0,Matches
376,Portu,es ESP,"FW,MF",Girona,33-216,1992,5.3,4,1,4,0,0,1,3,33.3,2,4,1,3,2,6,0,0,Matches
377,Beñat Prados,es ESP,MF,Athletic Club,24-318,2001,0.9,3,2,0,1,2,1,2,50.0,1,3,0,3,2,5,0,0,Matches
378,Abdón Prats,es ESP,FW,Mallorca,33-016,1992,0.8,0,0,0,0,0,0,1,0.0,1,0,0,0,0,0,1,0,Matches
379,Javi Puado,es ESP,"FW,MF",Espanyol,27-212,1998,7.3,4,2,2,0,2,0,5,0.0,5,5,1,4,3,7,3,0,Matches
380,Marc Pubill,es ESP,DF,Atlético Madrid,22-186,2003,4.3,8,6,6,2,0,4,5,80.0,1,13,9,4,9,17,24,0,Matches
381,Dani Raba,es ESP,"FW,MF",Valencia,30-055,1995,2.8,7,4,1,5,1,3,4,75.0,1,5,0,5,4,11,1,0,Matches
382,Ionuț Radu,ro ROU,GK,Celta Vigo,28-209,1997,17.0,0,0,0,0,0,0,1,0.0,1,0,0,0,0,0,10,1,Matches
383,Antonio Raillo,es ESP,DF,Mallorca,34-076,1991,17.0,17,8,14,3,0,6,9,66.7,3,31,22,9,13,30,89,0,Matches
384,Largie Ramazani,be BEL,"FW,MF",Valencia,24-299,2001,1.6,3,3,0,3,0,1,2,50.0,1,0,0,0,0,3,0,0,Matches
385,Raphinha,br BRA,"FW,MF",Barcelona,29-009,1996,7.8,6,1,2,3,1,2,7,28.6,5,5,0,5,0,6,7,0,Matches
386,Marcus Rashford,eng ENG,FW,Barcelona,28-053,1997,11.8,7,7,3,4,0,4,7,57.1,3,7,1,6,1,8,11,0,Matches
387,Giacomo Raspadori,it ITA,"FW,MF",Atlético Madrid,25-308,2000,2.4,1,1,1,0,0,1,2,50.0,1,1,0,1,0,1,2,0,Matches
388,Andrei Ratiu,ro ROU,DF,Rayo Vallecano,27-186,1998,16.0,33,19,13,13,7,15,25,60.0,10,13,2,11,22,55,52,0,Matches
389,Raúl,es ESP,FW,Osasuna,25-050,2000,6.6,9,7,1,4,4,6,7,85.7,1,2,1,1,5,14,7,0,Matches
390,Abde Rebbach,dz ALG,MF,Alavés,27-134,1998,8.0,19,8,9,6,4,8,17,47.1,9,8,0,8,7,26,8,0,Matches
391,Federico Redondo,ar ARG,MF,Elche,22-339,2003,0.2,0,0,0,0,0,0,0,,0,1,0,1,2,2,3,0,Matches
392,Alejandro Rego,es ESP,MF,Athletic Club,22-195,2003,4.5,17,9,5,11,1,6,7,85.7,1,7,2,5,7,24,2,0,Matches
393,Alberto Reina,es ESP,MF,Oviedo,28-105,1997,8.7,17,7,7,8,2,7,13,53.8,6,4,0,4,6,23,9,3,Matches
394,Vitor Reis,br BRA,DF,Girona,19-345,2006,14.9,18,11,11,7,0,11,15,73.3,4,29,24,5,14,32,97,2,Matches
395,Álex Remiro,es ESP,GK,Real Sociedad,30-274,1995,17.0,1,1,1,0,0,1,2,50.0,1,0,0,0,0,1,10,1,Matches
396,Oriol Rey,es ESP,MF,Levante,27-301,1998,8.3,15,8,8,5,2,9,14,64.3,5,11,2,9,6,21,22,1,Matches
397,Diego Rico,es ESP,DF,Getafe,32-303,1993,14.0,34,21,16,15,3,23,42,54.8,19,13,2,11,23,57,40,1,Matches
398,Clemens Riedel,de GER,DF,Espanyol,22-157,2003,5.8,12,7,5,5,2,5,6,83.3,1,5,3,2,4,16,39,0,Matches
399,Hugo Rincón,es ESP,"DF,MF",Girona,22-330,2003,8.5,16,12,14,1,1,9,15,60.0,6,10,3,7,4,20,22,1,Matches
400,Luis Rioja,es ESP,"MF,FW",Valencia,32-068,1993,12.0,15,10,8,3,4,6,17,35.3,11,9,0,9,8,23,11,0,Matches
401,Rodrigo Riquelme,es ESP,"FW,MF",Betis,25-265,2000,5.9,8,4,2,2,4,5,16,31.3,11,4,0,4,3,11,6,0,Matches
402,Mihailo Ristić,rs SRB,"DF,MF",Celta Vigo,30-053,1995,2.8,1,0,1,0,0,1,4,25.0,3,2,2,0,2,3,7,0,Matches
403,Joel Roca,es ESP,"FW,MF",Girona,20-199,2005,8.3,11,7,6,4,1,6,11,54.5,5,3,1,2,1,12,8,1,Matches
404,Marc Roca,es ESP,MF,Betis,29-027,1996,8.3,19,16,7,10,2,6,13,46.2,7,7,3,4,7,26,14,0,Matches
405,Álvaro Rodríguez,uy URU,FW,Elche,21-162,2004,8.4,2,1,0,1,1,1,3,33.3,2,6,0,6,1,3,9,0,Matches
406,Damián Rodríguez,es ESP,MF,Celta Vigo,22-281,2003,1.7,0,0,0,0,0,0,1,0.0,1,1,0,1,1,1,3,0,Matches
407,Dani Rodríguez,es ESP,MF,Mallorca,37-200,1988,0.8,2,1,0,1,1,1,1,100.0,0,1,0,1,0,2,1,0,Matches
408,Javi Rodríguez,es ESP,DF,Celta Vigo,22-180,2003,10.9,22,15,13,7,2,14,23,60.9,9,8,4,4,11,33,40,3,Matches
409,Ricardo Rodríguez,ch SUI,DF,Betis,33-120,1992,7.5,9,3,5,2,2,4,10,40.0,6,6,2,4,4,13,44,0,Matches
410,Rodrygo,br BRA,"FW,MF",Real Madrid,24-348,2001,6.2,9,5,2,5,2,6,12,50.0,6,5,0,5,3,12,5,0,Matches
411,Leo Román,es ESP,GK,Mallorca,25-170,2000,12.0,0,0,0,0,0,0,0,,0,0,0,0,1,1,5,1,Matches
412,Miguel Román,es ESP,MF,Celta Vigo,22-362,2002,6.1,13,9,4,9,0,6,10,60.0,4,11,5,6,5,18,7,0,Matches
413,Carlos Romero,es ESP,DF,Espanyol,24-055,2001,15.6,44,28,20,14,10,25,40,62.5,15,17,8,9,20,64,38,2,Matches
414,Isaac Romero,es ESP,FW,Sevilla,25-219,2000,8.0,8,3,2,2,4,1,6,16.7,5,10,0,10,0,8,8,0,Matches
415,Iván Romero,es ESP,FW,Levante,24-257,2001,10.8,8,4,1,4,3,2,9,22.2,7,6,2,4,2,10,8,0,Matches
416,Salomón Rondón,ve VEN,FW,Oviedo,36-098,1989,11.5,3,0,0,2,1,2,4,50.0,2,9,1,8,1,4,12,1,Matches
417,Valentin Rosier,fr FRA,"DF,MF",Osasuna,29-126,1996,7.8,13,8,7,6,0,6,11,54.5,5,9,1,8,10,23,38,0,Matches
418,Rubén,es ESP,"DF,MF",Espanyol,24-322,2001,3.6,5,5,3,2,0,2,9,22.2,7,5,4,1,6,11,9,1,Matches
419,Antonio Rüdiger,de GER,DF,Real Madrid,32-295,1993,5.7,8,4,3,4,1,5,6,83.3,1,3,2,1,2,10,16,0,Matches
420,Javier Rueda Garcia,es ESP,"MF,DF",Celta Vigo,23-229,2002,7.6,9,6,3,5,1,6,10,60.0,4,13,3,10,12,21,23,0,Matches
421,Matteo Ruggeri,it ITA,DF,Atlético Madrid,23-165,2002,8.1,23,17,11,6,6,12,18,66.7,6,10,1,9,6,29,33,0,Matches
422,Aitor Ruibal,es ESP,"FW,DF",Betis,29-276,1996,7.9,15,9,11,4,0,11,23,47.8,12,5,2,3,7,22,18,0,Matches
423,Abel Ruiz,es ESP,"FW,MF",Girona,25-329,2000,0.4,1,1,1,0,0,0,0,,0,0,0,0,1,2,0,0,Matches
424,Mathew Ryan,au AUS,GK,Levante,33-259,1992,14.0,0,0,0,0,0,0,1,0.0,1,1,0,1,0,0,12,0,Matches
425,Umar Sadiq,ng NGA,FW,Real Sociedad,28-324,1997,1.7,1,0,0,1,0,0,1,0.0,1,3,0,3,0,1,1,0,Matches
426,Jan Salas,es ESP,MF,Mallorca,20-135,2005,0.2,0,0,0,0,0,0,0,,0,0,0,0,0,0,1,0,Matches
427,Kike Salas,es ESP,DF,Sevilla,23-244,2002,4.6,13,11,10,3,0,9,13,69.2,4,12,6,6,6,19,41,1,Matches
428,José Salinas,es ESP,"DF,FW",Espanyol,25-084,2000,1.6,2,2,0,0,2,1,1,100.0,0,2,1,1,0,2,2,0,Matches
429,Oihan Sancet,es ESP,MF,Athletic Club,25-242,2000,9.8,8,6,1,3,4,2,4,50.0,2,7,2,5,3,11,7,1,Matches
430,Alexis Sánchez,cl CHI,"FW,MF",Sevilla,37-004,1988,6.8,10,5,2,8,0,3,9,33.3,6,7,0,7,4,14,3,0,Matches
431,Antonio Sánchez,es ESP,"FW,MF",Mallorca,28-356,1997,5.9,5,3,3,2,0,2,12,16.7,10,10,1,9,5,10,11,0,Matches
432,Juanlu Sánchez,es ESP,"DF,FW",Sevilla,22-130,2003,10.4,28,21,13,11,4,17,34,50.0,17,13,0,13,5,33,19,0,Matches
433,Borja Sánchez Laborde,es ESP,MF,Oviedo,29-300,1996,0.2,0,0,0,0,0,0,0,,0,0,0,0,0,0,0,0,Matches
434,Manu Sánchez,es ESP,DF,Levante,25-121,2000,14.5,41,26,24,14,3,28,46,60.9,18,17,3,14,17,58,53,1,Matches
435,Selton Sánchez,es ESP,MF,Athletic Club,18-306,2007,1.5,2,2,0,0,2,1,3,33.3,2,4,0,4,1,3,0,0,Matches
436,Álex Sancris,es ESP,"MF,FW",Getafe,28-339,1997,6.3,8,4,6,1,1,2,10,20.0,8,8,0,8,1,9,1,0,Matches
437,Maroan Sannadi,ma MAR,FW,Athletic Club,24-325,2001,2.9,0,0,0,0,0,0,2,0.0,2,1,0,1,1,1,3,0,Matches
438,Baptiste Santamaria,fr FRA,MF,Valencia,30-289,1995,7.4,10,4,4,4,2,5,10,50.0,5,7,2,5,5,15,20,1,Matches
439,Yago Santiago,es ESP,"MF,DF",Elche,22-252,2003,1.3,1,0,1,0,0,1,1,100.0,0,0,0,0,0,1,2,0,Matches
440,Nicolás Serrano,es ESP,FW,Athletic Club,22-293,2003,1.8,2,2,1,1,0,2,7,28.6,5,3,0,3,0,2,2,0,Matches
441,Kwasi Sibo,gh GHA,MF,Oviedo,27-182,1998,4.6,9,8,5,2,2,6,10,60.0,4,4,0,4,3,12,3,2,Matches
442,André Silva,pt POR,FW,Elche,30-047,1995,8.6,4,1,1,2,1,1,11,9.1,10,5,1,4,2,6,10,0,Matches
443,Giuliano Simeone,ar ARG,"MF,FW",Atlético Madrid,23-005,2002,14.1,30,18,18,8,4,16,42,38.1,26,10,1,9,12,42,11,1,Matches
444,Unai Simón,es ESP,GK,Athletic Club,28-195,1997,18.0,1,0,1,0,0,1,1,100.0,0,0,0,0,0,1,19,0,Matches
445,Antonio Sivera,es ESP,GK,Alavés,29-134,1996,17.0,1,0,1,0,0,1,1,100.0,0,0,0,0,0,1,10,1,Matches
446,Alex Sola,es ESP,FW,Getafe,26-197,1999,0.1,0,0,0,0,0,0,0,,0,0,0,0,0,0,0,0,Matches
447,Carlos Soler,es ESP,MF,Real Sociedad,28-355,1997,8.5,9,7,2,6,1,2,8,25.0,6,7,2,5,4,13,3,1,Matches
448,Jhon Solis,co COL,MF,Girona,21-081,2004,4.2,3,3,2,0,1,0,7,0.0,7,2,1,1,4,7,8,1,Matches
449,Manor Solomon,il ISR,MF,Villarreal,26-152,1999,1.7,1,1,1,0,0,0,2,0.0,2,3,0,3,0,1,0,0,Matches
450,Hugo Solozabal,es ESP,MF,Getafe,22-319,2003,0.1,0,0,0,0,0,0,1,0.0,1,0,0,0,0,0,0,0,Matches
451,David Soria,es ESP,GK,Getafe,32-263,1993,17.0,0,0,0,0,0,0,0,,0,0,0,0,0,0,14,0,Matches
452,Hugo Sotelo,es ESP,MF,Celta Vigo,22-004,2003,8.6,17,8,6,8,3,11,18,61.1,7,13,5,8,12,29,12,1,Matches
453,Djibril Sow,ch SUI,MF,Sevilla,28-320,1997,10.2,20,12,8,11,1,10,14,71.4,4,4,1,3,10,30,6,2,Matches
454,Carl Starfelt,se SWE,DF,Celta Vigo,30-205,1995,8.7,13,7,8,4,1,5,6,83.3,1,7,5,2,11,24,60,1,Matches
455,Orri Steinn Óskarsson,is ISL,FW,Real Sociedad,21-116,2004,1.3,2,1,0,2,0,1,1,100.0,0,0,0,0,0,2,2,0,Matches
456,Cristhian Stuani,uy URU,FW,Girona,39-072,1986,2.3,3,3,1,1,1,1,3,33.3,2,0,0,0,1,4,2,0,Matches
457,Denis Suárez,es ESP,MF,Alavés,31-351,1994,9.1,14,8,6,7,1,6,22,27.3,16,10,1,9,4,18,6,0,Matches
458,Gabriel Suazo,cl CHI,"DF,MF",Sevilla,28-136,1997,11.0,45,36,25,17,3,29,43,67.4,14,11,3,8,14,59,24,2,Matches
459,Luka Sučić,hr CRO,MF,Real Sociedad,23-106,2002,2.2,4,2,1,2,1,3,4,75.0,1,3,0,3,0,4,2,0,Matches
460,Williot Swedberg,se SWE,"MF,FW",Celta Vigo,21-325,2004,4.9,11,10,2,4,5,4,10,40.0,6,3,1,2,0,11,4,0,Matches
461,Wojciech Szczęsny,pl POL,GK,Barcelona,35-249,1990,6.0,0,0,0,0,0,0,0,,0,0,0,0,0,0,6,0,Matches
462,Alexander Sørloth,no NOR,FW,Atlético Madrid,30-018,1995,9.0,5,3,0,4,1,0,4,0.0,4,3,1,2,0,5,8,0,Matches
463,César Tárrega,es ESP,DF,Valencia,23-300,2002,16.0,24,13,14,7,3,12,15,80.0,3,22,15,7,16,40,105,1,Matches
464,Aurélien Tchouaméni,fr FRA,MF,Real Madrid,25-330,2000,14.5,29,14,13,8,8,6,14,42.9,8,15,8,7,21,50,29,1,Matches
465,Nahuel Tenaglia,ar ARG,DF,Alavés,29-305,1996,16.0,23,19,16,7,0,13,18,72.2,5,23,15,8,19,42,83,1,Matches
466,Arnau Tenas,es ESP,GK,Villarreal,24-207,2001,3.0,1,1,1,0,0,1,1,100.0,0,0,0,0,0,1,2,0,Matches
467,Ramón Terrats,es ESP,"MF,FW",Espanyol,25-066,2000,2.8,9,5,4,4,1,4,5,80.0,1,12,1,11,5,14,3,0,Matches
468,Jeremy Toljan,de GER,DF,Levante,31-137,1994,14.9,33,19,18,9,6,24,33,72.7,9,26,6,20,18,51,49,0,Matches
469,Pablo Torre,es ESP,"MF,FW",Mallorca,22-264,2003,6.9,4,4,2,1,1,2,10,20.0,8,10,2,8,3,7,9,0,Matches
470,Jofre Torrents,es ESP,DF,Barcelona,18-329,2007,0.6,2,2,1,1,0,1,1,100.0,0,0,0,0,0,2,2,0,Matches
471,Ferrán Torres,es ESP,FW,Barcelona,25-297,2000,12.0,4,4,1,2,1,2,4,50.0,2,7,1,6,3,7,4,0,Matches
472,Lucas Torró,es ESP,MF,Osasuna,31-157,1994,12.9,22,11,11,10,1,15,20,75.0,5,6,3,3,17,39,24,1,Matches
473,Óscar Trejo,ar ARG,MF,Rayo Vallecano,37-241,1988,0.5,1,0,1,0,0,0,1,0.0,1,1,0,1,0,1,0,0,Matches
474,Viktor Tsyhankov,ua UKR,"MF,FW",Girona,28-038,1997,8.6,12,7,6,5,1,4,5,80.0,1,6,0,6,8,20,14,0,Matches
475,Kareem Tunde,es ESP,FW,Levante,20-126,2005,0.2,2,2,1,1,0,0,0,,0,0,0,0,0,2,0,0,Matches
476,Beñat Turrientes,es ESP,MF,Real Sociedad,23-326,2002,3.1,11,6,3,5,3,4,6,66.7,2,3,2,1,2,13,7,0,Matches
477,Christantus Uche,ng NGA,FW,Getafe,22-218,2003,3.0,2,2,2,0,0,1,1,100.0,0,4,0,4,0,2,2,0,Matches
478,Filip Ugrinic,ch SUI,MF,Valencia,26-352,1999,3.1,4,0,2,1,1,1,5,20.0,4,2,0,2,0,4,4,0,Matches
479,Victor Valdepeñas,es ESP,DF,Real Madrid,19-064,2006,0.9,5,3,4,1,0,3,4,75.0,1,1,0,1,0,5,2,0,Matches
480,Óscar Valentín,es ESP,MF,Rayo Vallecano,31-125,1994,10.7,35,20,18,15,2,21,39,53.8,18,20,6,14,13,48,28,0,Matches
481,Germán Valera,es ESP,"DF,MF",Elche,23-282,2002,13.1,29,23,12,10,7,11,16,68.8,5,9,2,7,7,36,20,1,Matches
482,Martin Valjent,sk SVK,DF,Mallorca,30-012,1995,17.0,23,16,16,6,1,20,25,80.0,5,23,9,14,7,30,94,1,Matches
483,Álvaro Vallés,es ESP,GK,Betis,28-151,1997,10.0,0,0,0,0,0,0,3,0.0,3,0,0,0,0,0,10,1,Matches
484,Federico Valverde,uy URU,"MF,DF",Real Madrid,27-154,1998,15.4,29,19,11,16,2,12,18,66.7,6,14,3,11,14,43,29,2,Matches
485,Vladyslav Vanat,ua UKR,FW,Girona,23-353,2002,11.1,3,3,0,3,0,0,3,0.0,3,7,0,7,1,4,11,2,Matches
486,Ruben Vargas,ch SUI,"FW,MF",Sevilla,27-140,1998,9.6,10,9,4,3,3,4,8,50.0,4,3,0,3,4,14,8,0,Matches
487,José Luis García Vayá,es ESP,MF,Valencia,27-134,1998,12.7,35,18,13,16,6,18,26,69.2,8,12,3,9,11,46,28,0,Matches
488,Jesus Vazquez,es ESP,DF,Valencia,22-355,2003,5.2,13,4,9,2,2,5,10,50.0,5,3,2,1,1,14,16,0,Matches
489,Renato Veiga,pt POR,DF,Villarreal,22-147,2003,11.3,4,1,3,0,1,4,6,66.7,2,17,12,5,7,11,61,0,Matches
490,Unai Vencedor Paris,es ESP,MF,Levante,25-038,2000,7.5,19,12,1,14,4,9,26,34.6,17,16,5,11,5,24,11,0,Matches
491,Jozhua Vertrouwd,nl NED,DF,Rayo Vallecano,21-124,2004,2.3,2,1,1,0,1,0,0,,0,4,3,1,3,5,11,0,Matches
492,Mikel Vesga,es ESP,MF,Athletic Club,32-216,1993,2.7,10,5,1,6,3,4,14,28.6,10,2,0,2,7,17,7,2,Matches
493,Carlos Vicente,es ESP,"MF,FW",Alavés,26-244,1999,10.6,23,16,9,11,3,10,26,38.5,16,14,2,12,6,29,13,0,Matches
494,Nacho Vidal,es ESP,DF,Oviedo,30-333,1995,10.9,19,13,12,5,2,13,21,61.9,8,8,3,5,14,33,49,2,Matches
495,Federico Viñas,uy URU,FW,Oviedo,27-176,1998,9.4,23,18,9,14,0,12,17,70.6,5,9,1,8,6,29,6,0,Matches
496,Jan Virgili,es ESP,"FW,MF",Mallorca,19-150,2006,8.4,5,2,2,1,2,2,11,18.2,9,5,1,4,3,8,7,0,Matches
497,Daniel Vivian,es ESP,DF,Athletic Club,26-161,1999,15.3,28,18,19,8,1,15,28,53.6,13,14,8,6,20,48,79,4,Matches
498,Odysseas Vlachodimos,gr GRE,GK,Sevilla,31-241,1994,13.0,0,0,0,0,0,0,0,,0,0,0,0,0,0,5,1,Matches
499,Iñaki Williams,gh GHA,FW,Athletic Club,31-191,1994,8.8,4,3,0,1,3,2,5,40.0,3,4,0,4,1,5,4,0,Matches
500,Nico Williams,es ESP,FW,Athletic Club,23-164,2002,10.8,9,5,2,3,4,3,17,17.6,14,15,0,15,5,14,6,0,Matches
501,Axel Witsel,be BEL,MF,Girona,36-345,1989,12.8,15,10,4,11,0,6,20,30.0,14,13,2,11,13,28,31,1,Matches
502,Lamine Yamal,es ESP,FW,Barcelona,18-163,2007,13.0,22,13,8,6,8,6,12,50.0,6,10,0,10,4,26,2,0,Matches
503,Arsen Zakharyan,ru RUS,MF,Real Sociedad,22-211,2003,3.2,8,3,1,5,2,3,7,42.9,4,6,0,6,0,8,2,0,Matches
504,Bryan Zaragoza,es ESP,"FW,MF",Celta Vigo,24-105,2001,9.1,8,5,2,3,3,4,12,33.3,8,4,0,4,2,10,5,1,Matches
505,Igor Zubeldia,es ESP,DF,Real Sociedad,28-268,1997,14.0,19,10,15,3,1,11,16,68.8,5,14,8,6,13,32,105,1,Matches
