Unnamed: 0_level_0_Rk,Unnamed: 1_level_0_Player,Unnamed: 2_level_0_Nation,Unnamed: 3_level_0_Pos,Unnamed: 4_level_0_Squad,Unnamed: 5_level_0_Age,Unnamed: 6_level_0_Born,Unnamed: 7_level_0_90s,Unnamed: 8_level_0_Att,Pass Types_Live,Pass Types_Dead,Pass Types_FK,Pass Types_TB,Pass Types_Sw,Pass Types_Crs,Pass Types_TI,Pass Types_CK,Corner Kicks_In,Corner Kicks_Out,Corner Kicks_Str,Outcomes_Cmp,Outcomes_Off,Outcomes_Blocks,Unnamed: 23_level_0_Matches
1,Jones El-Abdellaoui,ma MAR,"FW,MF",Celta Vigo,19-345,2006,2.2,67,59,8,0,0,0,13,7,0,0,0,0,46,0,7,Matches
2,Abdel Abqar,ma MAR,DF,Getafe,26-288,1999,7.7,247,233,14,12,0,8,1,2,0,0,0,0,178,0,1,Matches
3,David Affengruber,at AUT,DF,Elche,24-279,2001,15.3,948,900,47,30,0,8,2,7,0,0,0,0,823,1,1,Matches
4,Julen Agirrezabala,es ESP,GK,Valencia,24-362,2000,17.0,535,400,135,43,0,0,0,0,0,0,0,0,387,0,0,Matches
5,Lucien Agoume,fr FRA,MF,Sevilla,23-317,2002,11.6,549,523,19,15,5,7,7,3,1,0,0,0,433,7,12,Matches
6,Marc Aguado,es ESP,MF,Elche,25-304,2000,12.0,616,600,15,12,0,1,2,3,0,0,0,0,560,1,5,Matches
7,Pablo Agudín,es ESP,"MF,FW",Oviedo,18-045,2007,0.8,12,12,0,0,0,0,0,0,0,0,0,0,6,0,0,Matches
8,Lucas Ahijado,es ESP,DF,Oviedo,30-327,1995,5.6,287,223,61,1,2,2,9,60,0,0,0,0,222,3,6,Matches
9,Joseph Aidoo,gh GHA,DF,Celta Vigo,30-085,1995,1.2,41,39,2,1,0,0,0,0,0,0,0,0,37,0,1,Matches
10,Ilias Akhomach,ma MAR,"MF,FW",Villarreal,21-251,2004,2.1,72,64,6,3,1,0,9,0,3,2,0,0,56,2,1,Matches
11,Adams Akor,ng NGA,FW,Sevilla,25-328,2000,9.5,148,137,11,0,0,0,7,0,0,0,0,0,86,0,9,Matches
12,David Alaba,at AUT,DF,Real Madrid,33-182,1992,0.6,50,45,5,4,1,0,0,1,0,0,0,0,48,0,0,Matches
13,Alexandre Alemão,br BRA,FW,Rayo Vallecano,27-266,1998,6.2,94,83,9,0,1,0,2,0,0,0,0,0,59,2,4,Matches
14,Carles Aleñá,es ESP,"MF,FW",Alavés,27-352,1998,10.2,466,416,47,18,1,2,43,3,26,8,7,0,375,3,7,Matches
15,Trent Alexander-Arnold,eng ENG,DF,Real Madrid,27-077,1998,4.4,360,300,56,8,2,7,47,32,16,7,9,0,277,4,4,Matches
16,Alfon,es ESP,"FW,DF",Sevilla,26-233,1999,3.5,82,77,5,0,0,1,4,5,0,0,0,0,66,0,1,Matches
17,Thiago Almada,ar ARG,"MF,FW",Atlético Madrid,24-241,2001,4.8,258,246,12,3,3,2,12,3,6,1,4,0,214,0,5,Matches
18,Domingos André Ribeiro Almeida,pt POR,"MF,FW",Valencia,25-207,2000,7.1,394,349,45,10,1,3,45,3,26,9,12,0,326,0,9,Matches
19,Marcos Alonso,es ESP,DF,Celta Vigo,34-360,1990,12.9,1034,966,63,44,4,14,7,14,0,0,0,0,920,5,11,Matches
20,Adrià Altimira,es ESP,DF,Villarreal,24-270,2001,0.1,8,7,1,1,0,0,0,0,0,0,0,0,8,0,0,Matches
21,Sergi Altimira,es ESP,MF,Betis,24-120,2001,6.0,333,321,12,11,1,0,1,1,0,0,0,0,303,0,3,Matches
22,Carlos Álvarez,es ESP,"MF,FW",Levante,22-139,2003,12.4,457,406,46,21,12,1,30,1,21,12,5,0,346,5,7,Matches
23,Hugo Álvarez,es ESP,"FW,MF",Celta Vigo,22-174,2003,4.0,181,174,6,0,0,0,5,6,0,0,0,0,147,1,8,Matches
24,Julián Álvarez,ar ARG,FW,Atlético Madrid,25-326,2000,14.6,529,447,79,9,9,4,60,2,51,12,27,0,414,3,10,Matches
25,Sofyan Amrabat,ma MAR,MF,Betis,29-124,1996,6.7,439,424,15,13,0,7,4,1,1,0,0,0,394,0,6,Matches
26,Miguel Ángel Rubio,es ESP,DF,Espanyol,27-287,1998,1.5,51,47,4,1,0,0,0,0,0,0,0,0,41,0,0,Matches
27,Miguel Ángel Sierra,es ESP,"FW,MF",Sevilla,21-162,2004,0.3,18,17,1,0,0,0,2,0,1,1,0,0,13,0,2,Matches
28,Antoniu,es ESP,"FW,MF",Espanyol,23-109,2002,1.0,30,29,1,0,0,0,2,1,0,0,0,0,23,0,3,Matches
29,Antony,br BRA,FW,Betis,25-302,2000,11.1,549,510,36,13,2,4,39,12,11,6,3,0,430,3,18,Matches
30,Mauro Arambarri,uy URU,MF,Getafe,30-084,1995,16.6,396,388,7,6,2,3,6,0,1,1,0,0,300,1,13,Matches
31,Jon Aramburu,ve VEN,DF,Real Sociedad,23-153,2002,14.0,783,629,150,22,0,2,24,128,0,0,0,0,599,4,19,Matches
32,Juan Arango,ve VEN,FW,Girona,19-205,2006,0.1,0,0,0,0,0,0,0,0,0,0,0,0,0,0,0,Matches
33,Ronald Araújo,uy URU,DF,Barcelona,26-291,1999,7.2,480,455,24,17,1,0,2,5,0,0,0,0,444,1,2,Matches
34,Jesús Areso,es ESP,DF,Athletic Club,26-174,1999,10.8,551,426,124,9,0,3,54,115,0,0,0,0,415,1,13,Matches
35,Iñigo Arguibide,es ESP,DF,Osasuna,20-248,2005,1.9,57,41,16,0,0,0,5,16,0,0,0,0,36,0,1,Matches
36,Kervin Arriaga,hn HON,MF,Levante,27-352,1998,9.0,402,380,20,18,1,2,3,2,0,0,0,0,332,2,7,Matches
37,Takuma Asano,jp JPN,"FW,MF",Mallorca,31-043,1994,3.8,66,66,0,0,0,0,5,0,0,0,0,0,44,0,5,Matches
38,Raúl Asencio,es ESP,DF,Real Madrid,22-313,2003,8.5,501,457,44,16,0,3,1,14,0,0,0,0,468,0,5,Matches
39,Iago Aspas,es ESP,"FW,MF",Celta Vigo,38-144,1987,7.3,407,386,18,9,13,10,16,1,7,4,0,0,309,3,12,Matches
40,Yaser Asprilla,co COL,"FW,MF",Girona,22-034,2003,6.6,186,165,20,5,0,2,35,2,12,3,7,0,138,1,5,Matches
41,Lander Astiazaran,es ESP,MF,Real Sociedad,19-260,2006,0.0,4,3,1,0,0,0,0,1,0,0,0,0,1,0,0,Matches
42,Ezequiel Ávila,ar ARG,"FW,MF",Betis,31-320,1994,0.6,18,15,3,1,0,0,2,0,2,0,2,0,13,0,0,Matches
43,César Azpilicueta,es ESP,DF,Sevilla,36-117,1989,7.5,471,395,76,23,0,3,7,53,0,0,0,0,399,0,2,Matches
44,Alex Baena,es ESP,"MF,FW",Atlético Madrid,24-156,2001,6.1,299,253,43,9,2,0,54,1,31,14,11,0,212,3,16,Matches
45,Eric Bailly,ci CIV,DF,Oviedo,31-255,1994,4.0,190,179,11,8,0,1,0,2,0,0,0,0,170,0,0,Matches
46,Cédric Bakambu,cd COD,FW,Betis,34-256,1991,0.8,17,16,1,0,0,0,1,0,0,0,0,0,11,0,0,Matches
47,Alejandro Balde,es ESP,DF,Barcelona,22-066,2003,11.5,710,625,84,10,1,0,15,74,0,0,0,0,642,1,14,Matches
48,Iván Balliu,al ALB,DF,Rayo Vallecano,33-356,1992,2.2,149,128,21,0,0,0,7,21,0,0,0,0,125,0,3,Matches
49,Roony Bardghji,se SWE,FW,Barcelona,20-038,2005,2.7,143,131,11,0,1,0,20,0,11,7,0,0,111,1,4,Matches
50,Kike Barja,es ESP,"FW,MF",Osasuna,28-266,1997,1.8,62,56,6,0,0,1,20,3,3,3,0,0,33,0,5,Matches
51,Ander Barrenetxea,es ESP,"MF,FW",Real Sociedad,23-361,2001,10.9,452,415,32,1,4,6,45,7,24,11,0,0,335,5,19,Matches
52,Pablo Barrios,es ESP,MF,Atlético Madrid,22-191,2003,14.5,853,829,19,14,7,8,20,3,0,0,0,0,739,5,11,Matches
53,Marc Bartra,es ESP,DF,Betis,34-342,1991,12.1,592,552,40,34,1,8,1,0,0,0,0,0,508,0,7,Matches
54,Augusto Batalla,ar ARG,GK,Rayo Vallecano,29-237,1996,17.0,658,551,106,43,0,3,0,0,0,0,0,0,456,1,1,Matches
55,Samu Becerra,es ESP,"DF,MF",Rayo Vallecano,19-356,2006,0.1,14,14,0,0,0,0,2,0,0,0,0,0,12,0,0,Matches
56,Sheraldo Becker,sr SUR,"MF,FW",Osasuna,30-317,1995,1.8,58,55,1,0,0,0,11,1,0,0,0,0,34,2,3,Matches
57,Donny van de Beek,nl NED,MF,Girona,28-249,1997,0.5,14,13,1,0,0,0,0,1,0,0,0,0,13,0,0,Matches
58,Ismael Bekhoucha,ma MAR,DF,Getafe,21-033,2004,1.2,24,23,1,0,0,0,4,1,0,0,0,0,14,0,3,Matches
59,Héctor Bellerín,es ESP,DF,Betis,30-279,1995,11.2,637,558,77,5,0,1,18,72,0,0,0,0,543,2,11,Matches
60,Jude Bellingham,eng ENG,MF,Real Madrid,22-177,2003,11.2,605,588,14,13,2,9,6,1,0,0,0,0,537,3,3,Matches
61,Fran Beltrán,es ESP,MF,Celta Vigo,26-323,1999,5.9,319,314,5,4,1,1,2,0,1,1,0,0,287,0,4,Matches
62,Lucas Beltrán,ar ARG,FW,Valencia,24-269,2001,6.2,151,142,8,0,0,0,6,0,0,0,0,0,117,1,5,Matches
63,Carlos Benavídez,uy URU,"MF,DF",Alavés,27-268,1998,0.6,23,23,0,0,0,0,0,0,0,0,0,0,19,0,0,Matches
64,Iker Benito,es ESP,"DF,FW",Osasuna,23-135,2002,1.7,93,80,13,0,0,1,5,13,0,0,0,0,73,0,1,Matches
65,Yuri Berchiche,es ESP,DF,Athletic Club,35-316,1990,15.1,881,730,148,20,0,5,29,128,0,0,0,0,740,3,16,Matches
66,Álex Berenguer,es ESP,"FW,MF",Athletic Club,30-172,1995,13.3,556,430,124,47,3,1,115,8,65,20,26,0,373,2,12,Matches
67,Lucas Bergström,fi FIN,GK,Mallorca,23-109,2002,5.0,168,107,61,24,0,1,0,0,0,0,0,0,101,0,0,Matches
68,Marc Bernal,es ESP,MF,Barcelona,18-211,2007,1.4,127,124,3,3,1,1,0,0,0,0,0,0,117,0,1,Matches
69,Pedro Bigas,es ESP,DF,Elche,35-099,1990,11.9,853,746,104,61,0,11,14,26,0,0,0,0,749,3,0,Matches
70,Antonio Blanco,es ESP,MF,Alavés,25-153,2000,14.4,890,843,41,22,1,9,14,1,1,0,1,0,745,6,15,Matches
71,Daley Blind,nl NED,DF,Girona,35-289,1990,13.6,918,838,74,25,3,8,5,7,0,0,0,0,827,6,6,Matches
72,Adam Boayar,ma MAR,"MF,FW",Elche,20-071,2005,0.1,10,10,0,0,0,0,0,0,0,0,0,0,9,0,0,Matches
73,Adama Boiro,es ESP,DF,Athletic Club,23-184,2002,3.0,166,151,15,1,0,0,7,14,0,0,0,0,146,0,1,Matches
74,Rahim Bonkano,ne NIG,DF,Oviedo,23-356,2002,12.7,653,524,128,6,0,0,49,122,0,0,0,0,506,1,24,Matches
75,Lucas Boyé,ar ARG,"FW,MF",Alavés,29-298,1996,10.1,207,199,6,0,0,0,4,0,0,0,0,0,149,2,13,Matches
76,Enzo Boyomo,cm CMR,DF,Osasuna,24-077,2001,15.7,678,646,32,17,0,4,7,15,0,0,0,0,553,0,8,Matches
77,Josip Brekalo,hr CRO,FW,Oviedo,27-183,1998,4.5,201,183,17,6,2,4,20,3,8,3,2,0,143,1,4,Matches
78,Abel Bretones,es ESP,"DF,MF",Osasuna,25-124,2000,14.8,526,400,126,8,2,0,20,118,0,0,0,0,389,0,17,Matches
79,Brugui,es ESP,"MF,FW",Levante,29-049,1996,10.0,221,214,5,0,0,1,10,1,0,0,0,0,174,2,10,Matches
80,Tajon Buchanan,ca CAN,"MF,DF",Villarreal,26-318,1999,11.0,321,296,25,4,0,1,18,20,1,0,1,0,253,0,13,Matches
81,Ante Budimir,hr CRO,FW,Osasuna,34-154,1991,13.6,212,207,5,1,1,0,1,2,0,0,0,0,122,0,9,Matches
82,Manu Bueno,es ESP,MF,Sevilla,21-149,2004,0.7,45,44,1,1,2,0,1,0,0,0,0,0,41,0,0,Matches
83,Jorge Cabello,es ESP,DF,Levante,21-242,2004,4.0,123,120,3,3,0,1,0,0,0,0,0,0,106,0,2,Matches
84,Leandro Cabrera,uy URU,DF,Espanyol,34-189,1991,16.0,660,628,30,25,0,9,8,3,0,0,0,0,520,2,3,Matches
85,Calebe,br BRA,"MF,DF",Alavés,25-237,2000,5.5,238,227,11,2,4,0,12,3,6,1,2,0,199,0,3,Matches
86,Fernando Calero,es ESP,DF,Espanyol,30-100,1995,11.3,585,555,29,18,0,3,1,0,0,0,0,0,516,1,1,Matches
87,Duje Ćaleta-Car,hr CRO,DF,Real Sociedad,29-097,1996,9.1,542,517,25,16,2,4,0,0,0,0,0,0,487,0,0,Matches
88,Dani Calvo,es ESP,DF,Oviedo,31-266,1994,7.8,352,318,33,15,0,2,1,1,0,0,0,0,318,1,3,Matches
89,Dawda Camara,mr MTN,FW,Girona,23-049,2002,0.8,10,6,4,0,0,0,0,0,0,0,0,0,7,0,1,Matches
90,Eduardo Camavinga,fr FRA,MF,Real Madrid,23-043,2002,5.7,355,345,9,6,1,5,1,3,0,0,0,0,326,1,2,Matches
91,Sergio Camello,es ESP,"FW,MF",Rayo Vallecano,24-316,2001,4.1,107,99,7,2,0,1,1,0,0,0,0,0,91,1,0,Matches
92,Sergi Cardona,es ESP,DF,Villarreal,26-168,1999,10.2,506,396,107,10,1,0,39,97,0,0,0,0,392,3,11,Matches
93,Fábio Cardoso,pt POR,DF,Sevilla,31-248,1994,2.4,80,79,1,1,0,0,0,0,0,0,0,0,72,0,1,Matches
94,Johnny Cardoso,us USA,MF,Atlético Madrid,24-094,2001,2.2,113,112,1,1,1,0,2,0,0,0,0,0,96,0,1,Matches
95,David Carmo,ao ANG,DF,Oviedo,26-157,1999,10.7,622,594,25,17,0,7,0,2,0,0,0,0,527,3,5,Matches
96,Carmona,es ESP,DF,Sevilla,23-328,2002,14.1,706,579,126,16,1,6,13,109,1,0,1,0,556,1,12,Matches
97,Sergio Carreira,es ESP,"MF,DF",Celta Vigo,25-071,2000,13.3,808,682,124,13,0,3,13,111,0,0,0,0,674,2,17,Matches
98,Gorka Carrera,es ESP,FW,Real Sociedad,20-222,2005,0.2,2,1,1,0,0,0,0,0,0,0,0,0,2,0,0,Matches
99,Álvaro Carreras,es ESP,DF,Real Madrid,22-275,2003,14.9,1124,988,134,21,0,8,21,113,0,0,0,0,994,2,16,Matches
100,Dani Carvajal,es ESP,DF,Real Madrid,33-346,1992,4.2,261,225,33,5,0,0,2,28,0,0,0,0,232,3,6,Matches
101,Marc Casado,es ESP,MF,Barcelona,22-100,2003,6.1,519,495,23,19,1,1,1,3,0,0,0,0,480,1,7,Matches
102,Castrin,es ESP,DF,Sevilla,22-356,2003,6.7,432,416,16,14,0,5,0,2,0,0,0,0,379,0,1,Matches
103,Jonny Castro,es ESP,DF,Alavés,31-295,1994,16.8,1072,891,176,29,2,2,15,147,0,0,0,0,922,5,14,Matches
104,Catena,es ESP,DF,Osasuna,31-056,1994,16.0,741,692,48,41,0,8,1,1,0,0,0,0,617,1,2,Matches
105,Santi Cazorla,es ESP,"MF,FW",Oviedo,41-010,1984,4.8,281,239,41,14,1,6,35,2,24,19,5,0,226,1,5,Matches
106,Dani Ceballos,es ESP,MF,Real Madrid,29-138,1996,4.0,313,294,19,12,1,2,3,3,4,0,1,0,286,0,9,Matches
107,Ilyas Chaira,ma MAR,"FW,MF",Oviedo,24-324,2001,9.6,290,281,5,1,0,1,22,3,1,0,0,0,237,4,9,Matches
108,Pep Chavarría,es ESP,DF,Rayo Vallecano,27-257,1998,16.2,954,777,173,16,4,3,54,157,0,0,0,0,773,4,29,Matches
109,Andreas Christensen,dk DEN,DF,Barcelona,29-257,1996,4.2,327,304,23,18,0,0,0,1,0,0,0,0,313,0,2,Matches
110,Víctor Chust,es ESP,DF,Elche,25-293,2000,9.6,611,556,54,21,0,3,2,14,0,0,0,0,544,1,5,Matches
111,Pathé Ciss,sn SEN,"MF,DF",Rayo Vallecano,31-282,1994,10.7,639,613,25,17,0,9,0,1,0,0,0,0,568,1,1,Matches
112,Santiago Colombatto,ar ARG,MF,Oviedo,28-340,1997,10.9,538,484,52,25,3,5,35,4,22,6,11,0,440,2,6,Matches
113,Eray Cömert,ch SUI,DF,Valencia,27-322,1998,1.3,77,69,8,2,0,0,0,3,0,0,0,0,65,0,0,Matches
114,Santi Comesaña,es ESP,MF,Villarreal,29-079,1996,11.8,567,557,7,6,7,2,8,0,0,0,0,0,469,3,11,Matches
115,Copete,es ESP,DF,Valencia,26-074,1999,12.8,676,643,32,27,0,12,3,0,0,0,0,0,587,1,5,Matches
116,Thierry Correia,pt POR,DF,Valencia,26-289,1999,9.6,495,400,95,8,0,2,24,87,0,0,0,0,386,0,8,Matches
117,Coba da Costa,es ESP,"MF,FW",Getafe,23-150,2002,3.5,146,144,1,0,0,0,22,1,0,0,0,0,89,1,4,Matches
118,Samu Costa,pt POR,MF,Mallorca,25-026,2000,11.6,514,502,11,11,1,3,15,0,0,0,0,0,384,1,14,Matches
119,David Costas,es ESP,DF,Oviedo,30-272,1995,10.9,522,497,23,16,0,10,2,4,0,0,0,0,467,2,3,Matches
120,Thibaut Courtois,be BEL,GK,Real Madrid,33-226,1992,18.0,613,503,108,25,0,2,0,0,0,0,0,0,495,2,1,Matches
121,Juan Cruz Armada,es ESP,DF,Osasuna,33-148,1992,6.4,230,201,29,7,0,1,5,22,0,0,0,0,194,0,3,Matches
122,Pau Cubarsí,es ESP,DF,Barcelona,18-335,2007,13.4,1226,1181,45,40,1,1,0,3,0,0,0,0,1157,0,3,Matches
123,Cucho,co COL,FW,Betis,26-247,1999,16.4,401,370,31,0,1,9,12,2,1,0,0,0,278,0,17,Matches
124,Pablo Cuñat,es ESP,GK,Levante,23-239,2002,2.0,71,39,32,6,0,0,0,0,0,0,0,0,43,0,1,Matches
125,Arnaut Danjuma,nl NED,"FW,MF",Valencia,28-326,1997,11.9,266,256,9,0,2,4,25,0,3,0,3,0,196,1,9,Matches
126,Sergi Darder,es ESP,"MF,FW",Mallorca,32-001,1993,13.6,569,480,87,25,1,13,74,5,32,18,12,1,441,2,11,Matches
127,Davinchi,es ESP,DF,Getafe,18-068,2007,4.8,214,159,54,0,0,0,12,54,0,0,0,0,140,1,8,Matches
128,Leander Dendoncker,be BEL,MF,Oviedo,30-252,1995,14.3,553,530,20,16,1,3,5,3,0,0,0,0,474,3,9,Matches
129,Nelson Deossa,co COL,MF,Betis,25-320,2000,4.0,147,140,6,4,1,2,3,2,0,0,0,0,123,1,3,Matches
130,Bambo Diaby,sn SEN,DF,Elche,28-006,1997,0.5,30,25,5,4,0,0,0,1,0,0,0,0,29,0,0,Matches
131,Mouctar Diakhaby,gn GUI,DF,Valencia,29-004,1996,5.0,248,236,10,9,0,0,0,1,0,0,0,0,213,2,0,Matches
132,Grady Diangana,cd COD,"MF,FW",Elche,27-248,1998,3.3,105,99,6,2,0,0,5,1,3,0,0,0,89,0,4,Matches
133,Moussa Diarra,ml MLI,DF,Alavés,25-043,2000,2.4,93,64,29,1,0,1,1,28,0,0,0,0,61,0,4,Matches
134,Brahim Díaz,ma MAR,"FW,MF",Real Madrid,26-142,1999,3.5,136,129,7,3,2,0,5,3,1,0,0,0,122,0,4,Matches
135,Pedro Díaz,es ESP,"MF,FW",Rayo Vallecano,27-201,1998,9.2,351,343,7,1,1,1,18,1,4,2,1,0,291,1,14,Matches
136,Matías Dituro,ar ARG,GK,Elche,38-229,1987,6.0,369,319,50,22,0,2,0,0,0,0,0,0,291,0,1,Matches
137,Djené,tg TOG,"DF,MF",Getafe,33-357,1991,13.6,409,389,18,16,0,0,3,1,0,0,0,0,316,2,4,Matches
138,Marko Dmitrović,rs SRB,GK,Espanyol,33-333,1992,17.0,528,364,163,62,0,2,0,0,0,0,0,0,315,1,1,Matches
139,Tyrhys Dolan,eng ENG,"FW,MF",Espanyol,23-360,2001,12.7,326,311,12,4,1,0,56,0,7,0,6,0,234,3,8,Matches
140,Marc Domenech,es ESP,"FW,MF",Mallorca,19-356,2006,2.4,41,39,0,0,0,0,7,0,0,0,0,0,20,2,5,Matches
141,Carlos Dominguez,es ESP,DF,Celta Vigo,24-315,2001,4.8,320,314,6,6,0,1,0,0,0,0,0,0,292,0,1,Matches
142,John Donald,es ESP,"DF,MF",Elche,25-115,2000,3.4,148,137,11,2,0,1,0,9,0,0,0,0,130,0,3,Matches
143,Domingos Duarte,pt POR,DF,Getafe,30-288,1995,14.0,399,376,22,18,0,2,0,4,0,0,0,0,305,1,2,Matches
144,Pablo Durán,es ESP,"FW,MF",Celta Vigo,24-212,2001,7.2,160,154,5,0,1,2,4,0,0,0,0,0,106,1,7,Matches
145,Hugo Duro,es ESP,FW,Valencia,26-043,1999,11.0,217,197,19,0,1,0,0,1,0,0,0,0,155,1,3,Matches
146,Ovie Ejaria,eng ENG,MF,Oviedo,28-035,1997,2.0,94,89,5,4,1,0,0,0,0,0,0,0,82,0,2,Matches
147,Chidera Ejuke,ng NGA,"FW,MF",Sevilla,27-355,1998,4.3,159,158,1,0,2,4,6,1,0,0,0,0,132,0,4,Matches
148,Unai Elgezabal,es ESP,"DF,MF",Levante,32-242,1993,10.4,396,383,10,9,1,0,0,0,0,0,0,0,334,3,3,Matches
149,Aritz Elustondo,es ESP,DF,Real Sociedad,31-270,1994,3.7,191,163,26,5,0,0,3,18,0,0,0,0,164,2,4,Matches
150,Endrick,br BRA,FW,Real Madrid,19-155,2006,0.1,0,0,0,0,0,0,0,0,0,0,0,0,0,0,0,Matches
151,Aarón Escandell,es ESP,GK,Oviedo,30-087,1995,17.0,632,485,144,42,0,1,0,0,0,0,0,0,462,3,0,Matches
152,Carlos Espí,es ESP,FW,Levante,20-152,2005,1.1,19,18,1,0,0,0,0,0,0,0,0,0,11,0,0,Matches
153,Alfonso Espino,uy URU,"FW,DF",Rayo Vallecano,33-352,1992,3.9,193,173,20,0,2,0,18,20,0,0,0,0,137,0,5,Matches
154,Marco Esteban,es ESP,DF,Oviedo,19-356,2006,0.5,13,12,1,1,0,0,0,0,0,0,0,0,11,0,0,Matches
155,Karl Etta Eyong,cm CMR,FW,Villarreal,22-070,2003,2.8,29,28,0,0,0,0,0,0,0,0,0,0,23,1,1,Matches
156,Karl Etta Eyong,cm CMR,FW,Levante,22-070,2003,10.7,164,148,15,0,0,0,6,0,0,0,0,0,109,1,8,Matches
157,Edu Expósito,es ESP,MF,Espanyol,29-144,1996,12.5,597,487,108,43,7,2,123,4,56,23,28,2,410,2,10,Matches
158,Abde Ezzalzouli,ma MAR,FW,Betis,24-006,2001,8.7,324,309,12,4,1,1,18,7,1,0,0,0,239,3,20,Matches
159,Omar Falah,es ESP,"DF,MF",Oviedo,22-105,2003,0.2,9,7,2,0,0,1,0,2,0,0,0,0,8,0,1,Matches
160,Aleix Febas,es ESP,MF,Elche,29-324,1996,17.0,1010,986,21,11,2,3,12,2,0,0,0,0,907,3,8,Matches
161,Luiz Felipe,it ITA,DF,Rayo Vallecano,28-276,1997,2.7,138,123,14,1,0,1,0,0,0,0,0,0,126,1,0,Matches
162,Kiko Femenía,es ESP,"DF,FW",Getafe,34-324,1991,9.6,359,285,73,6,1,2,14,67,0,0,0,0,280,1,8,Matches
163,Manu Fernández,es ESP,DF,Celta Vigo,24-244,2001,7.0,436,418,17,10,1,3,0,7,0,0,0,0,391,1,3,Matches
164,Pedro Fernandez,es ESP,"FW,MF",Barcelona,17-345,2008,1.0,47,45,2,0,0,0,0,0,0,0,0,0,40,0,2,Matches
165,Pelayo Fernandez,es ESP,DF,Rayo Vallecano,22-238,2003,0.5,35,33,2,1,0,0,0,0,0,0,0,0,30,0,0,Matches
166,Roberto Férnandez,es ESP,FW,Espanyol,23-173,2002,13.5,193,181,11,0,0,0,2,1,0,0,0,0,131,1,9,Matches
167,Toni Fernández,es ESP,FW,Barcelona,17-161,2008,0.5,9,9,0,0,0,0,0,0,0,0,0,0,7,0,1,Matches
168,Junior Firpo,do DOM,DF,Betis,29-123,1996,5.1,289,243,46,3,0,0,12,43,0,0,0,0,233,0,6,Matches
169,Álex Forés,es ESP,FW,Oviedo,24-255,2001,2.1,35,28,6,0,0,0,1,1,0,0,0,0,24,1,1,Matches
170,Pablo Fornals,es ESP,MF,Betis,29-304,1996,15.4,912,832,76,25,9,14,65,8,40,17,17,0,752,4,22,Matches
171,Héctor Fort,es ESP,DF,Elche,19-143,2006,3.6,135,122,12,0,0,3,7,12,0,0,0,0,110,1,4,Matches
172,Dimitri Foulquier,fr FRA,DF,Valencia,32-275,1993,8.2,443,359,82,11,0,2,8,71,0,0,0,0,377,2,10,Matches
173,Juan Foyth,ar ARG,DF,Villarreal,27-345,1998,8.0,449,422,27,14,1,2,1,0,0,0,0,0,408,0,2,Matches
174,Alejandro Francés,es ESP,DF,Girona,23-144,2002,4.5,268,229,35,16,1,4,6,19,0,0,0,0,208,4,4,Matches
175,Jorge de Frutos,es ESP,"FW,MF",Rayo Vallecano,28-306,1997,12.3,212,199,12,0,1,1,17,2,1,0,0,0,153,1,10,Matches
176,Javi Galán,es ESP,DF,Atlético Madrid,31-034,1994,1.5,70,60,9,0,0,0,5,9,0,0,0,0,56,1,3,Matches
177,Iñigo Ruiz de Galarreta,es ESP,MF,Athletic Club,32-139,1993,11.5,575,554,19,17,5,10,17,0,0,0,0,0,473,2,8,Matches
178,Conor Gallagher,eng ENG,MF,Atlético Madrid,25-320,2000,7.0,350,342,7,4,1,1,11,2,1,0,0,0,306,1,4,Matches
179,Facundo Garcés,my MAS,DF,Alavés,26-109,1999,6.0,214,200,13,12,0,1,0,1,0,0,0,0,178,1,0,Matches
180,Álvaro García,es ESP,"FW,MF",Rayo Vallecano,33-057,1992,12.8,366,349,13,1,2,4,48,6,4,1,0,0,214,4,22,Matches
181,Eric García,es ESP,"DF,MF",Barcelona,24-348,2001,15.3,1186,1121,62,25,3,2,7,37,0,0,0,0,1068,3,19,Matches
182,Fran Garcia,es ESP,DF,Real Madrid,26-131,1999,4.6,236,211,23,2,0,0,15,21,0,0,0,0,202,2,3,Matches
183,Gonzalo García,es ESP,"FW,MF",Real Madrid,21-274,2004,2.0,53,52,1,0,0,0,0,0,0,0,0,0,45,0,3,Matches
184,Joan García,es ESP,GK,Barcelona,24-233,2001,12.0,394,341,53,19,0,0,0,0,0,0,0,0,358,0,0,Matches
185,Pablo Garcia,es ESP,FW,Betis,19-193,2006,3.3,77,76,1,0,0,1,3,1,0,0,0,0,59,0,5,Matches
186,Rubén García,es ESP,"FW,MF",Osasuna,32-162,1993,8.8,381,315,65,26,1,6,55,3,32,8,16,0,278,1,8,Matches
187,Víctor García,es ESP,"DF,MF",Levante,28-098,1997,3.9,163,133,27,3,0,2,19,24,0,0,0,0,107,3,6,Matches
188,Gavi,es ESP,"MF,DF",Barcelona,21-140,2004,0.7,68,67,1,1,0,0,1,0,0,0,0,0,63,0,1,Matches
189,Paulo Gazzaniga,ar ARG,GK,Girona,33-355,1992,15.5,606,498,106,33,0,1,0,0,0,0,0,0,429,2,0,Matches
190,Mourad El Ghezouani,ma MAR,FW,Elche,27-210,1998,0.6,15,15,0,0,0,0,0,0,0,0,0,0,11,0,1,Matches
191,Bryan Gil,es ESP,"FW,MF",Girona,24-315,2001,7.8,224,212,10,2,0,1,15,3,5,3,0,0,176,2,5,Matches
192,Moi Gómez,es ESP,MF,Osasuna,31-183,1994,9.0,600,569,30,20,1,5,17,0,3,1,2,0,522,1,4,Matches
193,Sergio Gómez,es ESP,DF,Real Sociedad,25-110,2000,13.2,907,735,169,35,0,4,73,106,28,14,8,0,726,3,15,Matches
194,Unai Gómez,es ESP,"FW,MF",Athletic Club,22-212,2003,3.5,103,92,11,3,0,0,11,3,1,1,0,0,70,0,6,Matches
195,Valentín Gómez,ar ARG,DF,Betis,22-180,2003,9.3,449,401,47,10,0,2,7,37,0,0,0,0,373,1,10,Matches
196,Nicolás González,ar ARG,"MF,DF",Atlético Madrid,27-261,1998,10.3,370,352,17,2,2,2,20,14,0,0,0,0,267,1,15,Matches
197,Urko González,es ESP,MF,Espanyol,24-278,2001,9.9,301,296,3,3,0,1,3,0,0,0,0,0,242,2,4,Matches
198,Urko González,es ESP,MF,Real Sociedad,24-278,2001,0.1,4,4,0,0,0,0,0,0,0,0,0,0,4,0,0,Matches
199,Andoni Gorosabel,es ESP,DF,Athletic Club,29-141,1996,4.6,238,189,47,0,0,0,13,47,0,0,0,0,197,2,5,Matches
200,Jon Gorrotxategi,es ESP,MF,Real Sociedad,23-324,2002,14.6,751,730,18,17,2,4,1,1,0,0,0,0,635,3,12,Matches
201,Mikel Goti,es ESP,MF,Real Sociedad,23-214,2002,0.8,32,32,0,0,2,0,3,0,0,0,0,0,14,0,4,Matches
202,Antoine Griezmann,fr FRA,"FW,MF",Atlético Madrid,34-277,1991,7.5,385,341,41,10,2,5,39,4,23,9,8,0,304,3,5,Matches
203,Nemanja Gudelj,rs SRB,"MF,DF",Sevilla,34-037,1991,9.9,421,401,18,13,0,6,4,3,0,0,0,0,367,2,5,Matches
204,Gonçalo Guedes,pt POR,"MF,FW",Real Sociedad,29-024,1996,9.4,306,294,10,2,0,3,34,5,2,0,0,0,208,2,12,Matches
205,Javier Guerra,es ESP,MF,Valencia,22-356,2003,10.5,492,474,17,8,5,4,17,5,3,0,2,0,377,1,16,Matches
206,Daniel Guerrero,es ESP,MF,Betis,20-150,2005,0.0,1,1,0,0,0,0,0,0,0,0,0,0,1,0,0,Matches
207,Ander Guevara,es ESP,MF,Alavés,28-169,1997,3.9,214,204,8,6,0,0,3,0,0,0,0,0,164,2,8,Matches
208,Pape Gueye,sn SEN,MF,Villarreal,26-333,1999,8.6,426,417,5,5,5,6,4,0,0,0,0,0,346,4,1,Matches
209,Arda Güler,tr TUR,MF,Real Madrid,20-301,2005,12.6,799,711,84,30,9,6,65,6,48,23,16,0,683,4,12,Matches
210,Gerard Gumbau,es ESP,MF,Rayo Vallecano,31-005,1994,2.8,129,115,14,3,0,0,18,0,11,7,3,0,93,0,6,Matches
211,Jon Guridi,es ESP,"MF,FW",Alavés,30-298,1995,4.3,173,168,3,0,0,1,3,2,0,0,0,0,137,2,3,Matches
212,Gorka Guruzeta,es ESP,FW,Athletic Club,29-102,1996,10.9,230,219,11,1,1,1,3,2,0,0,0,0,167,0,7,Matches
213,Dávid Hancko,sk SVK,DF,Atlético Madrid,28-010,1997,16.0,863,781,75,19,1,7,25,52,0,0,0,0,714,7,5,Matches
214,Haissem Hassan,fr FRA,"FW,MF",Oviedo,23-318,2002,10.1,295,286,7,0,0,9,47,5,2,1,0,0,217,2,10,Matches
215,Jorge Herrando,es ESP,DF,Osasuna,24-298,2001,6.5,212,203,9,7,0,0,1,2,0,0,0,0,176,0,4,Matches
216,Sergio Herrera,es ESP,GK,Osasuna,32-201,1993,17.0,552,356,195,48,0,1,0,0,0,0,0,0,398,1,0,Matches
217,Yangel Herrera,ve VEN,MF,Girona,27-343,1998,1.2,46,44,2,1,0,0,2,1,0,0,0,0,35,0,1,Matches
218,Yangel Herrera,ve VEN,MF,Real Sociedad,27-343,1998,1.0,25,22,2,2,0,1,0,0,0,0,0,0,17,1,1,Matches
219,Omar El Hilali,ma MAR,DF,Espanyol,22-102,2003,13.9,731,579,149,12,0,6,24,137,0,0,0,0,590,3,9,Matches
220,Ali Houary,ma MAR,MF,Elche,20-140,2005,1.4,54,53,0,0,0,0,0,0,0,0,0,0,47,1,0,Matches
221,Dean Huijsen,es ESP,DF,Real Madrid,20-253,2005,10.7,779,761,18,12,1,14,1,4,0,0,0,0,690,0,6,Matches
222,Pablo Ibáñez,es ESP,MF,Alavés,27-094,1998,10.9,498,482,15,9,1,5,21,3,1,0,0,0,410,1,20,Matches
223,Stanis Idumbo,be BEL,MF,Sevilla,20-177,2005,0.5,11,11,0,0,0,0,0,0,0,0,0,0,7,0,0,Matches
224,Iglesias,es ESP,DF,Getafe,27-173,1998,15.2,585,426,155,24,1,7,38,131,0,0,0,0,368,4,19,Matches
225,Borja Iglesias,es ESP,FW,Celta Vigo,32-340,1993,10.3,229,204,23,1,3,2,1,0,0,0,0,0,172,2,3,Matches
226,Luka Ilić,rs SRB,"MF,FW",Oviedo,26-174,1999,6.0,168,158,9,5,1,0,7,0,4,3,1,0,129,1,7,Matches
227,Isco,es ESP,MF,Betis,33-246,1992,0.3,21,15,6,3,1,0,2,0,3,1,1,0,16,0,0,Matches
228,Urko Izeta,es ESP,"MF,FW",Athletic Club,26-085,1999,0.6,25,24,1,0,0,0,2,0,0,0,0,0,17,0,2,Matches
229,Jairo Izquierdo,es ESP,"MF,DF",Elche,32-062,1993,0.3,17,16,1,0,0,0,3,1,0,0,0,0,12,0,0,Matches
230,Adnan Januzaj,be BEL,"FW,MF",Sevilla,30-321,1995,2.1,90,77,11,3,0,4,12,0,8,4,1,0,69,2,1,Matches
231,Mikel Jauregizar,es ESP,MF,Athletic Club,22-040,2003,17.3,809,770,35,23,3,4,39,1,11,4,1,1,642,4,10,Matches
232,David Jiménez,es ESP,DF,Real Madrid,21-284,2004,0.0,0,0,0,0,0,0,0,0,0,0,0,0,0,0,0,Matches
233,Jofre,es ESP,"MF,FW",Espanyol,24-189,2001,3.9,80,80,0,0,0,0,13,0,0,0,0,0,44,0,6,Matches
234,Frenkie de Jong,nl NED,MF,Barcelona,28-225,1997,10.6,887,857,27,24,3,4,4,2,0,0,0,0,833,3,8,Matches
235,Joan Jordán,es ESP,MF,Sevilla,31-170,1994,0.2,22,21,1,1,0,0,0,0,0,0,0,0,18,0,1,Matches
236,Josan,es ESP,"DF,MF",Elche,36-020,1989,3.4,166,149,17,1,0,0,28,8,8,1,2,0,135,0,7,Matches
237,Mateo Joseph,es ESP,"FW,MF",Mallorca,22-065,2003,11.7,190,186,3,1,0,0,9,0,0,0,0,0,152,1,4,Matches
238,Juanmi,es ESP,"FW,DF",Getafe,32-217,1993,1.0,20,18,2,0,0,0,0,1,0,0,0,0,14,0,1,Matches
239,Luiz Lúcio Reis Júnior,br BRA,GK,Villarreal,24-343,2001,13.0,328,266,62,14,0,0,0,0,0,0,0,0,252,0,0,Matches
240,Vinicius Júnior,br BRA,"FW,MF",Real Madrid,25-164,2000,14.7,588,564,23,7,5,10,27,6,9,0,0,0,467,1,15,Matches
241,Ferran Jutglà,es ESP,"FW,MF",Celta Vigo,26-325,1999,8.1,188,182,5,0,1,0,10,0,0,0,0,0,145,1,9,Matches
242,Abu Kamara,eng ENG,"MF,FW",Getafe,22-155,2003,2.2,71,68,3,1,0,0,9,1,1,1,0,0,42,0,4,Matches
243,Jon Karrikaburu,es ESP,"FW,MF",Real Sociedad,23-095,2002,1.5,18,18,0,0,0,0,1,0,0,0,0,0,10,0,2,Matches
244,Kiké,es ESP,FW,Espanyol,36-028,1989,7.2,165,156,6,0,1,2,7,1,0,0,0,0,93,3,12,Matches
245,Koke,es ESP,MF,Atlético Madrid,33-349,1992,13.1,996,964,28,23,3,9,12,4,1,0,0,0,911,4,8,Matches
246,Luca Koleosho,it ITA,"MF,FW",Espanyol,21-099,2004,0.7,31,27,4,0,0,0,5,2,2,0,1,0,25,0,0,Matches
247,Jules Koundé,fr FRA,DF,Barcelona,27-041,1998,13.8,1077,960,117,18,2,4,18,99,0,0,0,0,955,0,15,Matches
248,Lancinet Kourouma,gn GUI,MF,Girona,21-268,2004,0.4,6,6,0,0,0,0,0,0,0,0,0,0,4,0,0,Matches
249,Goduine Koyalipou,cf CTA,FW,Levante,25-311,2000,2.7,55,53,2,0,1,0,1,0,0,0,0,0,32,0,2,Matches
250,Vladyslav Krapyvtsov,ua UKR,GK,Girona,20-181,2005,1.5,47,31,16,5,0,0,0,0,0,0,0,0,33,0,0,Matches
251,Ladislav Krejčí,cz CZE,DF,Girona,26-247,1999,2.0,104,101,3,0,0,0,0,0,0,0,0,0,92,0,0,Matches
252,Takefusa Kubo,jp JPN,"MF,FW",Real Sociedad,24-202,2001,10.4,352,335,15,0,2,1,25,0,13,8,1,0,263,2,12,Matches
253,Marash Kumbulla,al ALB,DF,Mallorca,25-318,2000,2.7,155,144,11,4,0,0,1,1,0,0,0,0,125,0,5,Matches
254,Adrián de la Fuente,es ESP,DF,Levante,26-300,1999,10.6,459,412,43,27,3,8,11,11,0,0,0,0,352,4,6,Matches
255,Yoel Lago,es ESP,DF,Celta Vigo,21-273,2004,3.7,201,200,1,1,0,0,0,0,0,0,0,0,187,0,1,Matches
256,Aymeric Laporte,es ESP,DF,Athletic Club,31-210,1994,9.5,535,507,28,20,1,6,0,5,0,0,0,0,487,0,5,Matches
257,Toni Lato,es ESP,DF,Mallorca,28-032,1997,1.8,73,68,5,0,0,0,5,5,0,0,0,0,59,0,1,Matches
258,Robin Le Normand,es ESP,DF,Atlético Madrid,29-042,1996,10.5,554,545,8,7,0,0,1,1,0,0,0,0,502,1,4,Matches
259,Florian Lejeune,fr FRA,DF,Rayo Vallecano,34-217,1991,16.9,1005,958,47,31,0,9,2,2,0,0,0,0,889,0,5,Matches
260,Youssef Lekhedim,es ESP,DF,Alavés,20-077,2005,7.4,392,315,75,5,1,0,24,70,0,0,0,0,296,2,4,Matches
261,Iñigo Lekue,es ESP,DF,Athletic Club,32-233,1993,3.9,211,173,38,0,0,0,10,38,0,0,0,0,162,0,2,Matches
262,Thomas Lemar,fr FRA,"MF,FW",Girona,30-041,1995,3.0,171,151,20,5,1,2,18,2,13,6,7,0,129,0,5,Matches
263,Clément Lenglet,fr FRA,DF,Atlético Madrid,30-189,1995,8.1,493,478,14,9,0,11,2,0,0,0,0,0,432,1,1,Matches
264,Robert Lewandowski,pl POL,FW,Barcelona,37-124,1988,7.5,134,129,2,1,0,0,0,0,0,0,0,0,99,3,7,Matches
265,Adrián Liso,es ESP,"FW,MF",Getafe,20-265,2005,12.3,210,191,19,4,0,0,30,1,5,2,1,0,130,0,12,Matches
266,Javier Llabrés,es ESP,"FW,MF",Mallorca,23-103,2002,1.4,38,37,0,0,0,0,6,0,0,0,0,0,29,1,0,Matches
267,Diego Llorente,es ESP,DF,Betis,32-129,1993,0.9,47,46,1,1,0,0,0,0,0,0,0,0,36,0,1,Matches
268,Marcos Llorente,es ESP,DF,Atlético Madrid,30-327,1995,13.0,907,802,103,18,2,4,23,83,0,0,0,0,793,2,18,Matches
269,Giovani Lo Celso,ar ARG,MF,Betis,29-258,1996,9.8,596,517,78,47,7,4,41,3,24,10,8,0,501,1,6,Matches
270,David López,es ESP,DF,Mallorca,22-323,2003,0.7,19,19,0,0,0,0,0,0,0,0,0,0,16,0,0,Matches
271,David López,es ESP,DF,Girona,36-075,1989,2.2,173,164,9,2,0,2,0,0,0,0,0,0,152,0,3,Matches
272,Diego López,es ESP,"FW,MF",Valencia,23-224,2002,12.6,338,323,12,3,1,1,24,8,0,0,0,0,233,3,13,Matches
273,Fermin López,es ESP,"MF,FW",Barcelona,22-226,2003,7.2,340,328,8,0,6,2,17,1,5,3,0,0,279,4,5,Matches
274,Javi López,es ESP,DF,Oviedo,23-273,2002,4.2,197,160,35,1,0,1,15,34,0,0,0,0,150,2,7,Matches
275,Pau López,es ESP,GK,Betis,31-010,1994,7.0,221,149,69,20,0,1,0,0,0,0,0,0,165,3,0,Matches
276,Unai López,es ESP,MF,Rayo Vallecano,30-054,1995,10.5,693,631,57,26,0,5,36,3,28,12,10,2,589,5,12,Matches
277,Iker Losada,es ESP,"MF,FW",Levante,24-144,2001,0.9,36,31,5,1,0,0,3,1,2,1,1,0,22,0,2,Matches
278,Pol Lozano,es ESP,MF,Espanyol,26-078,1999,12.9,495,475,19,14,2,2,10,5,0,0,0,0,425,1,6,Matches
279,Sergio Lozano,es ESP,MF,Levante,26-274,1999,0.1,7,6,1,1,0,0,0,0,0,0,0,0,7,0,0,Matches
280,Oier Luengo,es ESP,DF,Oviedo,28-042,1997,1.5,50,48,2,1,0,1,0,1,0,0,0,0,42,0,2,Matches
281,José Luis Gayà,es ESP,DF,Valencia,30-212,1995,12.2,548,458,89,12,2,2,39,77,0,0,0,0,425,1,5,Matches
282,José Luis Morales,es ESP,"MF,FW",Levante,38-153,1987,3.1,107,103,4,0,1,0,4,3,0,0,0,0,78,0,5,Matches
283,Dodi Lukebakio,be BEL,"FW,MF",Sevilla,28-090,1997,2.0,84,76,7,4,1,0,10,1,2,2,0,0,68,1,2,Matches
284,Carlos Macià,es ESP,MF,Villarreal,17-113,2008,0.6,30,29,1,1,0,0,0,0,0,0,0,0,27,0,0,Matches
285,Pablo Maffeo,es ESP,DF,Mallorca,28-164,1997,12.3,478,383,94,7,0,2,28,87,0,0,0,0,345,1,16,Matches
286,Aitor Mañas,es ESP,FW,Alavés,22-352,2003,0.2,4,2,2,0,0,0,0,0,0,0,0,0,3,0,0,Matches
287,Marcão,br BRA,DF,Sevilla,29-201,1996,10.4,470,454,13,11,1,2,1,0,0,0,0,0,407,3,3,Matches
288,José María Giménez,uy URU,DF,Atlético Madrid,30-337,1995,6.0,354,339,15,15,0,2,0,0,0,0,0,0,311,0,3,Matches
289,Mariano,do DOM,FW,Alavés,32-144,1993,3.1,43,41,2,0,0,0,3,1,0,0,0,0,26,0,0,Matches
290,Arkaitz Mariezkurrena,es ESP,FW,Real Sociedad,20-262,2005,0.0,0,0,0,0,0,0,0,0,0,0,0,0,0,0,0,Matches
291,Rafa Marín,es ESP,DF,Villarreal,23-218,2002,11.9,666,634,32,17,0,4,0,3,0,0,0,0,607,0,2,Matches
292,Pablo Marín,es ESP,MF,Real Sociedad,22-173,2003,7.4,225,215,10,0,2,0,8,6,0,0,0,0,177,0,9,Matches
293,Gerard Martín,es ESP,DF,Barcelona,23-356,2002,10.1,847,785,59,12,0,2,8,41,0,0,0,0,755,3,8,Matches
294,Iván Martín,es ESP,MF,Girona,26-312,1999,13.3,683,668,13,11,2,3,3,2,0,0,0,0,598,2,6,Matches
295,Jon Martin,es ESP,DF,Real Sociedad,19-244,2006,9.0,490,478,11,11,0,2,0,0,0,0,0,0,449,1,1,Matches
296,Mario Martín,es ESP,"MF,FW",Getafe,21-293,2004,11.7,321,313,3,3,0,2,7,0,0,0,0,0,239,5,8,Matches
297,Arnau Martinez,es ESP,"DF,MF",Girona,22-242,2003,11.2,642,565,73,25,0,2,18,48,0,0,0,0,541,4,9,Matches
298,Joaquín Martínez Gauna,es ESP,DF,Sevilla,22-167,2003,2.3,106,84,21,0,1,0,9,16,5,0,5,0,72,1,7,Matches
299,Pablo Martínez,es ESP,"MF,FW",Levante,27-304,1998,6.6,219,198,20,11,3,6,17,0,9,5,1,0,156,1,3,Matches
300,Ramón Martínez,es ESP,DF,Sevilla,23-062,2002,1.1,64,62,2,2,0,1,0,0,0,0,0,0,57,0,0,Matches
301,Toni Martínez,es ESP,FW,Alavés,28-176,1997,11.2,237,231,6,0,0,3,7,1,0,0,0,0,130,0,5,Matches
302,Omar Mascarell,gq EQG,MF,Mallorca,32-324,1993,7.1,259,257,2,2,0,2,2,0,0,0,0,0,217,0,5,Matches
303,Franco Mastantuono,ar ARG,"FW,DF",Real Madrid,18-131,2007,6.1,307,282,25,7,5,3,23,2,16,7,4,0,264,0,6,Matches
304,Alan Matturro,uy URU,DF,Levante,21-073,2004,2.0,122,116,4,2,0,0,0,0,0,0,0,0,94,2,2,Matches
305,Borja Mayoral,es ESP,FW,Getafe,28-262,1997,11.6,263,251,10,0,3,4,6,0,0,0,0,0,207,2,9,Matches
306,Kylian Mbappé,fr FRA,FW,Real Madrid,27-003,1998,17.4,624,582,39,2,3,8,14,1,5,1,0,0,542,3,14,Matches
307,Brais Méndez,es ESP,MF,Real Sociedad,28-350,1997,11.1,585,518,62,27,2,6,46,2,17,12,3,0,452,5,19,Matches
308,Rodrigo Mendoza,es ESP,"MF,FW",Elche,20-283,2005,7.2,345,319,25,11,3,2,13,3,4,0,0,0,285,1,6,Matches
309,Batista Mendy,fr FRA,MF,Sevilla,25-345,2000,10.7,387,371,13,13,0,3,2,0,0,0,0,0,329,3,3,Matches
310,Nobel Mendy,fr FRA,DF,Rayo Vallecano,21-111,2004,8.2,414,372,41,9,0,9,3,1,0,0,0,0,359,1,7,Matches
311,Georges Mikautadze,ge GEO,FW,Villarreal,25-053,2000,6.5,109,102,6,0,4,1,3,1,0,0,0,0,73,1,2,Matches
312,Éder Militão,br BRA,DF,Real Madrid,27-339,1998,11.1,681,638,43,19,0,10,0,6,0,0,0,0,619,0,2,Matches
313,Luis Milla,es ESP,MF,Getafe,31-077,1994,15.5,752,602,145,66,4,10,92,1,59,23,25,1,545,5,14,Matches
314,Pere Milla,es ESP,"FW,MF",Espanyol,33-091,1992,11.8,310,287,22,5,4,1,19,2,5,4,1,0,215,1,17,Matches
315,Óscar Mingueza,es ESP,"MF,DF",Celta Vigo,26-224,1999,9.5,668,561,103,14,6,1,39,76,13,6,6,0,532,4,10,Matches
316,Bojan Miovski,mk MKD,FW,Girona,26-182,1999,0.5,3,1,2,0,0,0,0,0,0,0,0,0,2,0,0,Matches
317,Rafa Mir,es ESP,"FW,MF",Elche,28-188,1997,13.7,315,305,9,1,0,2,13,3,0,0,0,0,248,1,7,Matches
318,Johan Mojica,co COL,DF,Mallorca,33-124,1992,14.6,811,636,173,21,1,6,68,152,0,0,0,0,609,2,21,Matches
319,Alberto Moleiro,es ESP,"MF,FW",Villarreal,22-084,2003,11.1,304,284,17,6,5,2,15,0,8,4,2,0,214,3,10,Matches
320,Nahuel Molina,ar ARG,DF,Atlético Madrid,27-261,1998,6.0,378,301,75,2,0,1,16,73,0,0,0,0,291,2,6,Matches
321,Jon Moncayola,es ESP,"MF,DF",Osasuna,27-224,1998,16.5,895,775,117,27,2,6,77,69,15,4,10,0,654,3,13,Matches
322,Diego Morcillo,es ESP,"FW,MF",Alavés,22-188,2003,0.1,5,5,0,0,0,0,1,0,0,0,0,0,2,0,0,Matches
323,Álex Moreno,es ESP,DF,Girona,32-198,1993,15.5,668,534,131,21,1,2,32,109,1,0,0,0,530,3,22,Matches
324,Gerard Moreno,es ESP,FW,Villarreal,33-260,1992,4.9,197,185,9,2,3,2,4,2,0,0,0,0,156,3,2,Matches
325,Matias Moreno,ar ARG,DF,Levante,22-090,2003,9.5,355,337,15,9,0,1,0,3,0,0,0,0,304,3,3,Matches
326,Mateu Morey,es ESP,DF,Mallorca,25-296,2000,5.0,171,144,26,1,0,1,7,25,0,0,0,0,129,1,6,Matches
327,Ilaix Moriba,gn GUI,MF,Celta Vigo,22-338,2003,11.8,472,457,11,7,4,3,1,3,1,0,0,0,402,4,9,Matches
328,Manu Morlanes,es ESP,MF,Mallorca,26-345,1999,9.3,422,400,18,12,2,1,2,4,0,0,0,0,370,4,5,Matches
329,Santiago Mouriño,uy URU,DF,Villarreal,23-313,2002,9.8,558,461,96,25,0,5,5,71,0,0,0,0,485,1,8,Matches
330,Aihen Muñoz,es ESP,DF,Real Sociedad,28-129,1997,5.2,219,181,35,1,1,1,12,34,0,0,0,0,168,3,4,Matches
331,Iker Muñoz,es ESP,MF,Osasuna,23-048,2002,3.1,128,124,3,3,1,0,1,0,0,0,0,0,111,1,2,Matches
332,Javier Muñoz,es ESP,"MF,FW",Getafe,30-298,1995,2.4,78,78,0,0,0,1,2,0,0,0,0,0,53,0,5,Matches
333,Víctor Muñoz,es ESP,"FW,MF",Osasuna,22-163,2003,13.5,307,292,12,0,1,0,45,2,0,0,0,0,214,3,13,Matches
334,Vedat Muriqi,xk KVX,FW,Mallorca,31-243,1994,14.1,290,284,5,1,1,0,1,0,0,0,0,0,189,1,10,Matches
335,Juan Musso,ar ARG,GK,Atlético Madrid,31-231,1994,1.0,31,22,9,1,0,0,0,0,0,0,0,0,30,0,0,Matches
336,Natan,br BRA,DF,Betis,24-320,2001,16.4,773,726,46,25,1,7,1,5,0,0,0,0,672,1,5,Matches
337,Pau Navarro,es ESP,DF,Villarreal,20-242,2005,5.6,332,288,42,6,0,1,2,36,0,0,0,0,282,2,6,Matches
338,Roberto Navarro,es ESP,"FW,MF",Athletic Club,23-255,2002,6.0,201,191,10,2,1,0,25,4,4,2,2,0,148,0,3,Matches
339,Martim Neto,pt POR,MF,Elche,22-343,2003,7.8,356,342,13,6,0,3,10,1,5,3,0,0,309,1,6,Matches
340,Yvan Neyou,cm CMR,MF,Getafe,28-354,1997,0.7,18,18,0,0,0,0,0,0,0,0,0,0,15,0,0,Matches
341,Tanguy Nianzou,fr FRA,DF,Sevilla,23-199,2002,3.4,161,155,5,5,0,1,0,0,0,0,0,0,144,1,1,Matches
342,Randy Nteka,ao ANG,FW,Rayo Vallecano,28-017,1997,0.5,14,14,0,0,0,0,0,0,0,0,0,0,9,0,0,Matches
343,Álvaro Núñez,es ESP,DF,Elche,25-169,2000,16.6,1031,893,135,40,1,5,52,84,11,3,1,0,917,3,7,Matches
344,Ørjan Nyland,no NOR,GK,Sevilla,35-104,1990,4.0,131,103,27,11,0,1,0,0,0,0,0,0,92,1,0,Matches
345,Allan Nyom,cm CMR,"DF,FW",Getafe,37-227,1988,2.0,84,68,15,0,0,0,6,15,0,0,0,0,50,1,3,Matches
346,Jan Oblak,si SVN,GK,Atlético Madrid,32-350,1993,17.0,568,400,168,38,0,0,0,0,0,0,0,0,433,0,0,Matches
347,Álvaro Odriozola,es ESP,DF,Real Sociedad,30-009,1995,0.6,14,9,4,0,0,0,1,4,0,0,0,0,12,1,0,Matches
348,Olasagasti,es ESP,MF,Levante,25-129,2000,5.0,243,223,20,9,2,1,19,2,9,4,2,0,181,0,10,Matches
349,Dani Olmo,es ESP,MF,Barcelona,27-230,1998,9.3,527,481,43,15,5,1,10,4,15,3,1,0,429,3,15,Matches
350,Tani Oluwaseyi,ca CAN,FW,Villarreal,25-222,2000,5.2,58,55,2,0,0,0,1,1,0,0,0,0,37,1,3,Matches
351,Aimar Oroz,es ESP,"MF,FW",Osasuna,24-026,2001,8.6,328,316,12,4,3,4,14,1,3,1,2,0,253,0,14,Matches
352,Ángel Ortíz,es ESP,DF,Betis,21-151,2004,2.3,100,82,18,1,0,1,2,17,0,0,0,0,81,0,2,Matches
353,Asier Osambela,es ESP,"DF,MF",Osasuna,21-318,2004,2.4,111,109,2,2,0,0,2,0,0,0,0,0,85,0,1,Matches
354,Azzedine Ounahi,ma MAR,"MF,FW",Girona,25-248,2000,8.7,376,359,16,13,9,1,13,1,2,1,1,0,307,1,8,Matches
355,Mikel Oyarzabal,es ESP,FW,Real Sociedad,28-246,1997,13.6,309,291,18,2,6,1,11,2,1,1,0,0,229,0,14,Matches
356,Jon Pacheco,es ESP,DF,Alavés,24-349,2001,9.7,467,442,22,21,1,7,0,1,0,0,0,0,396,3,4,Matches
357,Isaac Palazón Camacho,es ESP,"MF,FW",Rayo Vallecano,30-361,1994,13.1,508,417,83,13,4,4,61,3,56,22,25,0,383,8,12,Matches
358,Diego Pampín,es ESP,DF,Levante,25-283,2000,1.3,64,58,6,0,0,0,3,6,0,0,0,0,51,0,1,Matches
359,Victor Parada,es ESP,DF,Alavés,23-263,2002,9.4,358,297,59,4,0,0,20,55,0,0,0,0,259,2,8,Matches
360,Aitor Paredes,es ESP,DF,Athletic Club,25-238,2000,10.1,565,544,21,15,0,1,0,0,0,0,0,0,495,0,1,Matches
361,Daniel Parejo,es ESP,MF,Villarreal,36-251,1989,5.6,344,298,42,19,2,4,18,0,20,8,6,0,296,4,4,Matches
362,Thomas Partey,gh GHA,MF,Villarreal,32-193,1993,7.0,365,354,11,8,3,0,2,3,0,0,0,0,314,0,1,Matches
363,Alfonso Pedraza,es ESP,"DF,MF",Villarreal,29-258,1996,6.9,317,274,42,2,0,1,31,40,0,0,0,0,236,1,10,Matches
364,Pedri,es ESP,MF,Barcelona,23-028,2002,12.2,1132,1089,40,32,9,5,6,8,0,0,0,0,1028,3,19,Matches
365,Adrià Pedrosa,es ESP,DF,Elche,27-224,1998,5.4,262,219,41,9,1,0,31,27,4,1,2,0,208,2,5,Matches
366,Adrià Pedrosa,es ESP,DF,Sevilla,27-224,1998,0.1,11,9,2,0,0,0,3,2,0,0,0,0,9,0,1,Matches
367,Iñaki Peña,es ESP,GK,Elche,26-296,1999,11.0,661,579,79,36,0,0,0,0,0,0,0,0,506,3,1,Matches
368,Nicolas Pépé,ci CIV,"FW,MF",Villarreal,30-208,1995,10.4,403,360,41,6,2,3,37,5,24,21,1,0,323,2,10,Matches
369,Peque,es ESP,MF,Sevilla,23-080,2002,5.9,239,205,32,12,1,1,21,0,15,9,2,0,174,2,7,Matches
370,Ayoze Pérez,es ESP,FW,Villarreal,32-147,1993,4.5,101,94,7,0,1,1,2,0,1,0,0,0,76,0,9,Matches
371,Francisco Perez,es ESP,"FW,MF",Rayo Vallecano,23-105,2002,7.3,199,197,1,0,1,0,22,0,1,0,0,0,151,1,14,Matches
372,Léo Pétrot,fr FRA,DF,Elche,28-252,1997,5.4,335,297,37,6,0,2,9,27,0,0,0,0,288,1,3,Matches
373,Charles Pickel,cd COD,"MF,FW",Espanyol,28-222,1997,3.8,120,116,4,2,0,1,1,1,0,0,0,0,96,0,3,Matches
374,Lander Pinillos,es ESP,MF,Alavés,22-078,2003,0.0,2,2,0,0,0,0,1,0,0,0,0,0,1,0,1,Matches
375,Yeremi Pino,es ESP,"MF,FW",Villarreal,23-064,2002,1.8,102,90,11,1,0,0,12,1,9,6,0,0,77,1,1,Matches
376,Portu,es ESP,"FW,MF",Girona,33-216,1992,5.3,99,80,18,1,0,0,17,3,11,6,5,0,62,1,8,Matches
377,Beñat Prados,es ESP,MF,Athletic Club,24-318,2001,0.9,49,49,0,0,0,0,0,0,0,0,0,0,37,0,2,Matches
378,Abdón Prats,es ESP,FW,Mallorca,33-016,1992,0.8,15,14,1,0,0,0,1,0,0,0,0,0,11,0,0,Matches
379,Javi Puado,es ESP,"FW,MF",Espanyol,27-212,1998,7.3,222,211,10,2,0,1,20,6,1,0,0,0,175,1,2,Matches
380,Marc Pubill,es ESP,DF,Atlético Madrid,22-186,2003,4.3,242,224,18,7,1,0,1,11,0,0,0,0,206,0,3,Matches
381,Dani Raba,es ESP,"FW,MF",Valencia,30-055,1995,2.8,114,100,13,2,3,4,10,4,6,3,2,0,84,1,4,Matches
382,Ionuț Radu,ro ROU,GK,Celta Vigo,28-209,1997,17.0,486,314,172,43,0,1,0,0,0,0,0,0,357,0,0,Matches
383,Antonio Raillo,es ESP,DF,Mallorca,34-076,1991,17.0,806,745,59,34,0,1,3,1,0,0,0,0,701,2,5,Matches
384,Largie Ramazani,be BEL,"FW,MF",Valencia,24-299,2001,1.6,55,52,3,1,0,0,6,0,1,1,0,0,38,0,1,Matches
385,Raphinha,br BRA,"FW,MF",Barcelona,29-009,1996,7.8,386,341,43,10,3,9,32,9,23,14,1,0,305,2,11,Matches
386,Marcus Rashford,eng ENG,FW,Barcelona,28-053,1997,11.8,538,462,74,7,1,4,65,6,60,35,5,0,417,2,6,Matches
387,Giacomo Raspadori,it ITA,"FW,MF",Atlético Madrid,25-308,2000,2.4,96,85,10,1,0,0,9,1,8,2,4,0,71,1,2,Matches
388,Andrei Ratiu,ro ROU,DF,Rayo Vallecano,27-186,1998,16.0,861,726,133,11,2,4,55,122,0,0,0,0,693,2,27,Matches
389,Raúl,es ESP,FW,Osasuna,25-050,2000,6.6,133,127,5,0,0,1,2,1,0,0,0,0,93,1,4,Matches
390,Abde Rebbach,dz ALG,MF,Alavés,27-134,1998,8.0,287,237,45,14,0,0,50,8,22,10,11,0,194,5,12,Matches
391,Federico Redondo,ar ARG,MF,Elche,22-339,2003,0.2,23,23,0,0,0,0,0,0,0,0,0,0,19,0,0,Matches
392,Alejandro Rego,es ESP,MF,Athletic Club,22-195,2003,4.5,189,185,4,2,1,1,0,0,0,0,0,0,152,0,4,Matches
393,Alberto Reina,es ESP,MF,Oviedo,28-105,1997,8.7,395,373,17,12,1,4,16,0,4,4,0,0,319,5,5,Matches
394,Vitor Reis,br BRA,DF,Girona,19-345,2006,14.9,822,764,57,35,1,2,0,2,0,0,0,0,753,1,4,Matches
395,Álex Remiro,es ESP,GK,Real Sociedad,30-274,1995,17.0,625,483,140,32,0,2,0,0,0,0,0,0,477,2,0,Matches
396,Oriol Rey,es ESP,MF,Levante,27-301,1998,8.3,325,307,18,18,0,0,3,0,0,0,0,0,272,0,6,Matches
397,Diego Rico,es ESP,DF,Getafe,32-303,1993,14.0,627,459,162,20,1,4,51,137,4,1,3,0,413,6,16,Matches
398,Clemens Riedel,de GER,DF,Espanyol,22-157,2003,5.8,286,273,13,7,0,0,1,1,0,0,0,0,259,0,0,Matches
399,Hugo Rincón,es ESP,"DF,MF",Girona,22-330,2003,8.5,395,318,77,7,0,1,13,70,0,0,0,0,325,0,10,Matches
400,Luis Rioja,es ESP,"MF,FW",Valencia,32-068,1993,12.0,444,397,45,10,0,8,65,13,22,8,11,0,315,2,18,Matches
401,Rodrigo Riquelme,es ESP,"FW,MF",Betis,25-265,2000,5.9,230,220,7,1,3,1,15,6,0,0,0,0,178,3,8,Matches
402,Mihailo Ristić,rs SRB,"DF,MF",Celta Vigo,30-053,1995,2.8,159,141,15,4,1,0,2,11,0,0,0,0,131,3,4,Matches
403,Joel Roca,es ESP,"FW,MF",Girona,20-199,2005,8.3,206,189,16,2,1,1,16,7,5,2,0,0,160,1,15,Matches
404,Marc Roca,es ESP,MF,Betis,29-027,1996,8.3,367,353,14,13,2,1,5,0,1,0,0,0,311,0,4,Matches
405,Álvaro Rodríguez,uy URU,FW,Elche,21-162,2004,8.4,198,193,3,0,0,2,4,0,0,0,0,0,136,2,2,Matches
406,Damián Rodríguez,es ESP,MF,Celta Vigo,22-281,2003,1.7,118,111,7,2,0,0,3,1,4,0,3,0,108,0,0,Matches
407,Dani Rodríguez,es ESP,MF,Mallorca,37-200,1988,0.8,23,20,3,1,0,0,3,2,0,0,0,0,15,0,0,Matches
408,Javi Rodríguez,es ESP,DF,Celta Vigo,22-180,2003,10.9,770,718,51,30,3,9,0,21,0,0,0,0,706,1,8,Matches
409,Ricardo Rodríguez,ch SUI,DF,Betis,33-120,1992,7.5,352,294,57,12,1,1,11,45,0,0,0,0,287,1,3,Matches
410,Rodrygo,br BRA,"FW,MF",Real Madrid,24-348,2001,6.2,298,268,29,7,4,0,24,8,14,6,4,0,253,1,7,Matches
411,Leo Román,es ESP,GK,Mallorca,25-170,2000,12.0,393,278,114,47,0,0,0,0,0,0,0,0,263,1,0,Matches
412,Miguel Román,es ESP,MF,Celta Vigo,22-362,2002,6.1,279,267,10,4,4,6,3,1,4,2,1,0,241,2,3,Matches
413,Carlos Romero,es ESP,DF,Espanyol,24-055,2001,15.6,604,458,144,6,0,2,41,138,0,0,0,0,451,2,17,Matches
414,Isaac Romero,es ESP,FW,Sevilla,25-219,2000,8.0,160,144,12,0,1,1,2,0,0,0,0,0,116,4,8,Matches
415,Iván Romero,es ESP,FW,Levante,24-257,2001,10.8,235,195,40,1,2,2,8,21,0,0,0,0,159,0,10,Matches
416,Salomón Rondón,ve VEN,FW,Oviedo,36-098,1989,11.5,211,181,27,1,0,2,2,0,0,0,0,0,149,3,3,Matches
417,Valentin Rosier,fr FRA,"DF,MF",Osasuna,29-126,1996,7.8,370,306,63,3,1,0,14,60,0,0,0,0,278,1,6,Matches
418,Rubén,es ESP,"DF,MF",Espanyol,24-322,2001,3.6,201,159,42,4,1,0,18,38,0,0,0,0,147,0,4,Matches
419,Antonio Rüdiger,de GER,DF,Real Madrid,32-295,1993,5.7,399,391,7,3,0,2,2,1,0,0,0,0,369,1,0,Matches
420,Javier Rueda Garcia,es ESP,"MF,DF",Celta Vigo,23-229,2002,7.6,344,287,57,1,1,2,11,56,0,0,0,0,244,0,20,Matches
421,Matteo Ruggeri,it ITA,DF,Atlético Madrid,23-165,2002,8.1,471,396,75,5,0,2,34,69,1,0,0,0,393,0,11,Matches
422,Aitor Ruibal,es ESP,"FW,DF",Betis,29-276,1996,7.9,290,237,51,9,2,1,17,42,0,0,0,0,229,2,6,Matches
423,Abel Ruiz,es ESP,"FW,MF",Girona,25-329,2000,0.4,12,11,0,0,0,0,1,0,0,0,0,0,6,1,0,Matches
424,Mathew Ryan,au AUS,GK,Levante,33-259,1992,14.0,476,329,147,31,0,0,0,0,0,0,0,0,337,0,0,Matches
425,Umar Sadiq,ng NGA,FW,Real Sociedad,28-324,1997,1.7,23,23,0,0,0,0,1,0,0,0,0,0,15,0,0,Matches
426,Jan Salas,es ESP,MF,Mallorca,20-135,2005,0.2,10,10,0,0,0,0,0,0,0,0,0,0,6,0,2,Matches
427,Kike Salas,es ESP,DF,Sevilla,23-244,2002,4.6,351,338,10,9,0,4,3,1,0,0,0,0,288,3,4,Matches
428,José Salinas,es ESP,"DF,FW",Espanyol,25-084,2000,1.6,77,67,10,1,0,0,6,9,0,0,0,0,59,0,2,Matches
429,Oihan Sancet,es ESP,MF,Athletic Club,25-242,2000,9.8,307,290,15,1,0,1,6,1,0,0,0,0,248,2,10,Matches
430,Alexis Sánchez,cl CHI,"FW,MF",Sevilla,37-004,1988,6.8,234,211,21,4,2,2,14,0,10,3,5,0,167,2,10,Matches
431,Antonio Sánchez,es ESP,"FW,MF",Mallorca,28-356,1997,5.9,181,166,15,5,0,1,9,8,2,1,1,0,147,0,4,Matches
432,Juanlu Sánchez,es ESP,"DF,FW",Sevilla,22-130,2003,10.4,439,401,35,3,0,4,26,32,0,0,0,0,344,3,20,Matches
433,Borja Sánchez Laborde,es ESP,MF,Oviedo,29-300,1996,0.2,13,12,1,0,1,1,0,1,0,0,0,0,11,0,1,Matches
434,Manu Sánchez,es ESP,DF,Levante,25-121,2000,14.5,540,441,98,5,0,3,38,89,4,0,0,0,410,1,11,Matches
435,Selton Sánchez,es ESP,MF,Athletic Club,18-306,2007,1.5,45,39,4,0,2,0,0,0,0,0,0,0,30,2,2,Matches
436,Álex Sancris,es ESP,"MF,FW",Getafe,28-339,1997,6.3,203,184,18,1,1,3,48,4,13,5,8,0,112,1,11,Matches
437,Maroan Sannadi,ma MAR,FW,Athletic Club,24-325,2001,2.9,65,63,2,1,0,0,1,0,0,0,0,0,46,0,3,Matches
438,Baptiste Santamaria,fr FRA,MF,Valencia,30-289,1995,7.4,377,359,16,16,0,4,3,0,0,0,0,0,311,2,13,Matches
439,Yago Santiago,es ESP,"MF,DF",Elche,22-252,2003,1.3,72,71,1,0,0,0,4,1,0,0,0,0,60,0,1,Matches
440,Nicolás Serrano,es ESP,FW,Athletic Club,22-293,2003,1.8,80,70,10,1,0,0,16,1,8,5,2,0,55,0,3,Matches
441,Kwasi Sibo,gh GHA,MF,Oviedo,27-182,1998,4.6,176,175,0,0,0,0,0,0,0,0,0,0,154,1,1,Matches
442,André Silva,pt POR,FW,Elche,30-047,1995,8.6,225,211,14,0,2,2,1,1,0,0,0,0,184,0,7,Matches
443,Giuliano Simeone,ar ARG,"MF,FW",Atlético Madrid,23-005,2002,14.1,578,561,15,2,3,1,23,13,0,0,0,0,459,2,24,Matches
444,Unai Simón,es ESP,GK,Athletic Club,28-195,1997,18.0,599,437,161,71,0,1,0,0,0,0,0,0,388,1,2,Matches
445,Antonio Sivera,es ESP,GK,Alavés,29-134,1996,17.0,473,275,196,60,0,0,0,0,0,0,0,0,264,2,0,Matches
446,Alex Sola,es ESP,FW,Getafe,26-197,1999,0.1,0,0,0,0,0,0,0,0,0,0,0,0,0,0,0,Matches
447,Carlos Soler,es ESP,MF,Real Sociedad,28-355,1997,8.5,401,368,33,16,1,3,23,2,15,7,3,0,336,0,3,Matches
448,Jhon Solis,co COL,MF,Girona,21-081,2004,4.2,167,161,4,2,0,1,0,1,0,0,0,0,146,2,1,Matches
449,Manor Solomon,il ISR,MF,Villarreal,26-152,1999,1.7,60,50,9,3,0,0,10,0,6,5,0,0,44,1,0,Matches
450,Hugo Solozabal,es ESP,MF,Getafe,22-319,2003,0.1,5,5,0,0,0,0,0,0,0,0,0,0,5,0,0,Matches
451,David Soria,es ESP,GK,Getafe,32-263,1993,17.0,524,297,220,111,0,1,0,0,0,0,0,0,237,7,0,Matches
452,Hugo Sotelo,es ESP,MF,Celta Vigo,22-004,2003,8.6,593,535,55,30,3,5,28,1,23,6,14,0,519,3,3,Matches
453,Djibril Sow,ch SUI,MF,Sevilla,28-320,1997,10.2,402,379,20,9,1,8,9,0,6,2,4,0,347,3,6,Matches
454,Carl Starfelt,se SWE,DF,Celta Vigo,30-205,1995,8.7,524,513,11,11,0,1,0,0,0,0,0,0,499,0,3,Matches
455,Orri Steinn Óskarsson,is ISL,FW,Real Sociedad,21-116,2004,1.3,18,18,0,0,1,0,1,0,0,0,0,0,9,0,1,Matches
456,Cristhian Stuani,uy URU,FW,Girona,39-072,1986,2.3,31,25,6,0,0,0,0,0,0,0,0,0,20,0,2,Matches
457,Denis Suárez,es ESP,MF,Alavés,31-351,1994,9.1,533,500,32,21,7,1,12,1,9,1,3,0,456,1,9,Matches
458,Gabriel Suazo,cl CHI,"DF,MF",Sevilla,28-136,1997,11.0,645,496,144,24,2,5,56,94,26,13,9,0,513,5,13,Matches
459,Luka Sučić,hr CRO,MF,Real Sociedad,23-106,2002,2.2,102,96,6,2,0,2,1,1,0,0,0,0,81,0,3,Matches
460,Williot Swedberg,se SWE,"MF,FW",Celta Vigo,21-325,2004,4.9,93,91,2,0,2,0,2,2,0,0,0,0,71,0,3,Matches
461,Wojciech Szczęsny,pl POL,GK,Barcelona,35-249,1990,6.0,217,174,40,10,0,0,0,0,0,0,0,0,179,3,0,Matches
462,Alexander Sørloth,no NOR,FW,Atlético Madrid,30-018,1995,9.0,195,184,8,0,0,1,6,0,1,0,0,0,119,3,5,Matches
463,César Tárrega,es ESP,DF,Valencia,23-300,2002,16.0,853,793,56,29,0,3,0,2,0,0,0,0,736,4,5,Matches
464,Aurélien Tchouaméni,fr FRA,MF,Real Madrid,25-330,2000,14.5,908,878,28,25,4,5,4,2,0,0,0,0,821,2,4,Matches
465,Nahuel Tenaglia,ar ARG,DF,Alavés,29-305,1996,16.0,623,599,22,21,0,4,2,1,0,0,0,0,536,2,11,Matches
466,Arnau Tenas,es ESP,GK,Villarreal,24-207,2001,3.0,90,59,31,5,0,0,0,0,0,0,0,0,47,0,0,Matches
467,Ramón Terrats,es ESP,"MF,FW",Espanyol,25-066,2000,2.8,72,67,5,2,0,1,9,0,2,1,1,0,50,0,3,Matches
468,Jeremy Toljan,de GER,DF,Levante,31-137,1994,14.9,593,458,131,13,2,4,30,118,0,0,0,0,432,4,17,Matches
469,Pablo Torre,es ESP,"MF,FW",Mallorca,22-264,2003,6.9,332,287,43,15,0,2,28,3,19,8,9,0,258,2,6,Matches
470,Jofre Torrents,es ESP,DF,Barcelona,18-329,2007,0.6,44,37,7,0,0,0,3,7,0,0,0,0,37,0,1,Matches
471,Ferrán Torres,es ESP,FW,Barcelona,25-297,2000,12.0,247,225,21,0,0,2,1,1,1,0,0,0,181,1,10,Matches
472,Lucas Torró,es ESP,MF,Osasuna,31-157,1994,12.9,506,499,4,3,0,7,1,1,0,0,0,0,372,3,7,Matches
473,Óscar Trejo,ar ARG,MF,Rayo Vallecano,37-241,1988,0.5,49,47,1,1,1,0,3,0,0,0,0,0,39,1,0,Matches
474,Viktor Tsyhankov,ua UKR,"MF,FW",Girona,28-038,1997,8.6,325,287,37,15,1,2,37,3,17,6,9,0,239,1,7,Matches
475,Kareem Tunde,es ESP,FW,Levante,20-126,2005,0.2,6,6,0,0,0,0,1,0,0,0,0,0,4,0,1,Matches
476,Beñat Turrientes,es ESP,MF,Real Sociedad,23-326,2002,3.1,116,112,4,3,0,1,2,0,0,0,0,0,98,0,1,Matches
477,Christantus Uche,ng NGA,FW,Getafe,22-218,2003,3.0,46,44,1,0,0,1,1,1,0,0,0,0,29,1,1,Matches
478,Filip Ugrinic,ch SUI,MF,Valencia,26-352,1999,3.1,161,150,11,4,0,0,13,1,6,2,4,0,136,0,1,Matches
479,Victor Valdepeñas,es ESP,DF,Real Madrid,19-064,2006,0.9,41,34,7,1,0,1,1,6,0,0,0,0,36,0,0,Matches
480,Óscar Valentín,es ESP,MF,Rayo Vallecano,31-125,1994,10.7,405,401,4,3,1,0,1,1,0,0,0,0,359,0,5,Matches
481,Germán Valera,es ESP,"DF,MF",Elche,23-282,2002,13.1,592,528,62,10,1,2,40,35,17,0,3,0,486,2,21,Matches
482,Martin Valjent,sk SVK,DF,Mallorca,30-012,1995,17.0,728,680,46,25,0,4,2,21,0,0,0,0,617,2,8,Matches
483,Álvaro Vallés,es ESP,GK,Betis,28-151,1997,10.0,336,257,77,22,0,0,0,0,0,0,0,0,251,2,0,Matches
484,Federico Valverde,uy URU,"MF,DF",Real Madrid,27-154,1998,15.4,980,922,57,17,2,13,15,39,1,0,0,0,862,1,8,Matches
485,Vladyslav Vanat,ua UKR,FW,Girona,23-353,2002,11.1,166,136,28,0,2,0,3,0,0,0,0,0,122,2,10,Matches
486,Ruben Vargas,ch SUI,"FW,MF",Sevilla,27-140,1998,9.6,361,329,31,9,1,2,33,7,12,5,5,0,238,1,14,Matches
487,José Luis García Vayá,es ESP,MF,Valencia,27-134,1998,12.7,823,757,65,40,4,13,33,0,25,9,14,0,694,1,6,Matches
488,Jesus Vazquez,es ESP,DF,Valencia,22-355,2003,5.2,231,177,53,3,0,1,10,50,0,0,0,0,191,1,3,Matches
489,Renato Veiga,pt POR,DF,Villarreal,22-147,2003,11.3,624,577,40,21,1,8,2,3,0,0,0,0,551,7,1,Matches
490,Unai Vencedor Paris,es ESP,MF,Levante,25-038,2000,7.5,368,340,26,17,1,6,20,0,9,4,3,0,287,2,2,Matches
491,Jozhua Vertrouwd,nl NED,DF,Rayo Vallecano,21-124,2004,2.3,109,94,15,3,0,0,0,2,0,0,0,0,101,0,0,Matches
492,Mikel Vesga,es ESP,MF,Athletic Club,32-216,1993,2.7,143,142,1,0,0,4,1,1,0,0,0,0,113,0,5,Matches
493,Carlos Vicente,es ESP,"MF,FW",Alavés,26-244,1999,10.6,451,411,38,8,0,0,83,11,19,1,16,0,316,2,26,Matches
494,Nacho Vidal,es ESP,DF,Oviedo,30-333,1995,10.9,487,406,81,7,1,1,20,74,0,0,0,0,393,0,5,Matches
495,Federico Viñas,uy URU,FW,Oviedo,27-176,1998,9.4,180,173,6,0,0,0,0,0,0,0,0,0,133,1,4,Matches
496,Jan Virgili,es ESP,"FW,MF",Mallorca,19-150,2006,8.4,218,210,7,0,1,1,14,4,3,2,0,0,164,1,4,Matches
497,Daniel Vivian,es ESP,DF,Athletic Club,26-161,1999,15.3,754,713,40,40,1,8,6,0,0,0,0,0,634,1,6,Matches
498,Odysseas Vlachodimos,gr GRE,GK,Sevilla,31-241,1994,13.0,475,347,126,46,0,0,0,0,0,0,0,0,332,2,2,Matches
499,Iñaki Williams,gh GHA,FW,Athletic Club,31-191,1994,8.8,198,190,7,1,0,0,21,4,0,0,0,0,126,1,16,Matches
500,Nico Williams,es ESP,FW,Athletic Club,23-164,2002,10.8,357,340,16,4,1,2,33,3,9,2,5,0,254,1,17,Matches
501,Axel Witsel,be BEL,MF,Girona,36-345,1989,12.8,632,600,30,30,0,1,1,0,0,0,0,0,570,2,5,Matches
502,Lamine Yamal,es ESP,FW,Barcelona,18-163,2007,13.0,751,717,30,7,8,3,40,10,13,5,0,0,585,4,12,Matches
503,Arsen Zakharyan,ru RUS,MF,Real Sociedad,22-211,2003,3.2,165,144,18,2,1,0,21,5,11,8,3,0,118,3,7,Matches
504,Bryan Zaragoza,es ESP,"FW,MF",Celta Vigo,24-105,2001,9.1,295,273,22,3,4,1,50,3,16,1,7,0,195,0,8,Matches
505,Igor Zubeldia,es ESP,DF,Real Sociedad,28-268,1997,14.0,703,671,31,20,3,8,0,2,0,0,0,0,612,1,4,Matches
