Unnamed: 0_level_0_Rk,Unnamed: 1_level_0_Player,Unnamed: 2_level_0_Nation,Unnamed: 3_level_0_Pos,Unnamed: 4_level_0_Squad,Unnamed: 5_level_0_Age,Unnamed: 6_level_0_Born,Unnamed: 7_level_0_90s,Tackles_Tkl,Tackles_TklW,Tackles_Def 3rd,Tackles_Mid 3rd,Tackles_Att 3rd,Challenges_Tkl,Challenges_Att,Challenges_Tkl%,Challenges_Lost,Blocks_Blocks,Blocks_Sh,Blocks_Pass,Unnamed: 20_level_0_Int,Unnamed: 21_level_0_Tkl+Int,Unnamed: 22_level_0_Clr,Unnamed: 23_level_0_Err,Unnamed: 24_level_0_Matches
1,Keyliane Abdallah,fr FRA,FW,Marseille,17,2006,0.0,0,0,0,0,0,0,0,,0,0,0,0,0,0,0,0,Matches
2,Yunis Abdelhamid,ma MAR,DF,Reims,35,1987,30.9,64,35,36,23,5,26,45,57.8,19,51,32,19,39,103,109,2,Matches
3,Salis Abdul Samed,gh GHA,MF,Lens,23,2000,16.9,21,14,8,10,3,8,18,44.4,10,12,1,11,12,33,18,0,Matches
4,Laurent Abergel,fr FRA,MF,Lorient,30,1993,31.8,85,52,43,34,8,38,96,39.6,58,29,6,23,61,146,61,3,Matches
5,Matthis Abline,fr FRA,FW,Nantes,20,2003,11.6,9,4,4,3,2,3,8,37.5,5,3,0,3,3,12,5,0,Matches
6,Zakaria Aboukhlal,ma MAR,"MF,FW",Toulouse,23,2000,8.4,9,8,1,5,3,3,12,25.0,9,9,1,8,1,10,2,0,Matches
7,Nathaniel Adjei,gh GHA,DF,Lorient,20,2002,13.8,13,9,8,3,2,6,7,85.7,1,15,8,7,18,31,64,1,Matches
8,Adryelson,br BRA,"DF,FW",Lyon,25,1998,0.1,0,0,0,0,0,0,0,,0,0,0,0,1,1,3,0,Matches
9,Adson,br BRA,"MF,FW",Nantes,22,2000,2.6,7,6,1,6,0,2,2,100.0,0,5,0,5,2,9,2,0,Matches
10,Emmanuel Agbadou,ci CIV,DF,Reims,26,1997,28.8,65,41,38,23,4,44,64,68.8,20,47,25,22,55,120,116,1,Matches
11,Ruben Aguilar,fr FRA,DF,Lens,30,1993,21.4,53,31,27,23,3,27,45,60.0,18,35,5,30,26,79,46,0,Matches
12,Tosin Aiyegun,bj BEN,"MF,FW",Lorient,25,1998,10.0,6,4,2,3,1,3,9,33.3,6,4,1,3,2,8,8,0,Matches
13,Sergio Akieme,es ESP,DF,Reims,25,1997,9.1,11,5,6,3,2,8,11,72.7,3,9,3,6,10,21,25,0,Matches
14,Maghnes Akliouche,fr FRA,"MF,FW",Monaco,21,2002,17.9,37,23,12,20,5,12,36,33.3,24,21,0,21,9,46,3,0,Matches
15,Adams Akor,ng NGA,FW,Montpellier,23,2000,25.0,12,4,3,4,5,3,7,42.9,4,9,2,7,5,17,11,0,Matches
16,Paul Akouokou,ci CIV,MF,Lyon,25,1997,3.4,14,9,2,10,2,6,7,85.7,1,5,1,4,6,20,11,0,Matches
17,Aboubacar Ali,km COM,"MF,FW",Strasbourg,17,2006,1.4,2,0,0,2,0,0,0,,0,1,0,1,1,3,2,0,Matches
18,Mohamed Ali Cho,fr FRA,FW,Nice,19,2004,9.6,12,9,4,7,1,3,11,27.3,8,10,0,10,3,15,6,0,Matches
19,Nabil Alioui,fr FRA,"MF,FW",Le Havre,24,1999,11.2,3,2,2,1,0,2,4,50.0,2,6,1,5,3,6,4,0,Matches
20,Jim Allevinah,ga GAB,"MF,DF",Clermont Foot,28,1995,20.7,30,18,11,14,5,14,35,40.0,21,20,3,17,13,43,30,0,Matches
21,Skelly Alvero,fr FRA,MF,Lyon,21,2002,4.7,8,7,5,2,1,2,9,22.2,7,5,1,4,2,10,5,0,Matches
22,Papa Amadou Diallo,sn SEN,FW,Metz,19,2004,9.9,18,8,10,7,1,7,21,33.3,14,11,1,10,11,29,16,0,Matches
23,Jordan Amavi,fr FRA,DF,Brest,29,1994,1.0,1,1,0,1,0,1,3,33.3,2,2,1,1,3,4,2,0,Matches
24,Kelvin Amian,fr FRA,DF,Nantes,25,1998,8.9,16,7,12,4,0,11,15,73.3,4,6,0,6,7,23,28,0,Matches
25,Michael Amir Murillo,pa PAN,DF,Marseille,27,1996,11.1,23,11,13,6,4,15,23,65.2,8,9,2,7,11,34,34,2,Matches
26,Benjamin André,fr FRA,MF,Lille,32,1990,28.6,89,49,39,45,5,43,81,53.1,38,34,5,29,35,124,60,0,Matches
27,Komnen Andrić,rs SRB,FW,Clermont Foot,28,1995,1.9,2,1,0,1,1,0,4,0.0,4,2,0,2,0,2,1,0,Matches
28,Ângelo,br BRA,"FW,MF",Strasbourg,18,2004,12.2,24,11,9,7,8,11,31,35.5,20,18,0,18,9,33,2,0,Matches
29,Stredair Appuah,fr FRA,"FW,MF",Nantes,19,2004,0.9,0,0,0,0,0,0,3,0.0,3,0,0,0,1,1,1,0,Matches
30,Yoël Armougom,fr FRA,"DF,MF",Clermont Foot,25,1998,2.6,3,3,2,0,1,2,3,66.7,1,1,0,1,1,4,3,0,Matches
31,Hákon Arnar Haraldsson,is ISL,"FW,MF",Lille,20,2003,14.3,12,8,4,7,1,5,21,23.8,16,7,2,5,3,15,5,0,Matches
32,Mohamed El Arouch,fr FRA,FW,Lyon,19,2004,0.0,0,0,0,0,0,0,0,,0,0,0,0,0,0,0,0,Matches
33,Marco Asensio,es ESP,"MF,FW",Paris S-G,27,1996,12.4,12,10,4,7,1,4,13,30.8,9,7,0,7,5,17,2,0,Matches
34,Joel Asoro,se SWE,"FW,MF",Metz,24,1999,9.4,13,9,7,6,0,3,10,30.0,7,7,1,6,6,19,9,0,Matches
35,Lorenz Assignon,tg TOG,DF,Rennes,23,2000,11.2,24,12,12,8,4,9,24,37.5,15,9,4,5,9,33,27,1,Matches
36,Youcef Atal,dz ALG,DF,Nice,27,1996,4.0,9,3,6,2,1,6,8,75.0,2,7,1,6,4,13,1,0,Matches
37,Valentin Atangana Edoa,fr FRA,MF,Reims,17,2005,6.2,19,13,6,9,4,5,13,38.5,8,5,1,4,6,25,9,0,Matches
38,Arthur Atta,fr FRA,"MF,FW",Metz,20,2003,10.3,18,14,8,7,3,8,19,42.1,11,13,3,10,10,28,23,0,Matches
39,Pierre-Emerick Aubameyang,ga GAB,FW,Marseille,34,1989,29.1,22,14,4,11,7,7,26,26.9,19,30,5,25,9,31,26,0,Matches
40,André Ayew,gh GHA,FW,Le Havre,33,1989,12.3,15,11,7,6,2,6,9,66.7,3,8,3,5,2,17,11,0,Matches
41,Neil El Aynaoui,ma MAR,MF,Lens,22,2001,17.4,37,20,13,20,4,20,46,43.5,26,20,6,14,32,69,21,1,Matches
42,Abdellah Baallal,ma MAR,MF,Clermont Foot,18,2004,0.0,0,0,0,0,0,0,0,,0,1,0,1,0,0,0,0,Matches
43,Shavy Babicka,ga GAB,"FW,MF",Toulouse,23,2000,4.1,11,8,2,7,2,2,5,40.0,3,6,1,5,0,11,2,0,Matches
44,Aliou Badara Baldé,gn GUI,"FW,DF",Nice,20,2002,0.8,4,1,0,3,1,1,1,100.0,0,2,1,1,3,7,0,0,Matches
45,Tiemoué Bakayoko,fr FRA,MF,Lorient,28,1994,14.6,34,17,14,17,3,15,28,53.6,13,10,4,6,26,60,15,1,Matches
46,Dilane Bakwa,fr FRA,"FW,MF",Strasbourg,20,2002,24.2,30,22,12,13,5,11,40,27.5,29,26,1,25,20,50,11,0,Matches
47,Carlos Baleba,cm CMR,MF,Lille,19,2004,0.7,6,2,1,4,1,3,4,75.0,1,0,0,0,2,8,0,0,Matches
48,Leonardo Balerdi,ar ARG,DF,Marseille,24,1999,25.2,79,50,55,23,1,49,67,73.1,18,38,15,23,51,130,91,0,Matches
49,Folarin Balogun,us USA,FW,Monaco,22,2001,18.8,12,4,3,8,1,5,13,38.5,8,10,0,10,3,15,4,0,Matches
50,Mohamed Bamba,ci CIV,FW,Lorient,21,2001,12.6,14,9,3,8,3,4,10,40.0,6,7,1,6,2,16,3,0,Matches
51,Mamady Bangré,bf BFA,"FW,MF",Toulouse,22,2001,1.1,4,2,2,2,0,3,4,75.0,1,0,0,0,4,8,3,0,Matches
52,Bradley Barcola,fr FRA,FW,Lyon,20,2002,3.0,5,2,0,2,3,1,7,14.3,6,4,0,4,2,7,0,0,Matches
53,Bradley Barcola,fr FRA,"FW,MF",Paris S-G,20,2002,15.2,34,16,12,13,9,7,25,28.0,18,27,2,25,10,44,13,1,Matches
54,Melvin Bard,fr FRA,DF,Nice,22,2000,29.5,69,38,28,30,11,37,63,58.7,26,46,12,34,42,111,46,0,Matches
55,Steven Baseya,fr FRA,DF,Strasbourg,18,2005,0.1,2,1,1,1,0,1,1,100.0,0,0,0,0,0,2,1,0,Matches
56,Mohamed Bechikh,fr FRA,"FW,MF",Strasbourg,18,2005,0.2,0,0,0,0,0,0,0,,0,0,0,0,0,0,0,0,Matches
57,Yanis Begraoui,ma MAR,"FW,MF",Toulouse,22,2001,3.3,5,3,1,3,1,3,9,33.3,6,4,0,4,5,10,5,0,Matches
58,Jérémie Bela,ao ANG,"MF,FW",Clermont Foot,30,1993,2.3,1,1,0,1,0,1,3,33.3,2,1,0,1,0,1,1,0,Matches
59,Reda Belahyane,ma MAR,MF,Nice,19,2004,0.3,1,0,0,1,0,1,1,100.0,0,0,0,0,0,1,0,0,Matches
60,Alaa Bellaarouch,ma MAR,GK,Strasbourg,21,2002,15.0,0,0,0,0,0,0,0,,0,0,0,0,1,1,11,2,Matches
61,Jean-Ricner Bellegarde,ht HAI,"MF,FW",Strasbourg,25,1998,3.0,5,3,3,2,0,3,6,50.0,3,4,0,4,4,9,0,0,Matches
62,Jeanuël Belocian,fr FRA,DF,Rennes,18,2005,16.1,32,22,23,8,1,22,28,78.6,6,18,10,8,13,45,49,0,Matches
63,Eliesse Ben Seghir,ma MAR,"MF,FW",Monaco,18,2005,4.8,9,6,2,5,2,3,7,42.9,4,6,0,6,2,11,2,0,Matches
64,Wissam Ben Yedder,fr FRA,FW,Monaco,32,1990,25.7,4,3,1,2,1,1,11,9.1,10,18,0,18,8,12,1,0,Matches
65,Saïd Benrahma,dz ALG,"FW,MF",Lyon,27,1995,8.6,9,7,1,6,2,5,7,71.4,2,7,0,7,1,10,3,0,Matches
66,Nabil Bentaleb,dz ALG,MF,Lille,28,1994,21.9,49,32,29,18,2,22,43,51.2,21,33,12,21,37,86,33,0,Matches
67,Lucas Beraldo,br BRA,DF,Paris S-G,19,2003,11.2,22,14,14,8,0,10,25,40.0,15,15,6,9,20,42,25,0,Matches
68,Dimitry Bertaud,cd COD,GK,Montpellier,25,1998,4.0,0,0,0,0,0,0,0,,0,0,0,0,0,0,0,0,Matches
69,Marco Bizot,nl NED,GK,Brest,32,1991,32.0,0,0,0,0,0,0,1,0.0,1,0,0,0,0,0,18,3,Matches
70,Rubén Blanco,es ESP,GK,Marseille,28,1995,1.3,0,0,0,0,0,0,0,,0,0,0,0,0,0,0,0,Matches
71,Ludovic Blas,fr FRA,"FW,MF",Rennes,25,1997,17.4,30,14,16,13,1,12,28,42.9,16,13,1,12,6,36,9,0,Matches
72,Myron Boadu,nl NED,FW,Monaco,22,2001,0.9,2,2,0,1,1,1,2,50.0,1,2,0,2,0,2,0,0,Matches
73,Jeremie Boga,ci CIV,FW,Nice,26,1997,22.2,18,7,6,10,2,10,20,50.0,10,26,2,24,8,26,4,0,Matches
74,Adama Bojang,gm GAM,FW,Reims,19,2004,0.9,2,1,1,0,1,0,0,,0,2,1,1,1,3,0,0,Matches
75,Neto Borges,br BRA,DF,Clermont Foot,26,1996,28.0,48,24,25,18,5,28,63,44.4,35,28,6,22,57,105,84,0,Matches
76,Saïmon Bouabré,fr FRA,MF,Monaco,17,2006,0.5,2,2,0,2,0,1,2,50.0,1,1,0,1,0,2,0,0,Matches
77,Ayyoub Bouaddi,fr FRA,MF,Lille,15,2007,1.5,6,2,6,0,0,2,5,40.0,3,2,0,2,1,7,3,0,Matches
78,Badredine Bouanani,dz ALG,FW,Nice,18,2004,1.8,3,2,1,1,1,3,4,75.0,1,5,0,5,3,6,0,0,Matches
79,Badredine Bouanani,dz ALG,MF,Lorient,18,2004,4.9,4,2,1,1,2,2,4,50.0,2,3,0,3,2,6,3,0,Matches
80,Mohamed Bouchenna,fr FRA,"MF,FW",Clermont Foot,17,2006,0.3,1,0,1,0,0,0,0,,0,0,0,0,0,1,0,0,Matches
81,Hicham Boudaoui,dz ALG,MF,Nice,23,1999,17.9,41,19,16,22,3,21,30,70.0,9,15,1,14,11,52,15,0,Matches
82,Benjamin Bourigeaud,fr FRA,"MF,FW",Rennes,29,1994,26.9,31,18,14,9,8,13,44,29.5,31,31,2,29,22,53,39,2,Matches
83,Bilal Boutobba,fr FRA,"FW,MF",Clermont Foot,24,1998,10.3,22,12,6,10,6,10,23,43.5,13,9,0,9,8,30,3,0,Matches
84,Hugo Boutsingkham,fr FRA,"MF,FW",Nantes,20,2003,0.1,0,0,0,0,0,0,0,,0,0,0,0,0,0,1,0,Matches
85,Bilal Brahimi,dz ALG,FW,Nice,23,2000,0.1,0,0,0,0,0,0,1,0.0,1,0,0,0,0,0,0,0,Matches
86,Bilal Brahimi,dz ALG,"FW,MF",Brest,23,2000,2.5,0,0,0,0,0,0,3,0.0,3,3,0,3,0,0,0,0,Matches
87,Lilian Brassier,fr FRA,DF,Brest,23,1999,29.7,31,18,18,13,0,12,24,50.0,12,28,21,7,41,72,93,0,Matches
88,Maxime Busi,be BEL,"FW,DF",Reims,23,1999,1.8,2,0,0,1,1,0,2,0.0,2,6,1,5,4,6,5,0,Matches
89,Marcin Bułka,pl POL,GK,Nice,23,1999,34.0,0,0,0,0,0,0,2,0.0,2,0,0,0,0,0,9,3,Matches
90,Rémy Cabella,fr FRA,"FW,MF",Lille,33,1990,16.4,54,36,19,20,15,20,54,37.0,34,32,0,32,5,59,5,0,Matches
91,Duje Ćaleta-Car,hr CRO,DF,Lyon,26,1996,22.1,26,11,19,6,1,18,22,81.8,4,27,14,13,18,44,94,1,Matches
92,Lamine Camara,sn SEN,MF,Metz,19,2004,25.1,62,42,26,30,6,24,49,49.0,25,35,2,33,28,90,34,0,Matches
93,Mahdi Camara,fr FRA,MF,Brest,25,1998,22.4,55,39,8,40,7,20,49,40.8,29,24,1,23,27,82,19,0,Matches
94,Mohamed Camara,ml MLI,MF,Monaco,23,2000,11.5,35,21,10,20,5,15,29,51.7,14,8,2,6,11,46,7,0,Matches
95,Axel Camblan,fr FRA,FW,Brest,19,2003,1.0,3,1,0,2,1,2,4,50.0,2,2,0,2,0,3,0,0,Matches
96,Fali Candé,gw GNB,DF,Metz,25,1998,20.5,40,19,31,9,0,20,35,57.1,15,41,28,13,20,60,107,1,Matches
97,Gino Caoki,fr FRA,MF,Lorient,19,2004,0.1,0,0,0,0,0,0,1,0.0,1,0,0,0,0,0,0,0,Matches
98,Maxence Caqueret,fr FRA,MF,Lyon,23,2000,33.6,91,64,39,37,15,38,107,35.5,69,40,9,31,48,139,26,2,Matches
99,Igor Carioca,br BRA,"DF,MF",Lorient,26,1996,2.9,8,6,6,1,1,4,6,66.7,2,0,0,0,3,11,6,0,Matches
100,Antonin Cartillier,fr FRA,DF,Monaco,19,2004,0.1,0,0,0,0,0,0,0,,0,1,0,1,0,0,0,0,Matches
101,Josué Casimir,ht HAI,"FW,DF",Le Havre,21,2001,22.4,31,18,14,14,3,7,18,38.9,11,23,2,21,13,44,25,0,Matches
102,Cristian Cásseres Jr.,ve VEN,MF,Toulouse,23,2000,21.6,70,34,31,33,6,29,61,47.5,32,34,4,30,27,97,33,1,Matches
103,Jean-Charles Castelletto,cm CMR,DF,Nantes,28,1995,27.4,34,26,22,10,2,18,29,62.1,11,19,10,9,32,66,81,0,Matches
104,Maximiliano Caufriez,be BEL,DF,Clermont Foot,26,1997,18.4,38,28,31,5,2,19,29,65.5,10,18,12,6,18,56,69,2,Matches
105,Ivan Cavaleiro,pt POR,FW,Lille,29,1993,8.6,10,6,3,4,3,7,20,35.0,13,9,2,7,5,15,6,0,Matches
106,Fabien Centonze,fr FRA,DF,Nantes,27,1996,1.0,2,1,2,0,0,2,3,66.7,1,2,1,1,0,2,1,0,Matches
107,Fares Chaïbi,dz ALG,"FW,MF",Toulouse,20,2002,0.6,0,0,0,0,0,0,0,,0,0,0,0,0,0,2,0,Matches
108,Muhammed Cham,at AUT,"MF,FW",Clermont Foot,22,2000,28.4,25,14,10,13,2,11,27,40.7,16,20,2,18,8,33,5,1,Matches
109,Brendan Chardonnet,fr FRA,DF,Brest,28,1994,33.0,57,34,33,22,2,32,63,50.8,31,58,34,24,53,110,139,3,Matches
110,Jhoanner Chávez,ec ECU,DF,Lens,21,2002,5.3,6,5,2,2,2,3,9,33.3,6,2,0,2,5,11,11,0,Matches
111,Rayan Cherki,fr FRA,"MF,FW",Lyon,19,2003,19.1,28,15,4,16,8,17,46,37.0,29,13,3,10,7,35,1,0,Matches
112,Lucas Chevalier,fr FRA,GK,Lille,21,2001,33.0,3,0,3,0,0,3,4,75.0,1,1,0,1,0,3,11,2,Matches
113,Pedro Chirivella,es ESP,MF,Nantes,26,1997,28.8,50,28,20,29,1,30,76,39.5,46,22,5,17,31,81,28,0,Matches
114,Joris Chotard,fr FRA,MF,Montpellier,21,2001,28.7,81,52,45,25,11,48,96,50.0,48,47,21,26,44,125,60,0,Matches
115,Djaoui Cissé,fr FRA,MF,Rennes,19,2004,0.0,0,0,0,0,0,0,0,,0,0,0,0,0,0,0,0,Matches
116,Ibrahim Cissoko,nl NED,"FW,MF",Toulouse,20,2003,2.7,4,3,3,1,0,1,3,33.3,2,3,0,3,1,5,0,0,Matches
117,Alexis Claude-Maurice,fr FRA,MF,Nice,25,1998,5.6,12,5,3,6,3,1,5,20.0,4,4,1,3,5,17,7,0,Matches
118,Jonathan Clauss,fr FRA,DF,Marseille,30,1992,23.0,47,20,22,19,6,26,49,53.1,23,17,3,14,36,83,46,0,Matches
119,Marcus Coco,fr FRA,"DF,FW",Nantes,27,1996,16.5,43,26,29,10,4,28,60,46.7,32,19,1,18,21,64,38,0,Matches
120,Maxime Colin,fr FRA,DF,Metz,31,1991,20.4,39,23,25,7,7,16,29,55.2,13,22,7,15,20,59,71,0,Matches
121,Eray Cömert,ch SUI,DF,Nantes,25,1998,22.2,42,28,28,13,1,28,38,73.7,10,35,18,17,36,78,77,1,Matches
122,Alois Confais,fr FRA,"MF,FW",Le Havre,26,1996,0.1,2,2,1,1,0,1,1,100.0,0,0,0,0,0,2,0,0,Matches
123,Joaquín Correa,ar ARG,"FW,MF",Marseille,28,1994,4.8,7,5,4,2,1,0,8,0.0,8,2,0,2,1,8,1,0,Matches
124,Oscar Cortés,co COL,"FW,MF",Lens,19,2003,0.5,0,0,0,0,0,0,0,,0,1,0,1,0,0,0,0,Matches
125,David Costa,pt POR,MF,Lens,22,2001,16.6,18,10,5,12,1,10,23,43.5,13,21,4,17,16,34,8,1,Matches
126,Logan Costa,cv CPV,DF,Toulouse,22,2001,29.4,40,24,31,9,0,15,24,62.5,9,42,27,15,23,63,120,1,Matches
127,Grégoire Coudert,fr FRA,GK,Brest,24,1999,2.0,0,0,0,0,0,0,0,,0,0,0,0,0,0,0,0,Matches
128,Mamadou Coulibaly,fr FRA,MF,Monaco,19,2004,1.3,7,4,2,3,2,3,8,37.5,5,4,0,4,0,7,0,0,Matches
129,Tanguy Coulibaly,fr FRA,"FW,MF",Montpellier,22,2001,6.9,13,11,8,4,1,4,9,44.4,5,11,1,10,2,15,2,0,Matches
130,Nicolas Cozza,fr FRA,DF,Nantes,24,1999,9.9,35,23,23,10,2,17,24,70.8,7,7,0,7,14,49,32,0,Matches
131,Trévis Dago,ci CIV,"FW,MF",Lille,18,2005,0.3,0,0,0,0,0,0,0,,0,0,0,0,1,1,0,0,Matches
132,Thijs Dallinga,nl NED,FW,Toulouse,22,2000,27.9,29,15,6,11,12,9,15,60.0,6,11,4,7,3,32,35,0,Matches
133,Kevin Danso,at AUT,DF,Lens,24,1998,29.5,24,14,12,11,1,15,30,50.0,15,43,30,13,23,47,115,1,Matches
134,Dante,br BRA,DF,Nice,39,1983,31.6,62,30,44,16,2,38,52,73.1,14,43,22,21,37,99,77,2,Matches
135,Raimane Daou,km COM,"DF,MF",Marseille,18,2004,0.3,1,1,1,0,0,1,2,50.0,1,0,0,0,0,1,2,0,Matches
136,Mohamed Daramy,dk DEN,"FW,MF",Reims,21,2002,18.3,10,9,4,4,2,6,16,37.5,10,5,1,4,4,14,4,0,Matches
137,Achraf Dari,ma MAR,"DF,FW",Brest,24,1999,1.3,1,1,1,0,0,0,2,0.0,2,2,0,2,5,6,9,1,Matches
138,Jonathan David,ca CAN,FW,Lille,23,2000,29.2,26,15,6,13,7,8,26,30.8,18,16,0,16,9,35,4,0,Matches
139,Thibault De Smet,be BEL,DF,Reims,25,1998,20.3,56,35,36,16,4,33,59,55.9,26,25,5,20,21,77,51,1,Matches
140,Romain Del Castillo,fr FRA,FW,Brest,27,1996,27.7,46,29,14,18,14,18,70,25.7,52,33,1,32,9,55,8,0,Matches
141,Thomas Delaine,fr FRA,"DF,MF",Strasbourg,31,1992,22.7,38,19,29,8,1,20,42,47.6,22,18,2,16,17,55,51,0,Matches
142,Sacha Delaye,fr FRA,"MF,FW",Montpellier,21,2002,1.4,7,2,2,2,3,1,6,16.7,5,2,0,2,0,7,1,0,Matches
143,Karamoko Dembélé,eng ENG,"MF,FW",Brest,20,2003,0.2,0,0,0,0,0,0,0,,0,0,0,0,0,0,0,0,Matches
144,Ousmane Dembélé,fr FRA,"MF,FW",Paris S-G,26,1997,16.7,19,14,2,7,10,6,13,46.2,7,11,0,11,5,24,4,1,Matches
145,Jessy Deminguet,fr FRA,"MF,FW",Strasbourg,25,1998,7.7,14,9,6,8,0,6,18,33.3,12,8,0,8,9,23,5,1,Matches
146,Rémy Descamps,fr FRA,GK,Nantes,27,1996,6.0,0,0,0,0,0,0,0,,0,0,0,0,0,0,7,0,Matches
147,Mikkel Desler,dk DEN,DF,Toulouse,28,1995,17.2,18,12,8,7,3,9,17,52.9,8,32,13,19,19,37,38,0,Matches
148,Arthur Desmas,fr FRA,GK,Le Havre,29,1994,33.0,0,0,0,0,0,0,2,0.0,2,0,0,0,0,0,13,1,Matches
149,Lamine Diack,sn SEN,MF,Nantes,22,2000,0.0,0,0,0,0,0,0,0,,0,0,0,0,0,0,0,0,Matches
150,Mamadou Diakhon,fr FRA,"FW,MF",Reims,17,2005,2.3,5,3,2,1,2,3,9,33.3,6,1,0,1,1,6,1,0,Matches
151,Bafodé Diakité,fr FRA,DF,Lille,22,2001,18.8,29,20,12,15,2,24,32,75.0,8,16,8,8,21,50,49,1,Matches
152,Ibrahim Diakité,gn GUI,DF,Reims,19,2003,1.2,1,0,0,1,0,0,1,0.0,1,3,0,3,2,3,5,0,Matches
153,Oumar Diakité,ci CIV,FW,Reims,19,2003,17.6,25,12,10,9,6,7,21,33.3,14,13,0,13,7,32,7,0,Matches
154,Habib Diarra,sn SEN,"MF,FW",Strasbourg,19,2004,25.6,30,23,8,20,2,9,33,27.3,24,23,4,19,17,47,15,0,Matches
155,Moussa Diarra,ml MLI,DF,Toulouse,22,2000,15.5,32,12,16,15,1,13,27,48.1,14,30,14,16,20,52,43,0,Matches
156,Krépin Diatta,sn SEN,"DF,FW",Monaco,24,1999,13.4,37,20,17,16,4,27,49,55.1,22,17,2,15,16,53,22,0,Matches
157,Mory Diaw,sn SEN,GK,Clermont Foot,30,1993,30.0,1,1,1,0,0,1,2,50.0,1,0,0,0,1,2,13,5,Matches
158,Mahamadou Diawara,fr FRA,MF,Lyon,18,2005,4.0,9,6,4,5,0,3,11,27.3,8,4,1,3,4,13,4,0,Matches
159,Bamba Dieng,sn SEN,FW,Lorient,23,2000,6.1,3,3,0,3,0,1,3,33.3,2,3,0,3,0,3,7,0,Matches
160,Guillaume Dietsch,fr FRA,GK,Metz,22,2001,0.8,0,0,0,0,0,0,0,,0,0,0,0,0,0,0,0,Matches
161,Sinaly Diomande,ci CIV,DF,Lyon,22,2001,9.9,10,4,5,3,2,9,16,56.3,7,12,9,3,15,25,26,1,Matches
162,Edan Diop,fr FRA,"MF,DF",Monaco,18,2004,1.8,10,8,6,3,1,7,9,77.8,2,3,0,3,1,11,5,0,Matches
163,Sofiane Diop,ma MAR,FW,Nice,23,2000,5.5,8,6,3,4,1,4,10,40.0,6,4,0,4,3,11,3,0,Matches
164,Andy Diouf,fr FRA,MF,Lens,20,2003,14.6,28,19,12,11,5,14,22,63.6,8,13,3,10,3,31,5,1,Matches
165,Yehvann Diouf,sn SEN,GK,Reims,23,1999,34.0,0,0,0,0,0,0,1,0.0,1,0,0,0,1,1,19,3,Matches
166,Chaim El Djebali,tn TUN,MF,Lyon,19,2004,0.1,0,0,0,0,0,0,0,,0,0,0,0,0,0,0,0,Matches
167,Jeremy Doku,be BEL,FW,Rennes,21,2002,1.2,2,2,1,0,1,1,1,100.0,0,0,0,0,0,2,0,0,Matches
168,Gianluigi Donnarumma,it ITA,GK,Paris S-G,24,1999,24.1,0,0,0,0,0,0,0,,0,0,0,0,1,1,9,4,Matches
169,Siriné Doucouré,ml MLI,FW,Lorient,21,2002,4.7,8,6,0,4,4,3,3,100.0,0,4,0,4,1,9,6,0,Matches
170,Désiré Doué,fr FRA,"MF,FW",Rennes,18,2005,18.1,32,18,11,14,7,10,33,30.3,23,30,1,29,14,46,8,0,Matches
171,Guela Doué,ci CIV,DF,Rennes,20,2002,13.7,28,21,14,12,2,22,32,68.8,10,12,1,11,15,43,65,1,Matches
172,Douglas,br BRA,MF,Nantes,26,1997,19.7,70,42,34,30,6,30,59,50.8,29,22,8,14,26,96,30,0,Matches
173,Ismaël Doukouré,fr FRA,"MF,DF",Strasbourg,20,2003,18.4,23,16,7,14,2,13,21,61.9,8,19,7,12,19,42,29,2,Matches
174,Kamory Doumbia,ml MLI,MF,Brest,20,2003,9.8,28,18,8,10,10,10,29,34.5,19,14,0,14,9,37,6,0,Matches
175,Jean-Kevin Duverne,ht HAI,DF,Nantes,26,1997,15.0,37,19,16,17,4,18,44,40.9,26,17,5,12,18,55,34,0,Matches
176,Aron Dønnum,no NOR,"FW,MF",Toulouse,25,1998,17.7,16,10,3,8,5,7,22,31.8,15,13,0,13,8,24,16,1,Matches
177,Simon Ebonog,cm CMR,MF,Le Havre,18,2004,0.2,1,1,0,1,0,1,1,100.0,0,1,1,0,0,1,1,0,Matches
178,Hugo Ekitike,fr FRA,FW,Paris S-G,21,2002,0.1,0,0,0,0,0,0,0,,0,0,0,0,0,0,0,0,Matches
179,Simon Elisor,fr FRA,FW,Metz,24,1999,8.5,9,2,3,2,4,2,6,33.3,4,6,1,5,0,9,9,0,Matches
180,Breel Embolo,ch SUI,FW,Monaco,26,1997,2.0,3,3,0,2,1,1,4,25.0,3,1,0,1,1,4,2,0,Matches
181,Emanuel Emegha,nl NED,FW,Strasbourg,20,2003,23.1,8,5,2,4,2,4,9,44.4,5,13,3,10,2,10,25,0,Matches
182,Maxime Estève,fr FRA,DF,Montpellier,21,2002,11.1,16,12,11,5,0,10,15,66.7,5,13,9,4,18,34,50,0,Matches
183,Oscar Estupiñan,co COL,FW,Metz,26,1996,2.9,5,4,0,3,2,1,2,50.0,1,2,0,2,0,5,0,0,Matches
184,Romain Faivre,fr FRA,"MF,FW",Lorient,25,1998,16.1,13,6,5,4,4,6,15,40.0,9,6,1,5,7,20,3,1,Matches
185,Ilhan Fakili,fr FRA,"MF,FW",Clermont Foot,17,2006,1.0,0,0,0,0,0,0,1,0.0,1,1,0,1,1,1,0,0,Matches
186,Khalil Fayad,fr FRA,"FW,MF",Montpellier,19,2004,11.4,28,15,17,7,4,9,22,40.9,13,15,3,12,14,42,6,0,Matches
187,Ichem Ferrah,fr FRA,FW,Lille,17,2005,0.0,0,0,0,0,0,0,0,,0,0,0,0,0,0,0,0,Matches
188,Jordan Ferri,fr FRA,MF,Montpellier,31,1992,22.6,36,22,16,17,3,20,67,29.9,47,19,1,18,13,49,23,0,Matches
189,Malick Fofana,be BEL,FW,Lyon,18,2005,6.2,5,4,3,1,1,4,9,44.4,5,3,0,3,5,10,9,0,Matches
190,Youssouf Fofana,fr FRA,MF,Monaco,24,1999,30.0,61,39,19,36,6,30,66,45.5,36,35,7,28,37,98,31,1,Matches
191,Thomas Foket,be BEL,DF,Reims,28,1994,20.4,32,17,21,8,3,20,45,44.4,25,34,12,22,25,57,36,0,Matches
192,Tiago Fonseca Morais,pt POR,FW,Lille,19,2003,0.5,1,1,0,1,0,0,0,,0,0,0,0,1,2,0,0,Matches
193,Przemysław Frankowski,pl POL,DF,Lens,28,1995,24.4,60,39,25,26,9,31,74,41.9,43,30,7,23,25,85,36,0,Matches
194,Angelo Fulgini,fr FRA,MF,Lens,26,1996,15.3,23,14,6,13,4,11,19,57.9,8,22,1,21,8,31,11,0,Matches
195,Kévin Gameiro,fr FRA,"FW,MF",Strasbourg,36,1987,15.0,10,10,5,3,2,2,17,11.8,15,9,0,9,3,13,7,0,Matches
196,Ignatius Ganago,cm CMR,"FW,MF",Nantes,24,1999,2.0,0,0,0,0,0,0,1,0.0,1,1,0,1,1,1,1,0,Matches
197,Ulisses Garcia,ch SUI,DF,Marseille,27,1996,10.1,21,16,6,13,2,13,20,65.0,7,8,3,5,7,28,13,2,Matches
198,Johan Gastien,fr FRA,MF,Clermont Foot,35,1988,25.1,43,22,18,21,4,23,81,28.4,58,31,9,22,36,79,24,4,Matches
199,Yann Gboho,fr FRA,"MF,FW",Toulouse,22,2001,13.3,14,4,6,6,2,8,23,34.8,15,21,1,20,4,18,2,0,Matches
200,Gelabert,es ESP,"MF,FW",Toulouse,22,2000,8.4,14,8,5,6,3,7,20,35.0,13,8,2,6,5,19,8,0,Matches
201,Denis Genreau,au AUS,"MF,FW",Toulouse,24,1999,5.2,12,9,6,6,0,8,15,53.3,7,8,1,7,6,18,8,0,Matches
202,Samuel Gigot,fr FRA,DF,Marseille,29,1993,19.2,33,22,16,13,4,13,19,68.4,6,28,18,10,25,58,93,1,Matches
203,Aleksandr Golovin,ru RUS,"MF,FW",Monaco,27,1996,23.9,42,30,14,22,6,15,42,35.7,27,37,3,34,21,63,14,0,Matches
204,Angel Gomes,eng ENG,MF,Lille,22,2000,28.6,26,13,4,15,7,14,32,43.8,18,23,6,17,18,44,28,1,Matches
205,Maxime Gonalons,fr FRA,MF,Clermont Foot,34,1989,14.4,47,33,14,27,6,25,57,43.9,32,18,3,15,20,67,11,0,Matches
206,Mathieu Gorgelin,fr FRA,GK,Le Havre,32,1990,1.0,0,0,0,0,0,0,0,,0,0,0,0,0,0,0,0,Matches
207,Amine Gouiri,dz ALG,"FW,MF",Rennes,23,2000,23.0,20,10,4,11,5,8,19,42.1,11,18,1,17,14,34,12,0,Matches
208,Jonathan Gradit,fr FRA,DF,Lens,30,1992,23.5,32,20,15,14,3,19,35,54.3,16,30,17,13,37,69,61,0,Matches
209,Samuel Grandsir,fr FRA,"MF,FW",Le Havre,26,1996,6.7,16,12,5,9,2,8,18,44.4,10,4,0,4,3,19,3,1,Matches
210,Adrian Grbić,at AUT,FW,Lorient,26,1996,0.3,0,0,0,0,0,0,0,,0,0,0,0,0,0,0,0,Matches
211,Gabriel Gudmundsson,se SWE,"DF,FW",Lille,24,1999,14.1,22,16,7,13,2,12,20,60.0,8,14,3,11,15,37,25,0,Matches
212,Axel Gueguin,fr FRA,"DF,FW",Montpellier,18,2005,1.5,9,5,6,2,1,2,6,33.3,4,2,0,2,2,11,6,0,Matches
213,Mattéo Guendouzi,fr FRA,MF,Marseille,24,1999,0.2,0,0,0,0,0,0,0,,0,1,1,0,0,0,0,0,Matches
214,Evann Guessand,ci CIV,FW,Nice,22,2001,17.3,16,7,2,7,7,6,7,85.7,1,12,1,11,12,28,7,0,Matches
215,Pape Gueye,sn SEN,"MF,DF",Marseille,24,1999,8.5,33,21,11,19,3,13,19,68.4,6,17,3,14,13,46,12,0,Matches
216,Morgan Guilavogui,gn GUI,"FW,MF",Lens,25,1998,6.3,21,10,4,12,5,5,11,45.5,6,11,2,9,4,25,7,0,Matches
217,Frederic Guilbert,fr FRA,"DF,MF",Strasbourg,28,1994,27.7,87,50,49,30,8,47,72,65.3,25,39,10,29,71,158,99,1,Matches
218,Jaouen Hadjam,dz ALG,DF,Nantes,20,2003,1.2,6,4,5,1,0,1,2,50.0,1,0,0,0,3,9,2,0,Matches
219,Massadio Haïdara,ml MLI,DF,Lens,30,1992,8.2,9,8,5,3,1,4,6,66.7,2,7,2,5,11,20,32,3,Matches
220,Oualid El Hajjam,ma MAR,"DF,MF",Le Havre,32,1991,4.4,8,7,5,2,1,2,9,22.2,7,5,1,4,6,14,10,0,Matches
221,Achraf Hakimi,ma MAR,DF,Paris S-G,24,1998,21.5,29,19,14,9,6,17,34,50.0,17,28,4,24,12,41,28,2,Matches
222,Amine Harit,ma MAR,"MF,FW",Marseille,26,1997,20.2,28,16,8,17,3,13,37,35.1,24,31,4,27,12,40,4,0,Matches
223,Silvan Hefti,ch SUI,"DF,FW",Montpellier,25,1997,7.9,21,15,10,7,4,15,29,51.7,14,7,2,5,8,29,11,0,Matches
224,Henrique,br BRA,DF,Lyon,29,1994,6.7,10,6,6,4,0,6,11,54.5,5,8,2,6,10,20,3,0,Matches
225,Luis Henrique,br BRA,"FW,DF",Marseille,21,2001,8.7,8,7,4,1,3,4,7,57.1,3,9,0,9,8,16,3,0,Matches
226,Christophe Hérelle,mq MTQ,DF,Metz,30,1992,18.0,32,15,24,7,1,13,23,56.5,10,16,9,7,18,50,68,2,Matches
227,Lucas Hernández,fr FRA,DF,Paris S-G,27,1996,21.2,52,36,28,15,9,29,50,58.0,21,21,5,16,27,79,38,0,Matches
228,Andrej Ilic,rs SRB,FW,Lille,23,2000,0.1,0,0,0,0,0,0,0,,0,0,0,0,0,0,0,0,Matches
229,Bonke Innocent,ng NGA,MF,Lorient,27,1996,2.3,6,4,2,2,2,2,9,22.2,7,2,1,1,4,10,2,0,Matches
230,Ismaily,br BRA,DF,Lille,33,1990,27.4,72,47,34,25,13,31,60,51.7,29,33,6,27,32,104,77,0,Matches
231,Yanis Issoufou,fr FRA,MF,Montpellier,16,2006,0.1,0,0,0,0,0,0,0,,0,0,0,0,0,0,0,0,Matches
232,Junya Ito,jp JPN,"FW,MF",Reims,30,1993,30.2,33,15,11,14,8,10,36,27.8,26,23,1,22,14,47,7,0,Matches
233,Jérémy Jacquet,fr FRA,MF,Rennes,18,2005,0.1,1,1,1,0,0,0,1,0.0,1,0,0,0,1,2,0,0,Matches
234,Jérémy Jacquet,fr FRA,DF,Clermont Foot,18,2005,2.8,4,3,4,0,0,3,3,100.0,0,7,3,4,6,10,10,0,Matches
235,Ismail Jakobs,sn SEN,DF,Monaco,23,1999,16.3,57,41,27,21,9,29,47,61.7,18,19,2,17,11,68,40,0,Matches
236,Ablie Jallow,gm GAM,"MF,FW",Metz,24,1998,10.2,8,5,2,3,3,3,5,60.0,2,4,0,4,8,16,3,0,Matches
237,Danley Jean-Jacques,ht HAI,MF,Metz,23,2000,29.8,54,28,24,21,9,19,56,33.9,37,48,7,41,44,98,44,0,Matches
238,Jeffinho,br BRA,"FW,MF",Lyon,23,1999,3.4,11,4,3,5,3,4,11,36.4,7,1,0,1,0,11,0,0,Matches
239,Antoine Joujou,fr FRA,"FW,MF",Le Havre,20,2003,8.7,20,12,7,7,6,11,21,52.4,10,11,2,9,7,27,5,0,Matches
240,Christopher Jullien,fr FRA,DF,Montpellier,30,1993,13.7,16,12,11,5,0,6,17,35.3,11,25,20,5,12,28,106,2,Matches
241,Eli Junior Kroupi,fr FRA,"FW,MF",Lorient,17,2006,12.0,7,4,2,2,3,1,9,11.1,8,6,0,6,10,17,5,0,Matches
242,Abdoul Kader Bamba,fr FRA,"FW,MF",Nantes,29,1994,6.8,10,7,2,5,3,5,15,33.3,10,4,0,4,4,14,4,1,Matches
243,Yaya Kader Fofana,ml MLI,"MF,DF",Reims,19,2004,0.4,3,3,1,1,1,0,1,0.0,1,0,0,0,1,4,0,0,Matches
244,Tino Kadewere,zw ZIM,"FW,MF",Lyon,27,1996,3.3,1,1,0,1,0,1,5,20.0,4,3,1,2,5,6,7,0,Matches
245,Tino Kadewere,zw ZIM,"FW,MF",Nantes,27,1996,8.7,9,4,3,3,3,6,11,54.5,5,10,1,9,10,19,8,0,Matches
246,Arnaud Kalimuendo,fr FRA,FW,Rennes,21,2002,23.8,5,4,2,2,1,2,5,40.0,3,13,2,11,4,9,4,0,Matches
247,Gedeon Kalulu,cd COD,DF,Lorient,25,1997,10.8,23,17,13,8,2,12,22,54.5,10,18,2,16,5,28,30,0,Matches
248,Warren Kamanzi,no NOR,"DF,FW",Toulouse,22,2000,13.2,36,24,16,16,4,13,23,56.5,10,11,3,8,9,45,35,0,Matches
249,Lee Kang-in,kr KOR,"FW,MF",Paris S-G,22,2001,16.3,26,13,7,9,10,15,36,41.7,21,7,0,7,6,32,3,0,Matches
250,Yann Karamoh,fr FRA,"FW,MF",Montpellier,25,1998,3.2,1,0,0,0,1,1,2,50.0,1,3,0,3,0,1,0,0,Matches
251,Ayman Kari,fr FRA,MF,Lorient,18,2004,9.9,18,14,9,9,0,12,19,63.2,7,19,2,17,6,24,9,1,Matches
252,Panos Katseris,gr GRE,DF,Lorient,22,2001,11.6,26,20,16,8,2,16,25,64.0,9,20,4,16,8,34,18,0,Matches
253,Kévin Keben Biakolo,cm CMR,DF,Toulouse,19,2004,5.8,4,2,4,0,0,3,6,50.0,3,7,0,7,8,12,17,0,Matches
254,Yassine Kechta,ma MAR,MF,Le Havre,21,2002,20.5,46,24,24,19,3,31,73,42.5,42,20,3,17,23,69,16,1,Matches
255,Thilo Kehrer,de GER,DF,Monaco,26,1996,14.7,32,22,22,7,3,22,39,56.4,17,18,6,12,30,62,55,0,Matches
256,Habib Keita,ml MLI,MF,Clermont Foot,21,2002,14.2,34,19,14,15,5,17,28,60.7,11,27,10,17,29,63,30,0,Matches
257,Reda Khadra,de GER,"FW,MF",Reims,22,2001,15.2,16,10,5,4,7,8,20,40.0,12,8,2,6,3,19,13,0,Matches
258,Wahbi Khazri,tn TUN,FW,Montpellier,32,1991,12.6,24,17,8,12,4,14,35,40.0,21,10,0,10,3,27,7,0,Matches
259,Abdukodir Khusanov,uz UZB,DF,Lens,19,2004,9.0,21,12,13,8,0,9,17,52.9,8,13,8,5,13,34,32,2,Matches
260,Philipp Köhn,ch SUI,GK,Monaco,25,1998,22.0,1,1,1,0,0,1,1,100.0,0,0,0,0,1,2,5,3,Matches
261,Randal Kolo Muani,fr FRA,"FW,MF",Paris S-G,24,1998,14.1,10,8,5,3,2,5,13,38.5,8,5,0,5,4,14,10,0,Matches
262,Cheick Konaté,ml MLI,DF,Clermont Foot,19,2004,11.9,26,15,17,9,0,20,36,55.6,16,16,2,14,13,39,21,0,Matches
263,Geoffrey Kondogbia,cf CTA,MF,Marseille,30,1993,16.3,48,31,18,25,5,13,32,40.6,19,21,4,17,30,78,25,0,Matches
264,Abdoul Koné,fr FRA,DF,Reims,18,2005,2.1,7,7,5,2,0,4,11,36.4,7,2,0,2,2,9,9,0,Matches
265,Amadou Koné,ml MLI,MF,Reims,18,2005,5.3,13,8,11,2,0,6,10,60.0,4,8,3,5,10,23,10,0,Matches
266,Ibrahima Koné,ml MLI,FW,Lorient,24,1999,0.4,0,0,0,0,0,0,1,0.0,1,0,0,0,0,0,0,0,Matches
267,N'Guessan Kouadio,ci CIV,"MF,FW",Metz,20,2003,1.2,3,1,0,3,0,0,3,0.0,3,3,0,3,1,4,0,0,Matches
268,Koffi Kouao,ci CIV,DF,Metz,25,1998,9.6,20,13,12,7,1,11,17,64.7,6,9,6,3,13,33,38,1,Matches
269,Therence Koudou,fr FRA,DF,Reims,18,2004,3.5,2,2,1,1,0,0,2,0.0,2,4,3,1,4,6,9,0,Matches
270,Boubakar Kouyaté,ml MLI,DF,Montpellier,26,1997,21.4,49,30,39,8,2,28,51,54.9,23,31,20,11,29,78,123,1,Matches
271,Sael Kumbedi,fr FRA,DF,Lyon,18,2005,10.3,30,20,14,12,4,9,22,40.9,13,12,3,9,14,44,18,2,Matches
272,Layvin Kurzawa,fr FRA,DF,Paris S-G,30,1992,0.1,0,0,0,0,0,0,0,,0,0,0,0,0,0,0,0,Matches
273,Daler Kuzyaev,ru RUS,MF,Le Havre,30,1993,23.2,34,19,11,13,10,15,43,34.9,28,18,5,13,22,56,18,1,Matches
274,Grejohn Kyei,fr FRA,FW,Clermont Foot,27,1995,11.4,6,4,2,2,2,2,3,66.7,1,5,1,4,1,7,10,0,Matches
275,Gaëtan Laborde,fr FRA,"FW,MF",Nice,29,1994,21.2,18,12,8,4,6,11,30,36.7,19,20,2,18,6,24,8,1,Matches
276,Alexandre Lacazette,fr FRA,FW,Lyon,32,1991,25.5,19,12,8,9,2,5,17,29.4,12,22,3,19,8,27,9,0,Matches
277,Alban Lafont,ci CIV,GK,Nantes,24,1999,27.7,0,0,0,0,0,0,2,0.0,2,0,0,0,0,0,14,0,Matches
278,Kenny Lala,mg MAD,DF,Brest,31,1991,33.0,78,51,39,28,11,30,56,53.6,26,27,6,21,28,106,75,1,Matches
279,Mathis Lambourde,fr FRA,FW,Rennes,17,2006,0.1,0,0,0,0,0,0,1,0.0,1,1,0,1,0,0,1,0,Matches
280,Mohamed Lamine Bayo,gn GUI,FW,Le Havre,25,1998,15.4,13,5,2,5,6,2,10,20.0,8,8,1,7,2,15,11,0,Matches
281,Didier Lamkel Zé,cm CMR,"FW,MF",Metz,26,1996,6.1,7,2,2,4,1,2,5,40.0,3,4,0,4,0,7,11,0,Matches
282,Julien Laporte,fr FRA,DF,Lorient,29,1993,20.2,23,14,15,7,1,16,36,44.4,20,36,26,10,11,34,116,1,Matches
283,Théo Le Bris,fr FRA,"DF,MF",Lorient,20,2002,16.8,35,22,25,7,3,19,40,47.5,21,24,3,21,12,47,42,0,Matches
284,Julien Le Cardinal,fr FRA,DF,Brest,25,1997,5.3,19,11,11,7,1,8,12,66.7,4,6,3,3,13,32,26,0,Matches
285,Julien Le Cardinal,fr FRA,DF,Lens,25,1997,0.6,6,2,4,2,0,4,9,44.4,5,2,1,1,0,6,0,0,Matches
286,Jérémy Le Douaron,fr FRA,FW,Brest,25,1998,18.0,21,10,7,9,5,11,26,42.3,15,14,1,13,2,23,10,0,Matches
287,Enzo Le Fée,fr FRA,MF,Rennes,23,2000,17.0,50,35,23,17,10,23,47,48.9,24,17,3,14,19,69,20,0,Matches
288,Vincent Le Goff,fr FRA,"DF,MF",Lorient,33,1989,6.0,5,0,4,0,1,4,8,50.0,4,11,3,8,3,8,10,0,Matches
289,Adrien Lebeau,fr FRA,"MF,FW",Brest,24,1999,0.6,0,0,0,0,0,0,3,0.0,3,2,1,1,0,0,1,0,Matches
290,Jean-Louis Leca,fr FRA,GK,Lens,37,1985,1.0,0,0,0,0,0,0,0,,0,0,0,0,0,0,1,0,Matches
291,Benjamin Lecomte,fr FRA,GK,Montpellier,32,1991,30.0,0,0,0,0,0,0,1,0.0,1,0,0,0,0,0,16,1,Matches
292,Pierre Lees-Melou,fr FRA,MF,Brest,30,1993,28.0,96,67,51,41,4,49,129,38.0,80,61,11,50,43,139,64,3,Matches
293,Johann Lepenant,fr FRA,MF,Lyon,20,2002,2.8,4,3,2,2,0,1,8,12.5,7,5,0,5,4,8,0,0,Matches
294,Léo Leroy,fr FRA,MF,Montpellier,23,2000,5.5,19,10,8,8,3,6,21,28.6,15,12,3,9,7,26,8,0,Matches
295,Gautier Lloris,fr FRA,DF,Le Havre,28,1995,30.9,50,28,40,9,1,28,42,66.7,14,50,30,20,32,82,142,1,Matches
296,Abou Lô,sn SEN,"MF,DF",Metz,23,2000,2.2,3,1,2,1,0,1,4,25.0,3,5,2,3,4,7,8,0,Matches
297,Bradley Locko,fr FRA,DF,Brest,21,2002,32.9,97,55,57,34,6,47,80,58.8,33,28,1,27,40,137,69,0,Matches
298,Renan Lodi,br BRA,DF,Marseille,25,1998,13.7,24,16,8,13,3,13,21,61.9,8,7,2,5,16,40,35,0,Matches
299,Elysée Logbo,fr FRA,FW,Le Havre,19,2004,2.8,0,0,0,0,0,0,3,0.0,3,7,3,4,0,0,2,0,Matches
300,Anthony Lopes,pt POR,GK,Lyon,32,1990,31.0,0,0,0,0,0,0,0,,0,0,0,0,0,0,16,0,Matches
301,Pau López,es ESP,GK,Marseille,28,1994,32.7,0,0,0,0,0,0,2,0.0,2,0,0,0,0,0,10,1,Matches
302,Jordan Lotomba,ch SUI,DF,Nice,24,1998,20.0,36,28,18,9,9,25,35,71.4,10,30,9,21,16,52,26,1,Matches
303,Tom Louchet,fr FRA,"MF,DF",Nice,20,2003,4.5,14,5,6,6,2,7,11,63.6,4,7,3,4,3,17,9,0,Matches
304,Imran Louza,ma MAR,MF,Lorient,24,1999,9.6,13,7,2,8,3,2,8,25.0,6,8,1,7,9,22,4,0,Matches
305,Dejan Lovren,hr CRO,DF,Lyon,34,1989,8.0,9,7,6,3,0,3,7,42.9,4,6,5,1,12,21,37,0,Matches
306,Joshua M'Bahia,ci CIV,MF,Clermont Foot,18,2005,0.2,0,0,0,0,0,0,0,,0,0,0,0,0,0,0,0,Matches
307,Othmane Maamma,ma MAR,FW,Montpellier,17,2005,1.0,3,3,2,0,1,1,1,100.0,0,3,0,3,0,3,0,0,Matches
308,Deiver Machado,co COL,DF,Lens,29,1993,12.5,24,18,10,10,4,15,20,75.0,5,13,2,11,7,31,8,0,Matches
309,Soungoutou Magassa,fr FRA,"DF,MF",Monaco,19,2003,15.0,56,26,22,32,2,26,48,54.2,22,21,4,17,21,77,36,2,Matches
310,Hugo Magnetti,fr FRA,MF,Brest,25,1998,26.0,49,27,18,26,5,24,58,41.4,34,19,1,18,18,67,18,0,Matches
311,Yohann Magnin,fr FRA,MF,Clermont Foot,26,1997,18.7,49,31,12,32,5,22,47,46.8,25,38,13,25,19,68,26,1,Matches
312,Frank Magri,cm CMR,"FW,MF",Toulouse,23,1999,16.0,22,14,5,12,5,15,21,71.4,6,16,4,12,4,26,17,0,Matches
313,Adel Mahamoud,km COM,FW,Nantes,20,2003,0.1,0,0,0,0,0,0,1,0.0,1,0,0,0,0,0,0,0,Matches
314,Habib Maïga,ci CIV,"MF,FW",Metz,27,1996,1.6,2,2,1,0,1,1,3,33.3,2,2,0,2,4,6,2,0,Matches
315,Ainsley Maitland-Niles,eng ENG,"DF,MF",Lyon,25,1997,15.9,34,18,12,14,8,19,37,51.4,18,16,6,10,17,51,29,1,Matches
316,Radosław Majecki,pl POL,GK,Monaco,23,1999,12.0,0,0,0,0,0,0,0,,0,1,0,1,0,0,5,1,Matches
317,Lovro Majer,hr CRO,MF,Rennes,25,1998,0.2,0,0,0,0,0,0,0,,0,0,0,0,0,0,1,0,Matches
318,Jean-Victor Makengo,fr FRA,"MF,FW",Lorient,25,1998,5.3,5,4,3,2,0,2,6,33.3,4,12,1,11,8,13,5,0,Matches
319,Aaron Malouda,fr FRA,FW,Lille,17,2005,0.0,0,0,0,0,0,0,0,,0,0,0,0,0,0,0,0,Matches
320,Hianga Mananga Mbock,fr FRA,"MF,FW",Brest,23,1999,0.1,1,0,0,0,1,1,2,50.0,1,0,0,0,1,2,0,0,Matches
321,Steve Mandanda,fr FRA,GK,Rennes,38,1985,34.0,2,0,2,0,0,2,4,50.0,2,0,0,0,0,2,6,1,Matches
322,Orel Mangala,be BEL,MF,Lyon,25,1998,4.4,5,3,0,2,3,1,3,33.3,2,3,2,1,5,10,6,0,Matches
323,Vito Mannone,it ITA,GK,Lille,35,1988,1.0,0,0,0,0,0,0,0,,0,0,0,0,0,0,0,0,Matches
324,Faitout Maouassa,fr FRA,"MF,DF",Lens,25,1998,0.8,1,1,1,0,0,1,1,100.0,0,1,0,1,0,1,3,0,Matches
325,Guillermo Maripán,cl CHI,DF,Monaco,29,1994,19.6,22,8,15,6,1,10,27,37.0,17,26,13,13,30,52,106,4,Matches
326,Marquinhos,br BRA,"FW,MF",Nantes,20,2003,1.7,3,2,2,0,1,1,4,25.0,3,7,2,5,6,9,1,0,Matches
327,Marquinhos,br BRA,DF,Paris S-G,29,1994,17.1,19,11,10,7,2,11,17,64.7,6,29,19,10,17,36,58,1,Matches
328,Jonas Martin,fr FRA,MF,Brest,33,1990,13.4,43,27,17,24,2,21,36,58.3,15,16,2,14,9,52,28,2,Matches
329,Clinton Mata,ao ANG,DF,Lyon,30,1992,24.7,43,24,29,8,6,23,40,57.5,17,35,16,19,40,83,61,0,Matches
330,Eliot Matazo,be BEL,MF,Monaco,21,2002,1.1,3,1,0,3,0,2,4,50.0,2,1,1,0,3,6,0,0,Matches
331,Nemanja Matić,rs SRB,MF,Rennes,34,1988,11.4,19,10,7,9,3,9,12,75.0,3,15,7,8,27,46,19,0,Matches
332,Nemanja Matić,rs SRB,MF,Lyon,34,1988,13.9,17,11,8,7,2,9,19,47.4,10,17,6,11,16,33,17,1,Matches
333,Chrislain Matsima,fr FRA,DF,Clermont Foot,21,2002,13.1,18,11,11,7,0,10,18,55.6,8,14,10,4,13,31,74,1,Matches
334,Chrislain Matsima,fr FRA,DF,Monaco,21,2002,3.3,9,7,5,3,1,2,7,28.6,5,4,1,3,4,13,4,0,Matches
335,Azor Matusiwa,nl NED,MF,Reims,25,1998,15.4,39,27,17,19,3,22,32,68.8,10,21,3,18,33,72,32,1,Matches
336,Azor Matusiwa,nl NED,MF,Rennes,25,1998,8.8,7,3,3,4,0,4,7,57.1,3,9,2,7,11,18,17,0,Matches
337,Aïman Maurer,ma MAR,"MF,FW",Clermont Foot,18,2004,0.6,1,1,1,0,0,1,3,33.3,2,0,0,0,0,1,0,0,Matches
338,Christian Mawissa,fr FRA,DF,Toulouse,18,2005,12.4,22,15,14,4,4,9,23,39.1,14,22,11,11,22,44,41,1,Matches
339,Noam Mayoka-Tika,be BEL,MF,Marseille,19,2003,0.0,0,0,0,0,0,0,0,,0,0,0,0,0,0,0,0,Matches
340,Senny Mayulu,fr FRA,"FW,MF",Paris S-G,17,2006,3.6,13,8,6,6,1,6,7,85.7,1,1,0,1,3,16,0,0,Matches
341,Youssef Maziz,fr FRA,"FW,MF",Metz,25,1998,1.4,0,0,0,0,0,0,2,0.0,2,1,0,1,1,1,2,0,Matches
342,Ethan Mbappé,fr FRA,"MF,DF",Paris S-G,16,2006,0.5,0,0,0,0,0,0,2,0.0,2,1,0,1,0,0,0,0,Matches
343,Kylian Mbappé,fr FRA,FW,Paris S-G,24,1998,24.0,4,1,1,1,2,4,9,44.4,5,4,0,4,2,6,2,0,Matches
344,Malick Mbaye,sn SEN,"MF,FW",Metz,19,2004,1.7,5,1,0,1,4,1,2,50.0,1,1,0,1,1,6,2,0,Matches
345,Chancel Mbemba,cd COD,DF,Marseille,28,1994,24.5,33,21,25,7,1,17,30,56.7,13,21,13,8,13,46,95,1,Matches
346,Nolan Mbemba,cg CGO,MF,Le Havre,28,1995,0.2,2,1,0,1,1,1,2,50.0,1,0,0,0,0,2,0,0,Matches
347,Christ Mbondi,fr FRA,FW,Reims,18,2004,0.0,1,1,1,0,0,1,1,100.0,0,0,0,0,0,1,0,0,Matches
348,Facundo Medina,ar ARG,DF,Lens,24,1999,30.2,64,38,25,31,8,44,69,63.8,25,38,13,25,24,88,59,2,Matches
349,Bamo Meïté,ci CIV,DF,Marseille,21,2001,7.1,16,10,13,3,0,8,12,66.7,4,11,5,6,11,27,35,0,Matches
350,Bamo Meïté,ci CIV,DF,Lorient,21,2001,1.6,2,1,2,0,0,0,1,0.0,1,3,2,1,3,5,9,0,Matches
351,Birger Meling,no NOR,DF,Rennes,28,1994,0.2,1,1,1,0,0,1,1,100.0,0,1,0,1,0,1,0,0,Matches
352,Nuno Mendes,pt POR,DF,Paris S-G,21,2002,3.0,5,5,4,1,0,4,7,57.1,3,4,0,4,4,9,2,0,Matches
353,Antoine Mendy,sn SEN,DF,Nice,19,2004,4.6,7,5,4,3,0,3,7,42.9,4,4,1,3,8,15,16,0,Matches
354,Benjamin Mendy,fr FRA,DF,Lorient,29,1994,7.9,3,1,2,1,0,1,5,20.0,4,8,2,6,7,10,20,0,Matches
355,Formose Mendy,sn SEN,DF,Lorient,22,2001,14.0,33,19,24,8,1,20,33,60.6,13,23,12,11,20,53,59,1,Matches
356,Nampalys Mendy,sn SEN,MF,Lens,31,1992,11.7,29,18,10,13,6,16,20,80.0,4,11,4,7,14,43,14,1,Matches
357,Quentin Merlin,fr FRA,DF,Marseille,21,2002,7.8,13,12,7,5,1,8,20,40.0,12,4,0,4,6,19,14,0,Matches
358,Quentin Merlin,fr FRA,DF,Nantes,21,2002,14.3,29,20,15,12,2,16,25,64.0,9,22,1,21,18,47,22,0,Matches
359,Bastien Meupiyou,fr FRA,DF,Nantes,17,2006,0.1,0,0,0,0,0,0,0,,0,0,0,0,0,0,1,0,Matches
360,Lucas Michal,fr FRA,FW,Monaco,18,2005,0.1,0,0,0,0,0,0,0,,0,0,0,0,0,0,0,0,Matches
361,Georges Mikautadze,ge GEO,FW,Metz,22,2000,19.4,4,3,1,2,1,0,9,0.0,9,11,0,11,8,12,3,0,Matches
362,Takumi Minamino,jp JPN,MF,Monaco,28,1995,23.5,34,17,10,13,11,16,54,29.6,38,29,1,28,11,45,8,0,Matches
363,Lucas Mincarelli,fr FRA,"DF,MF",Montpellier,19,2004,10.9,29,16,19,6,4,17,34,50.0,17,17,4,13,8,37,27,0,Matches
364,Ignacio Miramon,ar ARG,MF,Lille,20,2003,0.4,1,0,0,1,0,0,1,0.0,1,1,0,1,0,1,0,0,Matches
365,Terem Moffi,ng NGA,FW,Nice,24,1999,21.7,7,4,0,5,2,3,12,25.0,9,14,1,13,3,10,15,0,Matches
366,Mostafa Mohamed,eg EGY,FW,Nantes,25,1997,22.2,21,14,7,11,3,6,28,21.4,22,21,5,16,12,33,29,0,Matches
367,Florent Mollet,fr FRA,"MF,FW",Nantes,31,1991,23.1,18,11,8,6,4,10,31,32.3,21,18,5,13,13,31,17,0,Matches
368,Enzo Mongo,fr FRA,DF,Nantes,18,2005,0.1,1,1,1,0,0,1,2,50.0,1,1,1,0,1,2,0,0,Matches
369,Diego Moreira,be BEL,"FW,MF",Lyon,18,2004,3.0,0,0,0,0,0,0,3,0.0,3,3,0,3,2,2,5,0,Matches
370,Lebo Mothiba,za RSA,FW,Strasbourg,27,1996,6.9,5,2,1,4,0,3,4,75.0,1,6,1,5,0,5,11,0,Matches
371,Steve Mounié,bj BEN,FW,Brest,28,1994,19.7,8,7,0,3,5,3,11,27.3,8,13,3,10,2,10,18,0,Matches
372,Samuel Moutoussamy,cd COD,MF,Nantes,26,1996,12.3,38,20,14,17,7,17,37,45.9,20,16,3,13,11,49,13,0,Matches
373,Loris Mouyokolo,fr FRA,DF,Lorient,22,2001,1.0,4,1,4,0,0,1,1,100.0,0,1,0,1,0,4,3,0,Matches
374,François Mughe,cm CMR,"MF,DF",Marseille,19,2004,2.0,0,0,0,0,0,0,3,0.0,3,2,0,2,1,1,1,0,Matches
375,Nordi Mukiele,fr FRA,DF,Paris S-G,25,1997,8.8,12,8,6,5,1,8,15,53.3,7,17,4,13,14,26,28,0,Matches
376,Marshall Munetsi,zw ZIM,MF,Reims,27,1996,24.1,61,39,18,34,9,33,61,54.1,28,21,7,14,14,75,33,0,Matches
377,Yvon Mvogo,ch SUI,GK,Lorient,29,1994,34.0,0,0,0,0,0,0,1,0.0,1,0,0,0,0,0,15,3,Matches
378,Joel Mvuka,no NOR,"DF,FW",Lorient,20,2002,2.2,5,3,3,1,1,3,7,42.9,4,1,0,1,2,7,1,0,Matches
379,Junior Mwanga,fr FRA,"MF,FW",Strasbourg,20,2003,16.1,40,20,23,12,5,12,24,50.0,12,20,5,15,18,58,19,0,Matches
380,Kévin N'Doram,fr FRA,MF,Metz,27,1996,17.8,31,22,20,9,2,17,38,44.7,21,17,8,9,27,58,38,0,Matches
381,Bilal Nadir,ma MAR,"MF,FW",Marseille,19,2003,1.3,4,3,2,2,0,1,2,50.0,1,0,0,0,2,6,2,0,Matches
382,Mahamadou Nagida,cm CMR,DF,Rennes,18,2005,1.2,1,1,0,0,1,0,2,0.0,2,2,1,1,4,5,0,0,Matches
383,Keito Nakamura,jp JPN,"FW,MF",Reims,23,2000,15.3,28,11,9,10,9,17,37,45.9,20,15,2,13,6,34,7,0,Matches
384,Keylor Navas,cr CRC,GK,Paris S-G,36,1986,4.0,0,0,0,0,0,0,0,,0,0,0,0,0,0,2,0,Matches
385,Youssouf Ndayishimiye,bi BDI,"MF,DF",Nice,24,1998,19.0,31,20,17,12,2,12,23,52.2,11,19,11,8,12,43,47,1,Matches
386,Bassirou Ndiaye,sn SEN,FW,Lorient,21,2002,1.7,5,2,2,2,1,3,5,60.0,2,1,1,0,1,6,0,0,Matches
387,Iliman Ndiaye,sn SEN,"FW,MF",Marseille,23,2000,18.0,21,18,5,11,5,11,29,37.9,18,14,2,12,6,27,6,0,Matches
388,Massamba Ndiaye,sn SEN,GK,Clermont Foot,21,2001,4.0,0,0,0,0,0,0,0,,0,0,0,0,0,0,2,0,Matches
389,Rassoul Ndiaye,sn SEN,"MF,FW",Le Havre,21,2001,5.8,25,17,8,16,1,12,24,50.0,12,2,1,1,4,29,5,0,Matches
390,Cher Ndour,it ITA,MF,Paris S-G,19,2004,0.3,2,2,0,2,0,1,2,50.0,1,0,0,0,0,2,0,0,Matches
391,Joseph Nduquidi,fr FRA,"MF,DF",Metz,18,2004,8.3,11,4,6,3,2,1,9,11.1,8,11,3,8,11,22,15,1,Matches
392,Loïc Nego,hu HUN,"DF,MF",Le Havre,32,1991,17.3,37,26,21,12,4,18,30,60.0,12,12,2,10,16,53,17,0,Matches
393,Steve Ngoura,fr FRA,"FW,MF",Le Havre,18,2005,2.5,2,1,1,1,0,1,4,25.0,3,0,0,0,0,2,3,0,Matches
394,Shamar Nicholson,jm JAM,FW,Clermont Foot,26,1997,16.5,6,2,0,4,2,1,4,25.0,3,6,2,4,0,6,15,0,Matches
395,Rasmus Nicolaisen,dk DEN,DF,Toulouse,26,1997,32.5,50,30,39,11,0,26,44,59.1,18,44,33,11,42,92,158,1,Matches
396,Arnaud Nordin,fr FRA,"FW,MF",Montpellier,25,1998,13.8,12,6,3,5,4,6,16,37.5,10,11,0,11,2,14,10,0,Matches
397,Ernest Nuamah,gh GHA,"FW,MF",Lyon,19,2003,20.4,28,14,18,6,4,12,38,31.6,26,15,1,14,8,36,9,0,Matches
398,Gerzino Nyamsi,cm CMR,DF,Strasbourg,26,1997,12.1,18,14,13,5,0,12,18,66.7,6,19,11,8,10,28,43,0,Matches
399,Rabby Nzingoula,fr FRA,"MF,FW",Strasbourg,17,2005,1.5,3,3,0,3,0,3,4,75.0,1,4,0,4,5,8,0,0,Matches
400,Jake O'Brien,ie IRL,DF,Lyon,22,2001,26.3,22,16,16,5,1,14,20,70.0,6,23,18,5,12,34,98,1,Matches
401,Florent Ogier,fr FRA,DF,Clermont Foot,34,1989,10.5,19,9,13,6,0,11,18,61.1,7,25,19,6,9,28,35,3,Matches
402,Joseph Okumu,ke KEN,DF,Reims,26,1997,19.4,44,28,28,14,2,24,38,63.2,14,27,19,8,35,79,112,2,Matches
403,Warmed Omari,km COM,DF,Rennes,23,2000,23.0,32,19,23,7,2,16,28,57.1,12,30,20,10,33,65,77,2,Matches
404,Becir Omeragic,ch SUI,"DF,MF",Montpellier,21,2002,25.7,48,29,31,13,4,20,33,60.6,13,51,29,22,27,75,65,0,Matches
405,Jean Onana,cm CMR,MF,Marseille,23,2000,6.3,23,14,6,14,3,13,25,52.0,12,10,2,8,11,34,11,1,Matches
406,Royce Openda,ga GAB,FW,Lorient,21,2002,0.2,0,0,0,0,0,0,0,,0,0,0,0,0,0,0,0,Matches
407,Christopher Operi,ci CIV,DF,Le Havre,26,1997,27.2,55,36,37,15,3,32,59,54.2,27,45,7,38,35,90,68,1,Matches
408,Gift Orban,ng NGA,FW,Lyon,21,2002,5.3,4,3,0,1,3,1,4,25.0,3,2,0,2,1,5,2,1,Matches
409,Kassoum Ouattara,fr FRA,"DF,FW",Monaco,18,2004,7.1,17,12,8,5,4,9,20,45.0,11,11,0,11,13,30,20,0,Matches
410,Alexandre Oukidja,dz ALG,GK,Metz,35,1988,33.2,2,1,2,0,0,1,2,50.0,1,1,0,1,3,5,24,3,Matches
411,Azzedine Ounahi,ma MAR,MF,Marseille,23,2000,13.4,25,11,9,14,2,11,32,34.4,21,6,1,5,11,36,8,0,Matches
412,Adam Ounas,dz ALG,FW,Lille,26,1996,4.6,4,3,2,2,0,2,7,28.6,5,2,0,2,6,10,1,0,Matches
413,Patrick Ouotro,ci CIV,FW,Strasbourg,17,2005,0.1,0,0,0,0,0,0,0,,0,0,0,0,0,0,0,0,Matches
414,Pablo Pagis,fr FRA,MF,Lorient,20,2002,1.8,10,6,5,4,1,6,10,60.0,4,2,0,2,3,13,1,0,Matches
415,Nicolas Pallois,fr FRA,DF,Nantes,35,1987,17.7,34,19,21,11,2,19,35,54.3,16,37,26,11,26,60,111,0,Matches
416,Andy Pelmard,mg MAD,DF,Clermont Foot,23,2000,33.2,51,38,41,9,1,32,40,80.0,8,37,20,17,33,84,99,2,Matches
417,Aurélien Pelon,fr FRA,DF,Lorient,19,2004,1.0,1,0,1,0,0,0,2,0.0,2,2,2,0,0,1,7,0,Matches
418,Faris Pemi Moumbagna,cm CMR,FW,Marseille,23,2000,6.1,2,1,0,2,0,0,3,0.0,3,4,0,4,3,5,1,0,Matches
419,Danilo Pereira,pt POR,DF,Paris S-G,31,1991,22.2,22,12,14,6,2,9,17,52.9,8,29,26,3,23,45,100,1,Matches
420,Mathias Pereira Lage,pt POR,"FW,MF",Brest,26,1996,13.2,21,15,7,8,6,7,28,25.0,21,14,5,9,10,31,13,0,Matches
421,Romain Perraud,fr FRA,"DF,FW",Nice,25,1997,4.1,7,6,5,1,1,4,11,36.4,7,4,0,4,6,13,15,1,Matches
422,Lucas Perrin,fr FRA,DF,Strasbourg,24,1998,30.3,47,30,33,14,0,28,46,60.9,18,45,32,13,28,75,113,0,Matches
423,Denis Petrić,rs SRB,GK,Nantes,35,1988,0.3,0,0,0,0,0,0,0,,0,0,0,0,0,0,0,0,Matches
424,Ronaël Pierre-Gabriel,fr FRA,DF,Nantes,25,1998,6.6,15,9,12,2,1,5,7,71.4,2,13,4,9,8,23,25,0,Matches
425,Julien Ponceau,fr FRA,MF,Lorient,22,2000,24.9,32,15,12,14,6,9,30,30.0,21,22,1,21,19,51,20,0,Matches
426,Sanjin Prcić,ba BIH,MF,Strasbourg,29,1993,1.0,0,0,0,0,0,0,1,0.0,1,2,1,1,3,3,1,0,Matches
427,Gonçalo Ramos,pt POR,FW,Paris S-G,22,2001,15.8,25,15,4,12,9,6,20,30.0,14,12,2,10,5,30,16,0,Matches
428,Elba Rashani,xk KVX,"MF,FW",Clermont Foot,30,1993,13.1,30,18,4,17,9,11,24,45.8,13,17,3,14,12,42,15,0,Matches
429,Guillaume Restes,fr FRA,GK,Toulouse,18,2005,34.0,0,0,0,0,0,0,3,0.0,3,0,0,0,0,0,19,1,Matches
430,Alexsandro Ribeiro,br BRA,DF,Lille,23,1999,24.7,32,22,24,8,0,16,31,51.6,15,25,15,10,35,67,116,5,Matches
431,Amir Richardson,ma MAR,MF,Reims,21,2002,15.0,33,23,12,18,3,10,22,45.5,12,26,5,21,15,48,30,0,Matches
432,Fabian Rieder,ch SUI,MF,Rennes,21,2002,4.1,13,7,2,9,2,6,11,54.5,5,3,1,2,5,18,2,0,Matches
433,Rémy Riou,fr FRA,GK,Lyon,35,1987,3.0,0,0,0,0,0,0,1,0.0,1,0,0,0,0,0,1,1,Matches
434,Valentin Rongier,fr FRA,MF,Marseille,28,1994,9.5,23,12,9,12,2,14,26,53.8,12,16,4,12,15,38,18,0,Matches
435,Pablo Rosario,do DOM,"MF,DF",Nice,26,1997,22.3,36,25,15,16,5,23,34,67.6,11,27,13,14,29,65,39,0,Matches
436,Valentin Rosier,fr FRA,"DF,MF",Nice,26,1996,0.6,1,0,1,0,0,0,0,,0,1,0,1,2,3,5,0,Matches
437,Fabián Ruiz Peña,es ESP,MF,Paris S-G,27,1996,13.3,34,23,17,14,3,23,42,54.8,19,8,2,6,11,45,21,2,Matches
438,Emmanuel Sabbi,us USA,"FW,MF",Le Havre,25,1997,17.6,38,19,15,15,8,16,39,41.0,23,26,2,24,19,57,7,0,Matches
439,Falaye Sacko,ml MLI,DF,Montpellier,28,1995,15.4,28,16,13,10,5,21,32,65.6,11,19,7,12,24,52,37,0,Matches
440,Modibo Sagnan,ml MLI,DF,Montpellier,24,1999,11.7,34,22,23,9,2,15,25,60.0,10,13,9,4,15,49,67,0,Matches
441,Moïse Sahi Dion,ci CIV,"MF,FW",Strasbourg,21,2001,7.0,5,5,1,2,2,0,3,0.0,3,11,1,10,1,6,7,0,Matches
442,Wesley Saïd,fr FRA,"FW,MF",Lens,28,1995,11.3,8,4,1,2,5,2,9,22.2,7,4,0,4,4,12,3,0,Matches
443,Théo Sainte-Luce,fr FRA,DF,Montpellier,24,1998,3.8,17,7,10,6,1,11,19,57.9,8,9,4,5,3,20,15,0,Matches
444,Mamadou Sakho,fr FRA,DF,Montpellier,33,1990,0.1,1,1,1,0,0,1,1,100.0,0,0,0,0,0,1,1,0,Matches
445,Ibrahim Salah,ma MAR,"FW,MF",Rennes,21,2001,5.8,15,7,5,6,4,11,18,61.1,7,4,0,4,10,25,5,0,Matches
446,Amine Salama,fr FRA,FW,Reims,23,2000,3.5,0,0,0,0,0,0,0,,0,1,0,1,1,1,1,0,Matches
447,Mohammed Salisu,gh GHA,DF,Monaco,24,1999,11.5,27,12,11,13,3,17,26,65.4,9,21,12,9,22,49,44,0,Matches
448,Yoann Salmier,gf GUF,DF,Le Havre,30,1992,17.4,22,10,13,6,3,13,20,65.0,7,21,15,6,21,43,57,0,Matches
449,Mama Samba Baldé,gw GNB,"FW,MF",Lyon,27,1995,6.1,8,5,1,2,5,3,9,33.3,6,0,0,0,3,11,1,1,Matches
450,Brice Samba,fr FRA,GK,Lens,29,1994,33.0,1,1,1,0,0,1,1,100.0,0,0,0,0,0,1,10,3,Matches
451,Ibou Sané,sn SEN,"MF,FW",Metz,18,2005,1.4,6,4,2,1,3,2,2,100.0,0,3,0,3,1,7,2,0,Matches
452,Sadibou Sané,sn SEN,DF,Metz,19,2004,9.4,19,12,16,2,1,6,7,85.7,1,14,9,5,8,27,64,0,Matches
453,Arouna Sangante,sn SEN,DF,Le Havre,21,2002,29.9,53,33,27,23,3,24,40,60.0,16,35,18,17,66,119,93,2,Matches
454,Morgan Sanson,fr FRA,MF,Nice,28,1994,21.8,26,19,12,7,7,12,31,38.7,19,34,5,29,20,46,16,0,Matches
455,Baptiste Santamaria,fr FRA,MF,Rennes,28,1995,21.4,52,33,21,25,6,29,46,63.0,17,15,6,9,34,86,33,1,Matches
456,Andrey Santos,br BRA,MF,Strasbourg,19,2004,9.2,29,18,15,13,1,17,26,65.4,9,8,0,8,10,39,11,1,Matches
457,Tiago Santos,pt POR,DF,Lille,21,2002,26.3,63,42,31,19,13,30,52,57.7,22,24,5,19,15,78,37,0,Matches
458,Amin Sarr,se SWE,"FW,MF",Lyon,22,2001,1.1,1,0,0,1,0,0,0,,0,1,0,1,0,1,1,0,Matches
459,Ismaila Sarr,sn SEN,"FW,MF",Marseille,25,1998,16.1,14,8,2,10,2,6,17,35.3,11,21,6,15,13,27,11,0,Matches
460,Mamadou Sarr,sn SEN,DF,Lyon,17,2005,0.1,0,0,0,0,0,0,0,,0,0,0,0,0,0,0,0,Matches
461,Martin Satriano,uy URU,FW,Brest,22,2001,20.7,24,16,6,13,5,10,25,40.0,15,19,7,12,7,31,28,0,Matches
462,Téji Savanier,fr FRA,MF,Montpellier,31,1991,30.7,37,20,16,15,6,14,63,22.2,49,36,8,28,33,70,28,1,Matches
463,Niklas Schmidt,de GER,MF,Toulouse,25,1998,14.1,36,21,13,19,4,16,33,48.5,17,14,7,7,4,40,13,0,Matches
464,Jérémy Sebas,mq MTQ,"FW,MF",Strasbourg,20,2003,4.4,7,1,2,3,2,3,5,60.0,2,3,1,2,1,8,1,0,Matches
465,Alidu Seidu,gh GHA,DF,Rennes,23,2000,6.6,21,9,17,3,1,14,19,73.7,5,11,3,8,10,31,13,0,Matches
466,Alidu Seidu,gh GHA,DF,Clermont Foot,23,2000,12.6,32,24,17,15,0,24,31,77.4,7,15,7,8,25,57,37,0,Matches
467,Matz Sels,be BEL,GK,Strasbourg,31,1992,19.0,0,0,0,0,0,0,0,,0,2,0,2,0,0,13,1,Matches
468,Marvin Senaya,tg TOG,"DF,MF",Strasbourg,22,2001,23.8,72,53,38,25,9,42,68,61.8,26,40,13,27,41,113,68,0,Matches
469,Sofiane Sidi Ali,fr FRA,MF,Marseille,28,1995,0.2,2,0,0,2,0,1,2,50.0,1,1,0,1,2,4,0,0,Matches
470,Vincent Sierro,ch SUI,MF,Toulouse,27,1995,25.1,41,24,15,20,6,27,77,35.1,50,37,13,24,27,68,33,0,Matches
471,Caio Henrique Oliveira Silva,br BRA,DF,Monaco,26,1997,6.9,13,7,3,7,3,6,9,66.7,3,8,2,6,6,19,9,0,Matches
472,Moses Simon,ng NGA,"FW,MF",Nantes,28,1995,19.9,7,5,2,5,0,2,8,25.0,6,9,1,8,3,10,5,1,Matches
473,Wilfried Singo,ci CIV,DF,Monaco,22,2000,24.3,34,25,18,14,2,17,26,65.4,9,27,14,13,51,85,81,2,Matches
474,Ayanda Sishuba,be BEL,"MF,FW",Lens,18,2005,0.7,3,1,0,2,1,1,2,50.0,1,1,0,1,0,3,0,0,Matches
475,Ibrahima Sissoko,ml MLI,MF,Strasbourg,25,1997,18.2,47,33,13,25,9,23,30,76.7,7,21,8,13,19,66,30,0,Matches
476,Moussa Sissoko,fr FRA,MF,Nantes,33,1989,20.2,27,16,13,8,6,12,25,48.0,13,8,2,6,12,39,31,0,Matches
477,Milan Škriniar,sk SVK,DF,Paris S-G,28,1995,18.1,24,18,17,7,0,14,22,63.6,8,19,10,9,12,36,51,2,Matches
478,Naatan Skyttä,fi FIN,"MF,FW",Toulouse,21,2002,1.3,4,4,2,1,1,1,1,100.0,0,0,0,0,0,4,0,0,Matches
479,Eduard Sobol,ua UKR,DF,Strasbourg,28,1995,0.3,0,0,0,0,0,0,0,,0,0,0,0,0,0,1,0,Matches
480,Emran Soglo,fr FRA,"MF,DF",Marseille,18,2005,1.2,2,1,0,2,0,1,3,33.3,2,6,0,6,1,3,3,0,Matches
481,Carlos Soler,es ESP,"MF,DF",Paris S-G,26,1997,12.1,15,10,9,2,4,6,21,28.6,15,10,3,7,5,20,11,1,Matches
482,Florian Sotoca,fr FRA,"MF,FW",Lens,32,1990,28.9,33,22,9,21,3,17,38,44.7,21,41,4,37,20,53,34,0,Matches
483,Issa Soumaré,sn SEN,"FW,MF",Le Havre,22,2000,2.6,2,0,2,0,0,0,4,0.0,4,0,0,0,0,2,2,0,Matches
484,Saidou Sow,gn GUI,DF,Strasbourg,21,2002,8.0,20,12,17,3,0,9,13,69.2,4,7,4,3,12,32,36,3,Matches
485,Stijn Spierings,nl NED,MF,Toulouse,27,1996,16.8,53,40,26,20,7,29,52,55.8,23,22,5,17,26,79,32,0,Matches
486,Stijn Spierings,nl NED,MF,Lens,27,1996,1.3,1,0,0,1,0,1,1,100.0,0,2,1,1,2,3,1,0,Matches
487,Benjamin Stambouli,fr FRA,MF,Reims,32,1990,3.2,9,7,3,5,1,6,11,54.5,5,3,1,2,2,11,8,0,Matches
488,Gabriel Suazo,cl CHI,DF,Toulouse,25,1997,26.2,66,32,40,19,7,38,86,44.2,48,37,4,33,26,92,33,0,Matches
489,Abakar Sylla,ci CIV,DF,Strasbourg,20,2002,19.9,54,23,30,19,5,29,40,72.5,11,40,11,29,26,80,70,2,Matches
490,Dembo Sylla,gn GUI,DF,Lorient,20,2002,0.5,1,1,0,1,0,0,0,,0,0,0,0,1,2,2,0,Matches
491,Issiaga Sylla,gn GUI,"DF,FW",Montpellier,29,1994,16.2,28,17,20,6,2,16,34,47.1,18,21,7,14,23,51,53,0,Matches
492,Musa Al-Taamari,jo JOR,FW,Montpellier,26,1997,21.4,20,16,10,5,5,9,21,42.9,12,18,2,16,4,24,5,0,Matches
493,Nicolás Tagliafico,ar ARG,DF,Lyon,30,1992,23.6,54,34,23,22,9,22,49,44.9,27,25,8,17,28,82,43,0,Matches
494,Montassar Talbi,tn TUN,DF,Lorient,25,1998,24.5,38,22,23,13,2,19,32,59.4,13,39,23,16,32,70,114,0,Matches
495,Oussama Targhalline,ma MAR,MF,Le Havre,21,2002,11.4,23,11,16,7,0,15,25,60.0,10,9,3,6,20,43,14,2,Matches
496,Enzo Tchato,cm CMR,DF,Montpellier,20,2002,12.5,26,17,18,4,4,11,25,44.0,14,20,7,13,11,37,25,0,Matches
497,Arnau Tenas,es ESP,GK,Paris S-G,22,2001,5.9,0,0,0,0,0,0,0,,0,0,0,0,0,0,0,0,Matches
498,Martin Terrier,fr FRA,"FW,MF",Rennes,26,1997,17.0,14,9,3,8,3,6,14,42.9,8,21,4,17,9,23,17,0,Matches
499,Benjamin Tetteh,gh GHA,"FW,MF",Metz,26,1997,3.1,6,6,1,5,0,4,7,57.1,3,0,0,0,0,6,1,0,Matches
500,Teddy Teuma,mt MLT,MF,Reims,29,1993,23.5,54,36,19,21,14,25,62,40.3,37,33,4,29,20,74,6,0,Matches
501,Arthur Theate,be BEL,DF,Rennes,23,2000,25.5,30,17,19,6,5,24,37,64.9,13,40,23,17,31,61,90,2,Matches
502,Adrien Thomasson,fr FRA,MF,Lens,29,1993,13.3,25,14,4,16,5,11,34,32.4,23,14,0,14,9,34,10,1,Matches
503,Khéphren Thuram,fr FRA,MF,Nice,22,2001,23.4,42,29,13,23,6,20,40,50.0,20,21,10,11,18,60,37,0,Matches
504,Cheikh Tidiane Sabaly,sn SEN,"FW,MF",Metz,24,1999,15.3,40,20,23,12,5,16,40,40.0,24,19,2,17,10,50,14,0,Matches
505,Jean-Clair Todibo,fr FRA,DF,Nice,23,1999,29.5,58,28,35,17,6,34,56,60.7,22,34,15,19,38,96,97,1,Matches
506,Corentin Tolisso,fr FRA,MF,Lyon,28,1994,19.3,33,21,13,11,9,14,33,42.4,19,26,9,17,10,43,18,0,Matches
507,Abdoulaye Touré,gn GUI,MF,Le Havre,29,1994,25.4,47,28,22,22,3,30,60,50.0,30,30,8,22,25,72,33,0,Matches
508,Souleymane Touré,fr FRA,DF,Lorient,20,2003,22.8,25,12,16,9,0,8,14,57.1,6,38,20,18,36,61,101,2,Matches
509,Bénie Traoré,ci CIV,"FW,MF",Nantes,20,2002,5.6,8,4,2,5,1,3,7,42.9,4,3,0,3,1,9,1,0,Matches
510,Daouda Traoré,fr FRA,MF,Nice,17,2006,0.2,0,0,0,0,0,0,0,,0,0,0,0,0,0,0,0,Matches
511,Ismaël Traoré,ci CIV,DF,Metz,36,1986,24.7,19,12,13,6,0,8,21,38.1,13,33,20,13,30,49,86,0,Matches
512,Adrien Truffert,fr FRA,DF,Rennes,21,2001,23.8,39,21,23,10,6,25,40,62.5,15,31,5,26,19,58,49,0,Matches
513,Matthieu Udol,fr FRA,DF,Metz,27,1996,30.0,55,37,38,12,5,38,56,67.9,18,62,16,46,50,105,108,0,Matches
514,Manuel Ugarte,uy URU,MF,Paris S-G,22,2001,21.5,98,57,39,43,16,43,89,48.3,46,27,6,21,40,138,25,2,Matches
515,Samuel Umtiti,fr FRA,DF,Lille,29,1993,2.1,1,1,0,1,0,1,4,25.0,3,0,0,0,2,3,4,0,Matches
516,Kévin Van Den Kerkhof,dz ALG,"FW,MF",Metz,27,1996,21.3,31,24,11,13,7,13,32,40.6,19,15,2,13,11,42,32,1,Matches
517,Vanderson,br BRA,DF,Monaco,22,2001,18.2,60,41,20,30,10,32,70,45.7,38,29,2,27,35,95,37,1,Matches
518,Jordan Veretout,fr FRA,MF,Marseille,30,1993,24.3,38,22,19,13,6,18,39,46.2,21,20,4,16,13,51,25,0,Matches
519,Alan Virginius,fr FRA,FW,Lille,20,2003,0.8,1,1,1,0,0,0,1,0.0,1,0,0,0,0,1,0,0,Matches
520,Alan Virginius,fr FRA,FW,Clermont Foot,20,2003,10.4,9,5,4,4,1,4,11,36.4,7,7,0,7,3,12,7,0,Matches
521,Vitinha,pt POR,FW,Marseille,23,2000,10.3,14,8,3,5,6,3,12,25.0,9,11,2,9,5,19,8,0,Matches
522,Vitinha,pt POR,MF,Paris S-G,23,2000,23.6,39,24,12,16,11,16,48,33.3,32,29,11,18,23,62,30,2,Matches
523,Elye Wahi,fr FRA,FW,Montpellier,20,2003,0.2,0,0,0,0,0,0,0,,0,0,0,0,0,0,0,0,Matches
524,Elye Wahi,fr FRA,FW,Lens,20,2003,18.8,6,4,1,3,2,2,10,20.0,8,5,1,4,3,9,3,0,Matches
525,Mateusz Wieteska,pl POL,DF,Clermont Foot,26,1997,1.9,4,1,3,1,0,3,5,60.0,2,4,2,2,5,9,8,0,Matches
526,Josh Wilson-Esbrand,eng ENG,"DF,MF",Reims,20,2002,5.1,5,4,2,3,0,2,8,25.0,6,5,2,3,6,11,7,0,Matches
527,Christopher Wooh,cm CMR,DF,Rennes,21,2001,15.4,18,12,12,6,0,8,15,53.3,7,19,9,10,18,36,51,0,Matches
528,Yusuf Yazıcı,tr TUR,"MF,FW",Lille,26,1997,14.6,19,11,6,9,4,4,15,26.7,11,10,1,9,5,24,5,0,Matches
529,Kelvin Yeboah,it ITA,FW,Montpellier,23,2000,3.1,4,2,2,2,0,1,3,33.3,2,3,2,1,1,5,3,0,Matches
530,Bertuğ Yıldırım,tr TUR,FW,Rennes,21,2002,5.2,7,5,2,3,2,3,8,37.5,5,8,0,8,0,7,4,0,Matches
531,Darlin Yongwa,cm CMR,DF,Lorient,22,2000,12.9,30,23,17,11,2,14,25,56.0,11,14,2,12,15,45,36,0,Matches
532,Leny Yoro,fr FRA,DF,Lille,17,2005,29.7,36,25,27,7,2,17,31,54.8,14,20,14,6,36,72,97,1,Matches
533,Etienne Youte Kinkoue,fr FRA,DF,Le Havre,21,2002,21.6,15,9,13,2,0,7,11,63.6,4,21,16,5,44,59,104,0,Matches
534,Yoram Zague,fr FRA,DF,Paris S-G,17,2006,4.1,18,8,11,4,3,11,24,45.8,13,3,0,3,4,22,9,1,Matches
535,Warren Zaïre-Emery,fr FRA,"MF,DF",Paris S-G,17,2006,21.8,51,28,18,24,9,28,51,54.9,23,32,8,24,15,66,22,2,Matches
536,Denis Zakaria,ch SUI,"MF,DF",Monaco,26,1996,23.7,38,27,11,20,7,12,30,40.0,18,39,13,26,47,85,41,0,Matches
537,Mehdi Zeffane,dz ALG,"DF,MF",Clermont Foot,31,1992,13.7,31,20,17,11,3,17,34,50.0,17,14,3,11,16,47,34,0,Matches
538,Nathan Zeze,fr FRA,DF,Nantes,18,2005,11.4,11,6,9,2,0,7,14,50.0,7,12,3,9,12,23,47,1,Matches
539,Edon Zhegrova,xk KVX,FW,Lille,24,1999,25.4,32,18,9,15,8,14,36,38.9,22,17,1,16,8,40,8,0,Matches
540,Luck Zogbé,ci CIV,DF,Brest,18,2005,0.1,0,0,0,0,0,0,1,0.0,1,1,1,0,1,1,0,0,Matches
