Unnamed: 0_level_0_Rk,Unnamed: 1_level_0_Player,Unnamed: 2_level_0_Nation,Unnamed: 3_level_0_Pos,Unnamed: 4_level_0_Squad,Unnamed: 5_level_0_Age,Unnamed: 6_level_0_Born,Unnamed: 7_level_0_90s,Performance_CrdY,Performance_CrdR,Performance_2CrdY,Performance_Fls,Performance_Fld,Performance_Off,Performance_Crs,Performance_Int,Performance_TklW,Performance_PKwon,Performance_PKcon,Performance_OG,Performance_Recov,Aerial Duels_Won,Aerial Duels_Lost,Aerial Duels_Won%,Unnamed: 24_level_0_Matches
1,Keyliane Abdallah,fr FRA,FW,Marseille,17,2006,0.0,0,0,0,0,0,0,0,0,0,0,0,0,0,0,1,0.0,Matches
2,Yunis Abdelhamid,ma MAR,DF,Reims,35,1987,30.9,5,0,0,26,12,0,3,39,35,0,0,1,149,61,37,62.2,Matches
3,Salis Abdul Samed,gh GHA,MF,Lens,23,2000,16.9,2,0,0,34,16,0,3,12,14,0,3,0,89,2,7,22.2,Matches
4,Laurent Abergel,fr FRA,MF,Lorient,30,1993,31.8,4,0,0,36,36,1,34,61,52,0,0,0,226,15,14,51.7,Matches
5,Matthis Abline,fr FRA,FW,Nantes,20,2003,11.6,1,0,0,10,13,6,7,3,4,1,0,0,39,15,27,35.7,Matches
6,Zakaria Aboukhlal,ma MAR,"MF,FW",Toulouse,23,2000,8.4,2,0,0,17,15,8,5,1,8,1,0,0,21,6,7,46.2,Matches
7,Nathaniel Adjei,gh GHA,DF,Lorient,20,2002,13.8,2,0,0,10,12,2,2,18,9,0,0,0,60,30,22,57.7,Matches
8,Adryelson,br BRA,"DF,FW",Lyon,25,1998,0.1,0,0,0,0,0,0,0,1,0,0,0,0,0,0,0,,Matches
9,Adson,br BRA,"MF,FW",Nantes,22,2000,2.6,0,0,0,4,4,0,2,2,6,0,0,0,11,0,2,0.0,Matches
10,Emmanuel Agbadou,ci CIV,DF,Reims,26,1997,28.8,1,0,0,31,10,2,6,55,41,0,3,0,217,45,32,58.4,Matches
11,Ruben Aguilar,fr FRA,DF,Lens,30,1993,21.4,3,0,0,20,24,3,75,26,31,0,1,0,106,24,23,51.1,Matches
12,Tosin Aiyegun,bj BEN,"MF,FW",Lorient,25,1998,10.0,0,1,0,13,16,3,8,2,4,1,0,0,33,6,10,37.5,Matches
13,Sergio Akieme,es ESP,DF,Reims,25,1997,9.1,2,0,0,17,10,0,21,10,5,0,0,0,40,6,4,60.0,Matches
14,Maghnes Akliouche,fr FRA,"MF,FW",Monaco,21,2002,17.9,5,0,0,33,31,1,54,9,23,0,0,0,110,4,19,17.4,Matches
15,Adams Akor,ng NGA,FW,Montpellier,23,2000,25.0,2,0,0,39,22,26,12,5,4,0,0,0,55,54,69,43.9,Matches
16,Paul Akouokou,ci CIV,MF,Lyon,25,1997,3.4,1,0,0,9,3,0,0,6,9,0,0,0,25,8,5,61.5,Matches
17,Aboubacar Ali,km COM,"MF,FW",Strasbourg,17,2006,1.4,0,0,0,4,1,0,6,1,0,0,0,0,5,1,5,16.7,Matches
18,Mohamed Ali Cho,fr FRA,FW,Nice,19,2004,9.6,2,0,0,17,22,3,44,3,9,1,1,0,30,5,12,29.4,Matches
19,Nabil Alioui,fr FRA,"MF,FW",Le Havre,24,1999,11.2,1,0,0,10,20,5,54,3,2,0,0,0,36,10,10,50.0,Matches
20,Jim Allevinah,ga GAB,"MF,DF",Clermont Foot,28,1995,20.7,1,0,0,15,26,1,47,13,18,0,0,0,100,16,26,38.1,Matches
21,Skelly Alvero,fr FRA,MF,Lyon,21,2002,4.7,2,0,0,12,3,0,2,2,7,0,1,0,20,9,7,56.3,Matches
22,Papa Amadou Diallo,sn SEN,FW,Metz,19,2004,9.9,1,0,0,10,11,4,14,11,8,0,0,0,59,30,36,45.5,Matches
23,Jordan Amavi,fr FRA,DF,Brest,29,1994,1.0,1,0,0,2,0,0,1,3,1,0,0,0,7,1,0,100.0,Matches
24,Kelvin Amian,fr FRA,DF,Nantes,25,1998,8.9,2,0,0,13,3,0,14,7,7,0,0,0,19,6,4,60.0,Matches
25,Michael Amir Murillo,pa PAN,DF,Marseille,27,1996,11.1,3,0,0,10,10,6,16,11,11,0,0,0,60,15,11,57.7,Matches
26,Benjamin André,fr FRA,MF,Lille,32,1990,28.6,8,0,0,51,43,1,19,35,49,0,0,0,195,78,56,58.2,Matches
27,Komnen Andrić,rs SRB,FW,Clermont Foot,28,1995,1.9,0,0,0,2,2,1,1,0,1,0,0,0,4,2,8,20.0,Matches
28,Ângelo,br BRA,"FW,MF",Strasbourg,18,2004,12.2,1,0,0,12,22,2,42,9,11,1,0,0,82,2,7,22.2,Matches
29,Stredair Appuah,fr FRA,"FW,MF",Nantes,19,2004,0.9,0,0,0,1,0,0,2,1,0,0,0,0,4,1,0,100.0,Matches
30,Yoël Armougom,fr FRA,"DF,MF",Clermont Foot,25,1998,2.6,1,0,0,1,3,0,14,1,3,0,0,0,6,2,3,40.0,Matches
31,Hákon Arnar Haraldsson,is ISL,"FW,MF",Lille,20,2003,14.3,5,0,0,15,28,1,7,3,8,0,0,0,48,1,8,11.1,Matches
32,Mohamed El Arouch,fr FRA,FW,Lyon,19,2004,0.0,0,0,0,0,0,0,0,0,0,0,0,0,1,0,1,0.0,Matches
33,Marco Asensio,es ESP,"MF,FW",Paris S-G,27,1996,12.4,0,0,0,8,10,0,52,5,10,0,0,0,43,2,3,40.0,Matches
34,Joel Asoro,se SWE,"FW,MF",Metz,24,1999,9.4,2,0,0,18,22,4,19,6,9,1,1,0,32,17,15,53.1,Matches
35,Lorenz Assignon,tg TOG,DF,Rennes,23,2000,11.2,4,0,0,22,15,1,22,9,12,1,0,0,67,11,17,39.3,Matches
36,Youcef Atal,dz ALG,DF,Nice,27,1996,4.0,2,0,0,3,4,0,6,4,3,0,0,0,28,2,2,50.0,Matches
37,Valentin Atangana Edoa,fr FRA,MF,Reims,17,2005,6.2,0,0,0,19,8,0,5,6,13,0,0,0,28,8,12,40.0,Matches
38,Arthur Atta,fr FRA,"MF,FW",Metz,20,2003,10.3,0,0,0,18,12,4,10,10,14,0,0,0,54,11,19,36.7,Matches
39,Pierre-Emerick Aubameyang,ga GAB,FW,Marseille,34,1989,29.1,4,0,0,9,20,21,42,9,14,0,0,0,67,26,39,40.0,Matches
40,André Ayew,gh GHA,FW,Le Havre,33,1989,12.3,2,1,0,15,26,4,4,2,11,0,0,0,40,44,62,41.5,Matches
41,Neil El Aynaoui,ma MAR,MF,Lens,22,2001,17.4,1,0,0,21,40,1,7,32,20,1,0,0,94,15,16,48.4,Matches
42,Abdellah Baallal,ma MAR,MF,Clermont Foot,18,2004,0.0,0,0,0,0,0,0,0,0,0,0,0,0,1,1,0,100.0,Matches
43,Shavy Babicka,ga GAB,"FW,MF",Toulouse,23,2000,4.1,0,0,0,5,4,1,13,0,8,0,0,0,18,5,6,45.5,Matches
44,Aliou Badara Baldé,gn GUI,"FW,DF",Nice,20,2002,0.8,0,0,0,2,2,0,4,3,1,0,0,0,6,1,2,33.3,Matches
45,Tiemoué Bakayoko,fr FRA,MF,Lorient,28,1994,14.6,5,0,0,25,23,2,1,26,17,0,0,0,94,24,17,58.5,Matches
46,Dilane Bakwa,fr FRA,"FW,MF",Strasbourg,20,2002,24.2,4,1,0,32,75,3,155,20,22,0,0,0,114,12,22,35.3,Matches
47,Carlos Baleba,cm CMR,MF,Lille,19,2004,0.7,0,0,0,2,2,0,0,2,2,0,0,0,2,0,0,,Matches
48,Leonardo Balerdi,ar ARG,DF,Marseille,24,1999,25.2,6,1,1,25,23,1,2,51,50,1,0,0,167,57,36,61.3,Matches
49,Folarin Balogun,us USA,FW,Monaco,22,2001,18.8,1,0,0,31,35,14,7,3,4,1,0,0,48,8,33,19.5,Matches
50,Mohamed Bamba,ci CIV,FW,Lorient,21,2001,12.6,3,0,0,22,14,11,2,2,9,0,0,0,35,23,29,44.2,Matches
51,Mamady Bangré,bf BFA,"FW,MF",Toulouse,22,2001,1.1,2,0,0,3,0,1,4,4,2,0,0,0,12,1,3,25.0,Matches
52,Bradley Barcola,fr FRA,FW,Lyon,20,2002,3.0,1,0,0,4,2,2,0,2,2,0,0,0,11,9,2,81.8,Matches
53,Bradley Barcola,fr FRA,"FW,MF",Paris S-G,20,2002,15.2,3,1,1,22,12,4,18,10,16,0,0,0,52,10,11,47.6,Matches
54,Melvin Bard,fr FRA,DF,Nice,22,2000,29.5,7,1,0,40,24,1,70,42,38,0,1,0,204,23,29,44.2,Matches
55,Steven Baseya,fr FRA,DF,Strasbourg,18,2005,0.1,0,0,0,0,0,0,0,0,1,0,0,0,2,0,2,0.0,Matches
56,Mohamed Bechikh,fr FRA,"FW,MF",Strasbourg,18,2005,0.2,0,0,0,0,0,0,0,0,0,0,0,0,0,0,0,,Matches
57,Yanis Begraoui,ma MAR,"FW,MF",Toulouse,22,2001,3.3,0,0,0,5,7,1,5,5,3,0,0,0,13,4,8,33.3,Matches
58,Jérémie Bela,ao ANG,"MF,FW",Clermont Foot,30,1993,2.3,0,0,0,0,4,0,14,0,1,0,0,0,8,1,3,25.0,Matches
59,Reda Belahyane,ma MAR,MF,Nice,19,2004,0.3,0,0,0,0,0,0,0,0,0,0,0,0,5,0,0,,Matches
60,Alaa Bellaarouch,ma MAR,GK,Strasbourg,21,2002,15.0,1,0,0,0,3,0,0,1,0,0,0,0,18,4,0,100.0,Matches
61,Jean-Ricner Bellegarde,ht HAI,"MF,FW",Strasbourg,25,1998,3.0,2,0,0,3,8,0,8,4,3,0,0,0,19,0,5,0.0,Matches
62,Jeanuël Belocian,fr FRA,DF,Rennes,18,2005,16.1,0,0,0,12,15,0,13,13,22,0,0,0,69,10,10,50.0,Matches
63,Eliesse Ben Seghir,ma MAR,"MF,FW",Monaco,18,2005,4.8,0,1,0,6,19,1,13,2,6,1,0,0,19,5,8,38.5,Matches
64,Wissam Ben Yedder,fr FRA,FW,Monaco,32,1990,25.7,2,0,0,11,20,32,9,8,3,0,0,0,72,15,28,34.9,Matches
65,Saïd Benrahma,dz ALG,"FW,MF",Lyon,27,1995,8.6,2,0,0,1,10,7,67,1,7,0,0,0,41,1,15,6.3,Matches
66,Nabil Bentaleb,dz ALG,MF,Lille,28,1994,21.9,7,0,0,23,18,0,6,37,32,0,1,0,142,24,13,64.9,Matches
67,Lucas Beraldo,br BRA,DF,Paris S-G,19,2003,11.2,4,1,0,12,13,0,2,20,14,0,0,0,63,15,15,50.0,Matches
68,Dimitry Bertaud,cd COD,GK,Montpellier,25,1998,4.0,0,0,0,0,0,0,0,0,0,0,0,0,7,3,0,100.0,Matches
69,Marco Bizot,nl NED,GK,Brest,32,1991,32.0,3,1,0,1,0,0,0,0,0,0,1,0,35,3,1,75.0,Matches
70,Rubén Blanco,es ESP,GK,Marseille,28,1995,1.3,0,0,0,0,0,0,0,0,0,0,0,0,1,1,0,100.0,Matches
71,Ludovic Blas,fr FRA,"FW,MF",Rennes,25,1997,17.4,3,0,0,44,34,3,53,6,14,0,0,0,85,5,17,22.7,Matches
72,Myron Boadu,nl NED,FW,Monaco,22,2001,0.9,0,0,0,3,2,1,0,0,2,0,0,0,3,1,6,14.3,Matches
73,Jeremie Boga,ci CIV,FW,Nice,26,1997,22.2,1,0,0,7,24,9,88,8,7,0,0,0,73,3,4,42.9,Matches
74,Adama Bojang,gm GAM,FW,Reims,19,2004,0.9,1,0,0,4,1,1,1,1,1,0,0,0,3,1,3,25.0,Matches
75,Neto Borges,br BRA,DF,Clermont Foot,26,1996,28.0,3,1,0,21,24,8,79,57,24,2,0,0,156,37,45,45.1,Matches
76,Saïmon Bouabré,fr FRA,MF,Monaco,17,2006,0.5,0,0,0,1,2,1,0,0,2,0,0,0,0,0,0,,Matches
77,Ayyoub Bouaddi,fr FRA,MF,Lille,15,2007,1.5,3,1,1,8,0,0,2,1,2,0,0,0,17,1,2,33.3,Matches
78,Badredine Bouanani,dz ALG,FW,Nice,18,2004,1.8,0,0,0,4,5,1,8,3,2,0,0,0,8,0,1,0.0,Matches
79,Badredine Bouanani,dz ALG,MF,Lorient,18,2004,4.9,0,0,0,1,10,0,10,2,2,0,0,0,18,0,3,0.0,Matches
80,Mohamed Bouchenna,fr FRA,"MF,FW",Clermont Foot,17,2006,0.3,1,0,0,1,0,0,0,0,0,0,0,0,6,0,0,,Matches
81,Hicham Boudaoui,dz ALG,MF,Nice,23,1999,17.9,5,0,0,25,29,1,23,11,19,1,0,0,88,22,27,44.9,Matches
82,Benjamin Bourigeaud,fr FRA,"MF,FW",Rennes,29,1994,26.9,1,0,0,16,13,2,165,22,18,0,0,0,102,11,20,35.5,Matches
83,Bilal Boutobba,fr FRA,"FW,MF",Clermont Foot,24,1998,10.3,1,0,0,7,26,2,57,8,12,0,0,0,54,11,11,50.0,Matches
84,Hugo Boutsingkham,fr FRA,"MF,FW",Nantes,20,2003,0.1,0,0,0,0,0,0,0,0,0,0,0,0,0,0,0,,Matches
85,Bilal Brahimi,dz ALG,FW,Nice,23,2000,0.1,0,0,0,0,0,0,2,0,0,0,0,0,2,0,0,,Matches
86,Bilal Brahimi,dz ALG,"FW,MF",Brest,23,2000,2.5,1,1,0,3,4,2,32,0,0,0,0,0,14,1,1,50.0,Matches
87,Lilian Brassier,fr FRA,DF,Brest,23,1999,29.7,11,1,1,34,23,1,5,41,18,0,1,0,180,55,35,61.1,Matches
88,Maxime Busi,be BEL,"FW,DF",Reims,23,1999,1.8,1,0,0,1,0,0,4,4,0,0,0,0,13,2,1,66.7,Matches
89,Marcin Bułka,pl POL,GK,Nice,23,1999,34.0,2,0,0,0,4,0,0,0,0,0,0,0,52,8,2,80.0,Matches
90,Rémy Cabella,fr FRA,"FW,MF",Lille,33,1990,16.4,0,0,0,16,38,3,51,5,36,0,0,0,87,7,17,29.2,Matches
91,Duje Ćaleta-Car,hr CRO,DF,Lyon,26,1996,22.1,2,1,0,16,5,0,0,18,11,0,0,0,86,57,15,79.2,Matches
92,Lamine Camara,sn SEN,MF,Metz,19,2004,25.1,3,0,0,45,45,1,119,28,42,0,0,0,180,11,26,29.7,Matches
93,Mahdi Camara,fr FRA,MF,Brest,25,1998,22.4,7,0,0,37,38,3,45,27,39,1,0,0,77,32,30,51.6,Matches
94,Mohamed Camara,ml MLI,MF,Monaco,23,2000,11.5,4,0,0,25,23,0,1,11,21,0,0,0,85,7,8,46.7,Matches
95,Axel Camblan,fr FRA,FW,Brest,19,2003,1.0,2,0,0,3,1,0,1,0,1,0,0,0,4,1,6,14.3,Matches
96,Fali Candé,gw GNB,DF,Metz,25,1998,20.5,4,0,0,14,16,0,8,20,19,1,2,0,93,30,22,57.7,Matches
97,Gino Caoki,fr FRA,MF,Lorient,19,2004,0.1,0,0,0,0,1,0,1,0,0,0,0,0,2,0,0,,Matches
98,Maxence Caqueret,fr FRA,MF,Lyon,23,2000,33.6,1,0,0,34,30,1,86,48,64,0,1,0,236,9,12,42.9,Matches
99,Igor Carioca,br BRA,"DF,MF",Lorient,26,1996,2.9,2,0,0,7,4,0,10,3,6,0,2,0,18,4,5,44.4,Matches
100,Antonin Cartillier,fr FRA,DF,Monaco,19,2004,0.1,0,0,0,0,0,0,0,0,0,0,0,0,1,0,0,,Matches
101,Josué Casimir,ht HAI,"FW,DF",Le Havre,21,2001,22.4,6,0,0,25,28,7,52,13,18,1,0,0,107,21,25,45.7,Matches
102,Cristian Cásseres Jr.,ve VEN,MF,Toulouse,23,2000,21.6,1,0,0,42,35,0,22,27,34,0,1,0,136,15,26,36.6,Matches
103,Jean-Charles Castelletto,cm CMR,DF,Nantes,28,1995,27.4,5,0,0,33,18,2,20,32,26,0,2,0,138,51,32,61.4,Matches
104,Maximiliano Caufriez,be BEL,DF,Clermont Foot,26,1997,18.4,6,3,1,39,18,0,4,18,28,0,1,0,72,19,17,52.8,Matches
105,Ivan Cavaleiro,pt POR,FW,Lille,29,1993,8.6,1,0,0,10,7,2,29,5,6,0,0,0,31,15,22,40.5,Matches
106,Fabien Centonze,fr FRA,DF,Nantes,27,1996,1.0,1,0,0,2,2,0,7,0,1,0,0,0,7,1,1,50.0,Matches
107,Fares Chaïbi,dz ALG,"FW,MF",Toulouse,20,2002,0.6,1,0,0,1,0,0,7,0,0,0,0,0,3,1,0,100.0,Matches
108,Muhammed Cham,at AUT,"MF,FW",Clermont Foot,22,2000,28.4,4,0,0,22,56,3,118,8,14,0,0,0,144,7,23,23.3,Matches
109,Brendan Chardonnet,fr FRA,DF,Brest,28,1994,33.0,4,0,0,35,23,0,13,53,34,0,0,0,174,86,54,61.4,Matches
110,Jhoanner Chávez,ec ECU,DF,Lens,21,2002,5.3,1,0,0,10,4,3,13,5,5,0,0,0,20,7,6,53.8,Matches
111,Rayan Cherki,fr FRA,"MF,FW",Lyon,19,2003,19.1,0,0,0,10,31,2,71,7,15,0,0,0,98,1,8,11.1,Matches
112,Lucas Chevalier,fr FRA,GK,Lille,21,2001,33.0,1,0,0,1,7,0,0,0,0,0,1,0,54,4,0,100.0,Matches
113,Pedro Chirivella,es ESP,MF,Nantes,26,1997,28.8,5,0,0,26,21,2,29,31,28,0,0,0,165,13,18,41.9,Matches
114,Joris Chotard,fr FRA,MF,Montpellier,21,2001,28.7,5,0,0,30,18,0,33,44,52,0,1,0,207,25,23,52.1,Matches
115,Djaoui Cissé,fr FRA,MF,Rennes,19,2004,0.0,0,0,0,0,0,0,0,0,0,0,0,0,0,0,0,,Matches
116,Ibrahim Cissoko,nl NED,"FW,MF",Toulouse,20,2003,2.7,1,0,0,1,6,2,20,1,3,0,0,0,16,0,5,0.0,Matches
117,Alexis Claude-Maurice,fr FRA,MF,Nice,25,1998,5.6,1,0,0,16,8,1,26,5,5,0,0,0,27,3,3,50.0,Matches
118,Jonathan Clauss,fr FRA,DF,Marseille,30,1992,23.0,2,1,0,11,16,3,159,36,20,0,0,0,125,12,19,38.7,Matches
119,Marcus Coco,fr FRA,"DF,FW",Nantes,27,1996,16.5,2,0,0,23,27,0,46,21,26,0,0,0,77,23,21,52.3,Matches
120,Maxime Colin,fr FRA,DF,Metz,31,1991,20.4,3,0,0,11,8,0,34,20,23,1,0,0,83,23,14,62.2,Matches
121,Eray Cömert,ch SUI,DF,Nantes,25,1998,22.2,5,0,0,26,26,1,3,36,28,0,2,0,99,14,27,34.1,Matches
122,Alois Confais,fr FRA,"MF,FW",Le Havre,26,1996,0.1,0,0,0,0,0,0,1,0,2,0,0,0,3,0,0,,Matches
123,Joaquín Correa,ar ARG,"FW,MF",Marseille,28,1994,4.8,2,0,0,6,5,0,1,1,5,0,0,0,18,5,6,45.5,Matches
124,Oscar Cortés,co COL,"FW,MF",Lens,19,2003,0.5,0,0,0,0,1,1,2,0,0,0,0,0,2,1,2,33.3,Matches
125,David Costa,pt POR,MF,Lens,22,2001,16.6,3,0,0,12,23,0,77,16,10,1,0,0,75,6,9,40.0,Matches
126,Logan Costa,cv CPV,DF,Toulouse,22,2001,29.4,6,0,0,38,10,1,12,23,24,0,0,0,158,64,37,63.4,Matches
127,Grégoire Coudert,fr FRA,GK,Brest,24,1999,2.0,0,0,0,0,0,0,0,0,0,0,0,0,1,0,0,,Matches
128,Mamadou Coulibaly,fr FRA,MF,Monaco,19,2004,1.3,0,0,0,3,2,0,1,0,4,0,0,0,3,2,0,100.0,Matches
129,Tanguy Coulibaly,fr FRA,"FW,MF",Montpellier,22,2001,6.9,2,0,0,12,14,0,8,2,11,1,0,0,44,8,9,47.1,Matches
130,Nicolas Cozza,fr FRA,DF,Nantes,24,1999,9.9,2,0,0,9,19,1,13,14,23,0,0,0,25,7,12,36.8,Matches
131,Trévis Dago,ci CIV,"FW,MF",Lille,18,2005,0.3,1,0,0,2,1,0,1,1,0,0,0,0,1,1,1,50.0,Matches
132,Thijs Dallinga,nl NED,FW,Toulouse,22,2000,27.9,6,0,0,37,45,20,14,3,15,1,0,0,68,59,43,57.8,Matches
133,Kevin Danso,at AUT,DF,Lens,24,1998,29.5,6,0,0,23,48,2,3,23,14,0,0,0,216,55,27,67.1,Matches
134,Dante,br BRA,DF,Nice,39,1983,31.6,5,1,0,42,17,0,10,37,30,0,1,0,219,55,31,64.0,Matches
135,Raimane Daou,km COM,"DF,MF",Marseille,18,2004,0.3,0,0,0,2,0,0,0,0,1,0,0,0,2,0,0,,Matches
136,Mohamed Daramy,dk DEN,"FW,MF",Reims,21,2002,18.3,0,0,0,7,28,9,15,4,9,0,0,0,71,5,11,31.3,Matches
137,Achraf Dari,ma MAR,"DF,FW",Brest,24,1999,1.3,0,0,0,2,1,0,0,5,1,0,0,0,9,4,0,100.0,Matches
138,Jonathan David,ca CAN,FW,Lille,23,2000,29.2,4,0,0,29,56,13,2,9,15,2,0,0,83,21,67,23.9,Matches
139,Thibault De Smet,be BEL,DF,Reims,25,1998,20.3,7,1,0,38,9,2,31,21,35,1,1,0,87,17,21,44.7,Matches
140,Romain Del Castillo,fr FRA,FW,Brest,27,1996,27.7,4,0,0,21,58,3,251,9,29,0,0,0,137,22,30,42.3,Matches
141,Thomas Delaine,fr FRA,"DF,MF",Strasbourg,31,1992,22.7,5,0,0,39,21,1,104,17,19,0,1,0,77,17,17,50.0,Matches
142,Sacha Delaye,fr FRA,"MF,FW",Montpellier,21,2002,1.4,1,0,0,6,1,0,3,0,2,0,0,0,8,1,6,14.3,Matches
143,Karamoko Dembélé,eng ENG,"MF,FW",Brest,20,2003,0.2,0,0,0,0,1,0,1,0,0,0,0,0,0,0,0,,Matches
144,Ousmane Dembélé,fr FRA,"MF,FW",Paris S-G,26,1997,16.7,0,0,0,7,27,6,99,5,14,1,0,0,59,3,6,33.3,Matches
145,Jessy Deminguet,fr FRA,"MF,FW",Strasbourg,25,1998,7.7,1,0,0,16,9,1,9,9,9,0,0,0,40,6,6,50.0,Matches
146,Rémy Descamps,fr FRA,GK,Nantes,27,1996,6.0,1,0,0,0,2,0,0,0,0,0,0,0,4,1,2,33.3,Matches
147,Mikkel Desler,dk DEN,DF,Toulouse,28,1995,17.2,2,0,0,17,20,1,30,19,12,0,0,0,91,22,17,56.4,Matches
148,Arthur Desmas,fr FRA,GK,Le Havre,29,1994,33.0,2,0,0,0,9,0,0,0,0,0,0,0,25,7,0,100.0,Matches
149,Lamine Diack,sn SEN,MF,Nantes,22,2000,0.0,0,0,0,0,0,0,0,0,0,0,0,0,0,0,0,,Matches
150,Mamadou Diakhon,fr FRA,"FW,MF",Reims,17,2005,2.3,0,0,0,4,11,0,4,1,3,0,0,0,15,2,4,33.3,Matches
151,Bafodé Diakité,fr FRA,DF,Lille,22,2001,18.8,4,0,0,16,12,2,3,21,20,0,1,0,83,32,19,62.7,Matches
152,Ibrahim Diakité,gn GUI,DF,Reims,19,2003,1.2,0,0,0,5,3,0,9,2,0,0,0,0,12,3,2,60.0,Matches
153,Oumar Diakité,ci CIV,FW,Reims,19,2003,17.6,4,0,0,35,27,32,3,7,12,1,0,0,57,23,63,26.7,Matches
154,Habib Diarra,sn SEN,"MF,FW",Strasbourg,19,2004,25.6,3,0,0,40,41,1,22,17,23,0,0,0,112,14,25,35.9,Matches
155,Moussa Diarra,ml MLI,DF,Toulouse,22,2000,15.5,5,0,0,22,18,0,16,20,12,0,0,0,63,21,16,56.8,Matches
156,Krépin Diatta,sn SEN,"DF,FW",Monaco,24,1999,13.4,2,0,0,18,24,1,39,16,20,0,0,0,80,30,19,61.2,Matches
157,Mory Diaw,sn SEN,GK,Clermont Foot,30,1993,30.0,3,0,0,0,3,0,0,1,1,0,0,0,41,11,1,91.7,Matches
158,Mahamadou Diawara,fr FRA,MF,Lyon,18,2005,4.0,2,0,0,10,7,0,2,4,6,0,0,0,18,3,4,42.9,Matches
159,Bamba Dieng,sn SEN,FW,Lorient,23,2000,6.1,3,0,0,7,19,6,5,0,3,0,0,0,12,17,19,47.2,Matches
160,Guillaume Dietsch,fr FRA,GK,Metz,22,2001,0.8,0,0,0,0,0,0,0,0,0,0,0,0,0,0,0,,Matches
161,Sinaly Diomande,ci CIV,DF,Lyon,22,2001,9.9,2,0,0,12,8,0,1,15,4,0,0,0,73,16,13,55.2,Matches
162,Edan Diop,fr FRA,"MF,DF",Monaco,18,2004,1.8,3,0,0,7,3,0,2,1,8,0,1,0,11,3,2,60.0,Matches
163,Sofiane Diop,ma MAR,FW,Nice,23,2000,5.5,0,0,0,9,12,8,13,3,6,0,0,0,28,1,4,20.0,Matches
164,Andy Diouf,fr FRA,MF,Lens,20,2003,14.6,2,0,0,12,15,0,47,3,19,0,0,0,94,10,14,41.7,Matches
165,Yehvann Diouf,sn SEN,GK,Reims,23,1999,34.0,1,0,0,0,9,0,0,1,0,0,0,0,57,12,2,85.7,Matches
166,Chaim El Djebali,tn TUN,MF,Lyon,19,2004,0.1,0,0,0,1,0,0,1,0,0,0,0,0,0,0,1,0.0,Matches
167,Jeremy Doku,be BEL,FW,Rennes,21,2002,1.2,0,0,0,2,4,0,1,0,2,0,0,0,7,0,2,0.0,Matches
168,Gianluigi Donnarumma,it ITA,GK,Paris S-G,24,1999,24.1,3,1,0,2,0,0,0,1,0,0,1,0,28,2,1,66.7,Matches
169,Siriné Doucouré,ml MLI,FW,Lorient,21,2002,4.7,2,0,0,10,6,2,1,1,6,0,0,0,8,17,24,41.5,Matches
170,Désiré Doué,fr FRA,"MF,FW",Rennes,18,2005,18.1,3,0,0,35,55,2,70,14,18,1,1,0,96,6,15,28.6,Matches
171,Guela Doué,ci CIV,DF,Rennes,20,2002,13.7,1,1,0,29,11,0,43,15,21,2,0,0,78,18,19,48.6,Matches
172,Douglas,br BRA,MF,Nantes,26,1997,19.7,7,0,0,48,24,0,20,26,42,0,1,0,126,8,20,28.6,Matches
173,Ismaël Doukouré,fr FRA,"MF,DF",Strasbourg,20,2003,18.4,4,0,0,19,11,0,0,19,16,0,0,1,100,14,17,45.2,Matches
174,Kamory Doumbia,ml MLI,MF,Brest,20,2003,9.8,1,0,0,15,10,1,8,9,18,0,0,0,68,10,13,43.5,Matches
175,Jean-Kevin Duverne,ht HAI,DF,Nantes,26,1997,15.0,5,0,0,29,16,0,13,18,19,0,1,0,80,15,15,50.0,Matches
176,Aron Dønnum,no NOR,"FW,MF",Toulouse,25,1998,17.7,8,0,0,31,36,4,28,8,10,1,0,0,76,6,13,31.6,Matches
177,Simon Ebonog,cm CMR,MF,Le Havre,18,2004,0.2,0,0,0,0,1,0,0,0,1,0,0,0,1,2,0,100.0,Matches
178,Hugo Ekitike,fr FRA,FW,Paris S-G,21,2002,0.1,0,0,0,1,0,0,0,0,0,0,0,0,0,0,0,,Matches
179,Simon Elisor,fr FRA,FW,Metz,24,1999,8.5,1,0,0,17,16,4,4,0,2,1,0,0,20,35,47,42.7,Matches
180,Breel Embolo,ch SUI,FW,Monaco,26,1997,2.0,0,0,0,3,7,3,1,1,3,0,0,0,3,1,8,11.1,Matches
181,Emanuel Emegha,nl NED,FW,Strasbourg,20,2003,23.1,3,0,0,26,24,12,1,2,5,1,0,0,41,33,66,33.3,Matches
182,Maxime Estève,fr FRA,DF,Montpellier,21,2002,11.1,2,0,0,11,7,0,2,18,12,0,0,1,52,18,13,58.1,Matches
183,Oscar Estupiñan,co COL,FW,Metz,26,1996,2.9,0,0,0,6,3,1,1,0,4,0,0,0,11,11,11,50.0,Matches
184,Romain Faivre,fr FRA,"MF,FW",Lorient,25,1998,16.1,1,0,0,5,47,1,38,7,6,0,0,0,85,3,8,27.3,Matches
185,Ilhan Fakili,fr FRA,"MF,FW",Clermont Foot,17,2006,1.0,0,0,0,1,1,0,1,1,0,0,0,0,3,0,3,0.0,Matches
186,Khalil Fayad,fr FRA,"FW,MF",Montpellier,19,2004,11.4,2,0,0,22,24,1,13,14,15,0,0,0,54,12,14,46.2,Matches
187,Ichem Ferrah,fr FRA,FW,Lille,17,2005,0.0,0,0,0,1,0,0,0,0,0,0,0,0,0,0,0,,Matches
188,Jordan Ferri,fr FRA,MF,Montpellier,31,1992,22.6,6,0,0,48,43,0,38,13,22,0,1,0,174,10,20,33.3,Matches
189,Malick Fofana,be BEL,FW,Lyon,18,2005,6.2,0,0,0,3,11,0,20,5,4,1,0,0,18,0,7,0.0,Matches
190,Youssouf Fofana,fr FRA,MF,Monaco,24,1999,30.0,3,0,0,37,33,1,14,37,39,0,1,1,230,17,16,51.5,Matches
191,Thomas Foket,be BEL,DF,Reims,28,1994,20.4,9,1,1,26,13,4,37,25,17,0,0,0,97,16,19,45.7,Matches
192,Tiago Fonseca Morais,pt POR,FW,Lille,19,2003,0.5,0,0,0,1,0,0,1,1,1,0,0,0,3,0,0,,Matches
193,Przemysław Frankowski,pl POL,DF,Lens,28,1995,24.4,4,0,0,33,12,0,118,25,39,0,0,0,96,17,26,39.5,Matches
194,Angelo Fulgini,fr FRA,MF,Lens,26,1996,15.3,1,0,0,8,25,1,114,8,14,0,0,0,79,33,30,52.4,Matches
195,Kévin Gameiro,fr FRA,"FW,MF",Strasbourg,36,1987,15.0,0,0,0,3,6,3,10,3,10,0,0,0,48,4,12,25.0,Matches
196,Ignatius Ganago,cm CMR,"FW,MF",Nantes,24,1999,2.0,0,0,0,2,6,1,6,1,0,0,0,0,8,5,6,45.5,Matches
197,Ulisses Garcia,ch SUI,DF,Marseille,27,1996,10.1,0,0,0,15,11,0,49,7,16,0,0,0,45,17,10,63.0,Matches
198,Johan Gastien,fr FRA,MF,Clermont Foot,35,1988,25.1,7,0,0,31,29,1,39,36,22,0,0,0,165,17,16,51.5,Matches
199,Yann Gboho,fr FRA,"MF,FW",Toulouse,22,2001,13.3,1,0,0,9,38,2,15,4,4,2,0,0,56,5,7,41.7,Matches
200,Gelabert,es ESP,"MF,FW",Toulouse,22,2000,8.4,1,0,0,10,14,0,9,5,8,0,0,0,45,9,10,47.4,Matches
201,Denis Genreau,au AUS,"MF,FW",Toulouse,24,1999,5.2,0,0,0,9,10,0,7,6,9,0,0,0,41,6,6,50.0,Matches
202,Samuel Gigot,fr FRA,DF,Marseille,29,1993,19.2,7,1,0,21,14,1,6,25,22,0,1,0,80,47,16,74.6,Matches
203,Aleksandr Golovin,ru RUS,"MF,FW",Monaco,27,1996,23.9,8,1,0,25,36,3,110,21,30,1,0,0,133,12,18,40.0,Matches
204,Angel Gomes,eng ENG,MF,Lille,22,2000,28.6,5,0,0,31,36,0,45,18,13,0,0,0,125,7,13,35.0,Matches
205,Maxime Gonalons,fr FRA,MF,Clermont Foot,34,1989,14.4,4,0,0,28,15,0,1,20,33,0,0,0,97,15,9,62.5,Matches
206,Mathieu Gorgelin,fr FRA,GK,Le Havre,32,1990,1.0,1,0,0,0,0,0,0,0,0,0,0,0,1,0,0,,Matches
207,Amine Gouiri,dz ALG,"FW,MF",Rennes,23,2000,23.0,2,0,0,27,23,1,7,14,10,1,0,0,75,15,19,44.1,Matches
208,Jonathan Gradit,fr FRA,DF,Lens,30,1992,23.5,9,1,0,31,26,0,17,37,20,0,1,0,118,55,51,51.9,Matches
209,Samuel Grandsir,fr FRA,"MF,FW",Le Havre,26,1996,6.7,4,2,1,18,5,5,44,3,12,0,0,0,25,1,6,14.3,Matches
210,Adrian Grbić,at AUT,FW,Lorient,26,1996,0.3,0,0,0,0,0,0,1,0,0,0,0,0,0,2,1,66.7,Matches
211,Gabriel Gudmundsson,se SWE,"DF,FW",Lille,24,1999,14.1,2,0,0,21,19,4,36,15,16,0,0,0,65,9,14,39.1,Matches
212,Axel Gueguin,fr FRA,"DF,FW",Montpellier,18,2005,1.5,0,0,0,0,3,0,2,2,5,0,0,0,10,2,2,50.0,Matches
213,Mattéo Guendouzi,fr FRA,MF,Marseille,24,1999,0.2,0,0,0,0,1,0,1,0,0,0,0,0,1,0,1,0.0,Matches
214,Evann Guessand,ci CIV,FW,Nice,22,2001,17.3,1,0,0,32,47,5,11,12,7,3,0,0,56,24,26,48.0,Matches
215,Pape Gueye,sn SEN,"MF,DF",Marseille,24,1999,8.5,2,0,0,20,18,1,9,13,21,0,0,0,52,15,9,62.5,Matches
216,Morgan Guilavogui,gn GUI,"FW,MF",Lens,25,1998,6.3,1,0,0,14,7,7,5,4,10,0,0,0,21,16,11,59.3,Matches
217,Frederic Guilbert,fr FRA,"DF,MF",Strasbourg,28,1994,27.7,3,0,0,35,15,2,85,71,50,0,0,0,136,23,41,35.9,Matches
218,Jaouen Hadjam,dz ALG,DF,Nantes,20,2003,1.2,0,0,0,4,1,0,12,3,4,0,0,0,14,1,0,100.0,Matches
219,Massadio Haïdara,ml MLI,DF,Lens,30,1992,8.2,1,0,0,11,7,2,22,11,8,0,1,0,33,14,8,63.6,Matches
220,Oualid El Hajjam,ma MAR,"DF,MF",Le Havre,32,1991,4.4,1,0,0,13,4,1,10,6,7,1,0,0,26,3,5,37.5,Matches
221,Achraf Hakimi,ma MAR,DF,Paris S-G,24,1998,21.5,3,0,0,22,26,3,79,12,19,0,1,0,142,9,12,42.9,Matches
222,Amine Harit,ma MAR,"MF,FW",Marseille,26,1997,20.2,5,0,0,19,51,1,39,12,16,0,0,0,121,4,16,20.0,Matches
223,Silvan Hefti,ch SUI,"DF,FW",Montpellier,25,1997,7.9,1,0,0,5,8,0,19,8,15,0,0,0,39,3,8,27.3,Matches
224,Henrique,br BRA,DF,Lyon,29,1994,6.7,2,0,0,7,8,0,17,10,6,0,0,0,24,5,5,50.0,Matches
225,Luis Henrique,br BRA,"FW,DF",Marseille,21,2001,8.7,0,0,0,1,2,6,27,8,7,0,0,0,58,0,0,,Matches
226,Christophe Hérelle,mq MTQ,DF,Metz,30,1992,18.0,4,1,0,14,33,0,1,18,15,0,0,0,77,17,16,51.5,Matches
227,Lucas Hernández,fr FRA,DF,Paris S-G,27,1996,21.2,6,0,0,23,30,1,19,27,36,1,0,0,124,23,16,59.0,Matches
228,Andrej Ilic,rs SRB,FW,Lille,23,2000,0.1,0,0,0,1,0,0,0,0,0,0,0,0,0,0,0,,Matches
229,Bonke Innocent,ng NGA,MF,Lorient,27,1996,2.3,1,0,0,5,4,0,0,4,4,0,0,0,11,3,2,60.0,Matches
230,Ismaily,br BRA,DF,Lille,33,1990,27.4,1,0,0,15,23,3,29,32,47,0,0,0,126,42,16,72.4,Matches
231,Yanis Issoufou,fr FRA,MF,Montpellier,16,2006,0.1,0,0,0,1,1,0,1,0,0,0,0,0,2,0,1,0.0,Matches
232,Junya Ito,jp JPN,"FW,MF",Reims,30,1993,30.2,2,0,0,18,32,19,201,14,15,0,0,0,115,18,34,34.6,Matches
233,Jérémy Jacquet,fr FRA,MF,Rennes,18,2005,0.1,0,0,0,0,0,0,0,1,1,0,0,0,3,0,0,,Matches
234,Jérémy Jacquet,fr FRA,DF,Clermont Foot,18,2005,2.8,0,0,0,1,3,1,1,6,3,0,0,0,9,6,4,60.0,Matches
235,Ismail Jakobs,sn SEN,DF,Monaco,23,1999,16.3,0,0,0,25,18,3,76,11,41,0,0,0,75,38,30,55.9,Matches
236,Ablie Jallow,gm GAM,"MF,FW",Metz,24,1998,10.2,1,0,0,8,14,0,23,8,5,0,0,0,49,5,18,21.7,Matches
237,Danley Jean-Jacques,ht HAI,MF,Metz,23,2000,29.8,5,0,0,48,23,2,20,44,28,0,0,0,126,23,45,33.8,Matches
238,Jeffinho,br BRA,"FW,MF",Lyon,23,1999,3.4,0,0,0,4,5,1,2,0,4,1,0,0,15,4,3,57.1,Matches
239,Antoine Joujou,fr FRA,"FW,MF",Le Havre,20,2003,8.7,1,0,0,17,10,0,18,7,12,0,0,0,42,10,24,29.4,Matches
240,Christopher Jullien,fr FRA,DF,Montpellier,30,1993,13.7,5,0,0,13,5,0,1,12,12,0,0,0,47,45,25,64.3,Matches
241,Eli Junior Kroupi,fr FRA,"FW,MF",Lorient,17,2006,12.0,1,0,0,16,8,8,14,10,4,0,0,0,35,8,21,27.6,Matches
242,Abdoul Kader Bamba,fr FRA,"FW,MF",Nantes,29,1994,6.8,2,0,0,3,35,5,26,4,7,1,0,0,44,6,6,50.0,Matches
243,Yaya Kader Fofana,ml MLI,"MF,DF",Reims,19,2004,0.4,0,0,0,2,0,1,1,1,3,0,0,0,5,1,2,33.3,Matches
244,Tino Kadewere,zw ZIM,"FW,MF",Lyon,27,1996,3.3,0,0,0,6,2,2,2,5,1,0,0,0,23,10,11,47.6,Matches
245,Tino Kadewere,zw ZIM,"FW,MF",Nantes,27,1996,8.7,1,0,0,13,10,5,6,10,4,0,0,0,42,26,24,52.0,Matches
246,Arnaud Kalimuendo,fr FRA,FW,Rennes,21,2002,23.8,6,0,0,28,50,6,11,4,4,3,0,0,45,6,61,9.0,Matches
247,Gedeon Kalulu,cd COD,DF,Lorient,25,1997,10.8,0,0,0,18,7,0,21,5,17,0,0,0,60,10,11,47.6,Matches
248,Warren Kamanzi,no NOR,"DF,FW",Toulouse,22,2000,13.2,1,0,0,12,14,0,20,9,24,0,0,0,47,9,21,30.0,Matches
249,Lee Kang-in,kr KOR,"FW,MF",Paris S-G,22,2001,16.3,2,0,0,17,22,1,97,6,13,0,0,0,61,4,11,26.7,Matches
250,Yann Karamoh,fr FRA,"FW,MF",Montpellier,25,1998,3.2,1,0,0,7,7,2,5,0,0,0,0,0,17,2,13,13.3,Matches
251,Ayman Kari,fr FRA,MF,Lorient,18,2004,9.9,1,0,0,10,28,0,1,6,14,0,0,0,50,2,7,22.2,Matches
252,Panos Katseris,gr GRE,DF,Lorient,22,2001,11.6,4,0,0,19,11,2,45,8,20,0,1,0,58,11,15,42.3,Matches
253,Kévin Keben Biakolo,cm CMR,DF,Toulouse,19,2004,5.8,1,0,0,10,5,0,3,8,2,0,0,0,32,6,9,40.0,Matches
254,Yassine Kechta,ma MAR,MF,Le Havre,21,2002,20.5,4,0,0,30,31,0,19,23,24,0,0,0,115,9,31,22.5,Matches
255,Thilo Kehrer,de GER,DF,Monaco,26,1996,14.7,4,1,1,17,5,0,4,30,22,0,1,0,61,22,20,52.4,Matches
256,Habib Keita,ml MLI,MF,Clermont Foot,21,2002,14.2,4,0,0,23,36,0,4,29,19,0,0,0,83,7,11,38.9,Matches
257,Reda Khadra,de GER,"FW,MF",Reims,22,2001,15.2,1,0,0,13,9,1,46,3,10,0,0,0,66,1,8,11.1,Matches
258,Wahbi Khazri,tn TUN,FW,Montpellier,32,1991,12.6,6,0,0,19,23,7,11,3,17,0,0,0,57,9,13,40.9,Matches
259,Abdukodir Khusanov,uz UZB,DF,Lens,19,2004,9.0,5,0,0,9,7,0,2,13,12,0,1,0,41,6,5,54.5,Matches
260,Philipp Köhn,ch SUI,GK,Monaco,25,1998,22.0,0,0,0,0,1,0,0,1,1,0,0,0,26,3,0,100.0,Matches
261,Randal Kolo Muani,fr FRA,"FW,MF",Paris S-G,24,1998,14.1,1,0,0,34,26,6,9,4,8,2,0,0,43,15,14,51.7,Matches
262,Cheick Konaté,ml MLI,DF,Clermont Foot,19,2004,11.9,4,0,0,17,14,0,43,13,15,0,1,0,55,7,12,36.8,Matches
263,Geoffrey Kondogbia,cf CTA,MF,Marseille,30,1993,16.3,3,0,0,25,29,2,2,30,31,0,0,0,114,17,7,70.8,Matches
264,Abdoul Koné,fr FRA,DF,Reims,18,2005,2.1,1,0,0,2,4,0,1,2,7,1,0,0,14,0,1,0.0,Matches
265,Amadou Koné,ml MLI,MF,Reims,18,2005,5.3,4,1,1,7,21,0,1,10,8,0,0,0,42,12,12,50.0,Matches
266,Ibrahima Koné,ml MLI,FW,Lorient,24,1999,0.4,0,0,0,0,1,0,0,0,0,0,0,0,1,3,1,75.0,Matches
267,N'Guessan Kouadio,ci CIV,"MF,FW",Metz,20,2003,1.2,0,0,0,10,5,0,1,1,1,0,0,0,8,1,0,100.0,Matches
268,Koffi Kouao,ci CIV,DF,Metz,25,1998,9.6,2,0,0,16,5,1,16,13,13,0,0,0,52,13,6,68.4,Matches
269,Therence Koudou,fr FRA,DF,Reims,18,2004,3.5,3,0,0,9,1,0,14,4,2,0,3,0,20,1,7,12.5,Matches
270,Boubakar Kouyaté,ml MLI,DF,Montpellier,26,1997,21.4,5,1,0,35,21,1,1,29,30,0,2,0,110,61,28,68.5,Matches
271,Sael Kumbedi,fr FRA,DF,Lyon,18,2005,10.3,3,0,0,23,12,2,28,14,20,0,0,0,60,4,9,30.8,Matches
272,Layvin Kurzawa,fr FRA,DF,Paris S-G,30,1992,0.1,0,0,0,0,0,0,0,0,0,0,0,0,0,0,0,,Matches
273,Daler Kuzyaev,ru RUS,MF,Le Havre,30,1993,23.2,1,0,0,30,26,4,27,22,19,0,0,0,110,26,20,56.5,Matches
274,Grejohn Kyei,fr FRA,FW,Clermont Foot,27,1995,11.4,1,0,0,29,11,8,2,1,4,0,0,0,20,28,29,49.1,Matches
275,Gaëtan Laborde,fr FRA,"FW,MF",Nice,29,1994,21.2,2,0,0,25,8,4,62,6,12,0,1,0,63,32,32,50.0,Matches
276,Alexandre Lacazette,fr FRA,FW,Lyon,32,1991,25.5,3,1,0,50,36,13,10,8,12,1,0,0,60,27,40,40.3,Matches
277,Alban Lafont,ci CIV,GK,Nantes,24,1999,27.7,2,0,0,1,4,0,0,0,0,0,1,0,37,11,1,91.7,Matches
278,Kenny Lala,mg MAD,DF,Brest,31,1991,33.0,7,0,0,24,25,0,143,28,51,0,0,0,221,7,14,33.3,Matches
279,Mathis Lambourde,fr FRA,FW,Rennes,17,2006,0.1,0,0,0,0,1,0,0,0,0,0,0,0,3,1,2,33.3,Matches
280,Mohamed Lamine Bayo,gn GUI,FW,Le Havre,25,1998,15.4,4,0,0,14,13,7,8,2,5,0,0,0,30,36,42,46.2,Matches
281,Didier Lamkel Zé,cm CMR,"FW,MF",Metz,26,1996,6.1,1,0,0,14,11,3,13,0,2,0,0,0,26,13,21,38.2,Matches
282,Julien Laporte,fr FRA,DF,Lorient,29,1993,20.2,4,0,0,20,9,1,1,11,14,0,1,0,73,38,34,52.8,Matches
283,Théo Le Bris,fr FRA,"DF,MF",Lorient,20,2002,16.8,2,0,0,7,10,0,33,12,22,0,0,0,61,7,11,38.9,Matches
284,Julien Le Cardinal,fr FRA,DF,Brest,25,1997,5.3,3,0,0,7,5,0,5,13,11,0,0,0,20,11,9,55.0,Matches
285,Julien Le Cardinal,fr FRA,DF,Lens,25,1997,0.6,0,0,0,2,1,0,4,0,2,0,0,0,6,1,0,100.0,Matches
286,Jérémy Le Douaron,fr FRA,FW,Brest,25,1998,18.0,3,0,0,29,31,3,44,2,10,1,1,0,64,48,46,51.1,Matches
287,Enzo Le Fée,fr FRA,MF,Rennes,23,2000,17.0,3,0,0,24,18,0,24,19,35,0,0,0,127,11,12,47.8,Matches
288,Vincent Le Goff,fr FRA,"DF,MF",Lorient,33,1989,6.0,1,0,0,3,5,2,18,3,0,0,0,0,35,2,2,50.0,Matches
289,Adrien Lebeau,fr FRA,"MF,FW",Brest,24,1999,0.6,0,0,0,1,2,0,3,0,0,0,0,0,5,0,3,0.0,Matches
290,Jean-Louis Leca,fr FRA,GK,Lens,37,1985,1.0,0,0,0,0,0,0,0,0,0,0,0,0,3,0,0,,Matches
291,Benjamin Lecomte,fr FRA,GK,Montpellier,32,1991,30.0,1,0,0,0,2,0,0,0,0,0,0,1,14,6,0,100.0,Matches
292,Pierre Lees-Melou,fr FRA,MF,Brest,30,1993,28.0,12,1,1,47,57,1,31,43,67,0,0,0,270,20,12,62.5,Matches
293,Johann Lepenant,fr FRA,MF,Lyon,20,2002,2.8,1,0,0,6,3,0,2,4,3,0,0,0,22,1,2,33.3,Matches
294,Léo Leroy,fr FRA,MF,Montpellier,23,2000,5.5,4,0,0,19,5,0,1,7,10,0,0,0,37,8,9,47.1,Matches
295,Gautier Lloris,fr FRA,DF,Le Havre,28,1995,30.9,2,0,0,35,7,1,3,32,28,0,2,0,147,75,36,67.6,Matches
296,Abou Lô,sn SEN,"MF,DF",Metz,23,2000,2.2,0,1,0,3,2,0,0,4,1,0,0,0,10,2,2,50.0,Matches
297,Bradley Locko,fr FRA,DF,Brest,21,2002,32.9,5,0,0,26,42,1,94,40,55,0,0,0,213,30,25,54.5,Matches
298,Renan Lodi,br BRA,DF,Marseille,25,1998,13.7,6,0,0,27,17,1,70,16,16,0,0,0,68,7,11,38.9,Matches
299,Elysée Logbo,fr FRA,FW,Le Havre,19,2004,2.8,0,0,0,12,0,1,1,0,0,0,0,0,11,4,9,30.8,Matches
300,Anthony Lopes,pt POR,GK,Lyon,32,1990,31.0,0,0,0,1,6,0,0,0,0,0,1,0,33,5,0,100.0,Matches
301,Pau López,es ESP,GK,Marseille,28,1994,32.7,1,0,0,0,12,0,0,0,0,0,0,0,38,3,0,100.0,Matches
302,Jordan Lotomba,ch SUI,DF,Nice,24,1998,20.0,4,0,0,12,25,0,20,16,28,0,1,0,72,21,15,58.3,Matches
303,Tom Louchet,fr FRA,"MF,DF",Nice,20,2003,4.5,1,0,0,7,4,0,33,3,5,1,0,0,13,4,8,33.3,Matches
304,Imran Louza,ma MAR,MF,Lorient,24,1999,9.6,1,0,0,16,15,0,53,9,7,0,0,0,57,9,8,52.9,Matches
305,Dejan Lovren,hr CRO,DF,Lyon,34,1989,8.0,2,1,0,12,1,0,3,12,7,0,0,0,33,24,10,70.6,Matches
306,Joshua M'Bahia,ci CIV,MF,Clermont Foot,18,2005,0.2,1,0,0,1,0,0,0,0,0,0,0,0,1,1,0,100.0,Matches
307,Othmane Maamma,ma MAR,FW,Montpellier,17,2005,1.0,0,0,0,0,1,0,4,0,3,0,0,0,9,0,1,0.0,Matches
308,Deiver Machado,co COL,DF,Lens,29,1993,12.5,4,0,0,30,27,2,29,7,18,0,0,0,61,12,10,54.5,Matches
309,Soungoutou Magassa,fr FRA,"DF,MF",Monaco,19,2003,15.0,7,0,0,31,13,1,3,21,26,0,1,0,112,24,17,58.5,Matches
310,Hugo Magnetti,fr FRA,MF,Brest,25,1998,26.0,6,0,0,21,17,2,20,18,27,0,0,0,156,13,23,36.1,Matches
311,Yohann Magnin,fr FRA,MF,Clermont Foot,26,1997,18.7,2,0,0,37,23,1,14,19,31,0,0,0,97,31,30,50.8,Matches
312,Frank Magri,cm CMR,"FW,MF",Toulouse,23,1999,16.0,5,0,0,41,23,3,17,4,14,0,0,0,63,35,54,39.3,Matches
313,Adel Mahamoud,km COM,FW,Nantes,20,2003,0.1,0,0,0,0,0,0,0,0,0,0,0,0,0,0,1,0.0,Matches
314,Habib Maïga,ci CIV,"MF,FW",Metz,27,1996,1.6,0,0,0,4,2,0,1,4,2,0,0,0,17,2,1,66.7,Matches
315,Ainsley Maitland-Niles,eng ENG,"DF,MF",Lyon,25,1997,15.9,1,1,0,5,11,1,21,17,18,0,0,0,93,18,21,46.2,Matches
316,Radosław Majecki,pl POL,GK,Monaco,23,1999,12.0,1,0,0,0,2,0,0,0,0,0,0,0,16,4,1,80.0,Matches
317,Lovro Majer,hr CRO,MF,Rennes,25,1998,0.2,0,0,0,0,1,0,1,0,0,0,0,0,2,0,0,,Matches
318,Jean-Victor Makengo,fr FRA,"MF,FW",Lorient,25,1998,5.3,0,0,0,7,7,0,5,8,4,0,0,0,29,2,2,50.0,Matches
319,Aaron Malouda,fr FRA,FW,Lille,17,2005,0.0,0,0,0,0,0,0,0,0,0,0,0,0,0,0,0,,Matches
320,Hianga Mananga Mbock,fr FRA,"MF,FW",Brest,23,1999,0.1,0,0,0,0,0,0,0,1,0,0,0,0,0,0,1,0.0,Matches
321,Steve Mandanda,fr FRA,GK,Rennes,38,1985,34.0,1,0,0,1,7,0,0,0,0,0,1,1,37,9,1,90.0,Matches
322,Orel Mangala,be BEL,MF,Lyon,25,1998,4.4,0,0,0,11,4,0,2,5,3,0,1,0,9,5,8,38.5,Matches
323,Vito Mannone,it ITA,GK,Lille,35,1988,1.0,0,0,0,0,0,0,0,0,0,0,0,0,6,0,0,,Matches
324,Faitout Maouassa,fr FRA,"MF,DF",Lens,25,1998,0.8,0,0,0,2,1,0,3,0,1,0,0,0,1,2,1,66.7,Matches
325,Guillermo Maripán,cl CHI,DF,Monaco,29,1994,19.6,0,1,0,21,6,1,0,30,8,0,0,0,81,47,38,55.3,Matches
326,Marquinhos,br BRA,"FW,MF",Nantes,20,2003,1.7,0,0,0,7,6,1,5,6,2,1,0,0,14,2,5,28.6,Matches
327,Marquinhos,br BRA,DF,Paris S-G,29,1994,17.1,1,0,0,3,3,2,0,17,11,0,0,0,96,24,22,52.2,Matches
328,Jonas Martin,fr FRA,MF,Brest,33,1990,13.4,5,0,0,27,11,1,7,9,27,0,0,0,109,25,15,62.5,Matches
329,Clinton Mata,ao ANG,DF,Lyon,30,1992,24.7,6,0,0,29,37,1,52,40,24,0,0,0,145,27,27,50.0,Matches
330,Eliot Matazo,be BEL,MF,Monaco,21,2002,1.1,2,0,0,5,1,0,1,3,1,0,0,0,12,4,1,80.0,Matches
331,Nemanja Matić,rs SRB,MF,Rennes,34,1988,11.4,7,0,0,14,16,1,5,27,10,0,0,0,106,19,12,61.3,Matches
332,Nemanja Matić,rs SRB,MF,Lyon,34,1988,13.9,2,0,0,8,8,0,4,16,11,0,0,1,103,20,10,66.7,Matches
333,Chrislain Matsima,fr FRA,DF,Clermont Foot,21,2002,13.1,2,0,0,12,10,1,0,13,11,0,3,0,67,23,13,63.9,Matches
334,Chrislain Matsima,fr FRA,DF,Monaco,21,2002,3.3,2,0,0,10,2,0,0,4,7,0,1,0,23,10,8,55.6,Matches
335,Azor Matusiwa,nl NED,MF,Reims,25,1998,15.4,3,0,0,16,10,0,0,33,27,0,0,0,117,25,15,62.5,Matches
336,Azor Matusiwa,nl NED,MF,Rennes,25,1998,8.8,2,0,0,8,8,0,1,11,3,0,0,0,38,13,8,61.9,Matches
337,Aïman Maurer,ma MAR,"MF,FW",Clermont Foot,18,2004,0.6,0,0,0,0,0,0,4,0,1,0,0,0,2,0,3,0.0,Matches
338,Christian Mawissa,fr FRA,DF,Toulouse,18,2005,12.4,3,0,0,13,9,0,4,22,15,0,0,0,76,19,27,41.3,Matches
339,Noam Mayoka-Tika,be BEL,MF,Marseille,19,2003,0.0,0,0,0,1,0,0,0,0,0,0,0,0,0,0,0,,Matches
340,Senny Mayulu,fr FRA,"FW,MF",Paris S-G,17,2006,3.6,0,0,0,8,3,1,13,3,8,0,0,0,21,0,0,,Matches
341,Youssef Maziz,fr FRA,"FW,MF",Metz,25,1998,1.4,0,0,0,1,2,0,4,1,0,0,0,0,6,2,2,50.0,Matches
342,Ethan Mbappé,fr FRA,"MF,DF",Paris S-G,16,2006,0.5,0,0,0,1,1,0,1,0,0,0,0,0,1,0,0,,Matches
343,Kylian Mbappé,fr FRA,FW,Paris S-G,24,1998,24.0,4,0,0,19,38,20,23,2,1,2,0,0,47,0,2,0.0,Matches
344,Malick Mbaye,sn SEN,"MF,FW",Metz,19,2004,1.7,1,0,0,5,4,0,13,1,1,0,0,0,7,1,7,12.5,Matches
345,Chancel Mbemba,cd COD,DF,Marseille,28,1994,24.5,1,0,0,21,9,2,15,13,21,0,0,1,102,40,32,55.6,Matches
346,Nolan Mbemba,cg CGO,MF,Le Havre,28,1995,0.2,0,0,0,0,0,0,2,0,1,0,0,0,1,0,0,,Matches
347,Christ Mbondi,fr FRA,FW,Reims,18,2004,0.0,0,0,0,0,0,0,0,0,1,0,0,0,0,0,0,,Matches
348,Facundo Medina,ar ARG,DF,Lens,24,1999,30.2,11,0,0,51,19,2,20,24,38,0,0,0,229,37,22,62.7,Matches
349,Bamo Meïté,ci CIV,DF,Marseille,21,2001,7.1,1,0,0,10,6,0,4,11,10,0,1,0,37,22,9,71.0,Matches
350,Bamo Meïté,ci CIV,DF,Lorient,21,2001,1.6,0,0,0,0,1,0,0,3,1,0,0,0,6,1,2,33.3,Matches
351,Birger Meling,no NOR,DF,Rennes,28,1994,0.2,0,0,0,0,0,0,0,0,1,0,0,0,0,0,1,0.0,Matches
352,Nuno Mendes,pt POR,DF,Paris S-G,21,2002,3.0,3,0,0,6,1,0,7,4,5,0,0,0,14,6,2,75.0,Matches
353,Antoine Mendy,sn SEN,DF,Nice,19,2004,4.6,0,0,0,4,5,0,4,8,5,0,1,0,22,7,12,36.8,Matches
354,Benjamin Mendy,fr FRA,DF,Lorient,29,1994,7.9,3,0,0,12,4,4,96,7,1,0,0,0,31,4,7,36.4,Matches
355,Formose Mendy,sn SEN,DF,Lorient,22,2001,14.0,6,0,0,16,11,0,13,20,19,0,2,1,90,43,15,74.1,Matches
356,Nampalys Mendy,sn SEN,MF,Lens,31,1992,11.7,2,0,0,16,25,0,7,14,18,0,0,0,91,10,5,66.7,Matches
357,Quentin Merlin,fr FRA,DF,Marseille,21,2002,7.8,1,0,0,10,15,0,40,6,12,0,0,0,38,2,10,16.7,Matches
358,Quentin Merlin,fr FRA,DF,Nantes,21,2002,14.3,0,0,0,10,10,3,63,18,20,0,0,0,88,7,10,41.2,Matches
359,Bastien Meupiyou,fr FRA,DF,Nantes,17,2006,0.1,0,1,0,1,0,0,0,0,0,0,0,0,1,0,0,,Matches
360,Lucas Michal,fr FRA,FW,Monaco,18,2005,0.1,0,0,0,1,0,0,0,0,0,0,0,0,1,0,0,,Matches
361,Georges Mikautadze,ge GEO,FW,Metz,22,2000,19.4,0,1,0,13,26,1,34,8,3,0,0,0,69,14,46,23.3,Matches
362,Takumi Minamino,jp JPN,MF,Monaco,28,1995,23.5,4,0,0,30,32,5,32,11,17,2,0,0,115,6,13,31.6,Matches
363,Lucas Mincarelli,fr FRA,"DF,MF",Montpellier,19,2004,10.9,1,1,0,4,10,0,26,8,16,0,1,0,50,10,13,43.5,Matches
364,Ignacio Miramon,ar ARG,MF,Lille,20,2003,0.4,0,0,0,0,1,0,0,0,0,0,0,0,4,0,0,,Matches
365,Terem Moffi,ng NGA,FW,Nice,24,1999,21.7,4,0,0,32,19,13,7,3,4,0,0,0,36,20,39,33.9,Matches
366,Mostafa Mohamed,eg EGY,FW,Nantes,25,1997,22.2,3,1,0,34,36,11,14,12,14,0,1,0,54,72,66,52.2,Matches
367,Florent Mollet,fr FRA,"MF,FW",Nantes,31,1991,23.1,4,0,0,32,21,4,142,13,11,0,0,0,112,8,14,36.4,Matches
368,Enzo Mongo,fr FRA,DF,Nantes,18,2005,0.1,0,0,0,0,0,0,0,1,1,0,0,0,0,0,1,0.0,Matches
369,Diego Moreira,be BEL,"FW,MF",Lyon,18,2004,3.0,1,0,0,4,3,1,6,2,0,0,0,0,17,5,8,38.5,Matches
370,Lebo Mothiba,za RSA,FW,Strasbourg,27,1996,6.9,0,0,0,13,11,4,1,0,2,0,0,0,12,22,29,43.1,Matches
371,Steve Mounié,bj BEN,FW,Brest,28,1994,19.7,2,1,0,43,25,8,11,2,7,0,0,0,43,137,94,59.3,Matches
372,Samuel Moutoussamy,cd COD,MF,Nantes,26,1996,12.3,2,0,0,21,13,1,2,11,20,1,1,0,74,8,16,33.3,Matches
373,Loris Mouyokolo,fr FRA,DF,Lorient,22,2001,1.0,0,0,0,1,0,1,0,0,1,0,0,0,3,0,1,0.0,Matches
374,François Mughe,cm CMR,"MF,DF",Marseille,19,2004,2.0,1,0,0,3,8,0,7,1,0,0,0,0,7,2,1,66.7,Matches
375,Nordi Mukiele,fr FRA,DF,Paris S-G,25,1997,8.8,2,0,0,14,10,1,3,14,8,0,0,0,53,26,8,76.5,Matches
376,Marshall Munetsi,zw ZIM,MF,Reims,27,1996,24.1,5,0,0,45,26,3,18,14,39,1,0,0,110,42,33,56.0,Matches
377,Yvon Mvogo,ch SUI,GK,Lorient,29,1994,34.0,1,0,0,0,3,0,0,0,0,0,0,0,28,5,1,83.3,Matches
378,Joel Mvuka,no NOR,"DF,FW",Lorient,20,2002,2.2,1,0,0,1,5,1,12,2,3,0,0,0,11,0,2,0.0,Matches
379,Junior Mwanga,fr FRA,"MF,FW",Strasbourg,20,2003,16.1,3,0,0,22,22,1,4,18,20,0,1,0,78,12,9,57.1,Matches
380,Kévin N'Doram,fr FRA,MF,Metz,27,1996,17.8,4,0,0,29,22,0,2,27,22,0,0,0,59,24,14,63.2,Matches
381,Bilal Nadir,ma MAR,"MF,FW",Marseille,19,2003,1.3,1,0,0,4,2,0,0,2,3,0,0,0,7,0,2,0.0,Matches
382,Mahamadou Nagida,cm CMR,DF,Rennes,18,2005,1.2,0,0,0,0,2,0,12,4,1,0,0,0,8,2,5,28.6,Matches
383,Keito Nakamura,jp JPN,"FW,MF",Reims,23,2000,15.3,1,0,0,24,5,2,23,6,11,0,0,0,59,11,6,64.7,Matches
384,Keylor Navas,cr CRC,GK,Paris S-G,36,1986,4.0,0,0,0,0,0,0,0,0,0,0,0,0,8,0,0,,Matches
385,Youssouf Ndayishimiye,bi BDI,"MF,DF",Nice,24,1998,19.0,6,1,0,15,12,0,1,12,20,0,0,0,95,35,22,61.4,Matches
386,Bassirou Ndiaye,sn SEN,FW,Lorient,21,2002,1.7,0,0,0,5,5,0,1,1,2,0,0,0,9,3,5,37.5,Matches
387,Iliman Ndiaye,sn SEN,"FW,MF",Marseille,23,2000,18.0,0,1,0,22,26,4,18,6,18,2,1,0,106,7,11,38.9,Matches
388,Massamba Ndiaye,sn SEN,GK,Clermont Foot,21,2001,4.0,0,0,0,0,1,0,0,0,0,0,0,0,5,2,1,66.7,Matches
389,Rassoul Ndiaye,sn SEN,"MF,FW",Le Havre,21,2001,5.8,4,2,1,11,4,1,8,4,17,0,0,0,34,5,8,38.5,Matches
390,Cher Ndour,it ITA,MF,Paris S-G,19,2004,0.3,1,0,0,1,0,0,0,0,2,0,0,0,5,0,3,0.0,Matches
391,Joseph Nduquidi,fr FRA,"MF,DF",Metz,18,2004,8.3,2,0,0,13,13,0,0,11,4,0,0,0,35,6,14,30.0,Matches
392,Loïc Nego,hu HUN,"DF,MF",Le Havre,32,1991,17.3,3,0,0,22,17,3,44,16,26,2,0,0,95,8,7,53.3,Matches
393,Steve Ngoura,fr FRA,"FW,MF",Le Havre,18,2005,2.5,0,0,0,6,1,2,1,0,1,0,0,0,12,3,10,23.1,Matches
394,Shamar Nicholson,jm JAM,FW,Clermont Foot,26,1997,16.5,2,0,0,20,26,14,6,0,2,2,0,0,36,47,60,43.9,Matches
395,Rasmus Nicolaisen,dk DEN,DF,Toulouse,26,1997,32.5,6,1,1,45,22,0,0,42,30,0,2,0,150,108,36,75.0,Matches
396,Arnaud Nordin,fr FRA,"FW,MF",Montpellier,25,1998,13.8,1,1,0,14,41,1,35,2,6,1,0,0,56,9,10,47.4,Matches
397,Ernest Nuamah,gh GHA,"FW,MF",Lyon,19,2003,20.4,4,0,0,50,34,12,75,8,14,0,1,0,86,10,25,28.6,Matches
398,Gerzino Nyamsi,cm CMR,DF,Strasbourg,26,1997,12.1,1,0,0,13,0,0,1,10,14,0,0,0,75,20,11,64.5,Matches
399,Rabby Nzingoula,fr FRA,"MF,FW",Strasbourg,17,2005,1.5,1,0,0,6,2,0,3,5,3,0,0,0,9,2,4,33.3,Matches
400,Jake O'Brien,ie IRL,DF,Lyon,22,2001,26.3,4,1,0,17,10,0,1,12,16,0,0,0,126,44,25,63.8,Matches
401,Florent Ogier,fr FRA,DF,Clermont Foot,34,1989,10.5,1,0,0,11,6,0,0,9,9,0,1,1,37,23,18,56.1,Matches
402,Joseph Okumu,ke KEN,DF,Reims,26,1997,19.4,3,0,0,17,17,0,3,35,28,0,0,0,144,41,26,61.2,Matches
403,Warmed Omari,km COM,DF,Rennes,23,2000,23.0,5,1,0,20,12,0,0,33,19,0,0,2,114,50,19,72.5,Matches
404,Becir Omeragic,ch SUI,"DF,MF",Montpellier,21,2002,25.7,4,0,0,18,16,0,3,27,29,0,0,0,108,30,41,42.3,Matches
405,Jean Onana,cm CMR,MF,Marseille,23,2000,6.3,1,0,0,15,8,0,2,11,14,0,0,0,38,11,6,64.7,Matches
406,Royce Openda,ga GAB,FW,Lorient,21,2002,0.2,0,0,0,1,1,0,0,0,0,0,0,0,1,0,1,0.0,Matches
407,Christopher Operi,ci CIV,DF,Le Havre,26,1997,27.2,6,0,0,20,18,0,190,35,36,1,1,0,150,32,13,71.1,Matches
408,Gift Orban,ng NGA,FW,Lyon,21,2002,5.3,2,0,0,9,10,2,3,1,3,0,0,0,14,3,15,16.7,Matches
409,Kassoum Ouattara,fr FRA,"DF,FW",Monaco,18,2004,7.1,2,0,0,10,9,0,35,13,12,0,0,0,37,16,7,69.6,Matches
410,Alexandre Oukidja,dz ALG,GK,Metz,35,1988,33.2,3,0,0,1,7,0,0,3,1,0,1,0,22,12,2,85.7,Matches
411,Azzedine Ounahi,ma MAR,MF,Marseille,23,2000,13.4,3,0,0,15,24,1,22,11,11,0,0,0,66,3,11,21.4,Matches
412,Adam Ounas,dz ALG,FW,Lille,26,1996,4.6,0,0,0,3,12,1,22,6,3,1,0,0,27,6,6,50.0,Matches
413,Patrick Ouotro,ci CIV,FW,Strasbourg,17,2005,0.1,0,0,0,0,0,0,0,0,0,0,0,0,0,0,1,0.0,Matches
414,Pablo Pagis,fr FRA,MF,Lorient,20,2002,1.8,1,0,0,4,4,0,2,3,6,0,0,0,6,2,2,50.0,Matches
415,Nicolas Pallois,fr FRA,DF,Nantes,35,1987,17.7,5,0,0,20,8,1,13,26,19,0,1,0,88,30,18,62.5,Matches
416,Andy Pelmard,mg MAD,DF,Clermont Foot,23,2000,33.2,1,0,0,13,19,0,6,33,38,0,2,0,170,25,12,67.6,Matches
417,Aurélien Pelon,fr FRA,DF,Lorient,19,2004,1.0,1,0,0,1,0,0,0,0,0,0,0,0,2,1,0,100.0,Matches
418,Faris Pemi Moumbagna,cm CMR,FW,Marseille,23,2000,6.1,2,1,1,12,11,4,4,3,1,1,0,0,17,7,16,30.4,Matches
419,Danilo Pereira,pt POR,DF,Paris S-G,31,1991,22.2,2,0,0,14,11,1,1,23,12,0,2,0,128,46,29,61.3,Matches
420,Mathias Pereira Lage,pt POR,"FW,MF",Brest,26,1996,13.2,3,0,0,18,22,6,66,10,15,0,0,0,39,30,37,44.8,Matches
421,Romain Perraud,fr FRA,"DF,FW",Nice,25,1997,4.1,2,0,0,4,8,0,21,6,6,0,0,0,19,6,6,50.0,Matches
422,Lucas Perrin,fr FRA,DF,Strasbourg,24,1998,30.3,3,0,0,34,28,1,5,28,30,1,2,1,134,48,34,58.5,Matches
423,Denis Petrić,rs SRB,GK,Nantes,35,1988,0.3,0,0,0,0,0,0,0,0,0,0,0,0,0,0,0,,Matches
424,Ronaël Pierre-Gabriel,fr FRA,DF,Nantes,25,1998,6.6,3,0,0,4,4,0,9,8,9,0,0,0,22,9,5,64.3,Matches
425,Julien Ponceau,fr FRA,MF,Lorient,22,2000,24.9,5,0,0,30,34,5,49,19,15,0,0,0,145,10,28,26.3,Matches
426,Sanjin Prcić,ba BIH,MF,Strasbourg,29,1993,1.0,0,0,0,0,1,0,0,3,0,0,0,0,5,0,0,,Matches
427,Gonçalo Ramos,pt POR,FW,Paris S-G,22,2001,15.8,1,0,0,19,22,3,3,5,15,2,0,0,44,30,23,56.6,Matches
428,Elba Rashani,xk KVX,"MF,FW",Clermont Foot,30,1993,13.1,4,2,0,27,29,3,28,12,18,1,0,0,58,24,18,57.1,Matches
429,Guillaume Restes,fr FRA,GK,Toulouse,18,2005,34.0,3,0,0,1,11,0,0,0,0,0,1,0,42,2,0,100.0,Matches
430,Alexsandro Ribeiro,br BRA,DF,Lille,23,1999,24.7,6,1,0,27,37,1,2,35,22,0,0,1,124,39,17,69.6,Matches
431,Amir Richardson,ma MAR,MF,Reims,21,2002,15.0,4,0,0,30,22,0,13,15,23,0,0,0,86,17,11,60.7,Matches
432,Fabian Rieder,ch SUI,MF,Rennes,21,2002,4.1,0,0,0,10,6,0,9,5,7,0,0,0,24,6,3,66.7,Matches
433,Rémy Riou,fr FRA,GK,Lyon,35,1987,3.0,0,0,0,0,1,0,0,0,0,0,0,0,4,2,1,66.7,Matches
434,Valentin Rongier,fr FRA,MF,Marseille,28,1994,9.5,2,0,0,13,6,0,3,15,12,0,0,0,55,9,6,60.0,Matches
435,Pablo Rosario,do DOM,"MF,DF",Nice,26,1997,22.3,4,0,0,18,19,1,6,29,25,1,1,0,92,35,22,61.4,Matches
436,Valentin Rosier,fr FRA,"DF,MF",Nice,26,1996,0.6,0,0,0,0,1,0,0,2,0,0,0,0,3,1,0,100.0,Matches
437,Fabián Ruiz Peña,es ESP,MF,Paris S-G,27,1996,13.3,3,0,0,6,11,1,11,11,23,0,0,0,83,4,8,33.3,Matches
438,Emmanuel Sabbi,us USA,"FW,MF",Le Havre,25,1997,17.6,5,0,0,26,37,2,20,19,19,2,0,0,69,12,33,26.7,Matches
439,Falaye Sacko,ml MLI,DF,Montpellier,28,1995,15.4,0,0,0,8,8,0,27,24,16,0,0,1,107,15,23,39.5,Matches
440,Modibo Sagnan,ml MLI,DF,Montpellier,24,1999,11.7,5,0,0,19,8,0,1,15,22,0,0,0,51,20,10,66.7,Matches
441,Moïse Sahi Dion,ci CIV,"MF,FW",Strasbourg,21,2001,7.0,0,0,0,11,1,2,5,1,5,0,0,0,20,5,7,41.7,Matches
442,Wesley Saïd,fr FRA,"FW,MF",Lens,28,1995,11.3,1,0,0,33,15,8,15,4,4,1,0,0,33,8,23,25.8,Matches
443,Théo Sainte-Luce,fr FRA,DF,Montpellier,24,1998,3.8,1,0,0,3,4,0,7,3,7,0,0,0,23,3,4,42.9,Matches
444,Mamadou Sakho,fr FRA,DF,Montpellier,33,1990,0.1,0,0,0,0,0,0,0,0,1,0,0,0,0,1,1,50.0,Matches
445,Ibrahim Salah,ma MAR,"FW,MF",Rennes,21,2001,5.8,3,0,0,10,10,1,20,10,7,0,0,0,38,4,7,36.4,Matches
446,Amine Salama,fr FRA,FW,Reims,23,2000,3.5,0,0,0,3,3,6,5,1,0,0,0,0,14,3,2,60.0,Matches
447,Mohammed Salisu,gh GHA,DF,Monaco,24,1999,11.5,2,0,0,12,5,1,1,22,12,0,0,0,65,36,21,63.2,Matches
448,Yoann Salmier,gf GUF,DF,Le Havre,30,1992,17.4,3,0,0,18,9,3,9,21,10,0,0,1,82,29,21,58.0,Matches
449,Mama Samba Baldé,gw GNB,"FW,MF",Lyon,27,1995,6.1,1,0,0,8,9,4,5,3,5,0,0,0,26,10,17,37.0,Matches
450,Brice Samba,fr FRA,GK,Lens,29,1994,33.0,3,0,0,1,3,0,0,0,1,0,1,1,38,4,0,100.0,Matches
451,Ibou Sané,sn SEN,"MF,FW",Metz,18,2005,1.4,1,0,0,5,2,1,4,1,4,0,0,0,10,1,2,33.3,Matches
452,Sadibou Sané,sn SEN,DF,Metz,19,2004,9.4,1,0,0,9,5,1,8,8,12,0,0,0,28,13,12,52.0,Matches
453,Arouna Sangante,sn SEN,DF,Le Havre,21,2002,29.9,8,0,0,54,36,0,15,66,33,0,1,1,151,50,42,54.3,Matches
454,Morgan Sanson,fr FRA,MF,Nice,28,1994,21.8,4,0,0,30,34,2,114,20,19,0,1,0,125,8,18,30.8,Matches
455,Baptiste Santamaria,fr FRA,MF,Rennes,28,1995,21.4,3,0,0,23,25,1,0,34,33,0,0,0,125,38,36,51.4,Matches
456,Andrey Santos,br BRA,MF,Strasbourg,19,2004,9.2,4,0,0,10,24,1,3,10,18,0,0,0,61,12,9,57.1,Matches
457,Tiago Santos,pt POR,DF,Lille,21,2002,26.3,6,0,0,38,87,0,83,15,42,0,1,0,127,12,23,34.3,Matches
458,Amin Sarr,se SWE,"FW,MF",Lyon,22,2001,1.1,0,0,0,2,2,0,1,0,0,0,0,0,2,2,3,40.0,Matches
459,Ismaila Sarr,sn SEN,"FW,MF",Marseille,25,1998,16.1,1,0,0,16,42,7,38,13,8,0,0,0,68,22,29,43.1,Matches
460,Mamadou Sarr,sn SEN,DF,Lyon,17,2005,0.1,0,0,0,0,0,0,0,0,0,0,0,0,0,0,0,,Matches
461,Martin Satriano,uy URU,FW,Brest,22,2001,20.7,4,0,0,18,26,2,11,7,16,0,0,0,63,62,60,50.8,Matches
462,Téji Savanier,fr FRA,MF,Montpellier,31,1991,30.7,8,1,0,41,80,3,231,33,20,0,0,0,196,21,32,39.6,Matches
463,Niklas Schmidt,de GER,MF,Toulouse,25,1998,14.1,4,0,0,15,10,0,50,4,21,0,0,0,92,7,6,53.8,Matches
464,Jérémy Sebas,mq MTQ,"FW,MF",Strasbourg,20,2003,4.4,0,0,0,5,4,0,4,1,1,1,0,0,12,3,7,30.0,Matches
465,Alidu Seidu,gh GHA,DF,Rennes,23,2000,6.6,3,0,0,8,14,1,6,10,9,0,0,0,33,7,5,58.3,Matches
466,Alidu Seidu,gh GHA,DF,Clermont Foot,23,2000,12.6,5,1,0,20,29,0,4,25,24,0,1,0,107,15,8,65.2,Matches
467,Matz Sels,be BEL,GK,Strasbourg,31,1992,19.0,2,0,0,0,3,0,0,0,0,0,0,0,13,4,0,100.0,Matches
468,Marvin Senaya,tg TOG,"DF,MF",Strasbourg,22,2001,23.8,5,1,1,36,52,0,79,41,53,0,1,0,83,41,28,59.4,Matches
469,Sofiane Sidi Ali,fr FRA,MF,Marseille,28,1995,0.2,0,0,0,1,0,0,0,2,0,0,0,0,2,0,1,0.0,Matches
470,Vincent Sierro,ch SUI,MF,Toulouse,27,1995,25.1,8,0,0,52,47,3,111,27,24,2,0,0,137,30,32,48.4,Matches
471,Caio Henrique Oliveira Silva,br BRA,DF,Monaco,26,1997,6.9,0,0,0,2,2,1,36,6,7,0,0,0,37,2,5,28.6,Matches
472,Moses Simon,ng NGA,"FW,MF",Nantes,28,1995,19.9,0,0,0,14,29,4,114,3,5,1,0,0,51,15,24,38.5,Matches
473,Wilfried Singo,ci CIV,DF,Monaco,22,2000,24.3,8,1,0,36,37,2,21,51,25,0,0,1,199,63,29,68.5,Matches
474,Ayanda Sishuba,be BEL,"MF,FW",Lens,18,2005,0.7,0,0,0,3,4,0,0,0,1,0,0,0,3,0,0,,Matches
475,Ibrahima Sissoko,ml MLI,MF,Strasbourg,25,1997,18.2,7,0,0,44,14,0,2,19,33,0,0,0,108,29,20,59.2,Matches
476,Moussa Sissoko,fr FRA,MF,Nantes,33,1989,20.2,7,0,0,40,3,2,18,12,16,0,0,0,114,14,23,37.8,Matches
477,Milan Škriniar,sk SVK,DF,Paris S-G,28,1995,18.1,1,0,0,14,10,0,1,12,18,0,0,0,111,25,26,49.0,Matches
478,Naatan Skyttä,fi FIN,"MF,FW",Toulouse,21,2002,1.3,0,0,0,1,2,0,2,0,4,0,0,0,10,0,3,0.0,Matches
479,Eduard Sobol,ua UKR,DF,Strasbourg,28,1995,0.3,0,0,0,1,1,0,2,0,0,0,0,0,1,0,0,,Matches
480,Emran Soglo,fr FRA,"MF,DF",Marseille,18,2005,1.2,1,0,0,2,2,1,5,1,1,0,0,0,7,0,1,0.0,Matches
481,Carlos Soler,es ESP,"MF,DF",Paris S-G,26,1997,12.1,1,0,0,11,10,1,23,5,10,0,0,0,55,6,6,50.0,Matches
482,Florian Sotoca,fr FRA,"MF,FW",Lens,32,1990,28.9,4,1,0,28,40,13,95,20,22,0,0,0,98,92,42,68.7,Matches
483,Issa Soumaré,sn SEN,"FW,MF",Le Havre,22,2000,2.6,0,0,0,6,8,4,2,0,0,0,0,0,8,19,13,59.4,Matches
484,Saidou Sow,gn GUI,DF,Strasbourg,21,2002,8.0,2,0,0,8,10,0,0,12,12,0,0,0,39,14,8,63.6,Matches
485,Stijn Spierings,nl NED,MF,Toulouse,27,1996,16.8,5,0,0,40,18,0,11,26,40,1,0,0,150,15,9,62.5,Matches
486,Stijn Spierings,nl NED,MF,Lens,27,1996,1.3,2,0,0,5,2,0,1,2,0,0,0,0,5,0,0,,Matches
487,Benjamin Stambouli,fr FRA,MF,Reims,32,1990,3.2,4,0,0,7,0,0,2,2,7,0,0,0,14,8,4,66.7,Matches
488,Gabriel Suazo,cl CHI,DF,Toulouse,25,1997,26.2,5,0,0,24,29,3,101,26,32,1,0,0,143,17,20,45.9,Matches
489,Abakar Sylla,ci CIV,DF,Strasbourg,20,2002,19.9,4,0,0,30,4,1,3,26,23,0,0,1,124,32,21,60.4,Matches
490,Dembo Sylla,gn GUI,DF,Lorient,20,2002,0.5,0,0,0,0,0,0,4,1,1,0,0,0,0,0,0,,Matches
491,Issiaga Sylla,gn GUI,"DF,FW",Montpellier,29,1994,16.2,3,0,0,21,10,3,43,23,17,0,0,0,90,18,15,54.5,Matches
492,Musa Al-Taamari,jo JOR,FW,Montpellier,26,1997,21.4,0,0,0,11,51,8,22,4,16,2,0,0,101,10,19,34.5,Matches
493,Nicolás Tagliafico,ar ARG,DF,Lyon,30,1992,23.6,7,1,1,37,32,0,40,28,34,1,0,0,76,20,15,57.1,Matches
494,Montassar Talbi,tn TUN,DF,Lorient,25,1998,24.5,2,0,0,18,8,1,3,32,22,0,0,0,116,51,37,58.0,Matches
495,Oussama Targhalline,ma MAR,MF,Le Havre,21,2002,11.4,4,1,1,13,21,0,8,20,11,0,0,0,68,7,13,35.0,Matches
496,Enzo Tchato,cm CMR,DF,Montpellier,20,2002,12.5,2,0,0,15,5,0,49,11,17,0,0,0,42,10,11,47.6,Matches
497,Arnau Tenas,es ESP,GK,Paris S-G,22,2001,5.9,0,0,0,0,0,0,0,0,0,0,0,0,8,0,0,,Matches
498,Martin Terrier,fr FRA,"FW,MF",Rennes,26,1997,17.0,2,1,0,13,28,9,5,9,9,0,0,0,52,33,36,47.8,Matches
499,Benjamin Tetteh,gh GHA,"FW,MF",Metz,26,1997,3.1,2,0,0,4,4,5,1,0,6,0,0,0,8,8,19,29.6,Matches
500,Teddy Teuma,mt MLT,MF,Reims,29,1993,23.5,7,0,0,32,30,1,139,20,36,0,0,0,146,10,15,40.0,Matches
501,Arthur Theate,be BEL,DF,Rennes,23,2000,25.5,4,0,0,16,17,0,11,31,17,0,0,0,134,41,22,65.1,Matches
502,Adrien Thomasson,fr FRA,MF,Lens,29,1993,13.3,2,1,0,16,16,5,47,9,14,1,0,0,89,13,23,36.1,Matches
503,Khéphren Thuram,fr FRA,MF,Nice,22,2001,23.4,7,0,0,33,22,2,20,18,29,0,0,0,129,19,17,52.8,Matches
504,Cheikh Tidiane Sabaly,sn SEN,"FW,MF",Metz,24,1999,15.3,4,0,0,24,27,6,12,10,20,1,1,0,86,5,17,22.7,Matches
505,Jean-Clair Todibo,fr FRA,DF,Nice,23,1999,29.5,2,1,0,25,18,0,12,38,28,0,0,1,212,39,26,60.0,Matches
506,Corentin Tolisso,fr FRA,MF,Lyon,28,1994,19.3,5,0,0,24,23,1,36,10,21,0,1,0,117,37,22,62.7,Matches
507,Abdoulaye Touré,gn GUI,MF,Le Havre,29,1994,25.4,4,0,0,27,32,0,4,25,28,0,0,0,173,42,40,51.2,Matches
508,Souleymane Touré,fr FRA,DF,Lorient,20,2003,22.8,6,0,0,36,15,0,5,36,12,0,1,0,87,43,16,72.9,Matches
509,Bénie Traoré,ci CIV,"FW,MF",Nantes,20,2002,5.6,1,1,0,10,7,1,20,1,4,0,0,0,28,1,11,8.3,Matches
510,Daouda Traoré,fr FRA,MF,Nice,17,2006,0.2,0,0,0,0,0,1,0,0,0,0,0,0,0,0,0,,Matches
511,Ismaël Traoré,ci CIV,DF,Metz,36,1986,24.7,2,0,0,23,4,0,0,30,12,0,1,0,108,23,33,41.1,Matches
512,Adrien Truffert,fr FRA,DF,Rennes,21,2001,23.8,6,0,0,25,28,4,72,19,21,1,0,0,116,18,24,42.9,Matches
513,Matthieu Udol,fr FRA,DF,Metz,27,1996,30.0,5,0,0,28,20,1,73,50,37,0,0,0,149,27,40,40.3,Matches
514,Manuel Ugarte,uy URU,MF,Paris S-G,22,2001,21.5,5,0,0,46,27,0,4,40,57,1,0,0,181,14,12,53.8,Matches
515,Samuel Umtiti,fr FRA,DF,Lille,29,1993,2.1,0,0,0,3,1,0,0,2,1,0,0,0,9,1,1,50.0,Matches
516,Kévin Van Den Kerkhof,dz ALG,"FW,MF",Metz,27,1996,21.3,2,0,0,8,10,6,128,11,24,0,0,0,90,10,27,27.0,Matches
517,Vanderson,br BRA,DF,Monaco,22,2001,18.2,6,1,1,45,17,1,48,35,41,0,0,0,126,12,25,32.4,Matches
518,Jordan Veretout,fr FRA,MF,Marseille,30,1993,24.3,4,0,0,22,14,1,114,13,22,0,0,0,151,9,19,32.1,Matches
519,Alan Virginius,fr FRA,FW,Lille,20,2003,0.8,0,0,0,0,0,0,1,0,1,0,0,0,2,0,1,0.0,Matches
520,Alan Virginius,fr FRA,FW,Clermont Foot,20,2003,10.4,0,0,0,4,6,4,22,3,5,1,0,0,15,4,15,21.1,Matches
521,Vitinha,pt POR,FW,Marseille,23,2000,10.3,1,0,0,16,24,6,18,5,8,0,0,0,35,12,29,29.3,Matches
522,Vitinha,pt POR,MF,Paris S-G,23,2000,23.6,0,0,0,17,16,1,38,23,24,0,0,0,154,4,10,28.6,Matches
523,Elye Wahi,fr FRA,FW,Montpellier,20,2003,0.2,0,0,0,0,1,0,0,0,0,0,0,0,1,1,0,100.0,Matches
524,Elye Wahi,fr FRA,FW,Lens,20,2003,18.8,10,1,1,20,16,25,10,3,4,1,0,0,34,11,27,28.9,Matches
525,Mateusz Wieteska,pl POL,DF,Clermont Foot,26,1997,1.9,0,0,0,0,2,1,0,5,1,0,0,0,12,4,2,66.7,Matches
526,Josh Wilson-Esbrand,eng ENG,"DF,MF",Reims,20,2002,5.1,1,0,0,6,3,1,12,6,4,0,0,0,27,4,3,57.1,Matches
527,Christopher Wooh,cm CMR,DF,Rennes,21,2001,15.4,3,1,0,19,11,0,2,18,12,0,1,0,71,35,19,64.8,Matches
528,Yusuf Yazıcı,tr TUR,"MF,FW",Lille,26,1997,14.6,5,0,0,19,14,4,19,5,11,0,0,0,56,5,14,26.3,Matches
529,Kelvin Yeboah,it ITA,FW,Montpellier,23,2000,3.1,0,0,0,11,8,3,3,1,2,0,0,0,16,11,16,40.7,Matches
530,Bertuğ Yıldırım,tr TUR,FW,Rennes,21,2002,5.2,3,0,0,18,14,4,1,0,5,1,0,0,14,17,32,34.7,Matches
531,Darlin Yongwa,cm CMR,DF,Lorient,22,2000,12.9,3,0,0,21,32,3,76,15,23,0,1,0,88,11,11,50.0,Matches
532,Leny Yoro,fr FRA,DF,Lille,17,2005,29.7,5,0,0,20,16,0,1,36,25,0,1,1,124,44,25,63.8,Matches
533,Etienne Youte Kinkoue,fr FRA,DF,Le Havre,21,2002,21.6,1,0,0,11,5,2,0,44,9,0,0,0,76,30,12,71.4,Matches
534,Yoram Zague,fr FRA,DF,Paris S-G,17,2006,4.1,1,0,0,5,3,0,2,4,8,0,0,0,25,0,8,0.0,Matches
535,Warren Zaïre-Emery,fr FRA,"MF,DF",Paris S-G,17,2006,21.8,4,0,0,21,30,1,8,15,28,0,1,0,112,7,19,26.9,Matches
536,Denis Zakaria,ch SUI,"MF,DF",Monaco,26,1996,23.7,13,2,2,33,13,0,9,47,27,0,1,0,165,10,14,41.7,Matches
537,Mehdi Zeffane,dz ALG,"DF,MF",Clermont Foot,31,1992,13.7,2,0,0,13,7,2,42,16,20,1,0,0,64,7,13,35.0,Matches
538,Nathan Zeze,fr FRA,DF,Nantes,18,2005,11.4,1,0,0,8,7,0,1,12,6,0,0,0,36,17,12,58.6,Matches
539,Edon Zhegrova,xk KVX,FW,Lille,24,1999,25.4,3,1,0,23,31,11,174,8,18,0,0,0,101,6,11,35.3,Matches
540,Luck Zogbé,ci CIV,DF,Brest,18,2005,0.1,0,0,0,0,0,0,0,1,0,0,0,0,1,0,0,,Matches
