Unnamed: 0_level_0_Rk,Unnamed: 1_level_0_Player,Unnamed: 2_level_0_Nation,Unnamed: 3_level_0_Pos,Unnamed: 4_level_0_Squad,Unnamed: 5_level_0_Age,Unnamed: 6_level_0_Born,Unnamed: 7_level_0_90s,Unnamed: 8_level_0_Att,Pass Types_Live,Pass Types_Dead,Pass Types_FK,Pass Types_TB,Pass Types_Sw,Pass Types_Crs,Pass Types_TI,Pass Types_CK,Corner Kicks_In,Corner Kicks_Out,Corner Kicks_Str,Outcomes_Cmp,Outcomes_Off,Outcomes_Blocks,Unnamed: 23_level_0_Matches
1,Keyliane Abdallah,fr FRA,FW,Marseille,17,2006,0.0,1,1,0,0,0,0,0,0,0,0,0,0,1,0,0,Matches
2,Yunis Abdelhamid,ma MAR,DF,Reims,35,1987,30.9,1836,1650,178,75,2,13,3,29,0,0,0,0,1552,8,20,Matches
3,Salis Abdul Samed,gh GHA,MF,Lens,23,2000,16.9,895,875,18,17,0,1,3,1,0,0,0,0,796,2,17,Matches
4,Laurent Abergel,fr FRA,MF,Lorient,30,1993,31.8,1836,1743,88,68,6,13,34,14,0,0,0,0,1551,5,25,Matches
5,Matthis Abline,fr FRA,FW,Nantes,20,2003,11.6,231,218,12,0,2,1,7,1,0,0,0,0,162,1,11,Matches
6,Zakaria Aboukhlal,ma MAR,"MF,FW",Toulouse,23,2000,8.4,196,185,11,1,0,0,5,9,0,0,0,0,140,0,7,Matches
7,Nathaniel Adjei,gh GHA,DF,Lorient,20,2002,13.8,669,628,40,27,0,3,2,11,0,0,0,0,578,1,5,Matches
8,Adryelson,br BRA,"DF,FW",Lyon,25,1998,0.1,5,5,0,0,0,0,0,0,0,0,0,0,5,0,0,Matches
9,Adson,br BRA,"MF,FW",Nantes,22,2000,2.6,130,128,2,0,0,0,2,2,0,0,0,0,115,0,2,Matches
10,Emmanuel Agbadou,ci CIV,DF,Reims,26,1997,28.8,1838,1728,106,50,5,11,6,48,0,0,0,0,1599,4,11,Matches
11,Ruben Aguilar,fr FRA,DF,Lens,30,1993,21.4,1282,1094,185,17,3,1,75,168,0,0,0,0,1044,3,35,Matches
12,Tosin Aiyegun,bj BEN,"MF,FW",Lorient,25,1998,10.0,203,193,7,0,0,0,8,1,0,0,0,0,154,3,4,Matches
13,Sergio Akieme,es ESP,DF,Reims,25,1997,9.1,350,287,61,3,0,0,21,57,0,0,0,0,277,2,8,Matches
14,Maghnes Akliouche,fr FRA,"MF,FW",Monaco,21,2002,17.9,833,773,54,12,8,2,54,3,37,14,8,0,645,6,24,Matches
15,Adams Akor,ng NGA,FW,Montpellier,23,2000,25.0,385,375,10,0,2,1,12,1,0,0,0,0,250,0,20,Matches
16,Paul Akouokou,ci CIV,MF,Lyon,25,1997,3.4,185,183,2,2,0,0,0,0,0,0,0,0,158,0,2,Matches
17,Aboubacar Ali,km COM,"MF,FW",Strasbourg,17,2006,1.4,34,34,0,0,0,0,6,0,0,0,0,0,22,0,1,Matches
18,Mohamed Ali Cho,fr FRA,FW,Nice,19,2004,9.6,268,245,22,6,1,0,44,0,16,8,7,0,193,1,8,Matches
19,Nabil Alioui,fr FRA,"MF,FW",Le Havre,24,1999,11.2,358,289,66,17,6,1,54,1,36,23,13,0,228,3,14,Matches
20,Jim Allevinah,ga GAB,"MF,DF",Clermont Foot,28,1995,20.7,743,675,65,2,1,0,47,57,1,0,0,0,589,3,17,Matches
21,Skelly Alvero,fr FRA,MF,Lyon,21,2002,4.7,193,190,2,2,1,1,2,0,0,0,0,0,159,1,2,Matches
22,Papa Amadou Diallo,sn SEN,FW,Metz,19,2004,9.9,257,255,2,1,2,0,14,1,0,0,0,0,167,0,7,Matches
23,Jordan Amavi,fr FRA,DF,Brest,29,1994,1.0,54,43,11,3,0,0,1,8,0,0,0,0,47,0,1,Matches
24,Kelvin Amian,fr FRA,DF,Nantes,25,1998,8.9,350,266,84,8,1,0,14,76,0,0,0,0,268,0,15,Matches
25,Michael Amir Murillo,pa PAN,DF,Marseille,27,1996,11.1,602,517,84,13,0,1,16,71,0,0,0,0,492,1,10,Matches
26,Benjamin André,fr FRA,MF,Lille,32,1990,28.6,1919,1855,58,57,5,19,19,1,0,0,0,0,1598,6,34,Matches
27,Komnen Andrić,rs SRB,FW,Clermont Foot,28,1995,1.9,59,54,5,0,0,0,1,0,0,0,0,0,45,0,0,Matches
28,Ângelo,br BRA,"FW,MF",Strasbourg,18,2004,12.2,426,410,15,3,4,1,42,4,5,3,1,0,300,1,13,Matches
29,Stredair Appuah,fr FRA,"FW,MF",Nantes,19,2004,0.9,23,23,0,0,0,0,2,0,0,0,0,0,14,0,2,Matches
30,Yoël Armougom,fr FRA,"DF,MF",Clermont Foot,25,1998,2.6,131,114,17,1,0,0,14,16,0,0,0,0,97,0,3,Matches
31,Hákon Arnar Haraldsson,is ISL,"FW,MF",Lille,20,2003,14.3,549,525,21,6,3,4,7,4,2,1,0,0,451,3,13,Matches
32,Mohamed El Arouch,fr FRA,FW,Lyon,19,2004,0.0,1,1,0,0,0,0,0,0,0,0,0,0,1,0,0,Matches
33,Marco Asensio,es ESP,"MF,FW",Paris S-G,27,1996,12.4,656,598,55,10,6,6,52,8,31,11,10,0,545,3,13,Matches
34,Joel Asoro,se SWE,"FW,MF",Metz,24,1999,9.4,147,136,10,4,0,0,19,1,2,2,0,0,94,1,10,Matches
35,Lorenz Assignon,tg TOG,DF,Rennes,23,2000,11.2,600,491,109,13,0,1,22,96,0,0,0,0,516,0,12,Matches
36,Youcef Atal,dz ALG,DF,Nice,27,1996,4.0,238,215,22,6,2,0,6,16,0,0,0,0,214,1,1,Matches
37,Valentin Atangana Edoa,fr FRA,MF,Reims,17,2005,6.2,179,171,7,1,0,0,5,6,0,0,0,0,155,1,3,Matches
38,Arthur Atta,fr FRA,"MF,FW",Metz,20,2003,10.3,401,378,20,10,1,4,10,6,1,1,0,0,301,3,11,Matches
39,Pierre-Emerick Aubameyang,ga GAB,FW,Marseille,34,1989,29.1,660,608,48,1,3,0,42,4,0,0,0,0,444,4,27,Matches
40,André Ayew,gh GHA,FW,Le Havre,33,1989,12.3,266,244,19,0,0,0,4,1,0,0,0,0,197,3,10,Matches
41,Neil El Aynaoui,ma MAR,MF,Lens,22,2001,17.4,670,660,9,8,2,0,7,1,0,0,0,0,576,1,6,Matches
42,Abdellah Baallal,ma MAR,MF,Clermont Foot,18,2004,0.0,4,4,0,0,0,0,0,0,0,0,0,0,3,0,0,Matches
43,Shavy Babicka,ga GAB,"FW,MF",Toulouse,23,2000,4.1,127,122,3,0,0,0,13,3,0,0,0,0,77,2,10,Matches
44,Aliou Badara Baldé,gn GUI,"FW,DF",Nice,20,2002,0.8,30,29,1,0,1,0,4,0,1,0,0,0,15,0,2,Matches
45,Tiemoué Bakayoko,fr FRA,MF,Lorient,28,1994,14.6,637,619,17,16,1,3,1,1,0,0,0,0,550,1,11,Matches
46,Dilane Bakwa,fr FRA,"FW,MF",Strasbourg,20,2002,24.2,862,705,154,49,9,5,155,33,72,43,22,1,587,3,28,Matches
47,Carlos Baleba,cm CMR,MF,Lille,19,2004,0.7,45,45,0,0,0,0,0,0,0,0,0,0,39,0,0,Matches
48,Leonardo Balerdi,ar ARG,DF,Marseille,24,1999,25.2,1628,1560,64,51,0,14,2,4,1,0,0,0,1402,4,12,Matches
49,Folarin Balogun,us USA,FW,Monaco,22,2001,18.8,365,333,25,1,3,1,7,0,0,0,0,0,263,7,15,Matches
50,Mohamed Bamba,ci CIV,FW,Lorient,21,2001,12.6,256,228,25,0,0,0,2,1,0,0,0,0,185,3,14,Matches
51,Mamady Bangré,bf BFA,"FW,MF",Toulouse,22,2001,1.1,74,74,0,0,0,0,4,0,0,0,0,0,59,0,3,Matches
52,Bradley Barcola,fr FRA,FW,Lyon,20,2002,3.0,90,90,0,0,0,1,0,0,0,0,0,0,70,0,2,Matches
53,Bradley Barcola,fr FRA,"FW,MF",Paris S-G,20,2002,15.2,562,553,5,2,4,1,18,3,0,0,0,0,436,4,16,Matches
54,Melvin Bard,fr FRA,DF,Nice,22,2000,29.5,1784,1509,266,32,0,2,70,233,1,1,0,0,1457,9,41,Matches
55,Steven Baseya,fr FRA,DF,Strasbourg,18,2005,0.1,12,11,1,1,0,0,0,0,0,0,0,0,11,0,0,Matches
56,Mohamed Bechikh,fr FRA,"FW,MF",Strasbourg,18,2005,0.2,5,5,0,0,0,0,0,0,0,0,0,0,5,0,0,Matches
57,Yanis Begraoui,ma MAR,"FW,MF",Toulouse,22,2001,3.3,97,89,6,1,0,0,5,1,2,0,1,0,70,2,1,Matches
58,Jérémie Bela,ao ANG,"MF,FW",Clermont Foot,30,1993,2.3,100,94,6,1,0,0,14,2,3,2,0,0,70,0,5,Matches
59,Reda Belahyane,ma MAR,MF,Nice,19,2004,0.3,15,15,0,0,0,0,0,0,0,0,0,0,13,0,1,Matches
60,Alaa Bellaarouch,ma MAR,GK,Strasbourg,21,2002,15.0,504,404,97,36,0,1,0,0,0,0,0,0,352,3,1,Matches
61,Jean-Ricner Bellegarde,ht HAI,"MF,FW",Strasbourg,25,1998,3.0,96,88,6,1,0,0,8,0,5,3,2,0,67,2,1,Matches
62,Jeanuël Belocian,fr FRA,DF,Rennes,18,2005,16.1,862,807,55,9,0,5,13,43,0,0,0,0,759,0,8,Matches
63,Eliesse Ben Seghir,ma MAR,"MF,FW",Monaco,18,2005,4.8,215,206,8,2,2,2,13,4,1,0,1,0,174,1,4,Matches
64,Wissam Ben Yedder,fr FRA,FW,Monaco,32,1990,25.7,752,698,51,3,12,2,9,3,0,0,0,0,555,3,25,Matches
65,Saïd Benrahma,dz ALG,"FW,MF",Lyon,27,1995,8.6,349,313,34,7,2,1,67,2,25,20,4,0,238,2,12,Matches
66,Nabil Bentaleb,dz ALG,MF,Lille,28,1994,21.9,1454,1405,45,42,4,18,6,2,1,1,0,0,1248,4,15,Matches
67,Lucas Beraldo,br BRA,DF,Paris S-G,19,2003,11.2,968,912,56,22,1,3,2,33,0,0,0,0,867,0,10,Matches
68,Dimitry Bertaud,cd COD,GK,Montpellier,25,1998,4.0,142,103,38,15,0,0,0,0,0,0,0,0,91,1,0,Matches
69,Marco Bizot,nl NED,GK,Brest,32,1991,32.0,1100,845,251,63,0,1,0,0,0,0,0,0,826,4,0,Matches
70,Rubén Blanco,es ESP,GK,Marseille,28,1995,1.3,51,36,15,5,0,0,0,0,0,0,0,0,43,0,0,Matches
71,Ludovic Blas,fr FRA,"FW,MF",Rennes,25,1997,17.4,506,468,36,14,1,4,53,4,18,6,5,0,395,2,12,Matches
72,Myron Boadu,nl NED,FW,Monaco,22,2001,0.9,15,15,0,0,0,0,0,0,0,0,0,0,10,0,0,Matches
73,Jeremie Boga,ci CIV,FW,Nice,26,1997,22.2,753,676,73,7,3,1,88,5,61,30,24,1,583,4,18,Matches
74,Adama Bojang,gm GAM,FW,Reims,19,2004,0.9,27,23,4,0,0,0,1,0,0,0,0,0,17,0,3,Matches
75,Neto Borges,br BRA,DF,Clermont Foot,26,1996,28.0,1422,1213,209,9,3,3,79,195,1,0,0,0,1148,0,27,Matches
76,Saïmon Bouabré,fr FRA,MF,Monaco,17,2006,0.5,17,17,0,0,0,0,0,0,0,0,0,0,15,0,1,Matches
77,Ayyoub Bouaddi,fr FRA,MF,Lille,15,2007,1.5,115,115,0,0,0,0,2,0,0,0,0,0,103,0,3,Matches
78,Badredine Bouanani,dz ALG,FW,Nice,18,2004,1.8,70,70,0,0,0,1,8,0,0,0,0,0,54,0,3,Matches
79,Badredine Bouanani,dz ALG,MF,Lorient,18,2004,4.9,180,161,18,6,0,4,10,6,6,3,1,0,146,1,8,Matches
80,Mohamed Bouchenna,fr FRA,"MF,FW",Clermont Foot,17,2006,0.3,8,8,0,0,0,0,0,0,0,0,0,0,8,0,0,Matches
81,Hicham Boudaoui,dz ALG,MF,Nice,23,1999,17.9,717,703,11,8,3,0,23,1,1,0,0,0,601,3,18,Matches
82,Benjamin Bourigeaud,fr FRA,"MF,FW",Rennes,29,1994,26.9,1566,1354,207,62,7,14,165,45,96,33,48,0,1197,5,34,Matches
83,Bilal Boutobba,fr FRA,"FW,MF",Clermont Foot,24,1998,10.3,395,367,27,11,5,0,57,4,12,10,2,0,273,1,16,Matches
84,Hugo Boutsingkham,fr FRA,"MF,FW",Nantes,20,2003,0.1,1,1,0,0,0,0,0,0,0,0,0,0,1,0,0,Matches
85,Bilal Brahimi,dz ALG,FW,Nice,23,2000,0.1,13,11,2,1,0,0,2,0,1,0,0,0,10,0,0,Matches
86,Bilal Brahimi,dz ALG,"FW,MF",Brest,23,2000,2.5,122,114,8,1,1,1,32,3,4,3,1,0,72,0,8,Matches
87,Lilian Brassier,fr FRA,DF,Brest,23,1999,29.7,1810,1755,54,53,2,20,5,1,0,0,0,0,1503,1,10,Matches
88,Maxime Busi,be BEL,"FW,DF",Reims,23,1999,1.8,95,73,22,0,0,1,4,22,0,0,0,0,71,0,3,Matches
89,Marcin Bułka,pl POL,GK,Nice,23,1999,34.0,1235,1039,194,47,0,2,0,0,0,0,0,0,1060,2,5,Matches
90,Rémy Cabella,fr FRA,"FW,MF",Lille,33,1990,16.4,908,803,98,31,3,1,51,22,36,8,12,0,732,7,15,Matches
91,Duje Ćaleta-Car,hr CRO,DF,Lyon,26,1996,22.1,1204,1183,20,16,0,9,0,3,0,0,0,0,1051,1,3,Matches
92,Lamine Camara,sn SEN,MF,Metz,19,2004,25.1,983,840,140,61,1,19,119,3,74,33,40,0,715,3,20,Matches
93,Mahdi Camara,fr FRA,MF,Brest,25,1998,22.4,852,801,51,3,0,2,45,5,0,0,0,0,693,0,21,Matches
94,Mohamed Camara,ml MLI,MF,Monaco,23,2000,11.5,769,749,18,17,1,3,1,0,1,0,0,0,707,2,13,Matches
95,Axel Camblan,fr FRA,FW,Brest,19,2003,1.0,22,21,1,0,0,0,1,1,0,0,0,0,18,0,0,Matches
96,Fali Candé,gw GNB,DF,Metz,25,1998,20.5,799,723,73,37,0,18,8,35,1,0,1,0,628,3,8,Matches
97,Gino Caoki,fr FRA,MF,Lorient,19,2004,0.1,4,3,1,1,0,0,1,0,0,0,0,0,2,0,0,Matches
98,Maxence Caqueret,fr FRA,MF,Lyon,23,2000,33.6,2009,1877,124,51,9,11,86,9,44,10,25,0,1661,8,46,Matches
99,Igor Carioca,br BRA,"DF,MF",Lorient,26,1996,2.9,162,134,28,4,1,1,10,24,0,0,0,0,115,0,15,Matches
100,Antonin Cartillier,fr FRA,DF,Monaco,19,2004,0.1,3,3,0,0,0,0,0,0,0,0,0,0,1,0,0,Matches
101,Josué Casimir,ht HAI,"FW,DF",Le Havre,21,2001,22.4,781,675,103,5,1,1,52,88,2,0,0,0,572,3,26,Matches
102,Cristian Cásseres Jr.,ve VEN,MF,Toulouse,23,2000,21.6,1030,961,67,39,3,6,22,10,10,4,3,0,837,2,24,Matches
103,Jean-Charles Castelletto,cm CMR,DF,Nantes,28,1995,27.4,1340,1267,71,24,1,2,20,47,0,0,0,0,1147,2,10,Matches
104,Maximiliano Caufriez,be BEL,DF,Clermont Foot,26,1997,18.4,892,799,91,31,2,4,4,14,0,0,0,0,780,2,5,Matches
105,Ivan Cavaleiro,pt POR,FW,Lille,29,1993,8.6,282,267,15,4,0,1,29,0,11,6,0,0,207,0,6,Matches
106,Fabien Centonze,fr FRA,DF,Nantes,27,1996,1.0,51,45,6,0,0,0,7,6,0,0,0,0,37,0,0,Matches
107,Fares Chaïbi,dz ALG,"FW,MF",Toulouse,20,2002,0.6,40,38,2,0,0,0,7,0,2,1,1,0,28,0,0,Matches
108,Muhammed Cham,at AUT,"MF,FW",Clermont Foot,22,2000,28.4,1327,1154,162,67,14,6,118,9,71,28,36,1,1055,11,31,Matches
109,Brendan Chardonnet,fr FRA,DF,Brest,28,1994,33.0,1824,1763,58,55,1,25,13,3,0,0,0,0,1511,3,14,Matches
110,Jhoanner Chávez,ec ECU,DF,Lens,21,2002,5.3,222,173,49,2,0,2,13,47,0,0,0,0,173,0,8,Matches
111,Rayan Cherki,fr FRA,"MF,FW",Lyon,19,2003,19.1,1069,945,121,24,15,24,71,15,66,22,15,0,830,3,31,Matches
112,Lucas Chevalier,fr FRA,GK,Lille,21,2001,33.0,1186,956,226,103,1,3,0,0,0,0,0,0,914,4,0,Matches
113,Pedro Chirivella,es ESP,MF,Nantes,26,1997,28.8,1743,1628,105,67,7,10,29,4,13,8,2,0,1494,10,13,Matches
114,Joris Chotard,fr FRA,MF,Montpellier,21,2001,28.7,1179,1113,62,55,6,19,33,3,3,0,3,0,961,4,27,Matches
115,Djaoui Cissé,fr FRA,MF,Rennes,19,2004,0.0,5,5,0,0,0,0,0,0,0,0,0,0,5,0,0,Matches
116,Ibrahim Cissoko,nl NED,"FW,MF",Toulouse,20,2003,2.7,116,114,2,0,0,0,20,2,0,0,0,0,89,0,4,Matches
117,Alexis Claude-Maurice,fr FRA,MF,Nice,25,1998,5.6,253,235,18,6,0,0,26,2,10,4,6,0,202,0,9,Matches
118,Jonathan Clauss,fr FRA,DF,Marseille,30,1992,23.0,1526,1227,290,36,1,4,159,201,53,0,48,0,1153,9,39,Matches
119,Marcus Coco,fr FRA,"DF,FW",Nantes,27,1996,16.5,641,561,78,3,3,1,46,75,0,0,0,0,473,2,15,Matches
120,Maxime Colin,fr FRA,DF,Metz,31,1991,20.4,925,684,235,19,0,2,34,216,0,0,0,0,660,6,30,Matches
121,Eray Cömert,ch SUI,DF,Nantes,25,1998,22.2,1064,1007,57,37,1,19,3,3,0,0,0,0,941,0,10,Matches
122,Alois Confais,fr FRA,"MF,FW",Le Havre,26,1996,0.1,9,7,2,2,0,0,1,0,0,0,0,0,7,0,0,Matches
123,Joaquín Correa,ar ARG,"FW,MF",Marseille,28,1994,4.8,167,163,3,1,1,0,1,2,0,0,0,0,131,1,10,Matches
124,Oscar Cortés,co COL,"FW,MF",Lens,19,2003,0.5,26,26,0,0,0,0,2,0,0,0,0,0,18,0,0,Matches
125,David Costa,pt POR,MF,Lens,22,2001,16.6,726,664,56,15,3,0,77,3,38,14,22,0,570,6,19,Matches
126,Logan Costa,cv CPV,DF,Toulouse,22,2001,29.4,1784,1676,106,52,0,14,12,19,0,0,0,0,1491,2,14,Matches
127,Grégoire Coudert,fr FRA,GK,Brest,24,1999,2.0,80,60,20,10,0,0,0,0,0,0,0,0,55,0,0,Matches
128,Mamadou Coulibaly,fr FRA,MF,Monaco,19,2004,1.3,70,69,1,0,0,0,1,1,0,0,0,0,56,0,1,Matches
129,Tanguy Coulibaly,fr FRA,"FW,MF",Montpellier,22,2001,6.9,172,165,6,0,0,0,8,5,0,0,0,0,137,1,3,Matches
130,Nicolas Cozza,fr FRA,DF,Nantes,24,1999,9.9,366,282,83,3,0,0,13,80,0,0,0,0,270,1,8,Matches
131,Trévis Dago,ci CIV,"FW,MF",Lille,18,2005,0.3,4,4,0,0,0,0,1,0,0,0,0,0,2,0,0,Matches
132,Thijs Dallinga,nl NED,FW,Toulouse,22,2000,27.9,621,591,28,1,0,7,14,2,0,0,0,0,416,2,24,Matches
133,Kevin Danso,at AUT,DF,Lens,24,1998,29.5,1719,1602,114,70,0,3,3,7,0,0,0,0,1508,3,7,Matches
134,Dante,br BRA,DF,Nice,39,1983,31.6,2803,2665,133,69,4,11,10,8,0,0,0,0,2540,5,11,Matches
135,Raimane Daou,km COM,"DF,MF",Marseille,18,2004,0.3,13,13,0,0,0,0,0,0,0,0,0,0,11,0,0,Matches
136,Mohamed Daramy,dk DEN,"FW,MF",Reims,21,2002,18.3,527,499,26,0,7,4,15,12,1,0,0,0,401,2,23,Matches
137,Achraf Dari,ma MAR,"DF,FW",Brest,24,1999,1.3,85,83,2,2,0,0,0,0,0,0,0,0,73,0,0,Matches
138,Jonathan David,ca CAN,FW,Lille,23,2000,29.2,655,610,40,2,0,0,2,0,0,0,0,0,537,5,18,Matches
139,Thibault De Smet,be BEL,DF,Reims,25,1998,20.3,1046,878,163,12,0,2,31,149,2,2,0,0,837,5,29,Matches
140,Romain Del Castillo,fr FRA,FW,Brest,27,1996,27.7,1469,1255,209,52,9,11,251,45,104,57,45,0,989,5,67,Matches
141,Thomas Delaine,fr FRA,"DF,MF",Strasbourg,31,1992,22.7,882,699,179,24,2,1,104,146,9,0,8,0,638,4,25,Matches
142,Sacha Delaye,fr FRA,"MF,FW",Montpellier,21,2002,1.4,48,48,0,0,0,0,3,0,0,0,0,0,38,0,3,Matches
143,Karamoko Dembélé,eng ENG,"MF,FW",Brest,20,2003,0.2,10,9,1,0,0,0,1,0,1,1,0,0,8,0,0,Matches
144,Ousmane Dembélé,fr FRA,"MF,FW",Paris S-G,26,1997,16.7,1044,974,65,13,11,4,99,3,49,7,18,0,792,5,24,Matches
145,Jessy Deminguet,fr FRA,"MF,FW",Strasbourg,25,1998,7.7,258,231,25,13,1,3,9,5,7,2,1,0,221,2,1,Matches
146,Rémy Descamps,fr FRA,GK,Nantes,27,1996,6.0,212,123,89,18,0,0,0,0,0,0,0,0,128,0,1,Matches
147,Mikkel Desler,dk DEN,DF,Toulouse,28,1995,17.2,944,775,169,20,0,1,30,149,0,0,0,0,788,0,23,Matches
148,Arthur Desmas,fr FRA,GK,Le Havre,29,1994,33.0,945,617,324,102,0,0,0,0,0,0,0,0,611,4,2,Matches
149,Lamine Diack,sn SEN,MF,Nantes,22,2000,0.0,0,0,0,0,0,0,0,0,0,0,0,0,0,0,0,Matches
150,Mamadou Diakhon,fr FRA,"FW,MF",Reims,17,2005,2.3,48,46,2,0,1,1,4,2,0,0,0,0,38,0,0,Matches
151,Bafodé Diakité,fr FRA,DF,Lille,22,2001,18.8,1311,1209,102,45,0,3,3,49,0,0,0,0,1206,0,11,Matches
152,Ibrahim Diakité,gn GUI,DF,Reims,19,2003,1.2,85,67,18,2,0,1,9,16,0,0,0,0,57,0,3,Matches
153,Oumar Diakité,ci CIV,FW,Reims,19,2003,17.6,305,279,26,1,4,0,3,1,0,0,0,0,239,0,6,Matches
154,Habib Diarra,sn SEN,"MF,FW",Strasbourg,19,2004,25.6,874,850,23,8,3,4,22,4,3,2,0,0,735,1,13,Matches
155,Moussa Diarra,ml MLI,DF,Toulouse,22,2000,15.5,680,587,90,25,1,2,16,59,0,0,0,0,550,3,19,Matches
156,Krépin Diatta,sn SEN,"DF,FW",Monaco,24,1999,13.4,787,629,152,16,0,5,39,126,10,4,4,0,602,6,13,Matches
157,Mory Diaw,sn SEN,GK,Clermont Foot,30,1993,30.0,1245,952,289,113,1,7,0,0,0,0,0,0,848,4,1,Matches
158,Mahamadou Diawara,fr FRA,MF,Lyon,18,2005,4.0,147,144,2,2,0,0,2,0,0,0,0,0,125,1,4,Matches
159,Bamba Dieng,sn SEN,FW,Lorient,23,2000,6.1,117,99,18,0,0,0,5,1,0,0,0,0,90,0,2,Matches
160,Guillaume Dietsch,fr FRA,GK,Metz,22,2001,0.8,26,12,14,7,0,0,0,0,0,0,0,0,15,0,0,Matches
161,Sinaly Diomande,ci CIV,DF,Lyon,22,2001,9.9,570,554,15,13,1,3,1,2,0,0,0,0,521,1,3,Matches
162,Edan Diop,fr FRA,"MF,DF",Monaco,18,2004,1.8,97,86,10,1,0,0,2,9,0,0,0,0,71,1,3,Matches
163,Sofiane Diop,ma MAR,FW,Nice,23,2000,5.5,176,171,5,2,0,1,13,1,2,2,0,0,143,0,2,Matches
164,Andy Diouf,fr FRA,MF,Lens,20,2003,14.6,737,689,45,13,1,0,47,0,32,15,14,0,591,3,27,Matches
165,Yehvann Diouf,sn SEN,GK,Reims,23,1999,34.0,1301,1065,227,70,0,3,0,0,0,0,0,0,1020,9,1,Matches
166,Chaim El Djebali,tn TUN,MF,Lyon,19,2004,0.1,9,9,0,0,0,0,1,0,0,0,0,0,7,0,1,Matches
167,Jeremy Doku,be BEL,FW,Rennes,21,2002,1.2,49,49,0,0,0,0,1,0,0,0,0,0,43,0,1,Matches
168,Gianluigi Donnarumma,it ITA,GK,Paris S-G,24,1999,24.1,773,609,163,31,0,0,0,1,0,0,0,0,686,1,0,Matches
169,Siriné Doucouré,ml MLI,FW,Lorient,21,2002,4.7,94,87,7,0,2,1,1,0,0,0,0,0,71,0,1,Matches
170,Désiré Doué,fr FRA,"MF,FW",Rennes,18,2005,18.1,779,734,41,18,6,6,70,4,18,11,7,0,576,4,24,Matches
171,Guela Doué,ci CIV,DF,Rennes,20,2002,13.7,669,556,113,8,2,1,43,105,0,0,0,0,502,0,18,Matches
172,Douglas,br BRA,MF,Nantes,26,1997,19.7,1040,991,47,34,4,8,20,2,11,8,2,0,904,2,11,Matches
173,Ismaël Doukouré,fr FRA,"MF,DF",Strasbourg,20,2003,18.4,771,729,40,23,4,7,0,8,0,0,0,0,660,2,9,Matches
174,Kamory Doumbia,ml MLI,MF,Brest,20,2003,9.8,487,472,14,5,2,0,8,3,2,0,2,0,420,1,8,Matches
175,Jean-Kevin Duverne,ht HAI,DF,Nantes,26,1997,15.0,743,653,86,15,0,2,13,71,0,0,0,0,597,4,11,Matches
176,Aron Dønnum,no NOR,"FW,MF",Toulouse,25,1998,17.7,571,545,24,5,4,13,28,10,9,2,5,0,428,2,17,Matches
177,Simon Ebonog,cm CMR,MF,Le Havre,18,2004,0.2,21,21,0,0,0,0,0,0,0,0,0,0,17,0,0,Matches
178,Hugo Ekitike,fr FRA,FW,Paris S-G,21,2002,0.1,8,8,0,0,0,0,0,0,0,0,0,0,7,0,1,Matches
179,Simon Elisor,fr FRA,FW,Metz,24,1999,8.5,157,139,18,0,0,0,4,0,0,0,0,0,111,0,5,Matches
180,Breel Embolo,ch SUI,FW,Monaco,26,1997,2.0,46,46,0,0,0,0,1,0,0,0,0,0,37,0,2,Matches
181,Emanuel Emegha,nl NED,FW,Strasbourg,20,2003,23.1,295,278,17,1,0,0,1,1,0,0,0,0,216,0,10,Matches
182,Maxime Estève,fr FRA,DF,Montpellier,21,2002,11.1,369,340,29,11,1,2,2,14,0,0,0,0,289,0,5,Matches
183,Oscar Estupiñan,co COL,FW,Metz,26,1996,2.9,61,54,5,0,0,0,1,0,0,0,0,0,41,2,1,Matches
184,Romain Faivre,fr FRA,"MF,FW",Lorient,25,1998,16.1,601,546,54,19,2,2,38,4,25,11,3,0,495,1,9,Matches
185,Ilhan Fakili,fr FRA,"MF,FW",Clermont Foot,17,2006,1.0,23,22,1,0,0,0,1,0,1,1,0,0,18,0,0,Matches
186,Khalil Fayad,fr FRA,"FW,MF",Montpellier,19,2004,11.4,345,333,10,4,1,4,13,4,0,0,0,0,276,2,6,Matches
187,Ichem Ferrah,fr FRA,FW,Lille,17,2005,0.0,1,1,0,0,0,0,0,0,0,0,0,0,1,0,0,Matches
188,Jordan Ferri,fr FRA,MF,Montpellier,31,1992,22.6,1331,1299,32,19,5,8,38,11,2,0,0,0,1101,0,20,Matches
189,Malick Fofana,be BEL,FW,Lyon,18,2005,6.2,180,175,5,0,0,0,20,5,0,0,0,0,143,0,8,Matches
190,Youssouf Fofana,fr FRA,MF,Monaco,24,1999,30.0,1789,1693,83,77,13,4,14,6,0,0,0,0,1453,13,30,Matches
191,Thomas Foket,be BEL,DF,Reims,28,1994,20.4,1069,865,192,8,0,0,37,184,0,0,0,0,862,12,27,Matches
192,Tiago Fonseca Morais,pt POR,FW,Lille,19,2003,0.5,15,13,2,0,0,0,1,0,2,1,0,0,11,0,0,Matches
193,Przemysław Frankowski,pl POL,DF,Lens,28,1995,24.4,1320,1108,206,8,3,5,118,188,10,3,4,0,1008,6,38,Matches
194,Angelo Fulgini,fr FRA,MF,Lens,26,1996,15.3,789,661,113,29,10,5,114,8,74,34,35,0,569,15,15,Matches
195,Kévin Gameiro,fr FRA,"FW,MF",Strasbourg,36,1987,15.0,461,448,12,1,4,1,10,0,0,0,0,0,373,1,14,Matches
196,Ignatius Ganago,cm CMR,"FW,MF",Nantes,24,1999,2.0,53,52,0,0,1,0,6,0,0,0,0,0,31,1,3,Matches
197,Ulisses Garcia,ch SUI,DF,Marseille,27,1996,10.1,570,461,109,11,0,1,49,91,7,0,7,0,449,0,13,Matches
198,Johan Gastien,fr FRA,MF,Clermont Foot,35,1988,25.1,1706,1599,103,59,10,12,39,11,33,12,13,0,1408,4,21,Matches
199,Yann Gboho,fr FRA,"MF,FW",Toulouse,22,2001,13.3,285,277,2,1,5,0,15,0,0,0,0,0,211,6,26,Matches
200,Gelabert,es ESP,"MF,FW",Toulouse,22,2000,8.4,356,339,16,5,6,3,9,2,5,0,3,0,275,1,16,Matches
201,Denis Genreau,au AUS,"MF,FW",Toulouse,24,1999,5.2,205,197,8,1,2,0,7,2,0,0,0,0,148,0,15,Matches
202,Samuel Gigot,fr FRA,DF,Marseille,29,1993,19.2,964,882,81,42,2,0,6,5,0,0,0,0,846,1,7,Matches
203,Aleksandr Golovin,ru RUS,"MF,FW",Monaco,27,1996,23.9,1236,1096,129,34,14,11,110,13,82,26,46,0,935,11,27,Matches
204,Angel Gomes,eng ENG,MF,Lille,22,2000,28.6,1751,1683,63,34,10,22,45,4,24,13,3,0,1566,5,25,Matches
205,Maxime Gonalons,fr FRA,MF,Clermont Foot,34,1989,14.4,772,756,15,15,4,13,1,0,0,0,0,0,666,1,13,Matches
206,Mathieu Gorgelin,fr FRA,GK,Le Havre,32,1990,1.0,19,16,3,1,0,0,0,0,0,0,0,0,12,0,0,Matches
207,Amine Gouiri,dz ALG,"FW,MF",Rennes,23,2000,23.0,764,741,22,3,2,0,7,3,7,0,0,0,625,1,25,Matches
208,Jonathan Gradit,fr FRA,DF,Lens,30,1992,23.5,1383,1335,43,42,1,14,17,1,0,0,0,0,1181,5,8,Matches
209,Samuel Grandsir,fr FRA,"MF,FW",Le Havre,26,1996,6.7,292,269,23,6,2,2,44,5,12,3,8,0,209,0,20,Matches
210,Adrian Grbić,at AUT,FW,Lorient,26,1996,0.3,13,10,3,1,0,0,1,0,0,0,0,0,7,0,0,Matches
211,Gabriel Gudmundsson,se SWE,"DF,FW",Lille,24,1999,14.1,560,479,80,11,0,0,36,68,1,0,0,0,437,1,24,Matches
212,Axel Gueguin,fr FRA,"DF,FW",Montpellier,18,2005,1.5,43,38,5,0,0,0,2,5,0,0,0,0,28,0,3,Matches
213,Mattéo Guendouzi,fr FRA,MF,Marseille,24,1999,0.2,12,10,2,1,0,0,1,0,1,0,0,0,9,0,1,Matches
214,Evann Guessand,ci CIV,FW,Nice,22,2001,17.3,294,263,31,0,3,1,11,1,0,0,0,0,218,0,12,Matches
215,Pape Gueye,sn SEN,"MF,DF",Marseille,24,1999,8.5,487,475,11,10,0,1,9,1,0,0,0,0,396,1,10,Matches
216,Morgan Guilavogui,gn GUI,"FW,MF",Lens,25,1998,6.3,222,213,7,0,0,0,5,1,0,0,0,0,166,2,9,Matches
217,Frederic Guilbert,fr FRA,"DF,MF",Strasbourg,28,1994,27.7,1467,1242,224,48,1,7,85,161,15,8,4,1,1108,1,25,Matches
218,Jaouen Hadjam,dz ALG,DF,Nantes,20,2003,1.2,103,96,7,1,0,0,12,6,0,0,0,0,80,0,1,Matches
219,Massadio Haïdara,ml MLI,DF,Lens,30,1992,8.2,431,373,56,12,0,3,22,42,0,0,0,0,358,2,11,Matches
220,Oualid El Hajjam,ma MAR,"DF,MF",Le Havre,32,1991,4.4,234,203,29,2,0,0,10,27,0,0,0,0,176,2,4,Matches
221,Achraf Hakimi,ma MAR,DF,Paris S-G,24,1998,21.5,1979,1773,203,29,4,6,79,160,14,1,7,0,1712,3,42,Matches
222,Amine Harit,ma MAR,"MF,FW",Marseille,26,1997,20.2,966,904,55,12,9,0,39,14,25,10,7,0,815,7,15,Matches
223,Silvan Hefti,ch SUI,"DF,FW",Montpellier,25,1997,7.9,328,268,59,2,0,1,19,57,0,0,0,0,238,1,15,Matches
224,Henrique,br BRA,DF,Lyon,29,1994,6.7,400,342,57,4,0,0,17,53,0,0,0,0,351,1,9,Matches
225,Luis Henrique,br BRA,"FW,DF",Marseille,21,2001,8.7,387,369,13,1,0,4,27,11,0,0,0,0,300,5,6,Matches
226,Christophe Hérelle,mq MTQ,DF,Metz,30,1992,18.0,609,580,28,27,0,2,1,1,0,0,0,0,543,1,4,Matches
227,Lucas Hernández,fr FRA,DF,Paris S-G,27,1996,21.2,1859,1686,169,41,1,16,19,128,0,0,0,0,1670,4,20,Matches
228,Andrej Ilic,rs SRB,FW,Lille,23,2000,0.1,1,1,0,0,0,0,0,0,0,0,0,0,1,0,0,Matches
229,Bonke Innocent,ng NGA,MF,Lorient,27,1996,2.3,96,95,1,1,0,0,0,0,0,0,0,0,91,0,1,Matches
230,Ismaily,br BRA,DF,Lille,33,1990,27.4,1505,1278,225,27,0,4,29,198,0,0,0,0,1262,2,25,Matches
231,Yanis Issoufou,fr FRA,MF,Montpellier,16,2006,0.1,2,2,0,0,0,0,1,0,0,0,0,0,2,0,0,Matches
232,Junya Ito,jp JPN,"FW,MF",Reims,30,1993,30.2,1131,993,130,23,10,12,201,23,84,23,47,0,741,8,42,Matches
233,Jérémy Jacquet,fr FRA,MF,Rennes,18,2005,0.1,6,6,0,0,0,0,0,0,0,0,0,0,5,0,0,Matches
234,Jérémy Jacquet,fr FRA,DF,Clermont Foot,18,2005,2.8,123,98,25,1,0,0,1,24,0,0,0,0,94,0,3,Matches
235,Ismail Jakobs,sn SEN,DF,Monaco,23,1999,16.3,874,718,152,14,1,0,76,120,18,5,7,0,626,4,23,Matches
236,Ablie Jallow,gm GAM,"MF,FW",Metz,24,1998,10.2,318,295,21,6,2,8,23,2,12,8,3,0,248,2,7,Matches
237,Danley Jean-Jacques,ht HAI,MF,Metz,23,2000,29.8,743,728,14,14,1,8,20,0,0,0,0,0,572,1,20,Matches
238,Jeffinho,br BRA,"FW,MF",Lyon,23,1999,3.4,129,124,5,2,0,1,2,1,2,0,0,0,95,0,7,Matches
239,Antoine Joujou,fr FRA,"FW,MF",Le Havre,20,2003,8.7,260,256,3,1,0,0,18,1,0,0,0,0,184,1,8,Matches
240,Christopher Jullien,fr FRA,DF,Montpellier,30,1993,13.7,512,477,34,18,0,0,1,1,0,0,0,0,441,1,2,Matches
241,Eli Junior Kroupi,fr FRA,"FW,MF",Lorient,17,2006,12.0,279,239,38,3,3,0,14,4,9,3,3,0,216,2,8,Matches
242,Abdoul Kader Bamba,fr FRA,"FW,MF",Nantes,29,1994,6.8,336,307,26,11,3,1,26,6,9,4,3,0,267,3,1,Matches
243,Yaya Kader Fofana,ml MLI,"MF,DF",Reims,19,2004,0.4,21,20,1,0,0,1,1,0,0,0,0,0,12,0,0,Matches
244,Tino Kadewere,zw ZIM,"FW,MF",Lyon,27,1996,3.3,111,104,6,0,0,0,2,2,0,0,0,0,89,1,1,Matches
245,Tino Kadewere,zw ZIM,"FW,MF",Nantes,27,1996,8.7,213,203,8,0,1,1,6,4,1,0,0,0,154,2,7,Matches
246,Arnaud Kalimuendo,fr FRA,FW,Rennes,21,2002,23.8,502,451,47,2,2,2,11,1,0,0,0,0,405,4,18,Matches
247,Gedeon Kalulu,cd COD,DF,Lorient,25,1997,10.8,528,456,70,7,0,5,21,63,0,0,0,0,433,2,17,Matches
248,Warren Kamanzi,no NOR,"DF,FW",Toulouse,22,2000,13.2,604,537,63,6,0,1,20,57,0,0,0,0,502,4,10,Matches
249,Lee Kang-in,kr KOR,"FW,MF",Paris S-G,22,2001,16.3,1011,903,104,24,3,5,97,7,68,27,21,0,835,4,18,Matches
250,Yann Karamoh,fr FRA,"FW,MF",Montpellier,25,1998,3.2,88,85,3,0,0,0,5,0,0,0,0,0,63,0,3,Matches
251,Ayman Kari,fr FRA,MF,Lorient,18,2004,9.9,386,384,1,1,4,2,1,0,0,0,0,0,338,1,11,Matches
252,Panos Katseris,gr GRE,DF,Lorient,22,2001,11.6,393,307,86,2,0,0,45,83,1,0,0,0,275,0,20,Matches
253,Kévin Keben Biakolo,cm CMR,DF,Toulouse,19,2004,5.8,260,222,38,3,0,0,3,35,0,0,0,0,209,0,7,Matches
254,Yassine Kechta,ma MAR,MF,Le Havre,21,2002,20.5,960,931,27,15,4,5,19,7,4,2,0,0,778,2,20,Matches
255,Thilo Kehrer,de GER,DF,Monaco,26,1996,14.7,966,900,66,32,1,2,4,19,0,0,0,0,859,0,11,Matches
256,Habib Keita,ml MLI,MF,Clermont Foot,21,2002,14.2,675,663,11,10,1,8,4,1,0,0,0,0,591,1,6,Matches
257,Reda Khadra,de GER,"FW,MF",Reims,22,2001,15.2,389,347,40,7,4,2,46,19,9,4,2,0,289,2,15,Matches
258,Wahbi Khazri,tn TUN,FW,Montpellier,32,1991,12.6,318,298,18,3,3,14,11,7,4,2,1,0,227,2,11,Matches
259,Abdukodir Khusanov,uz UZB,DF,Lens,19,2004,9.0,439,426,13,8,0,2,2,0,0,0,0,0,383,0,1,Matches
260,Philipp Köhn,ch SUI,GK,Monaco,25,1998,22.0,667,484,182,52,0,0,0,0,0,0,0,0,479,1,0,Matches
261,Randal Kolo Muani,fr FRA,"FW,MF",Paris S-G,24,1998,14.1,359,354,4,0,1,0,9,0,0,0,0,0,259,1,17,Matches
262,Cheick Konaté,ml MLI,DF,Clermont Foot,19,2004,11.9,484,419,65,5,0,6,43,60,0,0,0,0,319,0,21,Matches
263,Geoffrey Kondogbia,cf CTA,MF,Marseille,30,1993,16.3,952,935,11,9,2,10,2,1,1,0,0,0,832,6,7,Matches
264,Abdoul Koné,fr FRA,DF,Reims,18,2005,2.1,85,65,20,3,0,1,1,17,0,0,0,0,53,0,3,Matches
265,Amadou Koné,ml MLI,MF,Reims,18,2005,5.3,256,251,3,3,0,2,1,0,0,0,0,0,204,2,5,Matches
266,Ibrahima Koné,ml MLI,FW,Lorient,24,1999,0.4,3,3,0,0,0,0,0,0,0,0,0,0,2,0,0,Matches
267,N'Guessan Kouadio,ci CIV,"MF,FW",Metz,20,2003,1.2,46,44,2,2,0,0,1,0,0,0,0,0,37,0,1,Matches
268,Koffi Kouao,ci CIV,DF,Metz,25,1998,9.6,401,317,81,6,0,1,16,75,0,0,0,0,317,3,7,Matches
269,Therence Koudou,fr FRA,DF,Reims,18,2004,3.5,173,137,36,2,0,0,14,34,0,0,0,0,142,0,3,Matches
270,Boubakar Kouyaté,ml MLI,DF,Montpellier,26,1997,21.4,873,836,34,25,1,5,1,2,0,0,0,0,719,3,8,Matches
271,Sael Kumbedi,fr FRA,DF,Lyon,18,2005,10.3,592,506,85,9,1,0,28,76,0,0,0,0,470,1,11,Matches
272,Layvin Kurzawa,fr FRA,DF,Paris S-G,30,1992,0.1,13,11,2,1,0,0,0,1,0,0,0,0,13,0,0,Matches
273,Daler Kuzyaev,ru RUS,MF,Le Havre,30,1993,23.2,1050,1010,36,19,4,0,27,1,15,2,7,0,824,4,27,Matches
274,Grejohn Kyei,fr FRA,FW,Clermont Foot,27,1995,11.4,265,235,27,0,0,2,2,0,0,0,0,0,198,3,8,Matches
275,Gaëtan Laborde,fr FRA,"FW,MF",Nice,29,1994,21.2,558,540,16,3,0,2,62,4,6,5,1,0,366,2,21,Matches
276,Alexandre Lacazette,fr FRA,FW,Lyon,32,1991,25.5,561,514,42,1,8,6,10,2,0,0,0,0,397,5,18,Matches
277,Alban Lafont,ci CIV,GK,Nantes,24,1999,27.7,1006,770,235,69,0,3,0,0,0,0,0,0,720,1,0,Matches
278,Kenny Lala,mg MAD,DF,Brest,31,1991,33.0,2195,1784,404,85,0,20,143,310,9,3,6,0,1713,7,62,Matches
279,Mathis Lambourde,fr FRA,FW,Rennes,17,2006,0.1,5,5,0,0,0,0,0,0,0,0,0,0,4,0,0,Matches
280,Mohamed Lamine Bayo,gn GUI,FW,Le Havre,25,1998,15.4,310,283,26,0,3,2,8,0,0,0,0,0,201,1,14,Matches
281,Didier Lamkel Zé,cm CMR,"FW,MF",Metz,26,1996,6.1,190,179,10,5,0,6,13,1,2,1,0,0,137,1,5,Matches
282,Julien Laporte,fr FRA,DF,Lorient,29,1993,20.2,1023,975,45,20,0,5,1,1,0,0,0,0,883,3,5,Matches
283,Théo Le Bris,fr FRA,"DF,MF",Lorient,20,2002,16.8,680,602,75,2,0,1,33,68,3,2,0,0,531,3,16,Matches
284,Julien Le Cardinal,fr FRA,DF,Brest,25,1997,5.3,258,246,11,5,0,3,5,6,0,0,0,0,212,1,3,Matches
285,Julien Le Cardinal,fr FRA,DF,Lens,25,1997,0.6,32,27,5,1,0,0,4,4,0,0,0,0,23,0,1,Matches
286,Jérémy Le Douaron,fr FRA,FW,Brest,25,1998,18.0,387,385,2,1,1,3,44,1,0,0,0,0,252,0,21,Matches
287,Enzo Le Fée,fr FRA,MF,Rennes,23,2000,17.0,1043,998,44,27,5,14,24,6,10,3,5,0,897,1,11,Matches
288,Vincent Le Goff,fr FRA,"DF,MF",Lorient,33,1989,6.0,322,280,40,3,1,0,18,34,3,1,2,0,252,2,7,Matches
289,Adrien Lebeau,fr FRA,"MF,FW",Brest,24,1999,0.6,29,26,3,0,0,0,3,0,3,2,1,0,19,0,3,Matches
290,Jean-Louis Leca,fr FRA,GK,Lens,37,1985,1.0,26,20,6,2,0,0,0,0,0,0,0,0,16,0,1,Matches
291,Benjamin Lecomte,fr FRA,GK,Montpellier,32,1991,30.0,1006,669,333,112,0,2,0,0,0,0,0,0,670,4,1,Matches
292,Pierre Lees-Melou,fr FRA,MF,Brest,30,1993,28.0,1673,1618,54,48,6,32,31,5,1,0,0,0,1425,1,26,Matches
293,Johann Lepenant,fr FRA,MF,Lyon,20,2002,2.8,186,179,6,5,1,0,2,1,0,0,0,0,165,1,4,Matches
294,Léo Leroy,fr FRA,MF,Montpellier,23,2000,5.5,184,183,0,0,1,3,1,0,0,0,0,0,132,1,6,Matches
295,Gautier Lloris,fr FRA,DF,Le Havre,28,1995,30.9,1398,1369,27,18,2,3,3,8,0,0,0,0,1194,2,14,Matches
296,Abou Lô,sn SEN,"MF,DF",Metz,23,2000,2.2,74,73,1,1,0,0,0,0,0,0,0,0,65,0,1,Matches
297,Bradley Locko,fr FRA,DF,Brest,21,2002,32.9,1852,1528,320,44,1,18,94,276,0,0,0,0,1544,4,32,Matches
298,Renan Lodi,br BRA,DF,Marseille,25,1998,13.7,748,603,141,32,0,2,70,94,15,1,14,0,579,4,18,Matches
299,Elysée Logbo,fr FRA,FW,Le Havre,19,2004,2.8,40,38,2,0,0,0,1,0,0,0,0,0,31,0,0,Matches
300,Anthony Lopes,pt POR,GK,Lyon,32,1990,31.0,1035,770,265,69,1,0,0,0,0,0,0,0,773,0,0,Matches
301,Pau López,es ESP,GK,Marseille,28,1994,32.7,1195,964,229,80,0,0,0,0,0,0,0,0,924,2,1,Matches
302,Jordan Lotomba,ch SUI,DF,Nice,24,1998,20.0,994,799,193,36,0,2,20,156,1,0,0,0,834,2,22,Matches
303,Tom Louchet,fr FRA,"MF,DF",Nice,20,2003,4.5,257,211,46,12,0,0,33,21,13,6,7,0,195,0,5,Matches
304,Imran Louza,ma MAR,MF,Lorient,24,1999,9.6,583,493,87,37,1,4,53,6,37,19,13,0,465,3,4,Matches
305,Dejan Lovren,hr CRO,DF,Lyon,34,1989,8.0,440,418,22,10,0,2,3,1,0,0,0,0,371,0,5,Matches
306,Joshua M'Bahia,ci CIV,MF,Clermont Foot,18,2005,0.2,15,14,1,0,0,0,0,1,0,0,0,0,12,0,0,Matches
307,Othmane Maamma,ma MAR,FW,Montpellier,17,2005,1.0,32,32,0,0,0,0,4,0,0,0,0,0,25,0,1,Matches
308,Deiver Machado,co COL,DF,Lens,29,1993,12.5,488,396,91,3,0,0,29,87,0,0,0,0,383,1,17,Matches
309,Soungoutou Magassa,fr FRA,"DF,MF",Monaco,19,2003,15.0,998,977,21,18,1,21,3,3,0,0,0,0,871,0,14,Matches
310,Hugo Magnetti,fr FRA,MF,Brest,25,1998,26.0,1143,1105,36,13,1,7,20,10,2,0,0,0,1008,2,17,Matches
311,Yohann Magnin,fr FRA,MF,Clermont Foot,26,1997,18.7,836,810,25,13,1,4,14,9,3,3,0,0,698,1,12,Matches
312,Frank Magri,cm CMR,"FW,MF",Toulouse,23,1999,16.0,333,323,9,0,3,1,17,4,0,0,0,0,231,1,11,Matches
313,Adel Mahamoud,km COM,FW,Nantes,20,2003,0.1,4,4,0,0,0,0,0,0,0,0,0,0,2,0,0,Matches
314,Habib Maïga,ci CIV,"MF,FW",Metz,27,1996,1.6,63,62,0,0,0,0,1,0,0,0,0,0,47,1,1,Matches
315,Ainsley Maitland-Niles,eng ENG,"DF,MF",Lyon,25,1997,15.9,796,694,98,9,1,5,21,86,3,1,0,0,663,4,12,Matches
316,Radosław Majecki,pl POL,GK,Monaco,23,1999,12.0,376,271,105,25,0,0,0,0,0,0,0,0,277,0,0,Matches
317,Lovro Majer,hr CRO,MF,Rennes,25,1998,0.2,16,15,1,0,0,0,1,0,1,0,1,0,14,0,1,Matches
318,Jean-Victor Makengo,fr FRA,"MF,FW",Lorient,25,1998,5.3,277,271,6,4,0,2,5,1,1,0,0,0,244,0,6,Matches
319,Aaron Malouda,fr FRA,FW,Lille,17,2005,0.0,0,0,0,0,0,0,0,0,0,0,0,0,0,0,0,Matches
320,Hianga Mananga Mbock,fr FRA,"MF,FW",Brest,23,1999,0.1,7,7,0,0,0,0,0,0,0,0,0,0,6,0,0,Matches
321,Steve Mandanda,fr FRA,GK,Rennes,38,1985,34.0,1209,921,288,96,0,0,0,0,0,0,0,0,885,0,0,Matches
322,Orel Mangala,be BEL,MF,Lyon,25,1998,4.4,182,179,3,3,1,2,2,0,0,0,0,0,154,0,3,Matches
323,Vito Mannone,it ITA,GK,Lille,35,1988,1.0,38,33,5,4,0,0,0,0,0,0,0,0,27,0,0,Matches
324,Faitout Maouassa,fr FRA,"MF,DF",Lens,25,1998,0.8,29,20,9,0,0,0,3,8,1,0,1,0,20,0,1,Matches
325,Guillermo Maripán,cl CHI,DF,Monaco,29,1994,19.6,1054,1010,42,36,0,2,0,4,0,0,0,0,934,2,9,Matches
326,Marquinhos,br BRA,"FW,MF",Nantes,20,2003,1.7,67,62,5,1,0,0,5,3,0,0,0,0,50,0,2,Matches
327,Marquinhos,br BRA,DF,Paris S-G,29,1994,17.1,1807,1757,47,22,4,3,0,21,0,0,0,0,1706,3,6,Matches
328,Jonas Martin,fr FRA,MF,Brest,33,1990,13.4,962,927,33,21,0,9,7,8,2,1,0,0,839,2,12,Matches
329,Clinton Mata,ao ANG,DF,Lyon,30,1992,24.7,1514,1332,181,32,0,2,52,149,0,0,0,0,1286,1,26,Matches
330,Eliot Matazo,be BEL,MF,Monaco,21,2002,1.1,63,61,2,1,0,1,1,1,0,0,0,0,50,0,0,Matches
331,Nemanja Matić,rs SRB,MF,Rennes,34,1988,11.4,804,760,41,38,2,5,5,3,0,0,0,0,695,3,14,Matches
332,Nemanja Matić,rs SRB,MF,Lyon,34,1988,13.9,989,948,34,34,3,6,4,0,0,0,0,0,845,7,26,Matches
333,Chrislain Matsima,fr FRA,DF,Clermont Foot,21,2002,13.1,655,635,19,13,0,1,0,3,0,0,0,0,569,1,10,Matches
334,Chrislain Matsima,fr FRA,DF,Monaco,21,2002,3.3,231,224,6,2,0,0,0,3,0,0,0,0,215,1,0,Matches
335,Azor Matusiwa,nl NED,MF,Reims,25,1998,15.4,750,740,9,8,0,5,0,1,0,0,0,0,650,1,8,Matches
336,Azor Matusiwa,nl NED,MF,Rennes,25,1998,8.8,454,442,12,11,1,1,1,1,0,0,0,0,398,0,5,Matches
337,Aïman Maurer,ma MAR,"MF,FW",Clermont Foot,18,2004,0.6,29,25,4,0,0,0,4,1,3,3,0,0,21,0,0,Matches
338,Christian Mawissa,fr FRA,DF,Toulouse,18,2005,12.4,617,562,55,7,0,3,4,44,0,0,0,0,511,0,9,Matches
339,Noam Mayoka-Tika,be BEL,MF,Marseille,19,2003,0.0,1,1,0,0,0,0,0,0,0,0,0,0,1,0,0,Matches
340,Senny Mayulu,fr FRA,"FW,MF",Paris S-G,17,2006,3.6,175,172,3,0,2,0,13,1,2,0,0,0,145,0,5,Matches
341,Youssef Maziz,fr FRA,"FW,MF",Metz,25,1998,1.4,39,33,5,1,1,2,4,1,3,2,1,0,30,1,0,Matches
342,Ethan Mbappé,fr FRA,"MF,DF",Paris S-G,16,2006,0.5,46,44,2,0,0,0,1,2,0,0,0,0,42,0,0,Matches
343,Kylian Mbappé,fr FRA,FW,Paris S-G,24,1998,24.0,965,936,24,5,12,10,23,6,7,0,0,0,801,5,19,Matches
344,Malick Mbaye,sn SEN,"MF,FW",Metz,19,2004,1.7,54,49,5,1,0,0,13,0,3,0,3,0,34,0,5,Matches
345,Chancel Mbemba,cd COD,DF,Marseille,28,1994,24.5,1398,1325,71,36,0,2,15,18,0,0,0,0,1222,2,8,Matches
346,Nolan Mbemba,cg CGO,MF,Le Havre,28,1995,0.2,34,33,1,0,0,1,2,0,1,0,1,0,28,0,0,Matches
347,Christ Mbondi,fr FRA,FW,Reims,18,2004,0.0,1,1,0,0,0,0,0,0,0,0,0,0,1,0,0,Matches
348,Facundo Medina,ar ARG,DF,Lens,24,1999,30.2,2112,2018,90,79,6,10,20,9,0,0,0,0,1823,4,27,Matches
349,Bamo Meïté,ci CIV,DF,Marseille,21,2001,7.1,507,473,34,10,0,0,4,20,0,0,0,0,462,0,6,Matches
350,Bamo Meïté,ci CIV,DF,Lorient,21,2001,1.6,56,54,2,1,0,0,0,1,0,0,0,0,48,0,1,Matches
351,Birger Meling,no NOR,DF,Rennes,28,1994,0.2,7,4,3,1,0,0,0,2,0,0,0,0,7,0,0,Matches
352,Nuno Mendes,pt POR,DF,Paris S-G,21,2002,3.0,222,197,24,0,0,2,7,24,0,0,0,0,183,1,9,Matches
353,Antoine Mendy,sn SEN,DF,Nice,19,2004,4.6,244,223,21,4,0,2,4,17,0,0,0,0,211,0,2,Matches
354,Benjamin Mendy,fr FRA,DF,Lorient,29,1994,7.9,468,364,101,25,0,1,96,59,17,6,10,0,318,3,12,Matches
355,Formose Mendy,sn SEN,DF,Lorient,22,2001,14.0,739,658,80,35,0,18,13,44,0,0,0,0,587,1,11,Matches
356,Nampalys Mendy,sn SEN,MF,Lens,31,1992,11.7,653,637,14,13,3,3,7,1,0,0,0,0,577,2,4,Matches
357,Quentin Merlin,fr FRA,DF,Marseille,21,2002,7.8,465,379,84,18,1,1,40,59,7,1,6,0,360,2,11,Matches
358,Quentin Merlin,fr FRA,DF,Nantes,21,2002,14.3,841,689,148,11,8,6,63,121,16,6,5,0,615,4,17,Matches
359,Bastien Meupiyou,fr FRA,DF,Nantes,17,2006,0.1,5,5,0,0,0,0,0,0,0,0,0,0,5,0,0,Matches
360,Lucas Michal,fr FRA,FW,Monaco,18,2005,0.1,1,1,0,0,0,0,0,0,0,0,0,0,1,0,0,Matches
361,Georges Mikautadze,ge GEO,FW,Metz,22,2000,19.4,430,358,67,9,2,1,34,4,8,3,3,0,299,5,16,Matches
362,Takumi Minamino,jp JPN,MF,Monaco,28,1995,23.5,885,846,32,7,12,2,32,13,9,1,2,0,646,7,37,Matches
363,Lucas Mincarelli,fr FRA,"DF,MF",Montpellier,19,2004,10.9,438,346,92,2,1,0,26,90,0,0,0,0,326,0,17,Matches
364,Ignacio Miramon,ar ARG,MF,Lille,20,2003,0.4,32,32,0,0,0,0,0,0,0,0,0,0,28,0,1,Matches
365,Terem Moffi,ng NGA,FW,Nice,24,1999,21.7,387,349,32,1,1,0,7,2,0,0,0,0,274,6,18,Matches
366,Mostafa Mohamed,eg EGY,FW,Nantes,25,1997,22.2,369,341,26,0,5,2,14,2,0,0,0,0,238,2,13,Matches
367,Florent Mollet,fr FRA,"MF,FW",Nantes,31,1991,23.1,1063,902,160,36,1,2,142,15,95,41,42,0,826,1,23,Matches
368,Enzo Mongo,fr FRA,DF,Nantes,18,2005,0.1,2,0,2,0,0,0,0,2,0,0,0,0,0,0,0,Matches
369,Diego Moreira,be BEL,"FW,MF",Lyon,18,2004,3.0,108,105,2,1,0,0,6,1,0,0,0,0,74,1,3,Matches
370,Lebo Mothiba,za RSA,FW,Strasbourg,27,1996,6.9,118,115,1,0,0,0,1,0,0,0,0,0,86,2,3,Matches
371,Steve Mounié,bj BEN,FW,Brest,28,1994,19.7,454,451,2,0,0,2,11,2,0,0,0,0,282,1,12,Matches
372,Samuel Moutoussamy,cd COD,MF,Nantes,26,1996,12.3,498,491,6,5,1,0,2,1,0,0,0,0,417,1,7,Matches
373,Loris Mouyokolo,fr FRA,DF,Lorient,22,2001,1.0,55,54,1,1,0,0,0,0,0,0,0,0,48,0,1,Matches
374,François Mughe,cm CMR,"MF,DF",Marseille,19,2004,2.0,45,41,4,0,0,0,7,4,0,0,0,0,29,0,5,Matches
375,Nordi Mukiele,fr FRA,DF,Paris S-G,25,1997,8.8,578,521,57,13,1,4,3,44,0,0,0,0,486,0,16,Matches
376,Marshall Munetsi,zw ZIM,MF,Reims,27,1996,24.1,542,527,13,3,0,2,18,1,0,0,0,0,380,2,22,Matches
377,Yvon Mvogo,ch SUI,GK,Lorient,29,1994,34.0,1149,835,314,86,0,1,0,0,0,0,0,0,869,0,1,Matches
378,Joel Mvuka,no NOR,"DF,FW",Lorient,20,2002,2.2,49,41,8,2,0,0,12,1,5,2,3,0,33,0,2,Matches
379,Junior Mwanga,fr FRA,"MF,FW",Strasbourg,20,2003,16.1,520,487,31,12,5,4,4,1,0,0,0,0,415,2,17,Matches
380,Kévin N'Doram,fr FRA,MF,Metz,27,1996,17.8,611,566,43,39,1,19,2,2,0,0,0,0,481,2,10,Matches
381,Bilal Nadir,ma MAR,"MF,FW",Marseille,19,2003,1.3,47,46,1,0,0,0,0,1,0,0,0,0,41,0,3,Matches
382,Mahamadou Nagida,cm CMR,DF,Rennes,18,2005,1.2,65,59,6,0,0,1,12,6,0,0,0,0,47,0,3,Matches
383,Keito Nakamura,jp JPN,"FW,MF",Reims,23,2000,15.3,400,391,5,1,2,5,23,2,1,1,0,0,292,4,13,Matches
384,Keylor Navas,cr CRC,GK,Paris S-G,36,1986,4.0,98,78,20,2,0,0,0,0,0,0,0,0,91,0,0,Matches
385,Youssouf Ndayishimiye,bi BDI,"MF,DF",Nice,24,1998,19.0,1361,1313,46,41,3,7,1,5,0,0,0,0,1223,2,9,Matches
386,Bassirou Ndiaye,sn SEN,FW,Lorient,21,2002,1.7,39,35,4,0,0,0,1,0,1,1,0,0,27,0,2,Matches
387,Iliman Ndiaye,sn SEN,"FW,MF",Marseille,23,2000,18.0,562,554,7,1,2,0,18,1,0,0,0,0,465,1,20,Matches
388,Massamba Ndiaye,sn SEN,GK,Clermont Foot,21,2001,4.0,174,140,32,8,0,0,0,0,0,0,0,0,129,2,1,Matches
389,Rassoul Ndiaye,sn SEN,"MF,FW",Le Havre,21,2001,5.8,263,260,3,3,0,1,8,0,0,0,0,0,209,0,7,Matches
390,Cher Ndour,it ITA,MF,Paris S-G,19,2004,0.3,25,25,0,0,0,0,0,0,0,0,0,0,23,0,0,Matches
391,Joseph Nduquidi,fr FRA,"MF,DF",Metz,18,2004,8.3,212,194,17,4,1,2,0,13,0,0,0,0,173,1,1,Matches
392,Loïc Nego,hu HUN,"DF,MF",Le Havre,32,1991,17.3,639,552,85,3,0,0,44,81,1,0,0,0,481,2,17,Matches
393,Steve Ngoura,fr FRA,"FW,MF",Le Havre,18,2005,2.5,50,48,2,0,0,1,1,0,0,0,0,0,33,0,2,Matches
394,Shamar Nicholson,jm JAM,FW,Clermont Foot,26,1997,16.5,386,353,33,0,1,5,6,0,0,0,0,0,272,0,13,Matches
395,Rasmus Nicolaisen,dk DEN,DF,Toulouse,26,1997,32.5,1679,1616,61,42,1,4,0,4,0,0,0,0,1426,2,6,Matches
396,Arnaud Nordin,fr FRA,"FW,MF",Montpellier,25,1998,13.8,390,376,11,1,2,0,35,3,1,0,1,0,304,3,17,Matches
397,Ernest Nuamah,gh GHA,"FW,MF",Lyon,19,2003,20.4,692,643,48,18,0,7,75,5,24,19,2,0,535,1,26,Matches
398,Gerzino Nyamsi,cm CMR,DF,Strasbourg,26,1997,12.1,632,595,37,29,0,6,1,0,0,0,0,0,555,0,6,Matches
399,Rabby Nzingoula,fr FRA,"MF,FW",Strasbourg,17,2005,1.5,43,43,0,0,0,0,3,0,0,0,0,0,27,0,1,Matches
400,Jake O'Brien,ie IRL,DF,Lyon,22,2001,26.3,1440,1375,63,37,0,9,1,9,0,0,0,0,1270,2,9,Matches
401,Florent Ogier,fr FRA,DF,Clermont Foot,34,1989,10.5,512,488,24,15,0,1,0,0,0,0,0,0,425,0,0,Matches
402,Joseph Okumu,ke KEN,DF,Reims,26,1997,19.4,1293,1256,29,24,0,17,3,2,0,0,0,0,1062,8,12,Matches
403,Warmed Omari,km COM,DF,Rennes,23,2000,23.0,1291,1252,38,32,4,8,0,2,0,0,0,0,1162,1,12,Matches
404,Becir Omeragic,ch SUI,"DF,MF",Montpellier,21,2002,25.7,1060,1003,57,34,0,10,3,4,0,0,0,0,904,0,12,Matches
405,Jean Onana,cm CMR,MF,Marseille,23,2000,6.3,458,446,8,8,1,3,2,0,0,0,0,0,398,4,6,Matches
406,Royce Openda,ga GAB,FW,Lorient,21,2002,0.2,3,3,0,0,0,0,0,0,0,0,0,0,2,0,0,Matches
407,Christopher Operi,ci CIV,DF,Le Havre,26,1997,27.2,1570,1191,371,93,0,9,190,223,55,23,26,0,1147,8,32,Matches
408,Gift Orban,ng NGA,FW,Lyon,21,2002,5.3,103,97,6,3,0,1,3,0,1,0,0,0,73,0,6,Matches
409,Kassoum Ouattara,fr FRA,"DF,FW",Monaco,18,2004,7.1,329,266,61,2,0,0,35,59,0,0,0,0,213,2,11,Matches
410,Alexandre Oukidja,dz ALG,GK,Metz,35,1988,33.2,1002,593,407,115,0,6,0,0,0,0,0,0,513,2,2,Matches
411,Azzedine Ounahi,ma MAR,MF,Marseille,23,2000,13.4,817,799,15,10,3,2,22,3,1,1,0,0,722,3,15,Matches
412,Adam Ounas,dz ALG,FW,Lille,26,1996,4.6,194,181,12,2,2,1,22,2,8,5,1,0,138,1,4,Matches
413,Patrick Ouotro,ci CIV,FW,Strasbourg,17,2005,0.1,2,2,0,0,0,0,0,0,0,0,0,0,1,0,0,Matches
414,Pablo Pagis,fr FRA,MF,Lorient,20,2002,1.8,61,58,3,0,0,1,2,0,3,1,0,0,46,0,0,Matches
415,Nicolas Pallois,fr FRA,DF,Nantes,35,1987,17.7,774,729,42,21,0,2,13,16,0,0,0,0,620,3,7,Matches
416,Andy Pelmard,mg MAD,DF,Clermont Foot,23,2000,33.2,1666,1551,107,52,2,2,6,42,0,0,0,0,1412,8,16,Matches
417,Aurélien Pelon,fr FRA,DF,Lorient,19,2004,1.0,33,33,0,0,0,0,0,0,0,0,0,0,26,0,0,Matches
418,Faris Pemi Moumbagna,cm CMR,FW,Marseille,23,2000,6.1,107,99,6,0,0,0,4,0,0,0,0,0,74,2,2,Matches
419,Danilo Pereira,pt POR,DF,Paris S-G,31,1991,22.2,2223,2181,39,33,1,4,1,5,0,0,0,0,2089,3,2,Matches
420,Mathias Pereira Lage,pt POR,"FW,MF",Brest,26,1996,13.2,395,342,52,24,0,2,66,2,26,12,12,0,266,1,8,Matches
421,Romain Perraud,fr FRA,"DF,FW",Nice,25,1997,4.1,243,191,52,6,0,0,21,39,7,0,4,0,176,0,8,Matches
422,Lucas Perrin,fr FRA,DF,Strasbourg,24,1998,30.3,1839,1693,143,84,4,9,5,14,0,0,0,0,1608,3,8,Matches
423,Denis Petrić,rs SRB,GK,Nantes,35,1988,0.3,8,5,2,2,0,0,0,0,0,0,0,0,6,1,0,Matches
424,Ronaël Pierre-Gabriel,fr FRA,DF,Nantes,25,1998,6.6,289,238,50,5,0,0,9,45,0,0,0,0,227,1,11,Matches
425,Julien Ponceau,fr FRA,MF,Lorient,22,2000,24.9,1200,1126,66,26,2,4,49,16,23,8,15,0,1014,8,29,Matches
426,Sanjin Prcić,ba BIH,MF,Strasbourg,29,1993,1.0,47,42,4,4,0,1,0,0,0,0,0,0,44,1,0,Matches
427,Gonçalo Ramos,pt POR,FW,Paris S-G,22,2001,15.8,397,389,7,1,4,0,3,1,0,0,0,0,304,1,14,Matches
428,Elba Rashani,xk KVX,"MF,FW",Clermont Foot,30,1993,13.1,392,382,9,3,1,0,28,3,3,0,0,0,294,1,20,Matches
429,Guillaume Restes,fr FRA,GK,Toulouse,18,2005,34.0,897,604,291,97,0,0,0,1,0,0,0,0,666,2,2,Matches
430,Alexsandro Ribeiro,br BRA,DF,Lille,23,1999,24.7,1804,1706,96,65,3,12,2,6,0,0,0,0,1615,2,9,Matches
431,Amir Richardson,ma MAR,MF,Reims,21,2002,15.0,651,635,14,8,3,3,13,5,0,0,0,0,534,2,11,Matches
432,Fabian Rieder,ch SUI,MF,Rennes,21,2002,4.1,212,196,14,9,0,3,9,1,4,3,0,0,169,2,4,Matches
433,Rémy Riou,fr FRA,GK,Lyon,35,1987,3.0,104,69,35,12,0,0,0,0,0,0,0,0,80,0,0,Matches
434,Valentin Rongier,fr FRA,MF,Marseille,28,1994,9.5,577,557,19,17,8,7,3,2,0,0,0,0,504,1,6,Matches
435,Pablo Rosario,do DOM,"MF,DF",Nice,26,1997,22.3,1187,1103,81,32,5,0,6,49,0,0,0,0,1056,3,15,Matches
436,Valentin Rosier,fr FRA,"DF,MF",Nice,26,1996,0.6,33,27,6,1,0,0,0,5,0,0,0,0,28,0,0,Matches
437,Fabián Ruiz Peña,es ESP,MF,Paris S-G,27,1996,13.3,872,843,29,21,0,4,11,1,2,2,0,0,778,0,12,Matches
438,Emmanuel Sabbi,us USA,"FW,MF",Le Havre,25,1997,17.6,368,353,12,5,2,1,20,5,1,1,0,0,258,3,24,Matches
439,Falaye Sacko,ml MLI,DF,Montpellier,28,1995,15.4,784,636,148,10,0,2,27,138,0,0,0,0,605,0,20,Matches
440,Modibo Sagnan,ml MLI,DF,Montpellier,24,1999,11.7,517,500,15,10,0,5,1,2,0,0,0,0,442,2,6,Matches
441,Moïse Sahi Dion,ci CIV,"MF,FW",Strasbourg,21,2001,7.0,175,165,9,0,0,0,5,3,0,0,0,0,137,1,2,Matches
442,Wesley Saïd,fr FRA,"FW,MF",Lens,28,1995,11.3,268,239,27,1,2,1,15,5,0,0,0,0,193,2,3,Matches
443,Théo Sainte-Luce,fr FRA,DF,Montpellier,24,1998,3.8,172,134,36,4,0,0,7,32,0,0,0,0,136,2,4,Matches
444,Mamadou Sakho,fr FRA,DF,Montpellier,33,1990,0.1,16,15,1,1,0,0,0,0,0,0,0,0,15,0,0,Matches
445,Ibrahim Salah,ma MAR,"FW,MF",Rennes,21,2001,5.8,232,230,2,0,1,1,20,0,2,0,1,0,177,0,6,Matches
446,Amine Salama,fr FRA,FW,Reims,23,2000,3.5,73,70,3,0,0,0,5,1,0,0,0,0,48,0,4,Matches
447,Mohammed Salisu,gh GHA,DF,Monaco,24,1999,11.5,778,751,27,19,0,0,1,7,0,0,0,0,657,0,9,Matches
448,Yoann Salmier,gf GUF,DF,Le Havre,30,1992,17.4,767,679,86,25,1,2,9,59,0,0,0,0,612,2,9,Matches
449,Mama Samba Baldé,gw GNB,"FW,MF",Lyon,27,1995,6.1,135,132,3,0,2,1,5,0,0,0,0,0,88,0,7,Matches
450,Brice Samba,fr FRA,GK,Lens,29,1994,33.0,1122,864,254,84,1,2,0,0,0,0,0,0,880,4,1,Matches
451,Ibou Sané,sn SEN,"MF,FW",Metz,18,2005,1.4,46,40,6,0,0,0,4,3,1,0,1,0,37,0,2,Matches
452,Sadibou Sané,sn SEN,DF,Metz,19,2004,9.4,317,290,27,4,0,1,8,23,0,0,0,0,254,0,3,Matches
453,Arouna Sangante,sn SEN,DF,Le Havre,21,2002,29.9,1521,1315,202,61,0,13,15,139,0,0,0,0,1233,4,29,Matches
454,Morgan Sanson,fr FRA,MF,Nice,28,1994,21.8,836,735,94,27,4,4,114,3,64,20,35,0,630,7,24,Matches
455,Baptiste Santamaria,fr FRA,MF,Rennes,28,1995,21.4,1207,1175,30,30,2,10,0,0,0,0,0,0,1055,2,14,Matches
456,Andrey Santos,br BRA,MF,Strasbourg,19,2004,9.2,511,488,22,10,2,1,3,0,0,0,0,0,444,1,8,Matches
457,Tiago Santos,pt POR,DF,Lille,21,2002,26.3,1396,1129,266,58,1,9,83,208,0,0,0,0,1113,1,30,Matches
458,Amin Sarr,se SWE,"FW,MF",Lyon,22,2001,1.1,20,18,2,0,0,0,1,0,0,0,0,0,13,0,1,Matches
459,Ismaila Sarr,sn SEN,"FW,MF",Marseille,25,1998,16.1,483,476,6,0,0,3,38,4,0,0,0,0,366,1,14,Matches
460,Mamadou Sarr,sn SEN,DF,Lyon,17,2005,0.1,4,4,0,0,0,0,0,0,0,0,0,0,4,0,0,Matches
461,Martin Satriano,uy URU,FW,Brest,22,2001,20.7,456,447,8,2,1,10,11,6,0,0,0,0,325,1,11,Matches
462,Téji Savanier,fr FRA,MF,Montpellier,31,1991,30.7,1888,1549,322,137,10,47,231,13,125,32,83,0,1306,17,31,Matches
463,Niklas Schmidt,de GER,MF,Toulouse,25,1998,14.1,840,777,56,25,3,11,50,7,18,6,9,0,679,7,14,Matches
464,Jérémy Sebas,mq MTQ,"FW,MF",Strasbourg,20,2003,4.4,74,72,2,0,0,0,4,1,0,0,0,0,52,0,2,Matches
465,Alidu Seidu,gh GHA,DF,Rennes,23,2000,6.6,362,318,43,6,0,1,6,37,0,0,0,0,309,1,3,Matches
466,Alidu Seidu,gh GHA,DF,Clermont Foot,23,2000,12.6,756,687,65,10,0,2,4,55,0,0,0,0,623,4,7,Matches
467,Matz Sels,be BEL,GK,Strasbourg,31,1992,19.0,619,452,166,53,0,0,0,0,0,0,0,0,452,1,0,Matches
468,Marvin Senaya,tg TOG,"DF,MF",Strasbourg,22,2001,23.8,1120,903,216,31,1,3,79,184,1,0,1,0,871,1,23,Matches
469,Sofiane Sidi Ali,fr FRA,MF,Marseille,28,1995,0.2,7,7,0,0,0,0,0,0,0,0,0,0,6,0,0,Matches
470,Vincent Sierro,ch SUI,MF,Toulouse,27,1995,25.1,1316,1146,166,59,4,13,111,6,81,30,44,0,1020,4,28,Matches
471,Caio Henrique Oliveira Silva,br BRA,DF,Monaco,26,1997,6.9,464,369,94,15,2,0,36,56,23,4,13,0,376,1,13,Matches
472,Moses Simon,ng NGA,"FW,MF",Nantes,28,1995,19.9,508,472,30,4,4,4,114,6,13,3,5,0,318,6,41,Matches
473,Wilfried Singo,ci CIV,DF,Monaco,22,2000,24.3,1490,1411,76,42,2,4,21,34,0,0,0,0,1282,3,11,Matches
474,Ayanda Sishuba,be BEL,"MF,FW",Lens,18,2005,0.7,14,14,0,0,0,0,0,0,0,0,0,0,12,0,0,Matches
475,Ibrahima Sissoko,ml MLI,MF,Strasbourg,25,1997,18.2,752,737,13,12,2,2,2,1,0,0,0,0,614,2,4,Matches
476,Moussa Sissoko,fr FRA,MF,Nantes,33,1989,20.2,681,655,24,11,3,3,18,11,1,0,0,0,547,2,19,Matches
477,Milan Škriniar,sk SVK,DF,Paris S-G,28,1995,18.1,1820,1773,45,30,0,4,1,5,0,0,0,0,1735,2,3,Matches
478,Naatan Skyttä,fi FIN,"MF,FW",Toulouse,21,2002,1.3,61,59,2,0,0,0,2,0,1,1,0,0,56,0,0,Matches
479,Eduard Sobol,ua UKR,DF,Strasbourg,28,1995,0.3,13,11,2,0,0,0,2,2,0,0,0,0,8,0,1,Matches
480,Emran Soglo,fr FRA,"MF,DF",Marseille,18,2005,1.2,39,38,1,0,0,0,5,1,0,0,0,0,31,0,1,Matches
481,Carlos Soler,es ESP,"MF,DF",Paris S-G,26,1997,12.1,782,736,44,17,4,2,23,19,6,1,1,0,670,2,18,Matches
482,Florian Sotoca,fr FRA,"MF,FW",Lens,32,1990,28.9,1445,1361,74,11,12,8,95,55,2,0,0,0,1071,10,47,Matches
483,Issa Soumaré,sn SEN,"FW,MF",Le Havre,22,2000,2.6,62,58,3,0,0,0,2,1,0,0,0,0,33,1,6,Matches
484,Saidou Sow,gn GUI,DF,Strasbourg,21,2002,8.0,353,338,15,14,2,2,0,1,0,0,0,0,301,0,3,Matches
485,Stijn Spierings,nl NED,MF,Toulouse,27,1996,16.8,1089,1037,48,38,3,15,11,7,2,1,1,0,944,4,17,Matches
486,Stijn Spierings,nl NED,MF,Lens,27,1996,1.3,59,59,0,0,0,1,1,0,0,0,0,0,50,0,2,Matches
487,Benjamin Stambouli,fr FRA,MF,Reims,32,1990,3.2,130,129,1,1,0,0,2,0,0,0,0,0,95,0,3,Matches
488,Gabriel Suazo,cl CHI,DF,Toulouse,25,1997,26.2,1482,1220,258,48,8,8,101,189,21,8,11,0,1163,4,41,Matches
489,Abakar Sylla,ci CIV,DF,Strasbourg,20,2002,19.9,1266,1186,79,30,0,7,3,17,0,0,0,0,1111,1,5,Matches
490,Dembo Sylla,gn GUI,DF,Lorient,20,2002,0.5,22,18,4,0,0,1,4,4,0,0,0,0,19,0,1,Matches
491,Issiaga Sylla,gn GUI,"DF,FW",Montpellier,29,1994,16.2,719,564,150,10,0,2,43,140,0,0,0,0,528,5,24,Matches
492,Musa Al-Taamari,jo JOR,FW,Montpellier,26,1997,21.4,553,515,35,7,4,3,22,19,3,1,0,0,402,3,34,Matches
493,Nicolás Tagliafico,ar ARG,DF,Lyon,30,1992,23.6,1175,1017,153,15,3,0,40,137,1,0,0,0,999,5,21,Matches
494,Montassar Talbi,tn TUN,DF,Lorient,25,1998,24.5,1188,1147,35,22,0,5,3,5,0,0,0,0,1008,6,6,Matches
495,Oussama Targhalline,ma MAR,MF,Le Havre,21,2002,11.4,704,689,13,9,2,2,8,3,1,0,0,0,600,2,15,Matches
496,Enzo Tchato,cm CMR,DF,Montpellier,20,2002,12.5,639,526,111,9,0,1,49,102,0,0,0,0,478,2,17,Matches
497,Arnau Tenas,es ESP,GK,Paris S-G,22,2001,5.9,211,169,42,5,1,0,0,0,0,0,0,0,173,0,0,Matches
498,Martin Terrier,fr FRA,"FW,MF",Rennes,26,1997,17.0,497,480,16,2,2,0,5,0,0,0,0,0,395,1,7,Matches
499,Benjamin Tetteh,gh GHA,"FW,MF",Metz,26,1997,3.1,77,71,6,0,0,0,1,0,0,0,0,0,49,0,4,Matches
500,Teddy Teuma,mt MLT,MF,Reims,29,1993,23.5,1512,1307,197,85,6,17,139,16,77,35,36,0,1181,8,36,Matches
501,Arthur Theate,be BEL,DF,Rennes,23,2000,25.5,1640,1565,72,47,0,14,11,22,0,0,0,0,1444,3,7,Matches
502,Adrien Thomasson,fr FRA,MF,Lens,29,1993,13.3,679,638,38,18,1,1,47,2,18,2,11,0,506,3,31,Matches
503,Khéphren Thuram,fr FRA,MF,Nice,22,2001,23.4,1134,1113,17,15,8,0,20,2,0,0,0,0,978,4,14,Matches
504,Cheikh Tidiane Sabaly,sn SEN,"FW,MF",Metz,24,1999,15.3,370,367,3,0,1,2,12,3,0,0,0,0,290,0,13,Matches
505,Jean-Clair Todibo,fr FRA,DF,Nice,23,1999,29.5,2487,2417,69,52,3,7,12,12,0,0,0,0,2228,1,14,Matches
506,Corentin Tolisso,fr FRA,MF,Lyon,28,1994,19.3,1257,1201,51,32,7,9,36,17,0,0,0,0,1059,5,21,Matches
507,Abdoulaye Touré,gn GUI,MF,Le Havre,29,1994,25.4,1238,1219,14,9,1,6,4,3,0,0,0,0,1031,5,19,Matches
508,Souleymane Touré,fr FRA,DF,Lorient,20,2003,22.8,1280,1215,61,28,1,3,5,2,0,0,0,0,1144,4,8,Matches
509,Bénie Traoré,ci CIV,"FW,MF",Nantes,20,2002,5.6,148,129,18,3,4,0,20,2,6,2,3,0,99,1,11,Matches
510,Daouda Traoré,fr FRA,MF,Nice,17,2006,0.2,9,8,1,0,0,0,0,1,0,0,0,0,9,0,0,Matches
511,Ismaël Traoré,ci CIV,DF,Metz,36,1986,24.7,777,753,23,23,0,3,0,0,0,0,0,0,674,1,5,Matches
512,Adrien Truffert,fr FRA,DF,Rennes,21,2001,23.8,1333,1081,247,21,0,1,72,225,1,1,0,0,1047,5,29,Matches
513,Matthieu Udol,fr FRA,DF,Metz,27,1996,30.0,1300,1028,266,30,2,3,73,235,1,0,1,0,969,6,34,Matches
514,Manuel Ugarte,uy URU,MF,Paris S-G,22,2001,21.5,1331,1314,17,15,3,5,4,2,0,0,0,0,1214,0,13,Matches
515,Samuel Umtiti,fr FRA,DF,Lille,29,1993,2.1,165,157,8,6,0,1,0,1,0,0,0,0,156,0,1,Matches
516,Kévin Van Den Kerkhof,dz ALG,"FW,MF",Metz,27,1996,21.3,551,483,68,9,1,3,128,34,25,12,12,0,315,0,46,Matches
517,Vanderson,br BRA,DF,Monaco,22,2001,18.2,992,841,149,15,2,7,48,132,2,0,1,0,734,2,25,Matches
518,Jordan Veretout,fr FRA,MF,Marseille,30,1993,24.3,1341,1207,128,45,6,8,114,9,72,29,28,0,1049,6,25,Matches
519,Alan Virginius,fr FRA,FW,Lille,20,2003,0.8,17,17,0,0,0,0,1,0,0,0,0,0,14,0,0,Matches
520,Alan Virginius,fr FRA,FW,Clermont Foot,20,2003,10.4,209,182,25,1,2,0,22,0,15,13,1,1,136,2,8,Matches
521,Vitinha,pt POR,FW,Marseille,23,2000,10.3,217,199,16,1,0,0,18,5,1,0,0,0,159,2,14,Matches
522,Vitinha,pt POR,MF,Paris S-G,23,2000,23.6,1850,1752,93,42,8,11,38,8,19,9,3,0,1659,5,25,Matches
523,Elye Wahi,fr FRA,FW,Montpellier,20,2003,0.2,6,5,1,0,0,0,0,0,0,0,0,0,6,0,0,Matches
524,Elye Wahi,fr FRA,FW,Lens,20,2003,18.8,295,258,36,0,1,1,10,0,0,0,0,0,214,1,8,Matches
525,Mateusz Wieteska,pl POL,DF,Clermont Foot,26,1997,1.9,114,107,7,6,0,0,0,0,0,0,0,0,89,0,2,Matches
526,Josh Wilson-Esbrand,eng ENG,"DF,MF",Reims,20,2002,5.1,252,205,43,2,1,0,12,41,0,0,0,0,186,4,6,Matches
527,Christopher Wooh,cm CMR,DF,Rennes,21,2001,15.4,789,746,42,34,1,4,2,2,0,0,0,0,675,1,8,Matches
528,Yusuf Yazıcı,tr TUR,"MF,FW",Lille,26,1997,14.6,489,457,29,10,1,1,19,1,7,2,4,0,377,3,14,Matches
529,Kelvin Yeboah,it ITA,FW,Montpellier,23,2000,3.1,79,77,1,0,0,1,3,0,0,0,0,0,58,1,1,Matches
530,Bertuğ Yıldırım,tr TUR,FW,Rennes,21,2002,5.2,106,99,7,0,0,0,1,0,0,0,0,0,73,0,0,Matches
531,Darlin Yongwa,cm CMR,DF,Lorient,22,2000,12.9,614,499,112,11,1,0,76,100,1,0,1,0,421,3,29,Matches
532,Leny Yoro,fr FRA,DF,Lille,17,2005,29.7,1880,1796,83,47,0,12,1,4,0,0,0,0,1731,1,4,Matches
533,Etienne Youte Kinkoue,fr FRA,DF,Le Havre,21,2002,21.6,962,892,70,45,0,4,0,2,0,0,0,0,833,0,2,Matches
534,Yoram Zague,fr FRA,DF,Paris S-G,17,2006,4.1,334,307,26,2,0,0,2,24,0,0,0,0,304,1,4,Matches
535,Warren Zaïre-Emery,fr FRA,"MF,DF",Paris S-G,17,2006,21.8,1428,1367,56,14,2,8,8,33,0,0,0,0,1311,5,24,Matches
536,Denis Zakaria,ch SUI,"MF,DF",Monaco,26,1996,23.7,1184,1159,25,22,2,3,9,3,0,0,0,0,1081,0,14,Matches
537,Mehdi Zeffane,dz ALG,"DF,MF",Clermont Foot,31,1992,13.7,666,574,90,12,3,2,42,74,4,1,0,0,500,2,11,Matches
538,Nathan Zeze,fr FRA,DF,Nantes,18,2005,11.4,481,471,10,8,0,2,1,2,0,0,0,0,407,0,4,Matches
539,Edon Zhegrova,xk KVX,FW,Lille,24,1999,25.4,1043,905,137,24,1,3,174,28,85,34,30,0,764,1,33,Matches
540,Luck Zogbé,ci CIV,DF,Brest,18,2005,0.1,7,6,1,0,0,0,0,1,0,0,0,0,5,0,0,Matches
