Unnamed: 0_level_0_Rk,Unnamed: 1_level_0_Player,Unnamed: 2_level_0_Nation,Unnamed: 3_level_0_Pos,Unnamed: 4_level_0_Squad,Unnamed: 5_level_0_Age,Unnamed: 6_level_0_Born,Unnamed: 7_level_0_90s,Tackles_Tkl,Tackles_TklW,Tackles_Def 3rd,Tackles_Mid 3rd,Tackles_Att 3rd,Challenges_Tkl,Challenges_Att,Challenges_Tkl%,Challenges_Lost,Blocks_Blocks,Blocks_Sh,Blocks_Pass,Unnamed: 20_level_0_Int,Unnamed: 21_level_0_Tkl+Int,Unnamed: 22_level_0_Clr,Unnamed: 23_level_0_Err,Unnamed: 24_level_0_Matches
1,Azeem Abdulai,sct SCO,"DF,FW",Swansea City,20,2002,1.5,6,4,3,2,1,4,7,57.1,3,4,0,4,4,10,6,0,Matches
2,Ken Aboh,eng ENG,MF,Norwich City,18,2004,0.1,1,1,1,0,0,0,0,,0,0,0,0,0,1,0,0,Matches
3,Che Adams,sct SCO,FW,Southampton,27,1996,25.4,19,15,3,9,7,8,12,66.7,4,18,7,11,5,24,11,0,Matches
4,Ebou Adams,gm GAM,"MF,DF",Cardiff City,27,1996,3.4,16,12,11,4,1,9,11,81.8,2,3,0,3,5,21,18,0,Matches
5,Albert Adomah,gh GHA,"DF,FW",QPR,35,1987,4.1,20,9,10,7,3,6,15,40.0,9,5,0,5,3,23,8,0,Matches
6,Emanuel Aiwum,at AUT,DF,Birmingham City,22,2000,21.6,45,27,26,17,2,28,34,82.4,6,44,27,17,20,65,85,2,Matches
7,Semi Ajayi,ng NGA,DF,West Brom,29,1993,13.4,19,12,11,6,2,9,15,60.0,6,9,5,4,10,29,30,1,Matches
8,Yunus Akgün,tr TUR,"MF,FW",Leicester City,23,2000,9.9,16,10,5,7,4,4,11,36.4,7,10,0,10,6,22,3,0,Matches
9,Marc Albrighton,eng ENG,FW,Leicester City,33,1989,1.4,5,4,1,3,1,3,5,60.0,2,2,0,2,2,7,3,0,Matches
10,Carlos Alcaraz,ar ARG,"MF,FW",Southampton,20,2002,12.2,29,18,6,15,8,15,28,53.6,13,21,2,19,6,35,14,0,Matches
11,Ajibola Alese,eng ENG,DF,Sunderland,22,2001,5.1,10,9,6,3,1,4,7,57.1,3,7,1,6,6,16,13,0,Matches
12,Rúnar Alex Rúnarsson,is ISL,GK,Cardiff City,28,1995,6.0,0,0,0,0,0,0,1,0.0,1,0,0,0,0,0,4,0,Matches
13,Jamie Allen,eng ENG,MF,Coventry City,28,1995,12.9,15,7,9,4,2,6,22,27.3,16,6,1,5,14,29,7,1,Matches
14,Joe Allen,wls WAL,MF,Swansea City,33,1990,7.1,13,8,3,7,3,8,15,53.3,7,5,1,4,15,28,9,0,Matches
15,Ryan Allsop,eng ENG,GK,Hull City,31,1992,36.9,0,0,0,0,0,0,1,0.0,1,0,0,0,0,0,15,2,Matches
16,Jak Alnwick,eng ENG,GK,Cardiff City,30,1993,24.0,0,0,0,0,0,0,3,0.0,3,2,0,2,0,0,12,1,Matches
17,Sone Aluko,ng NGA,FW,Ipswich Town,34,1989,0.0,0,0,0,0,0,0,0,,0,0,0,0,0,0,0,0,Matches
18,Samuel Amo-Ameyaw,eng ENG,"FW,MF",Southampton,17,2006,0.8,3,2,1,0,2,2,3,66.7,1,2,0,2,0,3,1,0,Matches
19,Ethan Ampadu,wls WAL,"MF,DF",Leeds United,22,2000,46.0,70,42,34,32,4,29,44,65.9,15,64,36,28,64,134,111,0,Matches
20,Lucas Andersen,dk DEN,MF,QPR,28,1994,10.1,14,9,5,7,2,8,16,50.0,8,12,0,12,11,25,8,0,Matches
21,Keshi Anderson,eng ENG,"FW,MF",Birmingham City,28,1995,11.3,14,7,7,4,3,5,14,35.7,9,12,0,12,7,21,12,0,Matches
22,Kai Andrews,wls WAL,MF,Coventry City,16,2006,0.0,0,0,0,0,0,0,0,,0,0,0,0,0,0,0,0,Matches
23,Ryan Andrews,eng ENG,"DF,MF",Watford,18,2004,28.6,48,38,26,18,4,22,40,55.0,18,32,3,29,44,92,62,2,Matches
24,Jaidon Anthony,eng ENG,"FW,MF",Leeds United,23,1999,5.6,14,5,6,6,2,8,18,44.4,10,10,0,10,2,16,4,0,Matches
25,Adil Aouchiche,fr FRA,"MF,FW",Sunderland,21,2002,12.2,25,16,7,9,9,9,25,36.0,16,11,0,11,10,35,6,0,Matches
26,Arvin Appiah,eng ENG,"FW,MF",Rotherham Utd,22,2001,9.3,9,6,3,4,2,4,10,40.0,6,11,0,11,5,14,2,0,Matches
27,Joe Aribo,ng NGA,MF,Southampton,27,1996,17.8,48,31,13,21,14,18,30,60.0,12,24,2,22,9,57,8,0,Matches
28,Adam Armstrong,eng ENG,"FW,MF",Southampton,26,1997,41.6,25,16,8,8,9,13,28,46.4,15,30,3,27,9,34,23,0,Matches
29,Sinclair Armstrong,ie IRL,FW,QPR,20,2003,19.8,5,4,1,1,3,1,5,20.0,4,11,0,11,3,8,1,0,Matches
30,Stuart Armstrong,sct SCO,MF,Southampton,31,1992,31.4,34,21,12,16,6,15,44,34.1,29,22,1,21,11,45,24,0,Matches
31,Harrison Ashby,sct SCO,"DF,MF",Swansea City,21,2001,8.9,26,20,13,11,2,12,25,48.0,13,12,4,8,18,44,18,1,Matches
32,Cian Ashford,wls WAL,FW,Cardiff City,18,2004,3.5,7,3,6,1,0,3,8,37.5,5,3,0,3,1,8,3,0,Matches
33,Yaser Asprilla,co COL,"FW,MF",Watford,19,2003,30.4,47,30,9,26,12,20,55,36.4,35,29,0,29,20,67,4,0,Matches
34,Joshua Austerfield,eng ENG,MF,Huddersfield,21,2001,0.8,1,0,0,1,0,0,0,,0,0,0,0,1,2,0,0,Matches
35,Daniel Ayala,es ESP,DF,Rotherham Utd,32,1990,3.9,9,5,5,4,0,2,5,40.0,3,6,4,2,15,24,14,0,Matches
36,Yasin Ayari,se SWE,MF,Blackburn,19,2003,3.7,15,9,5,4,6,5,12,41.7,7,5,0,5,4,19,2,0,Matches
37,Yasin Ayari,se SWE,MF,Coventry City,19,2003,6.1,13,8,4,5,4,7,12,58.3,5,5,0,5,5,18,3,0,Matches
38,Loick Ayina,cg CGO,"DF,MF",Huddersfield,20,2003,0.9,0,0,0,0,0,0,0,,0,3,3,0,1,1,4,0,Matches
39,Luke Ayling,eng ENG,DF,Leeds United,31,1991,8.3,30,21,16,11,3,16,32,50.0,16,10,0,10,10,40,19,0,Matches
40,Luke Ayling,eng ENG,DF,Middlesbrough,31,1991,18.2,31,21,22,4,5,15,39,38.5,24,15,3,12,16,47,39,0,Matches
41,Finn Azaz,ie IRL,"MF,FW",Plymouth Argyle,22,2000,19.6,17,14,6,10,1,8,26,30.8,18,13,2,11,18,35,15,0,Matches
42,Finn Azaz,ie IRL,"MF,FW",Middlesbrough,22,2000,15.1,17,11,3,9,5,7,20,35.0,13,18,2,16,8,25,5,0,Matches
43,Abdoullah Ba,fr FRA,"MF,FW",Sunderland,20,2003,21.4,17,13,5,10,2,8,17,47.1,9,9,1,8,11,28,7,0,Matches
44,Daniel Bachmann,at AUT,GK,Watford,29,1994,27.0,2,2,2,0,0,1,2,50.0,1,0,0,0,1,3,12,2,Matches
45,Juninho Bacuna,cw CUW,"FW,MF",Birmingham City,25,1997,33.0,66,42,26,29,11,30,64,46.9,34,50,8,42,28,94,47,0,Matches
46,Lewis Baker,eng ENG,MF,Stoke City,28,1995,11.9,13,11,5,6,2,4,11,36.4,7,10,4,6,5,18,10,0,Matches
47,Tyreeq Bakinson,eng ENG,MF,Sheffield Weds,24,1998,3.2,3,2,1,2,0,0,2,0.0,2,4,1,3,6,9,7,0,Matches
48,Radinio Balker,sr SUR,DF,Huddersfield,24,1998,4.5,11,8,3,8,0,2,4,50.0,2,3,3,0,8,19,20,0,Matches
49,Dominic Ball,eng ENG,"MF,DF",Ipswich Town,27,1995,1.6,3,2,1,1,1,2,5,40.0,3,0,0,0,2,5,4,0,Matches
50,Daniel Ballard,nir NIR,DF,Sunderland,23,1999,42.6,50,34,34,16,0,25,38,65.8,13,58,40,18,35,85,182,1,Matches
51,Patrick Bamford,eng ENG,"FW,MF",Leeds United,29,1993,16.6,17,10,0,12,5,10,17,58.8,7,4,0,4,2,19,10,0,Matches
52,Alex Bangura,sl SLE,DF,Middlesbrough,24,1999,6.5,9,6,6,3,0,3,6,50.0,3,7,1,6,5,14,12,0,Matches
53,Barry Bannan,sct SCO,MF,Sheffield Weds,33,1989,38.0,59,41,25,26,8,30,56,53.6,26,50,12,38,42,101,47,0,Matches
54,Daniel Barlaser,tr TUR,MF,Middlesbrough,26,1997,25.9,31,21,10,17,4,17,35,48.6,18,16,7,9,21,52,26,3,Matches
55,Ashley Barnes,eng ENG,"MF,FW",Norwich City,33,1989,27.8,15,10,6,6,3,8,18,44.4,10,18,6,12,4,19,29,1,Matches
56,Kyle Bartley,eng ENG,DF,West Brom,32,1991,29.0,17,11,10,6,1,6,14,42.9,8,24,14,10,24,41,130,0,Matches
57,Danny Batth,eng ENG,DF,Norwich City,32,1990,6.5,5,4,1,4,0,1,4,25.0,3,4,4,0,4,9,40,0,Matches
58,Patrick Bauer,de GER,DF,Preston,30,1992,0.7,0,0,0,0,0,0,0,,0,2,1,1,0,0,4,0,Matches
59,Vakoun Bayo,ci CIV,FW,Watford,26,1997,24.7,22,15,4,14,4,6,12,50.0,6,10,5,5,8,30,19,0,Matches
60,Gavin Bazunu,ie IRL,GK,Southampton,21,2002,41.0,2,2,1,1,0,2,2,100.0,0,0,0,0,1,3,16,3,Matches
61,James Beadle,eng ENG,GK,Sheffield Weds,19,2004,19.0,0,0,0,0,0,0,2,0.0,2,0,0,0,0,0,9,1,Matches
62,Jan Bednarek,pl POL,DF,Southampton,27,1996,39.4,34,18,19,14,1,16,29,55.2,13,46,34,12,61,95,145,0,Matches
63,Asmir Begović,ba BIH,GK,QPR,36,1987,45.0,2,2,2,0,0,1,2,50.0,1,0,0,0,1,3,14,2,Matches
64,Sam Bell,eng ENG,"FW,DF",Bristol City,21,2002,20.1,19,11,8,7,4,9,32,28.1,23,27,1,26,17,36,12,0,Matches
65,Jobe Bellingham,eng ENG,"MF,FW",Sunderland,17,2005,40.3,60,38,23,29,8,24,47,51.1,23,55,14,41,32,92,58,2,Matches
66,Jewison Bennette,cr CRC,FW,Sunderland,19,2004,0.1,0,0,0,0,0,0,0,,0,0,0,0,0,0,0,0,Matches
67,Di'Shon Bernard,jm JAM,DF,Sheffield Weds,22,2000,30.3,48,34,32,14,2,20,31,64.5,11,49,24,25,34,82,98,2,Matches
68,Kian Best,eng ENG,DF,Preston,17,2005,7.7,19,9,6,10,3,12,25,48.0,13,12,1,11,5,24,4,0,Matches
69,Bartosz Białkowski,pl POL,GK,Millwall,36,1987,14.0,0,0,0,0,0,0,0,,0,0,0,0,0,0,5,1,Matches
70,Jake Bidwell,eng ENG,DF,Coventry City,30,1993,22.8,32,21,17,9,6,20,28,71.4,8,27,12,15,31,63,60,0,Matches
71,Krystian Bielik,pl POL,"MF,DF",Birmingham City,25,1998,33.1,53,29,30,19,4,25,58,43.1,33,55,19,36,59,112,93,2,Matches
72,Luis Binks,eng ENG,DF,Coventry City,21,2001,14.8,26,15,14,11,1,10,15,66.7,5,13,7,6,19,45,67,0,Matches
73,Nathan Bishop,eng ENG,GK,Sunderland,23,1999,1.0,0,0,0,0,0,0,0,,0,0,0,0,0,0,0,0,Matches
74,Tyler Blackett,eng ENG,DF,Rotherham Utd,29,1994,10.0,16,11,11,5,0,9,14,64.3,5,21,13,8,11,27,47,0,Matches
75,Thomas Bloxham,ie IRL,FW,Blackburn,18,2005,0.1,0,0,0,0,0,0,0,,0,0,0,0,0,0,0,0,Matches
76,Tolaji Bola,eng ENG,"MF,DF",Rotherham Utd,24,1999,0.3,1,1,1,0,0,0,0,,0,1,0,1,1,2,1,0,Matches
77,Yannick Bolasie,cd COD,"FW,MF",Swansea City,34,1989,3.4,7,4,3,3,1,6,10,60.0,4,0,0,0,4,11,2,1,Matches
78,Jack Bonham,ie IRL,GK,Stoke City,29,1993,14.0,0,0,0,0,0,0,1,0.0,1,0,0,0,0,0,5,0,Matches
79,Josh Bowler,eng ENG,"FW,MF",Cardiff City,24,1999,26.4,35,24,19,12,4,15,33,45.5,18,32,2,30,16,51,10,0,Matches
80,Tom Bradshaw,wls WAL,FW,Millwall,31,1992,22.3,10,6,0,6,4,5,8,62.5,3,14,4,10,1,11,20,0,Matches
81,Robbie Brady,ie IRL,"DF,MF",Preston,31,1992,17.4,57,34,32,19,6,30,50,60.0,20,27,3,24,18,75,45,1,Matches
82,Cohen Bramall,eng ENG,DF,Rotherham Utd,27,1996,32.7,40,25,25,13,2,24,46,52.2,22,38,16,22,30,70,83,0,Matches
83,James Bree,eng ENG,DF,Southampton,25,1997,12.0,19,11,10,7,2,13,19,68.4,6,8,2,6,7,26,24,0,Matches
84,Callum Brittain,eng ENG,"DF,MF",Blackburn,25,1998,40.3,78,54,43,19,16,37,65,56.9,28,67,13,54,39,117,104,1,Matches
85,Nathan Broadhead,wls WAL,FW,Ipswich Town,25,1998,25.5,32,24,7,15,10,19,52,36.5,33,35,4,31,8,40,8,0,Matches
86,David Brooks,wls WAL,"FW,MF",Southampton,26,1997,9.9,15,6,6,7,2,7,16,43.8,9,13,2,11,3,18,3,0,Matches
87,Jacob Brown,sct SCO,FW,Stoke City,25,1998,1.0,3,2,2,0,1,1,2,50.0,1,2,0,2,0,3,0,0,Matches
88,Alan Browne,ie IRL,"MF,DF",Preston,28,1995,35.2,76,49,35,30,11,40,81,49.4,41,53,14,39,54,130,56,3,Matches
89,Joe Bryan,eng ENG,"DF,MF",Millwall,29,1993,16.1,45,31,21,20,4,27,50,54.0,23,25,6,19,27,72,30,1,Matches
90,Gerard Buabo,,FW,Ipswich Town,,,0.0,0,0,0,0,0,0,0,,0,0,0,0,0,0,0,0,Matches
91,Lee Buchanan,eng ENG,DF,Birmingham City,22,2001,30.3,78,54,41,27,10,48,78,61.5,30,57,20,37,48,126,126,0,Matches
92,John Buckley,eng ENG,"MF,FW",Sheffield Weds,23,1999,5.2,17,9,8,6,3,9,19,47.4,10,6,0,6,10,27,3,0,Matches
93,John Buckley,eng ENG,MF,Blackburn,23,1999,5.6,13,8,1,12,0,7,14,50.0,7,14,3,11,7,20,4,0,Matches
94,Mustapha Bundu,sl SLE,"FW,MF",Plymouth Argyle,26,1997,10.7,6,6,2,2,2,1,6,16.7,5,6,0,6,3,9,8,0,Matches
95,Wouter Burger,nl NED,MF,Stoke City,22,2001,29.2,102,63,30,59,13,32,67,47.8,35,52,9,43,34,136,39,0,Matches
96,Cameron Burgess,au AUS,DF,Ipswich Town,27,1995,38.0,25,16,17,7,1,18,28,64.3,10,51,35,16,49,74,184,1,Matches
97,Delano Burgzorg,sr SUR,FW,Huddersfield,24,1998,24.5,13,7,5,6,2,5,13,38.5,8,14,1,13,8,21,7,0,Matches
98,Oliver Burke,sct SCO,"FW,MF",Birmingham City,26,1997,11.2,12,8,3,7,2,8,14,57.1,6,4,1,3,7,19,11,0,Matches
99,Wes Burns,wls WAL,FW,Ipswich Town,28,1994,26.5,27,14,8,11,8,14,40,35.0,26,33,3,30,15,42,11,0,Matches
100,Mason Burstow,eng ENG,FW,Sunderland,19,2003,9.9,6,3,2,3,1,1,7,14.3,6,4,1,3,0,6,5,0,Matches
101,Matt Butcher,eng ENG,MF,Plymouth Argyle,26,1997,3.8,2,1,0,1,1,1,4,25.0,3,9,5,4,4,6,8,1,Matches
102,George Byers,sct SCO,MF,Sheffield Weds,27,1996,15.3,28,13,9,17,2,11,35,31.4,24,26,5,21,30,58,38,1,Matches
103,Sam Byram,eng ENG,DF,Leeds United,29,1993,21.5,60,44,34,21,5,35,53,66.0,18,33,14,19,34,94,70,0,Matches
104,Ben Cabango,wls WAL,DF,Swansea City,23,2000,32.1,50,31,36,13,1,28,46,60.9,18,33,26,7,39,89,153,3,Matches
105,Bailey-Tye Cadamarteri,jm JAM,FW,Sheffield Weds,18,2005,12.2,10,7,2,6,2,4,7,57.1,3,14,0,14,1,11,8,0,Matches
106,Cafú,pt POR,MF,Rotherham Utd,30,1993,20.0,15,10,3,9,3,7,12,58.3,5,11,1,10,15,30,8,0,Matches
107,Allan Campbell,sct SCO,MF,Millwall,25,1998,8.0,20,12,5,13,2,11,21,52.4,10,16,5,11,10,30,6,0,Matches
108,Tyrese Campbell,eng ENG,FW,Stoke City,23,1999,13.3,12,11,4,5,3,5,8,62.5,3,14,4,10,1,13,13,0,Matches
109,Reggie Cannon,us USA,DF,QPR,25,1998,15.9,43,23,28,14,1,28,35,80.0,7,8,3,5,27,70,35,0,Matches
110,Thomas Cannon,ie IRL,FW,Leicester City,20,2002,4.8,1,0,1,0,0,0,2,0.0,2,2,0,2,1,2,2,1,Matches
111,Hayden Carter,eng ENG,DF,Blackburn,23,1999,28.4,49,31,30,18,1,24,44,54.5,20,51,28,23,38,87,102,2,Matches
112,Fabio Carvalho,pt POR,"FW,MF",Hull City,20,2002,19.1,27,13,6,15,6,6,25,24.0,19,31,3,28,13,40,5,0,Matches
113,Cesare Casadei,it ITA,MF,Leicester City,20,2003,9.8,17,12,9,7,1,8,18,44.4,10,9,2,7,8,25,12,0,Matches
114,Ilias Chair,ma MAR,"FW,MF",QPR,25,1997,41.5,44,27,23,14,7,18,50,36.0,32,42,1,41,20,64,7,1,Matches
115,Giorgi Chakvetadze,ge GEO,"MF,FW",Watford,23,1999,17.8,28,22,15,11,2,10,33,30.3,23,17,1,16,12,40,5,0,Matches
116,Nathaniel Chalobah,eng ENG,MF,West Brom,28,1994,10.0,19,12,9,7,3,11,14,78.6,3,10,4,6,10,29,15,0,Matches
117,Conor Chaplin,eng ENG,MF,Ipswich Town,26,1997,37.1,37,22,12,20,5,17,51,33.3,34,24,0,24,27,64,35,0,Matches
118,Jacob Chapman,au AUS,GK,Huddersfield,22,2000,1.5,0,0,0,0,0,0,0,,0,0,0,0,0,0,2,0,Matches
119,Shea Charles,nir NIR,"MF,DF",Southampton,19,2003,16.0,34,18,18,10,6,18,36,50.0,18,23,6,17,22,56,25,2,Matches
120,Chiquinho,pt POR,FW,Stoke City,23,2000,0.7,3,2,0,1,2,0,0,,0,0,0,0,0,3,2,0,Matches
121,Hamza Choudhury,bd BAN,"DF,MF",Leicester City,25,1997,16.4,44,32,20,22,2,18,43,41.9,25,27,10,17,28,72,37,0,Matches
122,Benjamin Chrisene,eng ENG,DF,Blackburn,19,2004,9.1,32,21,13,12,7,20,29,69.0,9,14,3,11,13,45,12,0,Matches
123,Cyrus Christie,ie IRL,"DF,MF",Hull City,30,1992,14.4,19,9,8,7,4,9,23,39.1,14,23,8,15,12,31,40,0,Matches
124,Dennis Cirkin,eng ENG,DF,Sunderland,21,2002,5.6,10,8,5,4,1,7,11,63.6,4,11,6,5,4,14,10,0,Matches
125,Ciaran Clark,ie IRL,DF,Stoke City,33,1989,3.0,3,0,3,0,0,0,1,0.0,1,3,2,1,7,10,21,1,Matches
126,Harry Clarke,eng ENG,DF,Ipswich Town,22,2001,26.2,37,25,16,15,6,24,39,61.5,15,37,9,28,25,62,60,1,Matches
127,Jack Clarke,eng ENG,"MF,FW",Sunderland,22,2000,38.8,60,45,26,24,10,24,62,38.7,38,31,1,30,20,80,11,1,Matches
128,Matthew Clarke,eng ENG,DF,Middlesbrough,26,1996,20.2,30,23,20,9,1,22,32,68.8,10,30,20,10,35,65,92,0,Matches
129,Jake Clarke-Salter,eng ENG,DF,QPR,25,1997,29.6,65,41,45,18,2,30,42,71.4,12,30,15,15,32,97,135,1,Matches
130,Sam Clucas,eng ENG,MF,Rotherham Utd,32,1990,20.9,37,21,23,8,6,10,37,27.0,27,28,4,24,28,65,34,1,Matches
131,Conor Coady,eng ENG,DF,Leicester City,30,1993,7.8,6,3,2,4,0,3,4,75.0,1,7,6,1,7,13,25,1,Matches
132,Josh Coburn,eng ENG,FW,Middlesbrough,20,2002,11.1,6,2,0,5,1,3,7,42.9,4,4,0,4,1,7,8,0,Matches
133,Jack Colback,eng ENG,MF,QPR,33,1989,22.1,36,21,23,10,3,15,38,39.5,23,29,14,15,37,73,10,0,Matches
134,Bradley Collins,eng ENG,GK,Coventry City,26,1997,28.0,0,0,0,0,0,0,1,0.0,1,0,0,0,0,0,15,4,Matches
135,Jamilu Collins,ng NGA,DF,Cardiff City,28,1994,33.2,104,76,64,32,8,71,100,71.0,29,43,9,34,64,168,99,0,Matches
136,Joel Colwill,wls WAL,MF,Cardiff City,18,2004,0.4,2,1,2,0,0,0,0,,0,0,0,0,1,3,1,0,Matches
137,Rubin Colwill,wls WAL,"MF,FW",Cardiff City,21,2002,17.7,41,19,7,23,11,25,44,56.8,19,25,0,25,14,55,7,1,Matches
138,Aaron Connolly,ie IRL,FW,Hull City,23,2000,13.5,6,4,2,3,1,0,4,0.0,4,5,0,5,3,9,4,0,Matches
139,Raheem Conte,eng ENG,DF,Cardiff City,20,2002,1.0,3,1,2,1,0,1,1,100.0,0,1,0,1,1,4,1,0,Matches
140,Tommy Conway,sct SCO,FW,Bristol City,20,2002,25.4,17,7,3,9,5,5,13,38.5,8,20,3,17,3,20,7,0,Matches
141,Steve Cook,eng ENG,DF,QPR,32,1991,34.1,30,21,23,5,2,17,24,70.8,7,40,26,14,41,71,194,1,Matches
142,Jake Cooper,eng ENG,DF,Millwall,28,1995,44.0,34,18,21,11,2,13,30,43.3,17,54,38,16,58,92,197,1,Matches
143,Liam Cooper,sct SCO,DF,Leeds United,31,1991,7.8,10,8,6,4,0,7,11,63.6,4,12,7,5,14,24,29,0,Matches
144,Michael Cooper,eng ENG,GK,Plymouth Argyle,23,1999,19.0,0,0,0,0,0,0,0,,0,0,0,0,1,1,10,0,Matches
145,Oliver Cooper,wls WAL,"MF,FW",Swansea City,23,1999,13.6,42,27,18,18,6,16,31,51.6,15,17,1,16,12,54,15,0,Matches
146,David Cornell,wls WAL,GK,Preston,32,1991,2.0,0,0,0,0,0,0,0,,0,1,0,1,0,0,1,0,Matches
147,Harry Cornick,eng ENG,"FW,MF",Bristol City,28,1995,12.2,19,11,8,6,5,10,26,38.5,16,14,2,12,3,22,16,0,Matches
148,Hayden Coulson,eng ENG,DF,Middlesbrough,25,1998,1.6,2,0,0,1,1,1,3,33.3,2,6,0,6,4,6,4,0,Matches
149,Lewie Coyle,eng ENG,DF,Hull City,27,1995,34.4,39,22,25,12,2,25,37,67.6,12,36,18,18,41,80,116,2,Matches
150,Charlie Cresswell,eng ENG,DF,Leeds United,20,2002,1.5,3,3,1,2,0,2,2,100.0,0,3,3,0,3,6,6,0,Matches
151,Matt Crooks,eng ENG,"MF,FW",Middlesbrough,29,1994,17.0,29,15,7,17,5,12,27,44.4,15,20,3,17,11,40,10,0,Matches
152,Liam Cullen,wls WAL,"FW,MF",Swansea City,24,1999,26.4,32,17,9,17,6,17,37,45.9,20,24,5,19,11,43,38,1,Matches
153,Luke Cundle,eng ENG,MF,Stoke City,21,2002,10.9,22,9,10,9,3,13,25,52.0,12,17,4,13,9,31,7,0,Matches
154,Luke Cundle,eng ENG,"MF,FW",Plymouth Argyle,21,2002,13.7,23,21,8,12,3,14,23,60.9,9,15,4,11,8,31,9,0,Matches
155,Greg Cunningham,ie IRL,DF,Preston,32,1991,8.1,13,7,7,5,1,9,17,52.9,8,8,3,5,9,22,17,1,Matches
156,Bradley Dack,eng ENG,"FW,MF",Sunderland,29,1993,6.5,8,7,2,5,1,3,10,30.0,7,7,1,6,3,11,2,0,Matches
157,Patson Daka,zm ZAM,FW,Leicester City,24,1998,12.1,12,8,2,4,6,3,6,50.0,3,8,1,7,2,14,8,0,Matches
158,Harry Darling,eng ENG,DF,Swansea City,23,1999,32.9,37,19,18,18,1,22,46,47.8,24,46,30,16,36,73,101,0,Matches
159,Karl Darlow,wls WAL,GK,Leeds United,32,1990,1.4,0,0,0,0,0,0,0,,0,0,0,0,0,0,0,0,Matches
160,Jay Dasilva,wls WAL,DF,Coventry City,25,1998,25.6,41,24,26,13,2,17,32,53.1,15,22,3,19,13,54,43,2,Matches
161,Aidan Dausch,eng ENG,"MF,FW",Coventry City,17,2006,0.1,0,0,0,0,0,0,0,,0,0,0,0,0,0,0,0,Matches
162,Leif Davis,eng ENG,DF,Ipswich Town,23,2000,42.0,76,57,43,26,7,53,81,65.4,28,44,11,33,45,121,66,0,Matches
163,Cameron Dawson,eng ENG,GK,Sheffield Weds,28,1995,18.0,1,1,1,0,0,1,2,50.0,1,0,0,0,0,1,5,1,Matches
164,Liam Delap,eng ENG,FW,Hull City,20,2003,24.5,15,7,7,5,3,6,19,31.6,13,10,1,9,6,21,12,0,Matches
165,Tom Dele-Bashiru,ng NGA,"MF,DF",Watford,23,1999,25.1,39,26,18,16,5,16,28,57.1,12,22,6,16,28,67,29,2,Matches
166,Juan Delgado,cl CHI,"DF,MF",Sheffield Weds,30,1993,7.6,14,11,12,2,0,11,25,44.0,14,7,0,7,9,23,10,0,Matches
167,Siriki Dembélé,ci CIV,"FW,MF",Birmingham City,26,1996,22.0,33,20,14,15,4,5,14,35.7,9,19,0,19,28,61,6,0,Matches
168,Rav van den Berg,nl NED,DF,Middlesbrough,19,2004,32.1,44,28,24,18,2,29,46,63.0,17,25,14,11,41,85,112,0,Matches
169,Emmanuel Dennis,ng NGA,"FW,MF",Watford,25,1997,9.5,18,10,9,6,3,2,12,16.7,10,11,0,11,8,26,2,0,Matches
170,Alfie Devine,eng ENG,"MF,FW",Plymouth Argyle,18,2004,9.4,10,7,3,5,2,4,9,44.4,5,8,2,6,6,16,11,0,Matches
171,Kiernan Dewsbury-Hall,eng ENG,MF,Leicester City,24,1998,40.4,46,29,18,24,4,23,38,60.5,15,40,4,36,17,63,32,1,Matches
172,Bambo Diaby,sn SEN,DF,Sheffield Weds,25,1997,25.2,31,21,20,9,2,18,28,64.3,10,34,21,13,24,55,98,1,Matches
173,Lamine Diaby,fr FRA,MF,Sheffield Weds,26,1996,2.9,8,3,4,3,1,5,12,41.7,7,5,2,3,5,13,5,0,Matches
174,Grady Diangana,cd COD,"MF,FW",West Brom,25,1998,26.1,30,17,15,13,2,13,24,54.2,11,32,1,31,8,38,6,0,Matches
175,Brahima Diarra,ml MLI,"MF,FW",Huddersfield,20,2003,7.3,20,11,7,7,6,8,20,40.0,12,13,3,10,4,24,4,0,Matches
176,Tyler Dibling,eng ENG,FW,Southampton,17,2006,0.0,1,1,0,1,0,1,1,100.0,0,1,0,1,0,1,0,0,Matches
177,Robert Dickie,eng ENG,DF,Bristol City,27,1996,38.9,48,27,30,16,2,30,53,56.6,23,42,22,20,66,114,124,1,Matches
178,Famara Diedhiou,sn SEN,FW,Cardiff City,30,1992,6.4,5,5,1,3,1,2,6,33.3,4,5,2,3,2,7,5,0,Matches
179,Seny Dieng,sn SEN,GK,Middlesbrough,28,1994,35.0,4,3,4,0,0,3,5,60.0,2,0,0,0,0,4,18,4,Matches
180,Anfernee Dijksteel,sr SUR,DF,Middlesbrough,26,1996,8.3,9,6,7,2,0,5,12,41.7,7,14,5,9,13,22,15,0,Matches
181,Daryl Dike,us USA,FW,West Brom,23,2000,0.6,2,0,0,2,0,1,1,100.0,0,1,0,1,1,3,1,0,Matches
182,Elijah Dixon-Bonner,eng ENG,MF,QPR,22,2001,10.0,10,4,5,3,2,4,11,36.4,7,18,5,13,5,15,10,0,Matches
183,Greg Docherty,sct SCO,MF,Hull City,26,1996,3.6,6,4,4,2,0,3,14,21.4,11,4,2,2,3,9,12,0,Matches
184,Tyrhys Dolan,eng ENG,"FW,MF",Blackburn,21,2001,25.8,26,16,6,14,6,7,26,26.9,19,25,2,23,10,36,10,0,Matches
185,Janoi Donacien,lc LCA,DF,Ipswich Town,29,1993,2.4,5,2,4,1,0,2,2,100.0,0,4,0,4,2,7,4,0,Matches
186,Romelle Donovan,eng ENG,FW,Birmingham City,16,2006,1.4,2,2,0,2,0,2,6,33.3,4,4,0,4,1,3,1,0,Matches
187,Flynn Downes,eng ENG,MF,Southampton,24,1999,28.3,60,39,17,32,11,22,38,57.9,16,31,10,21,47,107,22,0,Matches
188,Callum Doyle,eng ENG,DF,Leicester City,19,2003,13.4,41,29,17,21,3,28,39,71.8,11,21,7,14,15,56,37,1,Matches
189,Andre Dozzell,eng ENG,MF,QPR,24,1999,21.8,28,16,12,11,5,9,21,42.9,12,16,8,8,20,48,23,0,Matches
190,Andre Dozzell,eng ENG,MF,Birmingham City,24,1999,7.0,15,9,5,8,2,7,8,87.5,1,10,2,8,4,19,2,0,Matches
191,Cody Drameh,eng ENG,DF,Leeds United,21,2001,0.2,1,0,1,0,0,1,1,100.0,0,1,1,0,1,2,0,1,Matches
192,Cody Drameh,eng ENG,DF,Birmingham City,21,2001,25.1,80,55,50,23,7,45,68,66.2,23,49,8,41,24,104,92,4,Matches
193,Aaron Drewe,eng ENG,DF,QPR,22,2001,1.0,3,1,2,0,1,2,4,50.0,2,2,0,2,1,4,5,0,Matches
194,Shane Duffy,ie IRL,DF,Norwich City,31,1992,33.4,35,22,27,6,2,18,30,60.0,12,66,47,19,33,68,187,2,Matches
195,Stephen Duke-McKenna,gy GUY,"MF,FW",QPR,22,2000,1.6,3,1,0,3,0,2,4,50.0,2,4,1,3,5,8,2,0,Matches
196,Jimmy Dunne,ie IRL,DF,QPR,25,1997,26.0,48,26,31,14,3,20,27,74.1,7,19,10,9,23,71,121,0,Matches
197,Lyndon Dykes,sct SCO,"FW,MF",QPR,27,1995,30.4,35,29,7,21,7,12,23,52.2,11,27,4,23,13,48,43,0,Matches
198,Albert Eames,eng ENG,DF,Watford,17,2005,0.0,1,1,1,0,0,1,1,100.0,0,0,0,0,0,1,0,0,Matches
199,Saxon Earley,eng ENG,DF,Plymouth Argyle,20,2002,1.0,1,1,1,0,0,0,2,0.0,2,5,1,4,1,2,5,0,Matches
200,Tom Eaves,eng ENG,FW,Rotherham Utd,31,1992,11.8,8,6,4,3,1,2,14,14.3,12,8,1,7,0,8,24,0,Matches
201,Josh Eccles,eng ENG,MF,Coventry City,23,2000,36.4,99,60,46,44,9,43,89,48.3,46,59,14,45,44,143,58,2,Matches
202,Rarmani Edmonds-Green,eng ENG,"MF,DF",Huddersfield,24,1999,6.7,12,5,6,6,0,7,9,77.8,2,7,4,3,7,19,13,0,Matches
203,George Edmundson,eng ENG,DF,Ipswich Town,25,1997,9.9,16,10,11,5,0,12,18,66.7,6,6,4,2,5,21,42,0,Matches
204,Samuel Edozie,eng ENG,"FW,MF",Southampton,20,2003,15.2,31,17,13,8,10,10,24,41.7,14,16,3,13,9,40,9,0,Matches
205,Joe Edwards,eng ENG,"DF,MF",Plymouth Argyle,32,1990,24.1,52,36,24,23,5,29,62,46.8,33,41,8,33,37,89,74,0,Matches
206,Tom Edwards,eng ENG,DF,Huddersfield,24,1999,7.5,21,16,9,11,1,12,23,52.2,11,8,4,4,10,31,26,0,Matches
207,Pierre Ekwah Elimby,fr FRA,MF,Sunderland,21,2002,33.5,58,30,22,28,8,32,60,53.3,28,45,10,35,36,94,38,0,Matches
208,Aidomo Emakhu,ie IRL,"MF,FW",Millwall,19,2003,7.4,19,13,9,5,5,9,15,60.0,6,6,0,6,2,21,4,1,Matches
209,Lukas Engel,dk DEN,DF,Middlesbrough,24,1998,27.5,68,41,43,18,7,41,75,54.7,34,44,11,33,51,119,75,2,Matches
210,Niall Ennis,eng ENG,FW,Stoke City,24,1999,7.4,9,4,4,1,4,1,5,20.0,4,10,3,7,0,9,3,0,Matches
211,Niall Ennis,eng ENG,FW,Blackburn,24,1999,3.8,5,3,2,2,1,3,5,60.0,2,1,0,1,0,5,2,0,Matches
212,Romain Esse,eng ENG,"MF,FW",Millwall,18,2005,8.3,23,13,12,7,4,9,19,47.4,10,11,1,10,7,30,4,0,Matches
213,Oscar Estupiñan,co COL,FW,Hull City,26,1996,0.8,0,0,0,0,0,0,0,,0,2,1,1,0,0,1,0,Matches
214,Kion Etete,eng ENG,FW,Cardiff City,21,2001,12.1,13,6,3,8,2,4,10,40.0,6,19,0,19,10,23,19,0,Matches
215,Neil Etheridge,ph PHI,GK,Birmingham City,33,1990,2.0,0,0,0,0,0,0,0,,0,0,0,0,0,0,0,0,Matches
216,Ched Evans,wls WAL,"FW,MF",Preston,34,1988,8.3,2,2,0,0,2,2,10,20.0,8,4,1,3,4,6,2,0,Matches
217,Corry Evans,nir NIR,MF,Sunderland,33,1990,0.8,1,1,1,0,0,1,1,100.0,0,0,0,0,1,2,1,0,Matches
218,George Evans,eng ENG,MF,Millwall,28,1994,0.2,0,0,0,0,0,0,0,,0,1,0,1,0,0,0,0,Matches
219,Lee Evans,wls WAL,MF,Ipswich Town,29,1994,0.7,1,1,1,0,0,1,1,100.0,0,1,1,0,1,2,5,0,Matches
220,Milan van Ewijk,nl NED,DF,Coventry City,22,2000,34.4,89,64,48,31,10,37,61,60.7,24,39,7,32,51,140,68,1,Matches
221,Wout Faes,be BEL,DF,Leicester City,25,1998,42.5,58,36,31,24,3,29,42,69.0,13,56,35,21,59,117,133,2,Matches
222,Akin Famewo,eng ENG,DF,Sheffield Weds,24,1998,29.2,60,41,29,23,8,35,53,66.0,18,43,16,27,41,101,80,0,Matches
223,Christian Fassnacht,ch SUI,"FW,MF",Norwich City,29,1993,20.2,49,32,25,21,3,23,55,41.8,32,31,2,29,23,72,27,0,Matches
224,Abdul Fatawu Issahaku,gh GHA,FW,Leicester City,19,2004,31.3,61,42,33,16,12,27,51,52.9,24,40,7,33,20,81,39,0,Matches
225,Tom Fellows,eng ENG,"FW,MF",West Brom,20,2003,16.6,13,6,5,3,5,5,14,35.7,9,11,1,10,5,18,9,0,Matches
226,Shane Ferguson,nir NIR,"DF,FW",Rotherham Utd,32,1991,2.0,8,6,2,4,2,7,8,87.5,1,5,1,4,3,11,7,0,Matches
227,Sam Field,eng ENG,MF,QPR,25,1998,38.5,72,47,23,40,9,41,66,62.1,25,62,18,44,63,135,94,0,Matches
228,Sonny Finch,eng ENG,FW,Middlesbrough,17,2005,0.1,0,0,0,0,0,0,0,,0,0,0,0,0,0,0,0,Matches
229,Junior Firpo,do DOM,DF,Leeds United,26,1996,19.8,59,41,25,23,11,41,58,70.7,17,25,5,20,25,84,40,0,Matches
230,Kellen Fisher,eng ENG,DF,Norwich City,19,2004,2.9,8,5,6,1,1,5,7,71.4,2,8,4,4,3,11,8,0,Matches
231,John Fleck,sct SCO,MF,Blackburn,31,1991,0.2,1,0,0,0,1,1,2,50.0,1,0,0,0,0,1,0,0,Matches
232,Zian Flemming,nl NED,"FW,MF",Millwall,24,1998,41.0,54,33,15,31,8,23,49,46.9,26,44,5,39,22,76,78,0,Matches
233,Ashley Fletcher,eng ENG,"FW,MF",Sheffield Weds,27,1995,6.8,7,6,0,2,5,2,5,40.0,3,4,0,4,3,10,7,0,Matches
234,Adam Forshaw,eng ENG,"MF,FW",Norwich City,31,1991,2.1,8,3,4,4,0,2,6,33.3,4,0,0,0,5,13,0,0,Matches
235,Adam Forshaw,eng ENG,MF,Plymouth Argyle,31,1991,7.2,15,11,6,9,0,6,19,31.6,13,11,3,8,11,26,8,1,Matches
236,Marcus Forss,fi FIN,FW,Middlesbrough,24,1999,12.4,16,11,3,7,6,9,16,56.3,7,12,1,11,7,23,5,0,Matches
237,Morgan Fox,wls WAL,DF,QPR,29,1993,12.8,25,16,12,11,2,11,14,78.6,3,9,9,0,12,37,57,0,Matches
238,Ryan Fraser,sct SCO,"FW,MF",Southampton,29,1994,18.1,16,8,7,4,5,9,13,69.2,4,10,2,8,2,18,17,0,Matches
239,Michael Frey,ch SUI,FW,QPR,29,1994,4.1,8,5,0,5,3,0,1,0.0,1,5,0,5,2,10,3,0,Matches
240,Dael Fry,eng ENG,DF,Middlesbrough,25,1997,28.0,21,14,15,6,0,10,14,71.4,4,25,16,9,35,56,123,1,Matches
241,Mads Frøkjær-Jensen,dk DEN,"MF,FW",Preston,24,1999,28.5,49,25,14,24,11,16,44,36.4,28,42,0,42,31,80,14,2,Matches
242,Leo Fuhr Hjelde,no NOR,DF,Leeds United,19,2003,0.5,0,0,0,0,0,0,0,,0,2,0,2,0,0,3,0,Matches
243,Leo Fuhr Hjelde,no NOR,DF,Sunderland,19,2003,9.5,15,11,6,6,3,6,11,54.5,5,13,5,8,7,22,30,0,Matches
244,Jay Fulton,sct SCO,MF,Swansea City,29,1994,30.6,52,31,17,29,6,18,44,40.9,26,45,21,24,58,110,40,2,Matches
245,Darnell Furlong,eng ENG,DF,West Brom,27,1995,43.7,50,36,22,19,9,27,50,54.0,23,55,27,28,60,110,109,0,Matches
246,Sam Gallagher,eng ENG,"FW,MF",Blackburn,27,1995,19.1,16,7,4,10,2,5,12,41.7,7,32,5,27,10,26,40,0,Matches
247,Brendan Galloway,zw ZIM,DF,Plymouth Argyle,27,1996,17.5,38,22,27,10,1,18,25,72.0,7,26,19,7,30,68,81,0,Matches
248,Gary Gardner,eng ENG,MF,Birmingham City,31,1992,2.3,2,2,0,2,0,2,2,100.0,0,3,2,1,6,8,1,0,Matches
249,Taylor Gardner-Hickman,eng ENG,MF,West Brom,21,2001,0.1,0,0,0,0,0,0,0,,0,0,0,0,0,0,1,0,Matches
250,Taylor Gardner-Hickman,eng ENG,"MF,DF",Bristol City,21,2001,24.5,55,30,26,24,5,35,66,53.0,31,23,7,16,29,84,33,0,Matches
251,Jake Garrett,eng ENG,MF,Blackburn,20,2003,8.7,19,10,4,10,5,9,13,69.2,4,9,4,5,7,26,3,1,Matches
252,Djeidi Gassama,fr FRA,"FW,MF",Sheffield Weds,19,2003,16.4,38,24,14,14,10,14,39,35.9,25,10,1,9,8,46,13,0,Matches
253,Dwight Gayle,eng ENG,FW,Stoke City,32,1990,3.5,2,1,1,0,1,2,4,50.0,2,4,1,3,0,2,1,0,Matches
254,Joe Gelhardt,eng ENG,"MF,FW",Leeds United,21,2002,2.2,2,1,1,0,1,1,2,50.0,1,2,0,2,1,3,2,0,Matches
255,Dimitris Giannoulis,gr GRE,DF,Norwich City,27,1995,27.9,69,44,39,24,6,35,59,59.3,24,38,9,29,34,103,77,2,Matches
256,Liam Gibbs,eng ENG,"MF,FW",Norwich City,20,2002,6.2,10,6,3,4,3,2,5,40.0,3,6,1,5,3,13,4,0,Matches
257,Ben Gibson,eng ENG,DF,Norwich City,30,1993,31.9,19,13,13,6,0,7,12,58.3,5,55,40,15,46,65,131,2,Matches
258,Lewis Gibson,eng ENG,DF,Plymouth Argyle,23,2000,39.7,52,35,40,11,1,29,39,74.4,10,76,53,23,33,85,201,0,Matches
259,Alexander Gilbert,ie IRL,"MF,FW",Middlesbrough,21,2001,2.6,7,5,3,1,3,2,4,50.0,2,2,0,2,4,11,3,0,Matches
260,Luey Giles,wls WAL,DF,Cardiff City,16,2006,0.3,0,0,0,0,0,0,1,0.0,1,0,0,0,0,0,1,0,Matches
261,Ryan Giles,eng ENG,DF,Hull City,23,2000,12.0,11,7,8,3,0,6,10,60.0,4,12,2,10,13,24,34,0,Matches
262,Macaulay Gillesphey,eng ENG,DF,Plymouth Argyle,27,1995,2.4,4,3,3,1,0,4,8,50.0,4,2,1,1,2,6,7,0,Matches
263,Brodie Gilmore,nir NIR,DF,Huddersfield,19,2004,17.0,45,34,23,15,7,26,37,70.3,11,34,7,27,22,67,48,1,Matches
264,Zak Gilsenan,ie IRL,MF,Blackburn,20,2003,0.0,0,0,0,0,0,0,0,,0,0,0,0,0,0,0,0,Matches
265,Josh Ginnelly,eng ENG,"FW,DF",Swansea City,26,1997,2.1,1,0,1,0,0,0,0,,0,0,0,0,1,2,1,0,Matches
266,Tom Glover,au AUS,GK,Middlesbrough,25,1997,11.0,0,0,0,0,0,0,3,0.0,3,0,0,0,0,0,6,0,Matches
267,Wilfried Gnonto,it ITA,"FW,MF",Leeds United,19,2003,18.4,33,23,15,9,9,16,31,51.6,15,23,1,22,4,37,21,0,Matches
268,Matthew Godden,eng ENG,FW,Coventry City,32,1991,22.7,10,7,2,6,2,5,13,38.5,8,15,3,12,3,13,20,0,Matches
269,Lynden Gooch,us USA,"DF,FW",Stoke City,27,1995,19.0,44,29,25,14,5,23,42,54.8,19,21,2,19,21,65,42,0,Matches
270,Lynden Gooch,us USA,"MF,FW",Sunderland,27,1995,0.1,0,0,0,0,0,0,1,0.0,1,0,0,0,0,0,0,0,Matches
271,Dimitris Goutas,gr GRE,DF,Cardiff City,29,1994,45.8,53,34,33,18,2,20,40,50.0,20,64,51,13,79,132,225,0,Matches
272,Aimar Govea,ec ECU,"FW,MF",Swansea City,17,2006,0.8,0,0,0,0,0,0,0,,0,1,0,1,0,0,0,0,Matches
273,Karlan Grant,eng ENG,"FW,MF",Cardiff City,25,1997,34.7,24,15,10,11,3,9,25,36.0,16,27,1,26,32,56,26,0,Matches
274,Archie Gray,eng ENG,"DF,MF",Leeds United,17,2006,40.0,92,59,50,30,12,59,88,67.0,29,37,5,32,30,122,40,0,Matches
275,Jacob Greaves,eng ENG,DF,Hull City,22,2000,43.0,76,53,40,33,3,37,59,62.7,22,55,36,19,44,120,198,1,Matches
276,André Green,eng ENG,FW,Rotherham Utd,25,1998,7.2,0,0,0,0,0,0,4,0.0,4,7,3,4,7,7,6,0,Matches
277,Sam Greenwood,eng ENG,MF,Leeds United,21,2002,0.1,0,0,0,0,0,0,0,,0,0,0,0,0,0,0,0,Matches
278,Sam Greenwood,eng ENG,"FW,MF",Middlesbrough,21,2002,24.4,47,32,11,24,12,16,45,35.6,29,19,3,16,9,56,15,0,Matches
279,Lee Gregory,eng ENG,"FW,MF",Sheffield Weds,34,1988,7.9,8,6,4,1,3,2,11,18.2,9,10,2,8,2,10,9,0,Matches
280,Jack Grieves,eng ENG,"DF,FW",Watford,18,2004,0.6,1,1,0,1,0,1,1,100.0,0,0,0,0,0,1,1,0,Matches
281,Matt Grimes,eng ENG,MF,Swansea City,28,1995,46.0,79,46,25,43,11,42,75,56.0,33,42,21,21,38,117,57,1,Matches
282,Ilia Gruev,bg BUL,MF,Leeds United,23,2000,19.7,47,24,18,23,6,12,31,38.7,19,16,4,12,27,74,14,0,Matches
283,Joe Gubbins,eng ENG,DF,QPR,21,2001,1.0,1,1,0,1,0,0,0,,0,0,0,0,1,2,3,0,Matches
284,Angus Gunn,sct SCO,GK,Norwich City,27,1996,39.3,1,1,1,0,0,1,2,50.0,1,1,0,1,4,5,28,0,Matches
285,Darko Gyabi,eng ENG,"MF,FW",Plymouth Argyle,19,2004,8.6,19,11,11,7,1,10,18,55.6,8,12,2,10,11,30,12,0,Matches
286,Darko Gyabi,eng ENG,MF,Leeds United,19,2004,0.0,0,0,0,0,0,0,0,,0,0,0,0,0,0,0,0,Matches
287,Hayden Hackney,eng ENG,MF,Middlesbrough,21,2002,20.1,36,18,10,20,6,23,54,42.6,31,33,5,28,9,45,8,0,Matches
288,Sead Haksabanović,me MNE,"FW,MF",Stoke City,24,1999,10.6,15,5,4,10,1,8,23,34.8,15,9,0,9,5,20,7,0,Matches
289,George Hall,eng ENG,"MF,FW",Birmingham City,19,2004,1.5,2,1,1,1,0,2,4,50.0,2,1,0,1,1,3,0,0,Matches
290,Grant Hall,eng ENG,"DF,MF",Rotherham Utd,31,1991,3.1,2,2,2,0,0,1,2,50.0,1,3,2,1,2,4,21,1,Matches
291,Ali Al Hamadi,iq IRQ,FW,Ipswich Town,21,2002,3.3,2,2,2,0,0,1,4,25.0,3,1,0,1,1,3,0,0,Matches
292,Ben Hamer,eng ENG,GK,Watford,35,1987,19.0,0,0,0,0,0,0,1,0.0,1,0,0,0,0,0,11,0,Matches
293,Gustavo Hamer,nl NED,MF,Coventry City,26,1997,0.8,2,0,2,0,0,1,2,50.0,1,2,1,1,1,3,0,0,Matches
294,Grant Hanley,sct SCO,DF,Norwich City,31,1991,6.1,7,4,4,3,0,2,3,66.7,1,4,3,1,8,15,20,2,Matches
295,Ryan Hardie,sct SCO,FW,Plymouth Argyle,26,1997,31.5,10,4,1,4,5,2,13,15.4,11,22,4,18,7,17,13,0,Matches
296,Wes Harding,jm JAM,DF,Millwall,26,1996,21.2,29,17,10,19,0,18,25,72.0,7,24,13,11,32,61,67,0,Matches
297,Marcus Harness,eng ENG,"FW,MF",Ipswich Town,27,1996,10.9,25,19,7,8,10,12,32,37.5,20,25,2,23,8,33,6,0,Matches
298,Kian Harratt,eng ENG,FW,Huddersfield,21,2002,5.5,3,1,0,2,1,1,2,50.0,1,3,0,3,0,3,4,0,Matches
299,Taylor Harwood-Bellis,eng ENG,DF,Southampton,21,2002,38.9,31,13,20,8,3,19,26,73.1,7,47,35,12,47,78,134,3,Matches
300,Ben Hatton,,MF,Rotherham Utd,,,0.1,0,0,0,0,0,0,0,,0,0,0,0,0,0,0,0,Matches
301,Isaac Hayden,jm JAM,MF,QPR,28,1995,11.0,26,17,15,8,3,10,18,55.6,8,19,13,6,25,51,20,0,Matches
302,Conor Hazard,nir NIR,GK,Plymouth Argyle,25,1998,27.0,0,0,0,0,0,0,0,,0,0,0,0,0,0,13,0,Matches
303,Jaheim Headley,eng ENG,"DF,MF",Huddersfield,21,2001,18.3,56,31,29,25,2,29,45,64.4,16,19,1,18,15,71,43,0,Matches
304,Rhys Healey,wls WAL,"MF,FW",Watford,28,1994,2.3,3,1,0,2,1,1,2,50.0,1,1,1,0,1,4,3,0,Matches
305,Rhys Healey,wls WAL,"FW,MF",Huddersfield,28,1994,5.6,3,3,0,3,0,1,5,20.0,4,4,2,2,1,4,11,0,Matches
306,Ryan Hedges,wls WAL,"FW,DF",Blackburn,28,1995,10.9,26,16,8,13,5,9,20,45.0,11,21,3,18,6,32,15,0,Matches
307,Michał Helik,pl POL,DF,Huddersfield,27,1995,40.3,56,32,35,21,0,18,35,51.4,17,61,42,19,75,131,228,1,Matches
308,Jeff Hendrick,ie IRL,MF,Sheffield Weds,31,1992,5.4,6,5,3,3,0,5,7,71.4,2,4,2,2,3,9,7,0,Matches
309,Mads Hermansen,dk DEN,GK,Leicester City,23,2000,44.0,1,1,1,0,0,1,2,50.0,1,0,0,0,0,1,17,6,Matches
310,Onel Hernández,cu CUB,"FW,MF",Norwich City,30,1993,13.2,32,14,15,11,6,12,35,34.3,23,23,1,22,13,45,7,0,Matches
311,James Hill,eng ENG,DF,Blackburn,21,2002,14.4,33,21,19,12,2,17,23,73.9,6,17,8,9,29,62,63,0,Matches
312,George Hirst,sct SCO,FW,Ipswich Town,24,1999,19.6,3,1,0,1,2,0,5,0.0,5,8,3,5,2,5,7,0,Matches
313,Václav Hladký,cz CZE,GK,Ipswich Town,32,1990,46.0,2,2,2,0,0,2,4,50.0,2,0,0,0,1,3,27,5,Matches
314,Joseph Hodge,ie IRL,MF,QPR,20,2002,4.0,10,9,1,4,5,4,6,66.7,2,6,1,5,4,14,2,0,Matches
315,Wesley Hoedt,nl NED,DF,Watford,29,1994,44.0,89,61,67,18,4,62,83,74.7,21,62,36,26,77,166,204,3,Matches
316,Ki-Jana Hoever,nl NED,DF,Stoke City,21,2002,34.1,92,65,50,31,11,61,87,70.1,26,26,7,19,70,162,84,2,Matches
317,Scott Hogan,ie IRL,FW,Birmingham City,31,1992,11.2,8,3,3,2,3,2,10,20.0,8,8,0,8,2,10,3,0,Matches
318,Jonathan Hogg,eng ENG,MF,Huddersfield,34,1988,29.9,83,51,28,46,9,38,67,56.7,29,46,20,26,45,128,61,1,Matches
319,Mason Holgate,jm JAM,DF,Southampton,26,1996,3.2,9,6,6,3,0,3,4,75.0,1,2,1,1,6,15,14,0,Matches
320,Duane Holmes,us USA,"MF,FW",Preston,28,1994,23.4,47,24,18,23,6,24,45,53.3,21,21,3,18,9,56,23,1,Matches
321,George Honeyman,eng ENG,MF,Millwall,28,1994,23.1,70,45,26,34,10,31,70,44.3,39,28,0,28,26,96,29,2,Matches
322,Sydney van Hooijdonk,nl NED,"FW,MF",Norwich City,23,2000,1.4,0,0,0,0,0,0,1,0.0,1,1,0,1,0,0,1,0,Matches
323,Ethan Horvath,us USA,GK,Cardiff City,28,1995,16.0,2,0,2,0,0,0,0,,0,0,0,0,0,2,4,1,Matches
324,Jordan Houghton,eng ENG,MF,Plymouth Argyle,27,1995,31.8,53,28,16,32,5,21,44,47.7,23,46,21,25,24,77,52,1,Matches
325,Jonny Howson,eng ENG,MF,Middlesbrough,35,1988,34.4,53,33,20,32,1,26,53,49.1,27,30,10,20,34,87,51,2,Matches
326,Kyle Hudlin,eng ENG,FW,Huddersfield,23,2000,3.1,2,1,1,1,0,0,1,0.0,1,4,0,4,2,4,4,0,Matches
327,Niall Huggins,wls WAL,DF,Sunderland,22,2000,14.8,27,13,15,8,4,19,35,54.3,16,15,4,11,22,49,34,0,Matches
328,Andrew Hughes,wls WAL,DF,Preston,31,1992,34.9,62,40,38,16,8,34,59,57.6,25,40,16,24,38,100,114,0,Matches
329,Jordan Hugill,eng ENG,FW,Rotherham Utd,31,1992,25.9,6,1,0,6,0,2,7,28.6,5,13,4,9,2,8,27,1,Matches
330,Trai Hume,nir NIR,DF,Sunderland,21,2002,45.2,152,97,73,68,11,90,159,56.6,69,78,28,50,64,216,100,1,Matches
331,Bashir Humphreys,eng ENG,DF,Swansea City,20,2003,21.0,22,17,14,6,2,17,31,54.8,14,28,13,15,21,43,74,0,Matches
332,Cameron Humphreys,eng ENG,DF,Rotherham Utd,24,1998,22.5,20,11,14,6,0,15,21,71.4,6,26,17,9,32,52,104,1,Matches
333,Cameron Humphreys,eng ENG,DF,Ipswich Town,19,2003,1.1,2,1,1,1,0,2,6,33.3,4,5,0,5,2,4,6,0,Matches
334,Omari Hutchinson,eng ENG,"FW,MF",Ipswich Town,19,2003,24.4,54,28,20,20,14,20,67,29.9,47,48,3,45,15,69,7,0,Matches
335,Shaun Hutchinson,eng ENG,DF,Millwall,32,1990,8.5,20,8,15,4,1,7,13,53.8,6,12,9,3,19,39,25,0,Matches
336,Dominic Hyam,sct SCO,DF,Blackburn,27,1995,33.5,39,25,26,11,2,22,45,48.9,23,48,25,23,40,79,138,4,Matches
337,Adam Idah,ie IRL,FW,Norwich City,22,2001,14.2,6,5,1,4,1,0,6,0.0,6,13,1,12,3,9,14,0,Matches
338,Kelechi Iheanacho,ng NGA,FW,Leicester City,26,1996,10.2,5,1,1,2,2,3,5,60.0,2,9,0,9,3,8,2,0,Matches
339,Michael Ihiekwe,eng ENG,DF,Sheffield Weds,30,1992,21.4,14,9,12,2,0,10,20,50.0,10,28,25,3,24,38,105,2,Matches
340,Tom Ince,eng ENG,"FW,MF",Watford,31,1992,9.4,14,8,5,6,3,9,16,56.3,7,12,1,11,7,21,7,0,Matches
341,Matt Ingram,eng ENG,GK,Hull City,29,1993,9.1,0,0,0,0,0,0,0,,0,0,0,0,0,0,7,0,Matches
342,Dominic Iorfa,eng ENG,DF,Sheffield Weds,28,1995,19.9,61,38,41,18,2,30,39,76.9,9,27,13,14,15,76,75,2,Matches
343,Tom Iorpenda,eng ENG,MF,Huddersfield,18,2005,0.6,0,0,0,0,0,0,1,0.0,1,2,0,2,1,1,0,0,Matches
344,Frederick Issaka,wls WAL,FW,Plymouth Argyle,17,2006,0.4,2,2,0,1,1,1,1,100.0,0,1,0,1,0,2,0,0,Matches
345,Daniel Iversen,dk DEN,GK,Stoke City,26,1997,18.0,0,0,0,0,0,0,2,0.0,2,0,0,0,0,0,12,0,Matches
346,Ben Jackson,eng ENG,"DF,MF",Huddersfield,22,2001,14.9,40,24,22,15,3,22,45,48.9,23,19,8,11,14,54,51,0,Matches
347,Kayden Jackson,eng ENG,FW,Ipswich Town,29,1994,10.7,16,7,4,7,5,5,19,26.3,14,13,0,13,8,24,9,0,Matches
348,Matty Jacob,eng ENG,DF,Hull City,22,2001,8.9,20,13,8,9,3,13,18,72.2,5,14,8,6,9,29,37,0,Matches
349,Daniel James,wls WAL,FW,Leeds United,25,1997,27.6,31,16,15,8,8,13,34,38.2,21,31,2,29,8,39,11,0,Matches
350,Jordan James,wls WAL,"MF,FW",Birmingham City,19,2004,25.6,52,32,22,24,6,18,45,40.0,27,39,3,36,28,80,27,1,Matches
351,Joseph James,,DF,Bristol City,,,0.9,2,0,0,2,0,2,3,66.7,1,2,0,2,1,3,1,0,Matches
352,Matty James,eng ENG,MF,Bristol City,32,1991,32.1,55,31,22,31,2,33,70,47.1,37,26,7,19,29,84,37,0,Matches
353,Reece James,eng ENG,"DF,MF",Sheffield Weds,29,1993,3.4,6,4,4,2,0,4,10,40.0,6,4,1,3,4,10,4,0,Matches
354,Viktor Johansson,se SWE,GK,Rotherham Utd,24,1998,44.0,2,1,2,0,0,2,3,66.7,1,0,0,0,0,2,22,1,Matches
355,Daniel Johnson,jm JAM,"MF,FW",Stoke City,30,1992,18.1,27,17,7,15,5,12,25,48.0,13,9,2,7,16,43,5,1,Matches
356,Marvin Johnson,eng ENG,"DF,MF",Sheffield Weds,32,1990,26.2,39,27,15,18,6,18,41,43.9,23,33,10,23,35,74,39,0,Matches
357,Michael Johnston,ie IRL,FW,West Brom,24,1999,12.9,12,7,5,2,5,6,20,30.0,14,11,3,8,4,16,7,1,Matches
358,Nikola Jojić,rs SRB,MF,Stoke City,19,2003,0.0,0,0,0,0,0,0,0,,0,0,0,0,0,0,0,0,Matches
359,Alfie Jones,ca CAN,DF,Hull City,25,1997,45.0,38,20,26,11,1,21,37,56.8,16,57,39,18,45,83,184,0,Matches
360,Isaiah Jones,gy GUY,FW,Middlesbrough,24,1999,28.7,64,38,31,19,14,24,57,42.1,33,25,2,23,17,81,20,2,Matches
361,Patrick Jones,wls WAL,"FW,MF",Huddersfield,20,2003,1.8,3,2,2,0,1,1,2,50.0,1,3,0,3,2,5,0,0,Matches
362,Mateo Joseph,es ESP,"FW,MF",Leeds United,19,2003,2.6,2,1,0,1,1,1,1,100.0,0,4,0,4,1,3,3,0,Matches
363,Bae Junho,kr KOR,"FW,MF",Stoke City,19,2003,26.6,44,27,19,17,8,14,25,56.0,11,42,3,39,16,60,2,0,Matches
364,James Justin,eng ENG,DF,Leicester City,25,1998,29.1,71,42,28,37,6,32,52,61.5,20,34,15,19,44,115,84,0,Matches
365,Lukas Jutkiewicz,eng ENG,"FW,MF",Birmingham City,34,1989,6.3,6,2,0,4,2,0,7,0.0,7,10,2,8,1,7,9,0,Matches
366,Osman Kakay,sl SLE,DF,QPR,25,1997,17.5,33,22,17,13,3,13,23,56.5,10,16,6,10,12,45,46,0,Matches
367,Glen Kamara,fi FIN,MF,Leeds United,27,1995,30.0,38,20,9,23,6,18,32,56.3,14,21,5,16,33,71,17,0,Matches
368,David Kasumu,eng ENG,"MF,DF",Huddersfield,23,1999,26.1,48,25,19,26,3,22,56,39.3,34,40,6,34,22,70,25,0,Matches
369,Calum Kavanagh,ie IRL,"FW,DF",Middlesbrough,19,2003,0.1,0,0,0,0,0,0,0,,0,0,0,0,0,0,0,0,Matches
370,Edo Kayembe,cd COD,MF,Watford,25,1998,27.2,42,21,17,22,3,16,32,50.0,16,22,7,15,18,60,33,0,Matches
371,Joshua Kayode,ng NGA,"MF,FW",Rotherham Utd,30,1992,0.5,1,1,0,0,1,1,1,100.0,0,1,0,1,0,1,0,0,Matches
372,Will Keane,ie IRL,"FW,MF",Preston,30,1993,29.0,26,18,7,15,4,10,21,47.6,11,22,5,17,10,36,23,0,Matches
373,Georgie Kelly,ie IRL,FW,Rotherham Utd,26,1996,3.5,3,3,1,2,0,0,2,0.0,2,6,2,4,2,5,7,0,Matches
374,Liam Kelly,sct SCO,MF,Coventry City,33,1990,9.9,29,15,14,14,1,14,25,56.0,11,11,4,7,10,39,14,0,Matches
375,Charlie Kelman,us USA,"MF,FW",QPR,21,2001,2.7,0,0,0,0,0,0,2,0.0,2,2,0,2,0,0,1,0,Matches
376,Kaine Kesler-Hayden,eng ENG,"DF,MF",Plymouth Argyle,20,2002,19.0,29,15,20,7,2,14,26,53.8,12,25,14,11,29,58,45,0,Matches
377,Josh Key,eng ENG,"DF,FW",Swansea City,23,1999,24.4,53,31,26,24,3,33,58,56.9,25,22,8,14,23,76,48,0,Matches
378,Brandon Khela,eng ENG,FW,Birmingham City,18,2005,0.0,0,0,0,0,0,0,0,,0,1,0,1,0,0,0,0,Matches
379,Andy King,wls WAL,"MF,DF",Bristol City,34,1988,4.6,7,7,4,2,1,6,10,60.0,4,5,4,1,4,11,11,0,Matches
380,Peter Kioso,cd COD,"DF,FW",Rotherham Utd,24,1998,10.6,34,23,17,16,1,18,30,60.0,12,22,3,19,6,40,21,0,Matches
381,Cédric Kipré,ci CIV,DF,West Brom,26,1996,42.5,53,33,36,16,1,35,55,63.6,20,67,44,23,65,118,167,1,Matches
382,Liam Kitching,eng ENG,DF,Coventry City,23,1999,24.8,32,16,23,8,1,15,33,45.5,18,30,20,10,35,67,100,1,Matches
383,Kristoffer Klaesson,no NOR,GK,Leeds United,22,2000,1.0,0,0,0,0,0,0,0,,0,0,0,0,0,0,0,0,Matches
384,Jason Knight,ie IRL,"MF,FW",Bristol City,22,2001,42.6,60,43,16,31,13,17,59,28.8,42,24,2,22,41,101,45,0,Matches
385,Jamie Knight-Lebel,ca CAN,DF,Bristol City,18,2004,0.3,2,1,0,2,0,1,1,100.0,0,0,0,0,0,2,1,0,Matches
386,Rayan Kolli,dz ALG,"FW,MF",QPR,18,2005,1.9,0,0,0,0,0,0,1,0.0,1,2,1,1,0,0,0,0,Matches
387,Ismaël Koné,ca CAN,MF,Watford,21,2002,28.4,40,27,19,18,3,12,26,46.2,14,32,5,27,16,56,17,0,Matches
388,Josh Koroma,sl SLE,"FW,MF",Huddersfield,24,1998,26.9,26,18,11,7,8,10,23,43.5,13,21,2,19,8,34,12,0,Matches
389,Mykola Kukharevych,ua UKR,"FW,MF",Swansea City,22,2001,1.6,5,2,2,2,1,0,1,0.0,1,2,0,2,1,6,6,0,Matches
390,Freddie Ladapo,eng ENG,FW,Ipswich Town,30,1993,3.9,5,2,0,1,4,0,3,0.0,3,2,1,1,0,5,1,0,Matches
391,Ethan Laird,eng ENG,DF,Birmingham City,22,2001,22.2,68,41,36,22,10,35,47,74.5,12,35,13,22,40,108,56,2,Matches
392,Ziyad Larkeche,fr FRA,"DF,FW",QPR,20,2002,4.2,13,8,4,6,3,6,7,85.7,1,8,3,5,2,15,12,1,Matches
393,Joël Latibeaudière,jm JAM,"DF,MF",Coventry City,23,2000,30.3,66,41,32,26,8,22,54,40.7,32,42,18,24,35,101,86,1,Matches
394,Emmanuel Latte Lath,ci CIV,FW,Middlesbrough,24,1999,23.2,22,15,7,9,6,6,13,46.2,7,24,2,22,7,29,21,0,Matches
395,Josh Laurent,eng ENG,MF,Stoke City,28,1995,29.9,59,39,21,28,10,16,31,51.6,15,31,8,23,29,88,33,0,Matches
396,Ryan Ledson,eng ENG,MF,Preston,25,1997,17.2,43,31,15,25,3,17,36,47.2,19,32,13,19,23,66,28,0,Matches
397,Tom Lees,eng ENG,DF,Huddersfield,32,1990,28.0,28,20,16,10,2,15,21,71.4,6,36,24,12,29,57,127,0,Matches
398,Greg Leigh,jm JAM,DF,Ipswich Town,28,1994,0.0,1,0,1,0,0,1,1,100.0,0,0,0,0,0,1,1,0,Matches
399,Dexter Lembikisa,jm JAM,DF,Rotherham Utd,19,2003,22.3,56,37,37,13,6,28,45,62.2,17,34,2,32,24,80,56,0,Matches
400,Darragh Lenihan,ie IRL,DF,Middlesbrough,29,1994,8.0,9,5,4,5,0,4,4,100.0,0,11,9,2,8,17,32,0,Matches
401,Charlie Lennon,eng ENG,"FW,MF",Middlesbrough,17,2006,0.2,0,0,0,0,0,0,0,,0,0,0,0,0,0,0,0,Matches
402,Harry Leonard,eng ENG,FW,Blackburn,19,2003,9.3,6,5,4,2,0,3,11,27.3,8,7,2,5,4,10,6,0,Matches
403,Ryan Leonard,eng ENG,DF,Millwall,31,1992,30.1,89,55,68,20,1,55,85,64.7,30,36,10,26,35,124,87,0,Matches
404,Mehdi Léris,dz ALG,"FW,MF",Stoke City,25,1998,17.6,36,18,10,14,12,13,37,35.1,24,30,6,24,14,50,25,0,Matches
405,Jamal Lewis,nir NIR,"DF,MF",Watford,25,1998,30.8,72,46,41,24,7,43,71,60.6,28,35,8,27,19,91,59,1,Matches
406,Jamie Lindsay,sct SCO,MF,Rotherham Utd,27,1995,12.0,15,9,7,6,2,9,19,47.4,10,17,4,13,10,25,14,0,Matches
407,Liam Lindsay,sct SCO,DF,Preston,27,1995,45.7,62,48,37,21,4,35,54,64.8,19,80,56,24,70,132,250,4,Matches
408,Jake Livermore,eng ENG,MF,Watford,33,1989,23.0,45,23,21,22,2,31,41,75.6,10,41,19,22,25,70,28,0,Matches
409,Jason Lokilo,be BEL,"FW,MF",Hull City,24,1998,7.9,7,4,3,3,1,4,14,28.6,10,7,0,7,3,10,4,0,Matches
410,George Long,eng ENG,GK,Norwich City,29,1993,6.7,0,0,0,0,0,0,1,0.0,1,0,0,0,0,0,2,0,Matches
411,Kevin Long,ie IRL,DF,Birmingham City,32,1990,16.1,22,15,15,7,0,11,14,78.6,3,25,16,9,8,30,96,0,Matches
412,Emmanuel Longelo,eng ENG,DF,Birmingham City,22,2000,11.3,26,17,17,6,3,13,21,61.9,8,20,3,17,12,38,32,1,Matches
413,Ryan Longman,eng ENG,"MF,FW",Millwall,22,2000,19.2,42,28,19,13,10,23,33,69.7,10,15,3,12,13,55,24,0,Matches
414,Imran Louza,ma MAR,MF,Watford,24,1999,10.2,14,11,1,9,4,7,25,28.0,18,12,1,11,5,19,4,0,Matches
415,Jamal Lowe,jm JAM,"FW,MF",Swansea City,29,1994,25.0,26,17,4,14,8,11,30,36.7,19,25,7,18,15,41,38,0,Matches
416,Nathan Lowe,eng ENG,FW,Stoke City,17,2005,4.3,2,1,0,0,2,0,0,,0,0,0,0,0,2,5,0,Matches
417,Massimo Luongo,au AUS,MF,Ipswich Town,30,1992,35.1,91,65,25,52,14,43,77,55.8,34,44,17,27,54,145,32,0,Matches
418,Yann M'Vila,fr FRA,MF,West Brom,33,1990,3.1,7,4,2,5,0,3,8,37.5,5,1,0,1,4,11,2,0,Matches
419,Josh Maja,ng NGA,FW,West Brom,24,1998,2.2,1,1,0,1,0,0,0,,0,0,0,0,1,2,1,0,Matches
420,Million Manhoef,nl NED,FW,Stoke City,21,2002,9.1,10,9,5,2,3,2,13,15.4,11,6,0,6,4,14,7,0,Matches
421,Ryan Manning,ie IRL,DF,Southampton,27,1996,30.5,56,41,28,21,7,29,50,58.0,21,19,5,14,24,80,52,1,Matches
422,Sekou Mara,fr FRA,FW,Southampton,21,2002,6.3,11,5,4,1,6,3,8,37.5,5,6,1,5,4,15,9,0,Matches
423,Wanya Marcal-Madivadua,pt POR,FW,Leicester City,20,2002,1.6,2,2,0,2,0,2,3,66.7,1,3,0,3,0,2,1,0,Matches
424,Dilan Markanday,eng ENG,"FW,MF",Blackburn,21,2001,8.5,22,13,11,7,4,13,23,56.5,10,18,1,17,6,28,4,0,Matches
425,Callum Marshall,nir NIR,FW,West Brom,18,2004,0.6,1,0,0,1,0,0,0,,0,1,0,1,0,1,0,0,Matches
426,Matheus Martins,br BRA,"FW,MF",Watford,20,2003,19.6,28,21,10,13,5,8,24,33.3,16,15,1,14,7,35,3,1,Matches
427,Zavier Massiah,eng ENG,MF,Watford,16,2007,0.0,0,0,0,0,0,0,1,0.0,1,0,0,0,0,0,0,0,Matches
428,Alex Matos,eng ENG,MF,Huddersfield,18,2004,14.2,43,26,19,17,7,24,51,47.1,27,25,5,20,27,70,19,1,Matches
429,Ajay Matthews,eng ENG,FW,Middlesbrough,17,2006,0.1,0,0,0,0,0,0,0,,0,0,0,0,0,0,1,0,Matches
430,Stephy Mavididi,eng ENG,FW,Leicester City,25,1998,39.9,70,50,36,25,9,35,79,44.3,44,46,0,46,19,89,11,0,Matches
431,Noah Mawene,eng ENG,MF,Preston,18,2005,1.9,7,6,3,4,0,3,6,50.0,3,6,2,4,4,11,3,0,Matches
432,Theo Mawene,eng ENG,FW,Preston,16,2007,0.1,0,0,0,0,0,0,0,,0,0,0,0,0,0,0,0,Matches
433,Chris Maxwell,wls WAL,GK,Huddersfield,33,1990,7.7,0,0,0,0,0,0,0,,0,0,0,0,0,0,4,0,Matches
434,Eliezer Mayenda,es ESP,"FW,MF",Sunderland,18,2005,2.1,2,1,1,0,1,1,1,100.0,0,1,0,1,0,2,0,0,Matches
435,Adam Mayor,eng ENG,"MF,FW",Millwall,18,2005,0.6,1,1,0,1,0,1,2,50.0,1,0,0,0,0,1,0,0,Matches
436,Kasey McAteer,ie IRL,FW,Leicester City,21,2001,12.9,24,13,12,6,6,10,23,43.5,13,9,3,6,6,30,17,1,Matches
437,Law McCabe,eng ENG,MF,Middlesbrough,17,2006,1.1,1,1,0,1,0,1,3,33.3,2,0,0,0,2,3,1,0,Matches
438,Sam McCallum,eng ENG,DF,Norwich City,22,2000,16.4,32,22,22,10,0,19,35,54.3,16,17,6,11,45,77,62,1,Matches
439,Alistair McCann,nir NIR,MF,Preston,23,1999,23.0,104,58,38,59,7,54,102,52.9,48,45,4,41,42,146,51,1,Matches
440,Jamie McCart,sct SCO,DF,Rotherham Utd,26,1997,0.1,2,2,2,0,0,1,1,100.0,0,1,1,0,0,2,5,0,Matches
441,Alex McCarthy,eng ENG,GK,Southampton,33,1989,5.0,0,0,0,0,0,0,0,,0,0,0,0,1,1,2,0,Matches
442,Ross McCrorie,sct SCO,"DF,MF",Bristol City,25,1998,13.1,16,12,6,7,3,9,21,42.9,12,12,1,11,7,23,17,0,Matches
443,Kyle McFadzean,sct SCO,DF,Blackburn,36,1987,10.0,9,8,7,2,0,5,9,55.6,4,14,4,10,15,24,34,0,Matches
444,Kyle McFadzean,sct SCO,DF,Coventry City,36,1987,14.3,12,8,8,3,1,7,12,58.3,5,14,11,3,22,34,51,1,Matches
445,Riley McGree,au AUS,"FW,MF",Middlesbrough,24,1998,14.0,21,12,7,10,4,10,18,55.6,8,14,2,12,9,30,9,0,Matches
446,Ciaran McGuckin,nir NIR,"FW,MF",Rotherham Utd,19,2003,0.7,5,5,1,3,1,0,2,0.0,2,1,0,1,1,6,0,0,Matches
447,Mark McGuinness,ie IRL,DF,Cardiff City,22,2001,28.8,31,19,24,7,0,16,41,39.0,25,28,21,7,38,69,123,2,Matches
448,Kenny McLean,sct SCO,"MF,DF",Norwich City,31,1992,45.4,90,52,41,43,6,41,85,48.2,44,56,25,31,54,144,72,1,Matches
449,Sean McLoughlin,ie IRL,DF,Hull City,26,1996,13.0,3,1,3,0,0,0,4,0.0,4,30,20,10,20,23,47,1,Matches
450,Paddy McNair,nir NIR,DF,Middlesbrough,28,1995,19.5,14,8,8,4,2,8,16,50.0,8,19,12,7,11,25,40,0,Matches
451,Luke McNally,ie IRL,DF,Stoke City,23,1999,35.5,68,48,41,25,2,35,65,53.8,30,52,32,20,47,115,185,0,Matches
452,Dan McNamara,ie IRL,"DF,MF",Millwall,24,1998,23.0,50,32,25,22,3,28,50,56.0,22,19,9,10,35,85,84,2,Matches
453,Dire Mebude,sct SCO,FW,Bristol City,19,2004,0.5,1,0,0,0,1,0,1,0.0,1,0,0,0,1,2,0,0,Matches
454,Anis Mehmeti,al ALB,"MF,FW",Bristol City,22,2001,20.7,36,20,13,16,7,21,45,46.7,24,22,2,20,4,40,10,0,Matches
455,Yakou Méïte,ci CIV,FW,Cardiff City,27,1996,23.9,22,18,4,11,7,7,15,46.7,8,12,2,10,6,28,22,0,Matches
456,Illan Meslier,fr FRA,GK,Leeds United,23,2000,43.6,1,1,1,0,0,1,2,50.0,1,0,0,0,0,1,28,2,Matches
457,Liam Millar,ca CAN,"DF,MF",Preston,23,1999,28.3,50,27,27,17,6,23,60,38.3,37,40,2,38,24,74,36,0,Matches
458,Mickel Miller,eng ENG,"DF,MF",Plymouth Argyle,27,1995,19.5,46,34,29,13,4,24,47,51.1,23,23,3,20,26,72,57,0,Matches
459,Billy Mitchell,eng ENG,MF,Millwall,23,2000,24.6,39,21,16,19,4,19,31,61.3,12,27,7,20,32,71,26,0,Matches
460,Koji Miyoshi,jp JPN,"FW,MF",Birmingham City,26,1997,27.7,35,26,15,16,4,17,49,34.7,32,36,7,29,22,57,15,0,Matches
461,Ryan Mmaee,ma MAR,FW,Stoke City,25,1997,16.7,13,11,5,4,4,2,4,50.0,2,16,3,13,2,15,11,0,Matches
462,Jayson Molumby,ie IRL,MF,West Brom,23,1999,12.3,14,9,4,6,4,5,11,45.5,6,15,2,13,9,23,12,0,Matches
463,Kieffer Moore,wls WAL,FW,Ipswich Town,30,1992,12.7,11,7,0,7,4,4,8,50.0,4,9,4,5,3,14,15,0,Matches
464,Wesley Moraes,br BRA,"FW,MF",Stoke City,26,1996,7.4,2,2,0,1,1,1,1,100.0,0,3,0,3,2,4,10,0,Matches
465,Andrew Moran,ie IRL,"FW,MF",Blackburn,19,2003,20.6,45,31,20,17,8,21,62,33.9,41,31,1,30,12,57,13,2,Matches
466,James Morris,eng ENG,DF,Watford,21,2001,8.6,19,11,10,9,0,14,21,66.7,7,11,4,7,15,34,31,0,Matches
467,Elijah Morrison,eng ENG,MF,Bristol City,17,2006,0.1,0,0,0,0,0,0,0,,0,0,0,0,0,0,0,0,Matches
468,Sean Morrison,eng ENG,DF,Rotherham Utd,32,1991,21.6,26,16,15,9,2,15,25,60.0,10,30,19,11,30,56,120,0,Matches
469,Sam Morsy,eg EGY,MF,Ipswich Town,31,1991,41.7,119,80,51,59,9,49,103,47.6,54,53,10,43,34,153,42,2,Matches
470,Tyler Morton,eng ENG,MF,Hull City,20,2002,33.0,53,32,21,29,3,26,55,47.3,29,52,14,38,24,77,43,0,Matches
471,Alex Mowatt,eng ENG,MF,West Brom,28,1995,36.1,59,34,29,20,10,34,61,55.7,27,49,24,25,31,90,40,0,Matches
472,Bali Mumba,eng ENG,"FW,DF",Plymouth Argyle,21,2001,32.8,65,44,43,15,7,26,53,49.1,27,35,6,29,22,87,49,1,Matches
473,Romaine Mundle,eng ENG,"MF,FW",Sunderland,20,2003,5.4,9,5,3,5,1,0,2,0.0,2,8,0,8,3,12,7,0,Matches
474,Anthony Musaba,nl NED,"FW,MF",Sheffield Weds,22,2000,29.1,37,23,15,16,6,15,41,36.6,26,38,3,35,6,43,6,0,Matches
475,Kal Naismith,sct SCO,DF,Bristol City,31,1992,9.9,13,10,9,4,0,6,13,46.2,7,13,8,5,12,25,37,0,Matches
476,Yuta Nakayama,jp JPN,DF,Huddersfield,26,1997,18.8,28,21,16,10,2,14,25,56.0,11,25,9,16,17,45,51,0,Matches
477,Kyle Naughton,eng ENG,DF,Swansea City,34,1988,8.5,21,12,10,10,1,13,20,65.0,7,16,3,13,13,34,12,0,Matches
478,Wilfred Ndidi,ng NGA,MF,Leicester City,26,1996,23.6,37,25,10,21,6,11,22,50.0,11,20,6,14,27,64,36,0,Matches
479,Dan Neil,eng ENG,MF,Sunderland,21,2001,41.0,74,48,33,37,4,34,70,48.6,36,50,6,44,39,113,34,1,Matches
480,Benjamin Nelson,eng ENG,DF,Leicester City,19,2004,2.3,5,5,3,2,0,3,5,60.0,2,1,1,0,5,10,7,0,Matches
481,Perry Ng,eng ENG,DF,Cardiff City,27,1996,37.8,109,75,57,39,13,59,84,70.2,25,53,10,43,61,170,110,1,Matches
482,Jeremy Ngakia,,DF,Watford,22,2000,10.2,23,17,13,8,2,5,13,38.5,8,16,0,16,13,36,13,1,Matches
483,Lee Nicholls,eng ENG,GK,Huddersfield,30,1992,36.7,0,0,0,0,0,0,0,,0,0,0,0,0,0,18,1,Matches
484,Kevin Nisbet,sct SCO,FW,Millwall,26,1997,15.5,7,7,1,5,1,2,7,28.6,5,8,1,7,3,10,7,0,Matches
485,Sam Nombe,eng ENG,"FW,MF",Rotherham Utd,24,1998,25.2,21,11,6,9,6,7,32,21.9,25,19,3,16,5,26,17,0,Matches
486,Casper de Norre,be BEL,MF,Millwall,26,1997,22.4,52,30,29,23,0,25,41,61.0,16,18,5,13,32,84,33,0,Matches
487,Brooke Norton-Cuffy,eng ENG,"DF,MF",Millwall,19,2004,25.3,62,35,33,23,6,42,58,72.4,16,29,5,24,24,86,45,0,Matches
488,Marcelino Núñez,cl CHI,MF,Norwich City,23,2000,25.1,67,33,24,38,5,31,69,44.9,38,29,5,24,10,77,31,0,Matches
489,Lewis O'Brien,eng ENG,MF,Middlesbrough,24,1998,17.5,40,24,15,19,6,16,32,50.0,16,28,9,19,17,57,24,0,Matches
490,Callum O'Dowda,ie IRL,"FW,DF",Cardiff City,28,1995,6.1,14,7,5,6,3,6,13,46.2,7,12,6,6,3,17,12,1,Matches
491,Callum O'Hare,eng ENG,"MF,FW",Coventry City,25,1998,19.6,35,17,11,18,6,13,25,52.0,12,21,2,19,8,43,9,0,Matches
492,Max O'Leary,ie IRL,GK,Bristol City,26,1996,46.0,0,0,0,0,0,0,1,0.0,1,1,0,1,2,2,27,4,Matches
493,Luke O'Nien,eng ENG,DF,Sunderland,28,1994,43.0,65,39,37,26,2,31,52,59.6,21,39,21,18,63,128,132,0,Matches
494,Connor O'Riordan,ie IRL,DF,Blackburn,19,2003,0.5,0,0,0,0,0,0,0,,0,0,0,0,1,1,1,0,Matches
495,Marcel Oakley,eng ENG,DF,Birmingham City,20,2002,0.3,0,0,0,0,0,0,1,0.0,1,0,0,0,0,0,0,0,Matches
496,Michael Obafemi,ie IRL,FW,Millwall,23,2000,10.2,6,2,2,0,4,2,5,40.0,3,3,0,3,1,7,0,0,Matches
497,Hakeem Odoffin,eng ENG,"DF,MF",Rotherham Utd,25,1998,34.5,80,50,53,23,4,30,46,65.2,16,62,33,29,72,152,123,0,Matches
498,Noah Ohio,nl NED,FW,Hull City,20,2003,2.7,0,0,0,0,0,0,0,,0,5,0,5,1,1,2,0,Matches
499,Andrew Omobamidele,ie IRL,DF,Norwich City,21,2002,0.2,0,0,0,0,0,0,0,,0,1,1,0,1,1,1,0,Matches
500,Abdülkadir Ömür,tr TUR,"MF,FW",Hull City,24,1999,11.0,29,20,11,14,4,13,23,56.5,10,12,0,12,9,38,6,0,Matches
501,Fred Onyedinma,eng ENG,"FW,MF",Rotherham Utd,26,1996,13.8,15,12,6,9,0,5,8,62.5,3,10,1,9,7,22,14,0,Matches
502,Milutin Osmajić,me MNE,FW,Preston,24,1999,19.4,10,7,1,6,3,5,10,50.0,5,12,0,12,2,12,9,0,Matches
503,Kenneth Paal,sr SUR,DF,QPR,26,1997,42.2,85,50,50,26,9,49,85,57.6,36,45,12,33,47,132,99,1,Matches
504,Alex Palmer,eng ENG,GK,West Brom,26,1996,46.0,0,0,0,0,0,0,0,,0,0,0,0,0,0,29,3,Matches
505,Kasey Palmer,jm JAM,"MF,FW",Coventry City,26,1996,19.9,40,25,6,24,10,14,38,36.8,24,31,1,30,8,48,15,0,Matches
506,Liam Palmer,sct SCO,"DF,MF",Sheffield Weds,31,1991,26.6,47,29,26,16,5,25,44,56.8,19,31,13,18,30,77,62,0,Matches
507,Jonathan Panzo,eng ENG,DF,Cardiff City,22,2000,0.9,1,1,1,0,0,1,2,50.0,1,0,0,0,3,4,3,0,Matches
508,Samuel Parker,wls WAL,FW,Swansea City,17,2006,1.5,4,4,1,2,1,2,2,100.0,0,2,1,1,1,5,0,0,Matches
509,Callum Paterson,sct SCO,"MF,DF",Sheffield Weds,28,1994,17.9,31,21,15,11,5,19,38,50.0,19,18,6,12,13,44,43,0,Matches
510,Jamie Paterson,eng ENG,"MF,FW",Swansea City,31,1991,35.8,61,40,11,31,19,33,66,50.0,33,45,5,40,24,85,23,0,Matches
511,Charlie Patino,eng ENG,MF,Swansea City,19,2003,14.0,19,7,2,16,1,9,18,50.0,9,16,5,11,17,36,13,2,Matches
512,Anthony Patterson,eng ENG,GK,Sunderland,23,2000,45.0,0,0,0,0,0,0,1,0.0,1,0,0,0,0,0,13,2,Matches
513,Aynsley Pears,eng ENG,GK,Blackburn,25,1998,25.7,2,1,2,0,0,2,3,66.7,1,0,0,0,0,2,17,2,Matches
514,Ben Pearson,eng ENG,MF,Stoke City,28,1995,20.5,36,20,9,22,5,21,50,42.0,29,23,4,19,39,75,31,0,Matches
515,Matty Pearson,eng ENG,DF,Huddersfield,29,1993,36.0,50,28,28,21,1,19,42,45.2,23,54,30,24,39,89,162,0,Matches
516,Kristian Pedersen,dk DEN,"DF,FW",Sheffield Weds,28,1994,1.5,3,2,2,1,0,1,3,33.3,2,3,0,3,1,4,5,0,Matches
517,Kristian Pedersen,dk DEN,DF,Swansea City,28,1994,3.2,7,5,4,3,0,6,11,54.5,5,6,1,5,8,15,6,0,Matches
518,Lee Peltier,eng ENG,DF,Rotherham Utd,36,1986,20.3,43,26,29,11,3,22,27,81.5,5,21,17,4,16,59,103,1,Matches
519,Timothee Pembele,fr FRA,"MF,DF",Sunderland,20,2002,3.2,5,4,4,1,0,3,7,42.9,4,2,1,1,4,9,5,0,Matches
520,Ricardo Pereira,pt POR,"DF,MF",Leicester City,29,1993,36.4,105,63,55,39,11,51,94,54.3,43,50,10,40,53,158,72,4,Matches
521,Sonny Perkins,eng ENG,FW,Leeds United,19,2004,0.0,0,0,0,0,0,0,0,,0,0,0,0,0,0,0,0,Matches
522,Ashley Phillips,wls WAL,DF,Plymouth Argyle,18,2005,15.4,20,9,12,8,0,10,13,76.9,3,23,17,6,16,36,73,2,Matches
523,Dillon Phillips,eng ENG,GK,Rotherham Utd,28,1995,2.0,0,0,0,0,0,0,1,0.0,1,0,0,0,0,0,3,0,Matches
524,Matt Phillips,sct SCO,"DF,FW",West Brom,32,1991,17.0,26,13,12,9,5,16,25,64.0,9,17,2,15,14,40,21,0,Matches
525,Nathaniel Phillips,eng ENG,DF,Cardiff City,26,1997,17.0,26,16,17,7,2,17,20,85.0,3,27,24,3,13,39,79,1,Matches
526,Jaden Philogene Bidace,eng ENG,"FW,MF",Hull City,21,2002,31.2,78,48,31,30,17,32,79,40.5,47,43,2,41,21,99,24,0,Matches
527,Joey Phuthi,zw ZIM,FW,Sheffield Weds,18,2005,0.1,0,0,0,0,0,0,0,,0,0,0,0,0,0,0,0,Matches
528,Harry Pickering,eng ENG,DF,Blackburn,24,1998,33.3,76,48,42,28,6,42,63,66.7,21,43,12,31,32,108,86,1,Matches
529,Erik Pieters,nl NED,DF,West Brom,34,1988,17.5,27,14,18,8,1,10,17,58.8,7,17,8,9,19,46,53,2,Matches
530,Pipa,es ESP,"DF,MF",West Brom,25,1998,2.8,7,4,4,1,2,4,6,66.7,2,4,0,4,1,8,4,0,Matches
531,Joël Piroe,nl NED,"MF,FW",Leeds United,23,1999,28.0,26,19,1,18,7,7,23,30.4,16,17,3,14,6,32,8,0,Matches
532,Joël Piroe,nl NED,FW,Swansea City,23,1999,3.0,3,2,1,2,0,1,3,33.3,2,1,0,1,4,7,3,0,Matches
533,Julio Pleguezuelo,es ESP,DF,Plymouth Argyle,26,1997,22.0,25,17,17,7,1,14,30,46.7,16,26,15,11,32,57,90,1,Matches
534,Matthew Pollock,eng ENG,DF,Watford,21,2001,10.7,23,11,15,8,0,13,20,65.0,7,21,14,7,15,38,71,0,Matches
535,Ryan Porteous,sct SCO,DF,Watford,24,1999,33.7,73,40,44,28,1,54,94,57.4,40,49,27,22,61,134,114,3,Matches
536,Brad Potts,eng ENG,DF,Preston,29,1994,29.5,80,54,44,27,9,45,87,51.7,42,61,10,51,45,125,48,0,Matches
537,Ian Poveda,eng ENG,"MF,FW",Leeds United,23,2000,1.7,4,2,2,2,0,0,1,0.0,1,2,0,2,1,5,0,0,Matches
538,Ian Poveda,eng ENG,"MF,FW",Sheffield Weds,23,2000,6.3,10,3,3,5,2,2,8,25.0,6,4,0,4,2,12,1,0,Matches
539,Dennis Praet,be BEL,MF,Leicester City,29,1994,6.9,3,1,1,1,1,2,3,66.7,1,3,0,3,5,8,12,0,Matches
540,Cameron Pring,eng ENG,DF,Bristol City,25,1998,37.8,85,58,53,25,7,51,92,55.4,41,65,25,40,53,138,99,0,Matches
541,Alex Pritchard,eng ENG,"MF,FW",Sunderland,30,1993,12.5,18,11,7,9,2,7,18,38.9,11,5,0,5,6,24,8,0,Matches
542,Alex Pritchard,eng ENG,"MF,FW",Birmingham City,30,1993,3.7,8,4,2,5,1,3,6,50.0,3,4,0,4,4,12,4,0,Matches
543,Przemysław Płacheta,pl POL,"FW,DF",Norwich City,25,1998,5.1,6,5,2,3,1,3,8,37.5,5,6,0,6,1,7,8,1,Matches
544,Przemysław Płacheta,pl POL,FW,Swansea City,25,1998,7.4,14,11,4,8,2,2,6,33.3,4,5,0,5,0,14,2,0,Matches
545,Bojan Radulovic,rs SRB,FW,Huddersfield,23,1999,4.2,3,2,0,2,1,1,1,100.0,0,3,0,3,1,4,6,0,Matches
546,Arjan Raikhy,eng ENG,MF,Leicester City,20,2002,0.0,0,0,0,0,0,0,0,,0,0,0,0,1,1,0,0,Matches
547,Mileta Rajovic,dk DEN,FW,Watford,24,1999,20.6,8,4,2,1,5,4,11,36.4,7,10,5,5,4,12,16,0,Matches
548,Joe Ralls,eng ENG,MF,Cardiff City,29,1993,25.7,56,37,20,32,4,22,43,51.2,21,26,6,20,21,77,29,1,Matches
549,Calvin Ramsay,sct SCO,DF,Preston,20,2003,1.5,3,3,1,2,0,3,7,42.9,4,1,0,1,1,4,3,0,Matches
550,Aaron Ramsey,wls WAL,"MF,FW",Cardiff City,32,1990,8.0,15,9,7,6,2,2,6,33.3,4,8,2,6,5,20,3,0,Matches
551,Adam Randell,eng ENG,MF,Plymouth Argyle,22,2000,30.7,48,34,18,23,7,22,44,50.0,22,39,18,21,34,82,44,1,Matches
552,Joe Rankin-Costello,eng ENG,"MF,DF",Blackburn,24,1999,18.5,30,19,16,13,1,14,36,38.9,22,22,8,14,22,52,22,0,Matches
553,Oliver Rathbone,eng ENG,MF,Rotherham Utd,26,1996,36.5,84,53,37,37,10,30,87,34.5,57,44,8,36,49,133,38,1,Matches
554,Adam Reach,eng ENG,"DF,MF",West Brom,30,1993,7.1,14,9,8,5,1,8,14,57.1,6,15,5,10,9,23,14,0,Matches
555,Seb Revan,eng ENG,DF,Rotherham Utd,20,2003,30.4,62,37,44,14,4,34,66,51.5,32,50,10,40,30,92,93,2,Matches
556,Taylor Richards,eng ENG,"MF,FW",QPR,22,2000,0.6,0,0,0,0,0,0,0,,0,0,0,0,0,0,0,0,Matches
557,Chris Rigg,eng ENG,"FW,MF",Sunderland,16,2007,8.9,18,10,7,10,1,10,18,55.6,8,9,2,7,2,20,5,0,Matches
558,Emil Riis Jakobsen,dk DEN,FW,Preston,25,1998,14.3,6,4,1,3,2,3,9,33.3,6,8,0,8,1,7,4,0,Matches
559,Andy Rinomhota,zw ZIM,MF,Rotherham Utd,26,1997,12.5,30,18,13,13,4,16,24,66.7,8,16,5,11,10,40,21,0,Matches
560,Andy Rinomhota,zw ZIM,"MF,FW",Cardiff City,26,1997,1.4,2,1,2,0,0,1,2,50.0,1,3,0,3,1,3,0,0,Matches
561,Connor Roberts,wls WAL,"DF,FW",Leeds United,27,1995,3.5,5,3,4,1,0,4,5,80.0,1,2,0,2,1,6,8,0,Matches
562,Haydon Roberts,eng ENG,DF,Bristol City,21,2002,13.9,16,9,4,11,1,11,21,52.4,10,16,2,14,12,28,30,1,Matches
563,Marc Roberts,eng ENG,DF,Birmingham City,33,1990,9.2,8,4,6,2,0,3,7,42.9,4,11,6,5,9,17,39,1,Matches
564,Patrick Roberts,eng ENG,"MF,FW",Sunderland,26,1997,20.5,22,12,10,3,9,8,26,30.8,18,11,0,11,6,28,9,0,Matches
565,Tyler Roberts,wls WAL,"FW,MF",Birmingham City,24,1999,8.1,13,7,3,8,2,5,11,45.5,6,7,0,7,4,17,8,0,Matches
566,Callum Robinson,ie IRL,"MF,FW",Cardiff City,28,1995,9.4,4,2,1,2,1,2,7,28.6,5,2,0,2,4,8,4,0,Matches
567,Joe Rodon,wls WAL,DF,Leeds United,25,1997,41.4,48,34,35,12,1,21,31,67.7,10,48,36,12,50,98,198,0,Matches
568,Morgan Rogers,eng ENG,"MF,FW",Middlesbrough,21,2002,14.5,28,20,7,15,6,11,18,61.1,7,11,2,9,3,31,13,1,Matches
569,Mahlon Romeo,ag ATG,DF,Cardiff City,27,1995,8.5,18,10,10,6,2,14,22,63.6,8,9,3,6,11,29,23,0,Matches
570,Ronald,br BRA,FW,Swansea City,22,2001,15.8,36,25,13,15,8,18,32,56.3,14,18,1,17,6,42,10,1,Matches
571,Michael Rose,sct SCO,DF,Stoke City,27,1995,34.9,40,25,23,16,1,20,36,55.6,16,42,26,16,44,84,134,3,Matches
572,Joe Rothwell,eng ENG,MF,Southampton,28,1995,5.0,6,4,1,5,0,0,6,0.0,6,6,2,4,6,12,5,2,Matches
573,Jonathan Rowe,eng ENG,"FW,MF",Norwich City,20,2003,22.7,45,23,14,22,9,14,31,45.2,17,23,3,20,14,59,17,1,Matches
574,John Ruddy,eng ENG,GK,Birmingham City,36,1986,44.0,0,0,0,0,0,0,2,0.0,2,0,0,0,1,1,16,3,Matches
575,Jack Rudoni,eng ENG,"MF,FW",Huddersfield,23,2000,34.0,63,41,27,27,9,28,57,49.1,29,48,7,41,29,92,31,0,Matches
576,Josh Ruffels,eng ENG,DF,Huddersfield,29,1993,8.6,17,11,9,8,0,4,15,26.7,11,10,1,9,14,31,22,0,Matches
577,Carl Rushworth,eng ENG,GK,Swansea City,22,2001,46.0,2,1,2,0,0,2,4,50.0,2,0,0,0,3,5,17,4,Matches
578,Nazariy Rusyn,ua UKR,FW,Sunderland,24,1998,8.8,9,3,2,3,4,2,6,33.3,4,11,1,10,1,10,1,0,Matches
579,Georginio Rutter,fr FRA,"FW,MF",Leeds United,21,2002,41.5,64,43,16,27,21,29,62,46.8,33,32,3,29,20,84,32,0,Matches
580,Charles Sagoe Jr,eng ENG,FW,Swansea City,19,2004,0.3,0,0,0,0,0,0,1,0.0,1,0,0,0,0,0,0,0,Matches
581,Borja Sainz,es ESP,FW,Norwich City,22,2001,22.8,63,34,29,28,6,27,67,40.3,40,24,1,23,22,85,10,0,Matches
582,Tatsuhiro Sakamoto,jp JPN,"MF,FW",Coventry City,26,1996,20.5,37,19,20,9,8,19,36,52.8,17,27,1,26,16,53,17,0,Matches
583,Dion Sanderson,eng ENG,DF,Birmingham City,23,1999,36.7,36,24,25,9,2,17,23,73.9,6,43,27,16,50,86,126,1,Matches
584,Gabriel Sara,br BRA,"MF,FW",Norwich City,24,1999,45.6,93,54,37,44,12,40,87,46.0,47,45,8,37,33,126,83,0,Matches
585,Josh Sargent,us USA,FW,Norwich City,23,2000,20.6,10,5,3,4,3,3,9,33.3,6,16,3,13,5,15,11,0,Matches
586,Matija Šarkić,me MNE,GK,Millwall,26,1997,32.0,0,0,0,0,0,0,1,0.0,1,0,0,0,1,1,23,2,Matches
587,Jeremy Sarmiento,ec ECU,"FW,MF",West Brom,21,2002,8.1,19,13,8,6,5,5,14,35.7,9,6,0,6,5,24,2,0,Matches
588,Jeremy Sarmiento,ec ECU,FW,Ipswich Town,21,2002,7.1,14,10,3,10,1,6,14,42.9,8,13,1,12,3,17,10,0,Matches
589,George Saville,nir NIR,MF,Millwall,30,1993,29.5,86,48,35,46,5,40,78,51.3,38,55,15,40,50,136,42,0,Matches
590,Romaine Sawyers,kn SKN,MF,Cardiff City,31,1991,0.3,1,1,1,0,0,0,0,,0,0,0,0,1,2,0,0,Matches
591,Allahyar Sayyadmanesh,ir IRN,FW,Hull City,22,2001,0.7,0,0,0,0,0,0,0,,0,3,0,3,1,1,0,0,Matches
592,Dane Scarlett,eng ENG,FW,Ipswich Town,19,2004,1.8,5,4,1,2,2,2,4,50.0,2,2,0,2,0,5,3,0,Matches
593,Dan Scarr,eng ENG,DF,Plymouth Argyle,28,1994,24.7,21,15,10,11,0,10,20,50.0,10,42,33,9,23,44,131,0,Matches
594,Joshua Seary,eng ENG,"DF,MF",Preston,18,2004,0.3,2,1,0,2,0,1,1,100.0,0,0,0,0,0,2,0,0,Matches
595,Jenson Seelt,nl NED,DF,Sunderland,20,2003,11.5,32,17,18,10,4,15,25,60.0,10,16,9,7,15,47,22,1,Matches
596,Tyrell Sellars-Fleming,eng ENG,FW,Hull City,18,2005,0.0,0,0,0,0,0,0,0,,0,0,0,0,0,0,0,0,Matches
597,Ken Sema,se SWE,"FW,MF",Watford,29,1993,22.3,33,22,15,14,4,22,32,68.8,10,31,2,29,12,45,13,1,Matches
598,Luis Semedo,pt POR,"FW,MF",Sunderland,19,2003,5.6,11,8,3,4,4,4,4,100.0,0,2,1,1,0,11,3,0,Matches
599,Jean Seri,ci CIV,MF,Hull City,32,1991,35.3,50,32,16,27,7,31,64,48.4,33,41,17,24,29,79,31,3,Matches
600,Femi Seriki,eng ENG,"DF,FW",Rotherham Utd,21,2002,2.8,7,4,1,4,2,4,7,57.1,3,3,0,3,7,14,3,0,Matches
601,Paik Seung-ho,kr KOR,MF,Birmingham City,26,1997,14.6,27,15,10,13,4,12,26,46.2,14,20,4,16,5,32,27,1,Matches
602,Jamie Shackleton,eng ENG,"DF,FW",Leeds United,23,1999,7.5,16,11,6,6,4,8,13,61.5,5,7,1,6,4,20,12,1,Matches
603,Billy Sharp,eng ENG,"FW,MF",Hull City,37,1986,3.7,4,2,3,0,1,2,4,50.0,2,5,0,5,0,4,4,0,Matches
604,Ben Sheaf,eng ENG,MF,Coventry City,25,1998,28.8,106,60,45,56,5,47,84,56.0,37,45,10,35,42,148,23,2,Matches
605,Sol Sidibé,eng ENG,MF,Stoke City,16,2007,0.3,1,1,0,1,0,0,0,,0,0,0,0,0,1,1,0,Matches
606,Francisco Sierralta,cl CHI,"DF,MF",Watford,26,1997,21.9,25,13,18,6,1,18,38,47.4,20,28,18,10,15,40,90,2,Matches
607,Arnór Sigurðsson,is ISL,"FW,MF",Blackburn,24,1999,16.2,16,7,5,8,3,6,19,31.6,13,8,3,5,5,21,14,0,Matches
608,Sam Silvera,au AUS,FW,Middlesbrough,22,2000,15.2,15,11,1,8,6,10,22,45.5,12,10,0,10,8,23,10,0,Matches
609,Tommy Simkin,eng ENG,GK,Stoke City,18,2004,1.0,0,0,0,0,0,0,0,,0,0,0,0,0,0,0,0,Matches
610,Ellis Simms,eng ENG,FW,Coventry City,22,2001,30.3,12,7,2,4,6,4,11,36.4,7,9,2,7,2,14,20,0,Matches
611,Xavier Simons,eng ENG,"MF,FW",Hull City,20,2003,0.2,0,0,0,0,0,0,0,,0,1,1,0,0,0,1,1,Matches
612,Jack Simpson,eng ENG,DF,Cardiff City,26,1996,0.2,0,0,0,0,0,0,0,,0,0,0,0,0,0,1,1,Matches
613,Doğukan Sınık,tr TUR,FW,Hull City,24,1999,0.3,1,0,1,0,0,0,0,,0,0,0,0,1,2,0,0,Matches
614,Luis Sinisterra,co COL,MF,Leeds United,24,1999,1.9,1,1,0,0,1,1,4,25.0,3,4,0,4,0,1,0,0,Matches
615,Emmanouil Siopis,gr GRE,MF,Cardiff City,29,1994,36.5,71,44,28,39,4,36,89,40.4,53,29,5,24,54,125,42,3,Matches
616,Regan Slater,eng ENG,"MF,DF",Hull City,23,1999,30.9,37,21,21,12,4,21,44,47.7,23,30,14,16,13,50,43,2,Matches
617,William Smallbone,ie IRL,MF,Southampton,23,2000,33.4,49,34,18,23,8,18,47,38.3,29,33,8,25,30,79,23,0,Matches
618,Andy Smith,sct SCO,MF,Hull City,21,2001,0.0,0,0,0,0,0,0,0,,0,0,0,0,1,1,0,0,Matches
619,Michael Smith,eng ENG,"FW,MF",Sheffield Weds,31,1991,13.7,9,4,3,5,1,4,13,30.8,9,12,1,11,1,10,19,0,Matches
620,Tommy Smith,eng ENG,DF,Middlesbrough,31,1992,4.3,10,5,7,3,0,8,14,57.1,6,6,0,6,10,20,11,0,Matches
621,Paul Smyth,nir NIR,"FW,MF",QPR,25,1997,24.3,36,22,22,10,4,15,41,36.6,26,35,2,33,17,53,25,0,Matches
622,Matthew Sorinola,eng ENG,"DF,MF",Plymouth Argyle,22,2001,5.8,16,6,6,8,2,7,12,58.3,5,11,2,9,2,18,15,0,Matches
623,Lino Sousa,eng ENG,"DF,MF",Plymouth Argyle,18,2005,3.0,4,4,2,1,1,4,5,80.0,1,5,0,5,1,5,10,0,Matches
624,Harry Souttar,au AUS,DF,Leicester City,24,1998,1.1,1,1,1,0,0,0,0,,0,0,0,0,0,1,2,0,Matches
625,Djed Spence,eng ENG,DF,Leeds United,22,2000,4.3,17,11,10,5,2,5,8,62.5,3,10,4,6,8,25,11,0,Matches
626,Tony Springett,ie IRL,"FW,MF",Norwich City,20,2002,2.4,5,3,2,3,0,4,5,80.0,1,6,2,4,1,6,2,0,Matches
627,Jack Stacey,eng ENG,DF,Norwich City,27,1996,42.8,99,75,53,36,10,46,80,57.5,34,47,21,26,54,153,115,2,Matches
628,Jay Stansfield,eng ENG,"FW,MF",Birmingham City,20,2002,37.1,41,29,7,17,17,17,51,33.3,34,40,2,38,6,47,12,0,Matches
629,Jack Stephens,eng ENG,DF,Southampton,29,1994,16.6,24,14,11,10,3,15,22,68.2,7,31,15,16,19,43,30,2,Matches
630,Enda Stevens,ie IRL,DF,Stoke City,33,1990,17.1,34,20,22,11,1,23,37,62.2,14,22,8,14,21,55,46,0,Matches
631,Layton Stewart,eng ENG,"FW,MF",Preston,20,2002,2.5,5,4,1,3,1,0,1,0.0,1,0,0,0,0,5,0,0,Matches
632,Ross Stewart,sct SCO,FW,Southampton,27,1996,0.3,1,0,0,0,1,0,1,0.0,1,1,1,0,0,1,1,0,Matches
633,Jakub Stolarczyk,pl POL,GK,Leicester City,22,2000,2.0,0,0,0,0,0,0,0,,0,0,0,0,0,0,0,1,Matches
634,Jordan Storey,eng ENG,DF,Preston,25,1997,40.0,49,31,25,19,5,25,43,58.1,18,47,16,31,81,130,129,1,Matches
635,Pascal Struijk,nl NED,DF,Leeds United,23,1999,22.1,31,22,15,14,2,15,21,71.4,6,24,12,12,19,50,73,1,Matches
636,Callum Styles,hu HUN,"DF,MF",Sunderland,23,2000,9.0,22,14,9,11,2,13,22,59.1,9,10,4,6,8,30,15,0,Matches
637,Kamaldeen Sulemana,gh GHA,"FW,MF",Southampton,21,2002,10.6,12,10,10,2,0,6,12,50.0,6,6,0,6,6,18,1,1,Matches
638,Crysencio Summerville,nl NED,FW,Leeds United,21,2001,38.9,61,39,17,25,19,28,52,53.8,24,34,1,33,22,83,23,0,Matches
639,Ivan Šunjić,ba BIH,MF,Birmingham City,26,1996,29.2,64,37,33,27,4,30,70,42.9,40,46,11,35,53,117,45,0,Matches
640,John Swift,eng ENG,"MF,FW",West Brom,28,1995,20.7,23,14,10,12,1,7,28,25.0,21,15,2,13,10,33,11,1,Matches
641,Mark Sykes,ie IRL,"FW,MF",Bristol City,25,1997,28.7,40,23,11,15,14,16,31,51.6,15,20,6,14,20,60,43,0,Matches
642,Sammie Szmodics,ie IRL,"MF,FW",Blackburn,27,1995,43.3,29,19,10,14,5,8,42,19.0,34,36,3,33,17,46,16,1,Matches
643,Jakob Sørensen,dk DEN,"DF,MF",Norwich City,25,1998,5.5,5,4,3,1,1,3,5,60.0,2,0,0,0,4,9,17,0,Matches
644,Japhet Tanganga,eng ENG,DF,Millwall,24,1999,17.2,22,14,16,6,0,9,12,75.0,3,32,20,12,25,47,69,0,Matches
645,George Tanner,eng ENG,DF,Bristol City,23,1999,33.7,80,49,54,22,4,47,76,61.8,29,36,13,23,32,112,105,2,Matches
646,Ollie Tanner,eng ENG,"FW,DF",Cardiff City,21,2002,13.7,34,21,13,15,6,13,37,35.1,24,14,0,14,16,50,15,1,Matches
647,Fabio Tavares,eng ENG,"FW,DF",Coventry City,22,2001,2.0,3,2,1,2,0,1,5,20.0,4,5,0,5,0,3,0,0,Matches
648,Caleb Taylor,eng ENG,DF,West Brom,20,2003,0.3,1,0,1,0,0,1,2,50.0,1,0,0,0,0,1,0,0,Matches
649,Jack Taylor,ie IRL,MF,Ipswich Town,25,1998,9.8,25,14,7,13,5,12,27,44.4,15,13,2,11,19,44,9,1,Matches
650,Junior Tchamadeu,cm CMR,"DF,FW",Stoke City,19,2003,9.7,18,12,12,5,1,7,10,70.0,3,11,1,10,13,31,6,0,Matches
651,Semir Telalovic,de GER,FW,Blackburn,23,1999,3.4,4,4,1,1,2,2,4,50.0,2,2,0,2,1,5,4,0,Matches
652,Nathan Tella,ng NGA,FW,Southampton,24,1999,3.0,7,4,1,4,2,5,11,45.5,6,5,0,5,3,10,2,0,Matches
653,Bobby Thomas,eng ENG,DF,Coventry City,22,2001,41.8,63,41,44,17,2,40,63,63.5,23,80,54,26,54,117,190,3,Matches
654,Luke Thomas,eng ENG,DF,Middlesbrough,22,2001,7.3,24,16,15,6,3,16,26,61.5,10,16,2,14,7,31,15,1,Matches
655,Sorba Thomas,wls WAL,"FW,MF",Huddersfield,23,1999,38.1,19,13,7,10,2,8,23,34.8,15,24,2,22,11,30,27,0,Matches
656,Brandon Thomas-Asante,gh GHA,FW,West Brom,24,1998,30.4,16,5,5,6,5,4,15,26.7,11,17,2,15,16,32,6,0,Matches
657,Jordan Thompson,nir NIR,"DF,MF",Stoke City,26,1997,24.6,59,37,27,27,5,30,47,63.8,17,20,8,12,21,80,43,0,Matches
658,Christ Tiéhi,ci CIV,MF,Rotherham Utd,25,1998,34.0,75,43,34,35,6,29,61,47.5,32,56,19,37,39,114,46,0,Matches
659,Victor Torp,dk DEN,MF,Coventry City,24,1999,7.8,19,9,8,8,3,7,12,58.3,5,13,1,12,7,26,14,0,Matches
660,Conor Townsend,eng ENG,DF,West Brom,30,1993,34.7,56,41,31,19,6,28,48,58.3,20,30,7,23,29,85,98,2,Matches
661,Adama Traoré,ml MLI,"FW,MF",Hull City,28,1995,11.9,13,8,3,6,4,6,22,27.3,16,21,2,19,12,25,17,0,Matches
662,Mark Travers,ie IRL,GK,Stoke City,24,1999,13.0,0,0,0,0,0,0,0,,0,0,0,0,0,0,3,0,Matches
663,Lewis Travis,eng ENG,MF,Ipswich Town,25,1997,3.7,18,13,6,9,3,6,12,50.0,6,4,1,3,3,21,4,0,Matches
664,Lewis Travis,eng ENG,"MF,DF",Blackburn,25,1997,13.2,40,25,13,21,6,18,38,47.4,20,20,9,11,23,63,13,0,Matches
665,Nectarios Triantis,gr GRE,DF,Sunderland,20,2003,1.0,1,0,1,0,0,0,0,,0,0,0,0,1,2,7,0,Matches
666,Sondre Tronstad,no NOR,MF,Blackburn,27,1995,32.6,102,59,36,56,10,52,96,54.2,44,49,16,33,36,138,45,1,Matches
667,Axel Tuanzebe,cd COD,DF,Ipswich Town,25,1997,15.3,26,20,13,8,5,17,20,85.0,3,15,5,10,24,50,43,0,Matches
668,Ozan Tufan,tr TUR,"MF,FW",Hull City,28,1995,23.6,26,20,7,11,8,8,20,40.0,12,28,2,26,7,33,16,0,Matches
669,David Turnbull,sct SCO,"MF,FW",Cardiff City,24,1999,9.6,11,6,3,7,1,6,11,54.5,5,9,1,8,3,14,7,0,Matches
670,Oliver Turton,eng ENG,DF,Huddersfield,30,1992,1.9,1,1,0,1,0,1,1,100.0,0,4,2,2,1,2,5,0,Matches
671,Scott Twine,eng ENG,"MF,FW",Bristol City,24,1999,8.2,12,7,2,5,5,3,9,33.3,6,11,1,10,5,17,2,0,Matches
672,Scott Twine,eng ENG,"FW,MF",Hull City,24,1999,20.0,20,15,6,12,2,11,28,39.3,17,15,0,15,13,33,6,0,Matches
673,Josh Tymon,eng ENG,DF,Stoke City,24,1999,0.7,0,0,0,0,0,0,0,,0,0,0,0,1,1,3,0,Matches
674,Josh Tymon,eng ENG,DF,Swansea City,24,1999,37.0,61,34,29,26,6,36,56,64.3,20,42,9,33,46,107,77,1,Matches
675,Ike Ugbo,ca CAN,FW,Cardiff City,24,1998,10.4,7,1,1,5,1,3,3,100.0,0,11,1,10,0,7,11,0,Matches
676,Ike Ugbo,ca CAN,"FW,MF",Sheffield Weds,24,1998,14.4,16,12,7,5,4,8,12,66.7,4,9,0,9,4,20,10,0,Matches
677,Hwang Ui-jo,kr KOR,"FW,MF",Norwich City,30,1992,8.6,2,1,1,1,0,1,2,50.0,1,1,0,1,1,3,3,0,Matches
678,Pol Valentín,es ESP,"DF,MF",Sheffield Weds,26,1997,24.5,54,27,35,17,2,32,51,62.7,19,31,11,20,19,73,47,0,Matches
679,Jamie Vardy,eng ENG,FW,Leicester City,36,1987,19.6,7,3,0,3,4,2,8,25.0,6,10,1,9,2,9,13,1,Matches
680,Devis Vásquez,co COL,GK,Sheffield Weds,25,1998,9.0,0,0,0,0,0,0,1,0.0,1,0,0,0,0,0,5,0,Matches
681,Harry Vaughan,ie IRL,"MF,FW",Hull City,19,2004,1.6,4,3,3,1,0,2,4,50.0,2,0,0,0,0,4,1,0,Matches
682,Will Vaulks,wls WAL,MF,Sheffield Weds,29,1993,26.2,82,48,43,35,4,44,100,44.0,56,43,8,35,51,133,49,1,Matches
683,Jannik Vestergaard,dk DEN,DF,Leicester City,30,1992,41.3,53,32,32,19,2,27,43,62.8,16,53,36,17,42,95,143,1,Matches
684,André Vidigal,ao ANG,"FW,MF",Stoke City,24,1998,18.7,17,9,10,2,5,5,14,35.7,9,17,1,16,9,26,6,0,Matches
685,Rúben Vinagre,pt POR,DF,Hull City,24,1999,5.5,12,9,6,5,1,5,7,71.4,2,4,1,3,2,14,16,0,Matches
686,Andreas Voglsammer,de GER,"DF,FW",Millwall,31,1992,0.5,1,1,1,0,0,0,0,,0,0,0,0,0,1,2,0,Matches
687,Zak Vyner,ke KEN,DF,Bristol City,26,1997,35.0,56,34,34,22,0,28,42,66.7,14,51,38,13,51,107,112,3,Matches
688,Leopold Wahlstedt,se SWE,GK,Blackburn,24,1999,20.3,1,1,1,0,0,1,1,100.0,0,0,0,0,0,1,13,2,Matches
689,Ben Waine,nz NZL,FW,Plymouth Argyle,22,2001,10.2,3,2,0,2,1,0,5,0.0,5,3,0,3,4,7,8,0,Matches
690,Kyle Walker-Peters,eng ENG,DF,Southampton,26,1997,42.9,74,52,29,30,15,33,51,64.7,18,37,8,29,49,123,64,1,Matches
691,Jed Wallace,eng ENG,"FW,MF",West Brom,29,1994,31.3,33,24,7,15,11,12,46,26.1,34,28,1,27,5,38,18,0,Matches
692,Murray Wallace,sct SCO,DF,Millwall,30,1993,23.0,47,32,33,12,2,28,48,58.3,20,32,12,20,32,79,72,0,Matches
693,Joe Walsh,eng ENG,GK,QPR,21,2002,1.0,0,0,0,0,0,0,0,,0,0,0,0,0,0,0,0,Matches
694,Liam Walsh,eng ENG,"MF,FW",Swansea City,25,1997,6.3,12,6,6,4,2,2,6,33.3,4,10,1,9,5,17,2,0,Matches
695,Christian Walton,eng ENG,GK,Ipswich Town,27,1995,0.0,0,0,0,0,0,0,0,,0,0,0,0,0,0,0,0,Matches
696,Danny Ward,eng ENG,FW,Huddersfield,31,1991,12.7,4,3,1,1,2,2,7,28.6,5,5,0,5,0,4,10,0,Matches
697,James Ward-Prowse,eng ENG,MF,Southampton,28,1994,1.0,1,0,0,1,0,0,0,,0,1,1,0,1,2,2,0,Matches
698,Jaden Warner,eng ENG,DF,Norwich City,20,2002,1.7,1,0,1,0,0,0,2,0.0,2,2,1,1,2,3,7,0,Matches
699,Lewis Warrington,eng ENG,MF,Plymouth Argyle,20,2002,0.6,0,0,0,0,0,0,0,,0,0,0,0,0,0,1,0,Matches
700,Duncan Watmore,eng ENG,"MF,FW",Millwall,29,1994,18.8,29,18,10,14,5,15,37,40.5,22,17,1,16,4,33,8,0,Matches
701,Tom Watson,eng ENG,FW,Sunderland,17,2006,0.0,1,0,0,1,0,1,1,100.0,0,0,0,0,0,1,0,0,Matches
702,Andreas Weimann,at AUT,"FW,MF",West Brom,31,1991,4.6,2,2,2,0,0,1,1,100.0,0,3,0,3,0,2,3,0,Matches
703,Andreas Weimann,at AUT,"FW,MF",Bristol City,31,1991,9.1,9,7,3,4,2,6,10,60.0,4,10,1,9,3,12,6,0,Matches
704,Finley Welch,eng ENG,FW,Norwich City,18,2004,0.0,0,0,0,0,0,0,0,,0,0,0,0,0,0,0,0,Matches
705,Nahki Wells,bm BER,FW,Bristol City,33,1990,16.9,16,12,5,9,2,4,19,21.1,15,12,0,12,4,20,2,0,Matches
706,Adam Wharton,eng ENG,MF,Blackburn,19,2004,21.7,60,36,27,21,12,26,66,39.4,40,30,6,24,32,92,17,1,Matches
707,Scott Wharton,eng ENG,DF,Blackburn,25,1997,23.1,28,16,20,7,1,21,34,61.8,13,29,19,10,33,61,98,1,Matches
708,Jack Whatmough,eng ENG,"DF,MF",Preston,26,1996,14.0,19,10,10,9,0,8,19,42.1,11,26,11,15,15,34,70,0,Matches
709,Ben Whiteman,eng ENG,MF,Preston,27,1996,25.9,38,19,20,14,4,26,46,56.5,20,24,13,11,42,80,50,0,Matches
710,Morgan Whittaker,eng ENG,"FW,MF",Plymouth Argyle,22,2001,44.1,46,28,15,22,9,19,73,26.0,54,41,1,40,16,62,23,0,Matches
711,Ben Wiles,eng ENG,"FW,MF",Rotherham Utd,24,1999,2.0,2,1,2,0,0,0,0,,0,2,0,2,0,2,2,0,Matches
712,Ben Wiles,eng ENG,MF,Huddersfield,24,1999,20.4,22,16,9,13,0,10,22,45.5,12,14,2,12,19,41,19,0,Matches
713,Mallik Wilks,eng ENG,"FW,MF",Sheffield Weds,24,1998,3.1,5,3,2,2,1,2,6,33.3,4,4,0,4,2,7,1,0,Matches
714,Brandon Williams,eng ENG,DF,Ipswich Town,22,2000,8.9,28,21,18,9,1,14,25,56.0,11,7,3,4,14,42,16,2,Matches
715,Joe Williams,eng ENG,MF,Bristol City,26,1996,28.4,67,35,25,39,3,37,75,49.3,38,47,15,32,28,95,48,0,Matches
716,Chris Willock,eng ENG,"FW,MF",QPR,25,1998,25.5,49,29,20,24,5,28,54,51.9,26,35,1,34,15,64,5,0,Matches
717,Ben Wilmot,eng ENG,DF,Stoke City,23,1999,22.7,18,11,15,1,2,7,19,36.8,12,26,15,11,31,49,74,0,Matches
718,Ben Wilson,eng ENG,GK,Coventry City,30,1992,18.0,0,0,0,0,0,0,1,0.0,1,0,0,0,0,0,4,1,Matches
719,James Wilson,,DF,Middlesbrough,,,0.0,0,0,0,0,0,0,0,,0,0,0,0,0,0,0,0,Matches
720,Josh Wilson-Esbrand,eng ENG,"DF,MF",Cardiff City,20,2002,7.4,10,6,7,1,2,5,11,45.5,6,2,1,1,6,16,10,0,Matches
721,Josh Windass,eng ENG,"MF,FW",Sheffield Weds,29,1994,19.4,19,10,6,6,7,10,26,38.5,16,19,0,19,8,27,9,0,Matches
722,Harry Winks,eng ENG,MF,Leicester City,27,1996,44.9,73,46,30,34,9,46,90,51.1,44,34,13,21,37,110,22,4,Matches
723,Ryan Wintle,eng ENG,MF,Cardiff City,26,1997,29.3,39,22,16,22,1,20,30,66.7,10,34,19,15,24,63,38,1,Matches
724,Nathan Wood-Gordon,eng ENG,DF,Swansea City,21,2002,23.4,24,12,13,11,0,16,21,76.2,5,27,21,6,20,44,70,0,Matches
725,Ben Woodburn,wls WAL,"MF,FW",Preston,23,1999,2.8,14,10,5,6,3,5,11,45.5,6,7,0,7,7,21,3,0,Matches
726,Freddie Woodman,eng ENG,GK,Preston,26,1997,44.0,0,0,0,0,0,0,2,0.0,2,0,0,0,1,1,18,4,Matches
727,Luke Woolfenden,eng ENG,DF,Ipswich Town,24,1998,40.1,37,26,30,6,1,18,26,69.2,8,50,30,20,46,83,152,2,Matches
728,Callum Wright,eng ENG,"MF,FW",Plymouth Argyle,23,2000,8.9,13,8,5,2,6,7,14,50.0,7,8,0,8,7,20,4,0,Matches
729,Haji Wright,us USA,"FW,MF",Coventry City,25,1998,33.0,36,23,14,12,10,13,24,54.2,11,27,3,24,4,40,18,0,Matches
730,Tyreik Wright,ie IRL,FW,Plymouth Argyle,21,2001,1.0,3,2,1,2,0,1,2,50.0,1,0,0,0,2,5,2,0,Matches
731,Charlie Wyke,eng ENG,FW,Rotherham Utd,30,1992,5.1,4,4,0,3,1,1,5,20.0,4,3,0,3,0,4,6,0,Matches
732,Jerry Yates,eng ENG,FW,Swansea City,26,1996,25.4,13,10,3,6,4,4,13,30.8,9,22,3,19,3,16,9,0,Matches
733,Ephraim Yeboah,gh GHA,"FW,MF",Bristol City,17,2006,2.3,5,3,3,0,2,2,6,33.3,4,3,0,3,1,6,1,0,Matches
734,Okay Yokuşlu,tr TUR,MF,West Brom,29,1994,35.8,66,43,25,35,6,36,57,63.2,21,31,15,16,48,114,74,2,Matches
735,Anass Zaroury,ma MAR,"FW,MF",Hull City,22,2000,7.7,12,7,5,2,5,6,11,54.5,5,18,1,17,5,17,5,0,Matches
