Unnamed: 0_level_0_Rk,Unnamed: 1_level_0_Player,Unnamed: 2_level_0_Nation,Unnamed: 3_level_0_Pos,Unnamed: 4_level_0_Squad,Unnamed: 5_level_0_Age,Unnamed: 6_level_0_Born,Unnamed: 7_level_0_90s,Performance_CrdY,Performance_CrdR,Performance_2CrdY,Performance_Fls,Performance_Fld,Performance_Off,Performance_Crs,Performance_Int,Performance_TklW,Performance_PKwon,Performance_PKcon,Performance_OG,Performance_Recov,Aerial Duels_Won,Aerial Duels_Lost,Aerial Duels_Won%,Unnamed: 24_level_0_Matches
1,Azeem Abdulai,sct SCO,"DF,FW",Swansea City,20,2002,1.5,1,0,0,0,6,0,7,4,4,0,0,0,7,4,2,66.7,Matches
2,Ken Aboh,eng ENG,MF,Norwich City,18,2004,0.1,0,0,0,0,0,0,0,0,1,0,0,0,0,0,0,,Matches
3,Che Adams,sct SCO,FW,Southampton,27,1996,25.4,5,0,0,35,44,18,7,5,15,0,0,0,60,20,29,40.8,Matches
4,Ebou Adams,gm GAM,"MF,DF",Cardiff City,27,1996,3.4,4,0,0,10,5,0,1,5,12,0,0,0,23,15,1,93.8,Matches
5,Albert Adomah,gh GHA,"DF,FW",QPR,35,1987,4.1,2,0,0,7,2,1,15,3,9,0,0,1,23,3,9,25.0,Matches
6,Emanuel Aiwum,at AUT,DF,Birmingham City,22,2000,21.6,4,0,0,14,21,0,3,20,27,0,0,0,83,33,34,49.3,Matches
7,Semi Ajayi,ng NGA,DF,West Brom,29,1993,13.4,1,0,0,9,6,1,9,10,12,0,0,0,60,35,28,55.6,Matches
8,Yunus Akgün,tr TUR,"MF,FW",Leicester City,23,2000,9.9,1,0,0,12,9,1,17,6,10,0,0,0,49,4,12,25.0,Matches
9,Marc Albrighton,eng ENG,FW,Leicester City,33,1989,1.4,0,0,0,0,2,0,27,2,4,0,0,0,10,1,0,100.0,Matches
10,Carlos Alcaraz,ar ARG,"MF,FW",Southampton,20,2002,12.2,4,0,0,8,15,3,5,6,18,0,0,0,60,18,13,58.1,Matches
11,Ajibola Alese,eng ENG,DF,Sunderland,22,2001,5.1,2,0,0,3,8,0,4,6,9,0,0,0,18,9,7,56.3,Matches
12,Rúnar Alex Rúnarsson,is ISL,GK,Cardiff City,28,1995,6.0,0,0,0,0,0,0,0,0,0,0,0,0,8,0,1,0.0,Matches
13,Jamie Allen,eng ENG,MF,Coventry City,28,1995,12.9,1,0,0,10,6,2,9,14,7,0,0,0,58,8,13,38.1,Matches
14,Joe Allen,wls WAL,MF,Swansea City,33,1990,7.1,5,0,0,10,10,0,3,15,8,0,0,0,37,7,10,41.2,Matches
15,Ryan Allsop,eng ENG,GK,Hull City,31,1992,36.9,3,0,0,0,1,0,0,0,0,0,0,0,56,6,0,100.0,Matches
16,Jak Alnwick,eng ENG,GK,Cardiff City,30,1993,24.0,1,0,0,0,4,0,0,0,0,0,0,0,28,5,0,100.0,Matches
17,Sone Aluko,ng NGA,FW,Ipswich Town,34,1989,0.0,0,0,0,0,0,0,1,0,0,0,0,0,1,0,0,,Matches
18,Samuel Amo-Ameyaw,eng ENG,"FW,MF",Southampton,17,2006,0.8,0,0,0,1,0,0,6,0,2,0,0,0,2,0,3,0.0,Matches
19,Ethan Ampadu,wls WAL,"MF,DF",Leeds United,22,2000,46.0,9,0,0,45,39,1,6,64,42,0,0,0,319,63,37,63.0,Matches
20,Lucas Andersen,dk DEN,MF,QPR,28,1994,10.1,2,0,0,12,8,1,74,11,9,0,0,0,38,2,8,20.0,Matches
21,Keshi Anderson,eng ENG,"FW,MF",Birmingham City,28,1995,11.3,2,0,0,13,27,4,46,7,7,1,0,0,68,6,31,16.2,Matches
22,Kai Andrews,wls WAL,MF,Coventry City,16,2006,0.0,0,0,0,0,0,0,0,0,0,0,0,0,0,0,0,,Matches
23,Ryan Andrews,eng ENG,"DF,MF",Watford,18,2004,28.6,7,1,0,33,46,4,71,44,38,0,0,1,157,17,50,25.4,Matches
24,Jaidon Anthony,eng ENG,"FW,MF",Leeds United,23,1999,5.6,0,0,0,12,11,1,43,2,5,0,0,0,31,3,4,42.9,Matches
25,Adil Aouchiche,fr FRA,"MF,FW",Sunderland,21,2002,12.2,2,0,0,12,11,4,100,10,16,0,0,0,70,6,19,24.0,Matches
26,Arvin Appiah,eng ENG,"FW,MF",Rotherham Utd,22,2001,9.3,2,0,0,3,15,3,21,5,6,0,0,0,47,4,12,25.0,Matches
27,Joe Aribo,ng NGA,MF,Southampton,27,1996,17.8,5,0,0,14,33,1,7,9,31,0,0,0,110,14,20,41.2,Matches
28,Adam Armstrong,eng ENG,"FW,MF",Southampton,26,1997,41.6,5,0,0,39,28,23,62,9,16,0,0,0,92,26,18,59.1,Matches
29,Sinclair Armstrong,ie IRL,FW,QPR,20,2003,19.8,5,0,0,45,26,31,10,3,4,0,0,0,44,29,35,45.3,Matches
30,Stuart Armstrong,sct SCO,MF,Southampton,31,1992,31.4,6,0,0,22,35,1,146,11,21,0,0,0,149,4,14,22.2,Matches
31,Harrison Ashby,sct SCO,"DF,MF",Swansea City,21,2001,8.9,1,0,0,15,7,2,22,18,20,0,1,0,43,6,16,27.3,Matches
32,Cian Ashford,wls WAL,FW,Cardiff City,18,2004,3.5,0,0,0,5,4,0,6,1,3,0,0,0,15,2,5,28.6,Matches
33,Yaser Asprilla,co COL,"FW,MF",Watford,19,2003,30.4,7,0,0,33,34,8,105,20,30,0,0,0,158,6,9,40.0,Matches
34,Joshua Austerfield,eng ENG,MF,Huddersfield,21,2001,0.8,0,0,0,0,1,0,0,1,0,0,0,0,4,1,1,50.0,Matches
35,Daniel Ayala,es ESP,DF,Rotherham Utd,32,1990,3.9,4,2,2,6,0,0,0,15,5,0,0,0,21,10,2,83.3,Matches
36,Yasin Ayari,se SWE,MF,Blackburn,19,2003,3.7,3,0,0,9,5,0,2,4,9,0,0,0,26,1,6,14.3,Matches
37,Yasin Ayari,se SWE,MF,Coventry City,19,2003,6.1,2,0,0,11,13,0,13,5,8,0,0,0,30,7,2,77.8,Matches
38,Loick Ayina,cg CGO,"DF,MF",Huddersfield,20,2003,0.9,1,0,0,1,0,0,0,1,0,0,0,0,1,1,2,33.3,Matches
39,Luke Ayling,eng ENG,DF,Leeds United,31,1991,8.3,2,0,0,8,6,4,16,10,21,0,0,0,50,17,10,63.0,Matches
40,Luke Ayling,eng ENG,DF,Middlesbrough,31,1991,18.2,7,0,0,16,18,2,57,16,21,0,0,0,83,31,30,50.8,Matches
41,Finn Azaz,ie IRL,"MF,FW",Plymouth Argyle,22,2000,19.6,2,0,0,12,25,1,22,18,14,0,0,0,119,11,18,37.9,Matches
42,Finn Azaz,ie IRL,"MF,FW",Middlesbrough,22,2000,15.1,2,0,0,9,14,1,43,8,11,0,0,0,69,6,8,42.9,Matches
43,Abdoullah Ba,fr FRA,"MF,FW",Sunderland,20,2003,21.4,8,0,0,18,33,16,30,11,13,0,0,0,73,18,25,41.9,Matches
44,Daniel Bachmann,at AUT,GK,Watford,29,1994,27.0,5,1,1,2,8,0,0,1,2,0,2,0,54,10,1,90.9,Matches
45,Juninho Bacuna,cw CUW,"FW,MF",Birmingham City,25,1997,33.0,8,0,0,66,41,3,145,28,42,0,0,0,189,47,64,42.3,Matches
46,Lewis Baker,eng ENG,MF,Stoke City,28,1995,11.9,3,0,0,17,14,2,80,5,11,0,0,0,65,5,3,62.5,Matches
47,Tyreeq Bakinson,eng ENG,MF,Sheffield Weds,24,1998,3.2,0,0,0,4,0,0,1,6,2,0,0,0,14,2,1,66.7,Matches
48,Radinio Balker,sr SUR,DF,Huddersfield,24,1998,4.5,1,0,0,3,4,0,0,8,8,0,0,0,16,12,12,50.0,Matches
49,Dominic Ball,eng ENG,"MF,DF",Ipswich Town,27,1995,1.6,2,0,0,2,4,0,0,2,2,0,0,0,12,5,1,83.3,Matches
50,Daniel Ballard,nir NIR,DF,Sunderland,23,1999,42.6,14,0,0,41,52,2,0,35,34,0,0,1,246,118,63,65.2,Matches
51,Patrick Bamford,eng ENG,"FW,MF",Leeds United,29,1993,16.6,2,0,0,17,16,11,1,2,10,1,0,0,44,24,38,38.7,Matches
52,Alex Bangura,sl SLE,DF,Middlesbrough,24,1999,6.5,1,0,0,8,18,0,16,5,6,0,0,0,26,0,2,0.0,Matches
53,Barry Bannan,sct SCO,MF,Sheffield Weds,33,1989,38.0,11,1,0,25,20,3,137,42,41,0,1,0,249,16,16,50.0,Matches
54,Daniel Barlaser,tr TUR,MF,Middlesbrough,26,1997,25.9,2,0,0,13,20,0,137,21,21,0,0,0,144,18,13,58.1,Matches
55,Ashley Barnes,eng ENG,"MF,FW",Norwich City,33,1989,27.8,5,0,0,40,39,20,2,4,10,0,0,0,64,45,68,39.8,Matches
56,Kyle Bartley,eng ENG,DF,West Brom,32,1991,29.0,9,0,0,18,14,4,1,24,11,0,1,0,100,119,44,73.0,Matches
57,Danny Batth,eng ENG,DF,Norwich City,32,1990,6.5,0,0,0,1,2,0,0,4,4,0,0,0,18,34,9,79.1,Matches
58,Patrick Bauer,de GER,DF,Preston,30,1992,0.7,0,0,0,0,0,0,0,0,0,0,0,0,2,0,1,0.0,Matches
59,Vakoun Bayo,ci CIV,FW,Watford,26,1997,24.7,2,1,0,29,16,13,9,8,15,0,0,0,55,45,82,35.4,Matches
60,Gavin Bazunu,ie IRL,GK,Southampton,21,2002,41.0,1,0,0,0,7,0,0,1,2,0,0,0,48,10,4,71.4,Matches
61,James Beadle,eng ENG,GK,Sheffield Weds,19,2004,19.0,1,0,0,0,0,0,0,0,0,0,0,0,18,2,0,100.0,Matches
62,Jan Bednarek,pl POL,DF,Southampton,27,1996,39.4,12,0,0,32,22,0,0,61,18,0,1,0,240,70,41,63.1,Matches
63,Asmir Begović,ba BIH,GK,QPR,36,1987,45.0,4,1,0,1,6,0,0,1,2,0,0,0,12,9,0,100.0,Matches
64,Sam Bell,eng ENG,"FW,DF",Bristol City,21,2002,20.1,0,0,0,16,14,5,51,17,11,0,0,0,72,15,66,18.5,Matches
65,Jobe Bellingham,eng ENG,"MF,FW",Sunderland,17,2005,40.3,6,0,0,40,76,11,10,32,38,1,0,0,137,43,83,34.1,Matches
66,Jewison Bennette,cr CRC,FW,Sunderland,19,2004,0.1,0,0,0,0,0,1,1,0,0,0,0,0,1,0,0,,Matches
67,Di'Shon Bernard,jm JAM,DF,Sheffield Weds,22,2000,30.3,9,1,1,32,19,3,2,34,34,0,0,0,142,78,45,63.4,Matches
68,Kian Best,eng ENG,DF,Preston,17,2005,7.7,2,0,0,19,6,0,47,5,9,0,1,0,38,3,4,42.9,Matches
69,Bartosz Białkowski,pl POL,GK,Millwall,36,1987,14.0,1,0,0,0,1,0,0,0,0,0,0,0,11,2,0,100.0,Matches
70,Jake Bidwell,eng ENG,DF,Coventry City,30,1993,22.8,6,0,0,23,10,5,112,31,21,0,0,0,73,26,21,55.3,Matches
71,Krystian Bielik,pl POL,"MF,DF",Birmingham City,25,1998,33.1,12,1,0,62,28,1,1,59,29,0,0,1,253,93,57,62.0,Matches
72,Luis Binks,eng ENG,DF,Coventry City,21,2001,14.8,4,0,0,20,9,0,7,19,15,0,0,0,78,51,35,59.3,Matches
73,Nathan Bishop,eng ENG,GK,Sunderland,23,1999,1.0,0,0,0,0,0,0,0,0,0,0,0,0,1,0,0,,Matches
74,Tyler Blackett,eng ENG,DF,Rotherham Utd,29,1994,10.0,1,0,0,12,4,1,4,11,11,0,0,0,58,27,23,54.0,Matches
75,Thomas Bloxham,ie IRL,FW,Blackburn,18,2005,0.1,0,0,0,0,0,0,2,0,0,0,0,0,1,0,0,,Matches
76,Tolaji Bola,eng ENG,"MF,DF",Rotherham Utd,24,1999,0.3,0,0,0,1,1,0,1,1,1,0,0,0,1,0,3,0.0,Matches
77,Yannick Bolasie,cd COD,"FW,MF",Swansea City,34,1989,3.4,1,0,0,4,4,2,17,4,4,0,0,0,21,3,7,30.0,Matches
78,Jack Bonham,ie IRL,GK,Stoke City,29,1993,14.0,0,0,0,0,1,0,0,0,0,0,0,0,12,1,0,100.0,Matches
79,Josh Bowler,eng ENG,"FW,MF",Cardiff City,24,1999,26.4,5,0,0,15,56,1,36,16,24,0,0,0,120,12,15,44.4,Matches
80,Tom Bradshaw,wls WAL,FW,Millwall,31,1992,22.3,1,0,0,20,19,9,16,1,6,0,0,0,43,52,152,25.5,Matches
81,Robbie Brady,ie IRL,"DF,MF",Preston,31,1992,17.4,6,1,1,19,16,3,119,18,34,0,0,0,127,45,48,48.4,Matches
82,Cohen Bramall,eng ENG,DF,Rotherham Utd,27,1996,32.7,4,0,0,21,9,5,85,30,25,0,0,0,156,32,25,56.1,Matches
83,James Bree,eng ENG,DF,Southampton,25,1997,12.0,0,1,0,11,8,1,61,7,11,0,0,0,58,15,9,62.5,Matches
84,Callum Brittain,eng ENG,"DF,MF",Blackburn,25,1998,40.3,4,1,0,29,18,5,143,39,54,0,1,0,211,46,45,50.5,Matches
85,Nathan Broadhead,wls WAL,FW,Ipswich Town,25,1998,25.5,3,0,0,24,25,3,25,8,24,0,0,0,115,16,26,38.1,Matches
86,David Brooks,wls WAL,"FW,MF",Southampton,26,1997,9.9,2,0,0,8,19,3,26,3,6,0,0,0,31,3,11,21.4,Matches
87,Jacob Brown,sct SCO,FW,Stoke City,25,1998,1.0,1,0,0,2,2,0,1,0,2,0,0,0,4,5,8,38.5,Matches
88,Alan Browne,ie IRL,"MF,DF",Preston,28,1995,35.2,7,0,0,47,59,1,110,54,49,0,0,0,232,68,89,43.3,Matches
89,Joe Bryan,eng ENG,"DF,MF",Millwall,29,1993,16.1,5,0,0,28,19,0,86,27,31,0,1,0,103,21,9,70.0,Matches
90,Gerard Buabo,,FW,Ipswich Town,,,0.0,0,0,0,0,1,0,0,0,0,0,0,0,1,0,1,0.0,Matches
91,Lee Buchanan,eng ENG,DF,Birmingham City,22,2001,30.3,8,1,1,25,34,2,41,48,54,0,0,0,127,68,42,61.8,Matches
92,John Buckley,eng ENG,"MF,FW",Sheffield Weds,23,1999,5.2,0,0,0,5,14,0,16,10,9,0,0,0,31,2,3,40.0,Matches
93,John Buckley,eng ENG,MF,Blackburn,23,1999,5.6,2,0,0,13,9,0,13,7,8,0,0,0,29,1,4,20.0,Matches
94,Mustapha Bundu,sl SLE,"FW,MF",Plymouth Argyle,26,1997,10.7,0,0,0,12,15,5,20,3,6,0,0,0,39,25,33,43.1,Matches
95,Wouter Burger,nl NED,MF,Stoke City,22,2001,29.2,10,0,0,52,29,1,35,34,63,0,1,0,217,58,47,55.2,Matches
96,Cameron Burgess,au AUS,DF,Ipswich Town,27,1995,38.0,3,0,0,10,10,2,1,49,16,0,0,1,177,155,56,73.5,Matches
97,Delano Burgzorg,sr SUR,FW,Huddersfield,24,1998,24.5,4,0,0,16,35,21,7,8,7,0,0,0,66,13,29,31.0,Matches
98,Oliver Burke,sct SCO,"FW,MF",Birmingham City,26,1997,11.2,0,0,0,13,2,5,17,7,8,0,0,0,46,36,39,48.0,Matches
99,Wes Burns,wls WAL,FW,Ipswich Town,28,1994,26.5,7,0,0,29,35,13,140,15,14,1,0,0,110,40,45,47.1,Matches
100,Mason Burstow,eng ENG,FW,Sunderland,19,2003,9.9,3,0,0,12,7,4,2,0,3,1,0,0,21,11,34,24.4,Matches
101,Matt Butcher,eng ENG,MF,Plymouth Argyle,26,1997,3.8,1,0,0,4,2,0,1,4,1,0,0,1,16,4,5,44.4,Matches
102,George Byers,sct SCO,MF,Sheffield Weds,27,1996,15.3,1,1,0,23,10,1,20,30,13,0,0,0,70,19,14,57.6,Matches
103,Sam Byram,eng ENG,DF,Leeds United,29,1993,21.5,3,0,0,30,18,6,30,34,44,0,0,0,116,55,44,55.6,Matches
104,Ben Cabango,wls WAL,DF,Swansea City,23,2000,32.1,8,0,0,23,19,0,3,39,31,0,0,1,156,81,55,59.6,Matches
105,Bailey-Tye Cadamarteri,jm JAM,FW,Sheffield Weds,18,2005,12.2,0,0,0,24,8,2,4,1,7,0,0,0,12,26,54,32.5,Matches
106,Cafú,pt POR,MF,Rotherham Utd,30,1993,20.0,7,1,1,10,27,1,90,15,10,0,0,0,103,6,12,33.3,Matches
107,Allan Campbell,sct SCO,MF,Millwall,25,1998,8.0,1,0,0,15,8,0,6,10,12,0,0,0,28,7,11,38.9,Matches
108,Tyrese Campbell,eng ENG,FW,Stoke City,23,1999,13.3,3,0,0,14,11,12,20,1,11,1,0,0,31,12,24,33.3,Matches
109,Reggie Cannon,us USA,DF,QPR,25,1998,15.9,1,0,0,13,19,0,21,27,23,0,0,0,47,14,23,37.8,Matches
110,Thomas Cannon,ie IRL,FW,Leicester City,20,2002,4.8,1,0,0,6,3,4,1,1,0,0,0,0,6,10,13,43.5,Matches
111,Hayden Carter,eng ENG,DF,Blackburn,23,1999,28.4,11,0,0,36,8,0,8,38,31,0,2,0,190,56,45,55.4,Matches
112,Fabio Carvalho,pt POR,"FW,MF",Hull City,20,2002,19.1,4,0,0,25,45,9,46,13,13,1,0,0,65,8,34,19.0,Matches
113,Cesare Casadei,it ITA,MF,Leicester City,20,2003,9.8,1,0,0,15,18,0,6,8,12,0,0,0,36,27,13,67.5,Matches
114,Ilias Chair,ma MAR,"FW,MF",QPR,25,1997,41.5,7,0,0,31,41,10,256,20,27,0,0,0,239,6,17,26.1,Matches
115,Giorgi Chakvetadze,ge GEO,"MF,FW",Watford,23,1999,17.8,7,0,0,28,23,0,84,12,22,0,1,0,86,4,12,25.0,Matches
116,Nathaniel Chalobah,eng ENG,MF,West Brom,28,1994,10.0,4,0,0,19,16,1,8,10,12,0,0,0,58,14,15,48.3,Matches
117,Conor Chaplin,eng ENG,MF,Ipswich Town,26,1997,37.1,7,0,0,30,47,8,22,27,22,0,0,0,137,17,41,29.3,Matches
118,Jacob Chapman,au AUS,GK,Huddersfield,22,2000,1.5,0,0,0,0,0,0,0,0,0,0,0,0,4,0,0,,Matches
119,Shea Charles,nir NIR,"MF,DF",Southampton,19,2003,16.0,7,1,1,31,18,0,7,22,18,0,0,0,95,25,30,45.5,Matches
120,Chiquinho,pt POR,FW,Stoke City,23,2000,0.7,0,0,0,2,1,1,3,0,2,0,0,0,5,1,3,25.0,Matches
121,Hamza Choudhury,bd BAN,"DF,MF",Leicester City,25,1997,16.4,4,0,0,23,15,1,5,28,32,0,0,0,62,14,8,63.6,Matches
122,Benjamin Chrisene,eng ENG,DF,Blackburn,19,2004,9.1,0,0,0,10,10,1,11,13,21,0,0,0,43,11,19,36.7,Matches
123,Cyrus Christie,ie IRL,"DF,MF",Hull City,30,1992,14.4,4,0,0,15,11,1,28,12,9,0,0,0,68,22,20,52.4,Matches
124,Dennis Cirkin,eng ENG,DF,Sunderland,21,2002,5.6,3,0,0,8,12,0,6,4,8,0,0,0,22,10,14,41.7,Matches
125,Ciaran Clark,ie IRL,DF,Stoke City,33,1989,3.0,1,0,0,3,2,2,0,7,0,0,0,0,13,11,5,68.8,Matches
126,Harry Clarke,eng ENG,DF,Ipswich Town,22,2001,26.2,7,0,0,28,11,1,53,25,25,0,1,1,126,57,38,60.0,Matches
127,Jack Clarke,eng ENG,"MF,FW",Sunderland,22,2000,38.8,6,0,0,58,95,13,129,20,45,4,0,0,160,17,33,34.0,Matches
128,Matthew Clarke,eng ENG,DF,Middlesbrough,26,1996,20.2,2,0,0,13,19,0,4,35,23,0,1,0,107,66,25,72.5,Matches
129,Jake Clarke-Salter,eng ENG,DF,QPR,25,1997,29.6,4,0,0,35,7,1,2,32,41,0,0,0,130,94,44,68.1,Matches
130,Sam Clucas,eng ENG,MF,Rotherham Utd,32,1990,20.9,5,0,0,14,20,2,103,28,21,0,0,0,101,22,18,55.0,Matches
131,Conor Coady,eng ENG,DF,Leicester City,30,1993,7.8,1,0,0,6,3,0,2,7,3,0,0,0,28,14,7,66.7,Matches
132,Josh Coburn,eng ENG,FW,Middlesbrough,20,2002,11.1,2,0,0,18,18,14,0,1,2,1,0,0,24,27,39,40.9,Matches
133,Jack Colback,eng ENG,MF,QPR,33,1989,22.1,13,1,0,41,38,1,5,37,21,0,0,0,98,17,14,54.8,Matches
134,Bradley Collins,eng ENG,GK,Coventry City,26,1997,28.0,3,0,0,0,4,0,0,0,0,0,0,0,29,7,1,87.5,Matches
135,Jamilu Collins,ng NGA,DF,Cardiff City,28,1994,33.2,9,0,0,29,31,0,43,64,76,0,0,0,182,30,30,50.0,Matches
136,Joel Colwill,wls WAL,MF,Cardiff City,18,2004,0.4,0,0,0,0,0,0,1,1,1,0,0,0,0,0,0,,Matches
137,Rubin Colwill,wls WAL,"MF,FW",Cardiff City,21,2002,17.7,4,0,0,26,31,1,46,14,19,0,0,0,85,12,28,30.0,Matches
138,Aaron Connolly,ie IRL,FW,Hull City,23,2000,13.5,4,0,0,18,31,12,5,3,4,0,0,0,34,11,25,30.6,Matches
139,Raheem Conte,eng ENG,DF,Cardiff City,20,2002,1.0,0,0,0,1,1,0,3,1,1,0,0,0,3,2,2,50.0,Matches
140,Tommy Conway,sct SCO,FW,Bristol City,20,2002,25.4,2,0,0,27,23,18,14,3,7,1,0,0,51,10,61,14.1,Matches
141,Steve Cook,eng ENG,DF,QPR,32,1991,34.1,3,0,0,13,17,1,4,41,21,1,0,0,141,90,35,72.0,Matches
142,Jake Cooper,eng ENG,DF,Millwall,28,1995,44.0,10,0,0,56,13,12,4,58,18,0,2,0,153,202,94,68.2,Matches
143,Liam Cooper,sct SCO,DF,Leeds United,31,1991,7.8,0,0,0,5,5,0,0,14,8,0,0,0,45,30,22,57.7,Matches
144,Michael Cooper,eng ENG,GK,Plymouth Argyle,23,1999,19.0,3,0,0,0,2,0,0,1,0,0,0,0,13,11,1,91.7,Matches
145,Oliver Cooper,wls WAL,"MF,FW",Swansea City,23,1999,13.6,7,1,1,26,58,2,17,12,27,1,0,0,75,3,23,11.5,Matches
146,David Cornell,wls WAL,GK,Preston,32,1991,2.0,1,0,0,0,0,0,0,0,0,0,0,0,1,0,0,,Matches
147,Harry Cornick,eng ENG,"FW,MF",Bristol City,28,1995,12.2,1,0,0,14,6,9,28,3,11,0,1,0,51,32,87,26.9,Matches
148,Hayden Coulson,eng ENG,DF,Middlesbrough,25,1998,1.6,0,0,0,0,1,0,3,4,0,0,0,0,9,2,1,66.7,Matches
149,Lewie Coyle,eng ENG,DF,Hull City,27,1995,34.4,3,0,0,30,46,2,101,41,22,0,0,0,189,43,43,50.0,Matches
150,Charlie Cresswell,eng ENG,DF,Leeds United,20,2002,1.5,0,0,0,3,2,0,0,3,3,0,0,0,10,11,2,84.6,Matches
151,Matt Crooks,eng ENG,"MF,FW",Middlesbrough,29,1994,17.0,5,0,0,29,9,7,9,11,15,0,0,0,59,24,28,46.2,Matches
152,Liam Cullen,wls WAL,"FW,MF",Swansea City,24,1999,26.4,10,1,1,33,29,7,25,11,17,1,0,0,82,39,85,31.5,Matches
153,Luke Cundle,eng ENG,MF,Stoke City,21,2002,10.9,2,0,0,13,9,0,1,9,9,0,0,0,54,4,8,33.3,Matches
154,Luke Cundle,eng ENG,"MF,FW",Plymouth Argyle,21,2002,13.7,3,0,0,12,9,1,3,8,21,0,0,0,58,4,16,20.0,Matches
155,Greg Cunningham,ie IRL,DF,Preston,32,1991,8.1,4,0,0,9,10,1,5,9,7,0,0,0,24,14,7,66.7,Matches
156,Bradley Dack,eng ENG,"FW,MF",Sunderland,29,1993,6.5,0,0,0,8,2,2,18,3,7,0,0,0,10,1,10,9.1,Matches
157,Patson Daka,zm ZAM,FW,Leicester City,24,1998,12.1,1,0,0,14,18,4,0,2,8,2,0,0,23,9,16,36.0,Matches
158,Harry Darling,eng ENG,DF,Swansea City,23,1999,32.9,9,0,0,39,62,5,11,36,19,0,2,0,130,131,86,60.4,Matches
159,Karl Darlow,wls WAL,GK,Leeds United,32,1990,1.4,0,0,0,0,0,0,0,0,0,0,0,0,1,0,0,,Matches
160,Jay Dasilva,wls WAL,DF,Coventry City,25,1998,25.6,4,0,0,17,10,2,98,13,24,0,0,0,147,11,23,32.4,Matches
161,Aidan Dausch,eng ENG,"MF,FW",Coventry City,17,2006,0.1,0,0,0,1,0,0,0,0,0,0,0,0,0,0,0,,Matches
162,Leif Davis,eng ENG,DF,Ipswich Town,23,2000,42.0,5,0,0,43,40,11,341,45,57,0,1,2,201,44,30,59.5,Matches
163,Cameron Dawson,eng ENG,GK,Sheffield Weds,28,1995,18.0,3,0,0,0,6,0,0,0,1,0,0,0,19,3,1,75.0,Matches
164,Liam Delap,eng ENG,FW,Hull City,20,2003,24.5,5,0,0,26,43,8,23,6,7,1,0,0,59,15,23,39.5,Matches
165,Tom Dele-Bashiru,ng NGA,"MF,DF",Watford,23,1999,25.1,2,0,0,18,33,0,16,28,26,0,0,0,135,14,20,41.2,Matches
166,Juan Delgado,cl CHI,"DF,MF",Sheffield Weds,30,1993,7.6,4,0,0,12,9,4,25,9,11,0,0,0,54,0,6,0.0,Matches
167,Siriki Dembélé,ci CIV,"FW,MF",Birmingham City,26,1996,22.0,4,0,0,32,50,7,37,28,20,0,0,0,113,4,28,12.5,Matches
168,Rav van den Berg,nl NED,DF,Middlesbrough,19,2004,32.1,2,0,0,23,11,1,8,41,28,0,0,0,166,65,35,65.0,Matches
169,Emmanuel Dennis,ng NGA,"FW,MF",Watford,25,1997,9.5,1,0,0,23,12,7,8,8,10,0,0,0,36,19,32,37.3,Matches
170,Alfie Devine,eng ENG,"MF,FW",Plymouth Argyle,18,2004,9.4,4,1,1,9,18,0,4,6,7,0,0,0,38,3,9,25.0,Matches
171,Kiernan Dewsbury-Hall,eng ENG,MF,Leicester City,24,1998,40.4,6,0,0,27,71,1,205,17,29,2,0,0,225,25,32,43.9,Matches
172,Bambo Diaby,sn SEN,DF,Sheffield Weds,25,1997,25.2,2,1,0,15,22,1,2,24,21,0,1,1,116,56,32,63.6,Matches
173,Lamine Diaby,fr FRA,MF,Sheffield Weds,26,1996,2.9,1,0,0,3,6,0,0,5,3,0,0,0,26,3,2,60.0,Matches
174,Grady Diangana,cd COD,"MF,FW",West Brom,25,1998,26.1,2,0,0,15,45,3,35,8,17,2,0,0,93,21,29,42.0,Matches
175,Brahima Diarra,ml MLI,"MF,FW",Huddersfield,20,2003,7.3,2,0,0,10,13,3,8,4,11,0,0,0,33,7,28,20.0,Matches
176,Tyler Dibling,eng ENG,FW,Southampton,17,2006,0.0,0,0,0,0,1,1,0,0,1,0,0,0,1,0,0,,Matches
177,Robert Dickie,eng ENG,DF,Bristol City,27,1996,38.9,7,1,1,26,29,1,2,66,27,0,1,0,230,144,70,67.3,Matches
178,Famara Diedhiou,sn SEN,FW,Cardiff City,30,1992,6.4,0,0,0,6,11,3,0,2,5,0,0,0,18,31,40,43.7,Matches
179,Seny Dieng,sn SEN,GK,Middlesbrough,28,1994,35.0,2,0,0,0,6,0,0,0,3,0,0,0,61,10,2,83.3,Matches
180,Anfernee Dijksteel,sr SUR,DF,Middlesbrough,26,1996,8.3,2,1,1,10,19,0,7,13,6,0,1,0,42,5,6,45.5,Matches
181,Daryl Dike,us USA,FW,West Brom,23,2000,0.6,0,0,0,0,0,2,0,1,0,0,0,0,2,6,0,100.0,Matches
182,Elijah Dixon-Bonner,eng ENG,MF,QPR,22,2001,10.0,2,0,0,13,3,0,22,5,4,0,0,0,55,3,7,30.0,Matches
183,Greg Docherty,sct SCO,MF,Hull City,26,1996,3.6,2,0,0,10,4,1,4,3,4,0,0,0,25,6,4,60.0,Matches
184,Tyrhys Dolan,eng ENG,"FW,MF",Blackburn,21,2001,25.8,8,0,0,18,29,7,27,10,16,0,0,0,128,4,17,19.0,Matches
185,Janoi Donacien,lc LCA,DF,Ipswich Town,29,1993,2.4,1,0,0,1,1,0,2,2,2,0,0,0,17,2,3,40.0,Matches
186,Romelle Donovan,eng ENG,FW,Birmingham City,16,2006,1.4,0,0,0,3,5,0,3,1,2,0,0,0,11,3,7,30.0,Matches
187,Flynn Downes,eng ENG,MF,Southampton,24,1999,28.3,9,0,0,40,37,1,9,47,39,0,1,0,163,28,51,35.4,Matches
188,Callum Doyle,eng ENG,DF,Leicester City,19,2003,13.4,1,0,0,20,7,0,19,15,29,0,0,0,72,21,22,48.8,Matches
189,Andre Dozzell,eng ENG,MF,QPR,24,1999,21.8,5,1,1,35,8,1,31,20,16,0,0,0,90,15,29,34.1,Matches
190,Andre Dozzell,eng ENG,MF,Birmingham City,24,1999,7.0,1,0,0,10,1,1,25,4,9,0,0,0,21,1,5,16.7,Matches
191,Cody Drameh,eng ENG,DF,Leeds United,21,2001,0.2,0,0,0,0,1,0,0,1,0,0,0,0,2,0,0,,Matches
192,Cody Drameh,eng ENG,DF,Birmingham City,21,2001,25.1,2,0,0,5,16,3,39,24,55,0,0,0,141,26,29,47.3,Matches
193,Aaron Drewe,eng ENG,DF,QPR,22,2001,1.0,1,0,0,3,0,1,2,1,1,0,0,0,2,1,4,20.0,Matches
194,Shane Duffy,ie IRL,DF,Norwich City,31,1992,33.4,9,0,0,24,12,2,3,33,22,0,1,1,117,114,49,69.9,Matches
195,Stephen Duke-McKenna,gy GUY,"MF,FW",QPR,22,2000,1.6,1,0,0,4,4,0,3,5,1,0,0,0,9,2,4,33.3,Matches
196,Jimmy Dunne,ie IRL,DF,QPR,25,1997,26.0,5,1,1,34,22,5,16,23,26,0,0,0,121,122,65,65.2,Matches
197,Lyndon Dykes,sct SCO,"FW,MF",QPR,27,1995,30.4,8,0,0,52,29,5,20,13,29,0,0,0,91,176,203,46.4,Matches
198,Albert Eames,eng ENG,DF,Watford,17,2005,0.0,0,0,0,0,0,0,0,0,1,0,0,0,0,0,0,,Matches
199,Saxon Earley,eng ENG,DF,Plymouth Argyle,20,2002,1.0,0,0,0,0,3,0,0,1,1,0,0,0,4,1,0,100.0,Matches
200,Tom Eaves,eng ENG,FW,Rotherham Utd,31,1992,11.8,3,0,0,41,6,10,6,0,6,0,0,0,22,53,84,38.7,Matches
201,Josh Eccles,eng ENG,MF,Coventry City,23,2000,36.4,12,0,0,38,60,0,169,44,60,1,0,0,215,27,21,56.3,Matches
202,Rarmani Edmonds-Green,eng ENG,"MF,DF",Huddersfield,24,1999,6.7,2,0,0,6,1,0,2,7,5,0,0,0,30,12,12,50.0,Matches
203,George Edmundson,eng ENG,DF,Ipswich Town,25,1997,9.9,2,0,0,6,2,0,1,5,10,0,0,1,55,16,13,55.2,Matches
204,Samuel Edozie,eng ENG,"FW,MF",Southampton,20,2003,15.2,2,0,0,19,32,8,41,9,17,0,0,0,43,10,12,45.5,Matches
205,Joe Edwards,eng ENG,"DF,MF",Plymouth Argyle,32,1990,24.1,4,0,0,34,33,2,17,37,36,0,0,0,108,44,37,54.3,Matches
206,Tom Edwards,eng ENG,DF,Huddersfield,24,1999,7.5,1,0,0,7,3,0,28,10,16,0,0,0,35,13,13,50.0,Matches
207,Pierre Ekwah Elimby,fr FRA,MF,Sunderland,21,2002,33.5,4,0,0,37,28,0,24,36,30,0,0,0,190,23,31,42.6,Matches
208,Aidomo Emakhu,ie IRL,"MF,FW",Millwall,19,2003,7.4,2,0,0,13,17,1,6,2,13,0,0,0,35,3,21,12.5,Matches
209,Lukas Engel,dk DEN,DF,Middlesbrough,24,1998,27.5,4,0,0,15,14,2,68,51,41,0,0,0,149,41,30,57.7,Matches
210,Niall Ennis,eng ENG,FW,Stoke City,24,1999,7.4,1,0,0,17,9,4,4,0,4,0,0,0,14,11,32,25.6,Matches
211,Niall Ennis,eng ENG,FW,Blackburn,24,1999,3.8,0,0,0,1,7,5,2,0,3,0,0,0,11,2,2,50.0,Matches
212,Romain Esse,eng ENG,"MF,FW",Millwall,18,2005,8.3,1,0,0,13,12,6,26,7,13,0,0,0,48,8,28,22.2,Matches
213,Oscar Estupiñan,co COL,FW,Hull City,26,1996,0.8,0,0,0,3,1,0,0,0,0,0,0,0,1,5,5,50.0,Matches
214,Kion Etete,eng ENG,FW,Cardiff City,21,2001,12.1,2,0,0,23,27,8,1,10,6,0,0,0,54,42,60,41.2,Matches
215,Neil Etheridge,ph PHI,GK,Birmingham City,33,1990,2.0,0,0,0,0,1,0,0,0,0,0,0,0,4,0,0,,Matches
216,Ched Evans,wls WAL,"FW,MF",Preston,34,1988,8.3,2,0,0,26,20,3,9,4,2,0,0,1,23,15,29,34.1,Matches
217,Corry Evans,nir NIR,MF,Sunderland,33,1990,0.8,0,0,0,0,1,0,0,1,1,0,0,0,3,0,0,,Matches
218,George Evans,eng ENG,MF,Millwall,28,1994,0.2,0,0,0,0,0,0,0,0,0,0,0,0,2,0,0,,Matches
219,Lee Evans,wls WAL,MF,Ipswich Town,29,1994,0.7,0,0,0,0,0,0,0,1,1,0,0,0,7,0,2,0.0,Matches
220,Milan van Ewijk,nl NED,DF,Coventry City,22,2000,34.4,4,0,0,26,43,4,123,51,64,0,0,0,172,14,26,35.0,Matches
221,Wout Faes,be BEL,DF,Leicester City,25,1998,42.5,5,0,0,32,32,2,15,59,36,1,0,1,217,54,43,55.7,Matches
222,Akin Famewo,eng ENG,DF,Sheffield Weds,24,1998,29.2,8,0,0,28,27,0,24,41,41,0,1,1,131,63,43,59.4,Matches
223,Christian Fassnacht,ch SUI,"FW,MF",Norwich City,29,1993,20.2,4,0,0,20,9,13,34,23,32,0,1,0,90,20,32,38.5,Matches
224,Abdul Fatawu Issahaku,gh GHA,FW,Leicester City,19,2004,31.3,6,1,0,43,45,11,143,20,42,1,0,0,149,48,38,55.8,Matches
225,Tom Fellows,eng ENG,"FW,MF",West Brom,20,2003,16.6,1,0,0,6,31,9,85,5,6,0,0,0,35,4,20,16.7,Matches
226,Shane Ferguson,nir NIR,"DF,FW",Rotherham Utd,32,1991,2.0,0,0,0,1,2,0,12,3,6,0,0,0,10,0,2,0.0,Matches
227,Sam Field,eng ENG,MF,QPR,25,1998,38.5,10,0,0,44,63,1,8,63,47,0,0,0,205,88,72,55.0,Matches
228,Sonny Finch,eng ENG,FW,Middlesbrough,17,2005,0.1,0,0,0,1,0,0,0,0,0,0,0,0,0,0,0,,Matches
229,Junior Firpo,do DOM,DF,Leeds United,26,1996,19.8,6,0,0,24,22,3,47,25,41,0,0,0,79,44,38,53.7,Matches
230,Kellen Fisher,eng ENG,DF,Norwich City,19,2004,2.9,1,0,0,7,6,0,7,3,5,0,0,0,5,5,6,45.5,Matches
231,John Fleck,sct SCO,MF,Blackburn,31,1991,0.2,0,0,0,1,0,0,0,0,0,0,0,0,0,0,0,,Matches
232,Zian Flemming,nl NED,"FW,MF",Millwall,24,1998,41.0,7,0,0,68,57,4,42,22,33,0,0,0,130,82,90,47.7,Matches
233,Ashley Fletcher,eng ENG,"FW,MF",Sheffield Weds,27,1995,6.8,2,1,1,20,7,5,3,3,6,0,0,0,18,18,30,37.5,Matches
234,Adam Forshaw,eng ENG,"MF,FW",Norwich City,31,1991,2.1,0,0,0,0,3,0,0,5,3,0,0,0,14,1,4,20.0,Matches
235,Adam Forshaw,eng ENG,MF,Plymouth Argyle,31,1991,7.2,3,0,0,14,10,1,13,11,11,0,0,0,28,2,6,25.0,Matches
236,Marcus Forss,fi FIN,FW,Middlesbrough,24,1999,12.4,2,0,0,19,4,7,19,7,11,0,0,0,23,9,20,31.0,Matches
237,Morgan Fox,wls WAL,DF,QPR,29,1993,12.8,1,0,0,6,2,0,11,12,16,0,0,0,60,17,22,43.6,Matches
238,Ryan Fraser,sct SCO,"FW,MF",Southampton,29,1994,18.1,5,0,0,12,29,10,101,2,8,0,0,0,56,8,13,38.1,Matches
239,Michael Frey,ch SUI,FW,QPR,29,1994,4.1,0,0,0,7,1,2,3,2,5,0,0,0,10,18,15,54.5,Matches
240,Dael Fry,eng ENG,DF,Middlesbrough,25,1997,28.0,1,0,0,11,13,3,1,35,14,0,1,1,127,81,34,70.4,Matches
241,Mads Frøkjær-Jensen,dk DEN,"MF,FW",Preston,24,1999,28.5,4,0,0,53,19,1,52,31,25,0,0,0,131,32,39,45.1,Matches
242,Leo Fuhr Hjelde,no NOR,DF,Leeds United,19,2003,0.5,0,0,0,2,0,0,1,0,0,0,0,0,0,0,1,0.0,Matches
243,Leo Fuhr Hjelde,no NOR,DF,Sunderland,19,2003,9.5,1,0,0,10,7,1,16,7,11,0,0,0,43,12,8,60.0,Matches
244,Jay Fulton,sct SCO,MF,Swansea City,29,1994,30.6,6,0,0,47,29,2,12,58,31,0,0,0,133,29,33,46.8,Matches
245,Darnell Furlong,eng ENG,DF,West Brom,27,1995,43.7,10,0,0,46,58,1,83,60,36,1,1,0,134,89,53,62.7,Matches
246,Sam Gallagher,eng ENG,"FW,MF",Blackburn,27,1995,19.1,1,0,0,43,18,12,5,10,7,0,0,0,33,87,77,53.0,Matches
247,Brendan Galloway,zw ZIM,DF,Plymouth Argyle,27,1996,17.5,2,0,0,12,33,1,15,30,22,0,0,1,61,34,40,45.9,Matches
248,Gary Gardner,eng ENG,MF,Birmingham City,31,1992,2.3,1,0,0,5,3,0,0,6,2,0,0,0,15,7,2,77.8,Matches
249,Taylor Gardner-Hickman,eng ENG,MF,West Brom,21,2001,0.1,0,0,0,0,0,0,0,0,0,0,0,0,1,0,1,0.0,Matches
250,Taylor Gardner-Hickman,eng ENG,"MF,DF",Bristol City,21,2001,24.5,7,0,0,28,29,0,143,29,30,1,0,0,165,13,18,41.9,Matches
251,Jake Garrett,eng ENG,MF,Blackburn,20,2003,8.7,4,0,0,12,15,3,9,7,10,0,0,0,48,7,9,43.8,Matches
252,Djeidi Gassama,fr FRA,"FW,MF",Sheffield Weds,19,2003,16.4,3,0,0,25,47,8,18,8,24,0,0,0,91,14,25,35.9,Matches
253,Dwight Gayle,eng ENG,FW,Stoke City,32,1990,3.5,0,0,0,6,4,4,0,0,1,0,0,0,9,8,11,42.1,Matches
254,Joe Gelhardt,eng ENG,"MF,FW",Leeds United,21,2002,2.2,1,0,0,4,4,0,0,1,1,0,0,0,8,1,2,33.3,Matches
255,Dimitris Giannoulis,gr GRE,DF,Norwich City,27,1995,27.9,6,0,0,33,37,1,97,34,44,0,1,0,182,28,43,39.4,Matches
256,Liam Gibbs,eng ENG,"MF,FW",Norwich City,20,2002,6.2,3,0,0,8,2,1,11,3,6,0,0,0,22,3,9,25.0,Matches
257,Ben Gibson,eng ENG,DF,Norwich City,30,1993,31.9,6,0,0,23,11,0,1,46,13,0,0,1,112,71,55,56.3,Matches
258,Lewis Gibson,eng ENG,DF,Plymouth Argyle,23,2000,39.7,6,0,0,17,33,0,4,33,35,1,0,0,197,66,42,61.1,Matches
259,Alexander Gilbert,ie IRL,"MF,FW",Middlesbrough,21,2001,2.6,0,0,0,2,0,0,6,4,5,0,0,0,16,2,0,100.0,Matches
260,Luey Giles,wls WAL,DF,Cardiff City,16,2006,0.3,0,0,0,0,0,0,1,0,0,0,0,0,2,1,0,100.0,Matches
261,Ryan Giles,eng ENG,DF,Hull City,23,2000,12.0,2,0,0,5,3,5,54,13,7,0,0,0,49,12,12,50.0,Matches
262,Macaulay Gillesphey,eng ENG,DF,Plymouth Argyle,27,1995,2.4,0,0,0,4,0,0,1,2,3,0,0,0,7,7,5,58.3,Matches
263,Brodie Gilmore,nir NIR,DF,Huddersfield,19,2004,17.0,8,0,0,13,23,2,21,22,34,0,0,0,69,36,33,52.2,Matches
264,Zak Gilsenan,ie IRL,MF,Blackburn,20,2003,0.0,1,0,0,0,1,0,1,0,0,0,0,0,0,0,0,,Matches
265,Josh Ginnelly,eng ENG,"FW,DF",Swansea City,26,1997,2.1,1,0,0,3,8,1,6,1,0,1,0,0,7,0,2,0.0,Matches
266,Tom Glover,au AUS,GK,Middlesbrough,25,1997,11.0,1,0,0,0,2,0,0,0,0,0,0,0,24,5,0,100.0,Matches
267,Wilfried Gnonto,it ITA,"FW,MF",Leeds United,19,2003,18.4,4,0,0,37,54,5,56,4,23,0,0,0,74,7,8,46.7,Matches
268,Matthew Godden,eng ENG,FW,Coventry City,32,1991,22.7,2,0,0,12,14,16,13,3,7,0,0,0,49,40,71,36.0,Matches
269,Lynden Gooch,us USA,"DF,FW",Stoke City,27,1995,19.0,3,0,0,21,20,2,87,21,29,0,0,0,111,5,16,23.8,Matches
270,Lynden Gooch,us USA,"MF,FW",Sunderland,27,1995,0.1,0,0,0,1,0,0,2,0,0,0,0,0,0,0,0,,Matches
271,Dimitris Goutas,gr GRE,DF,Cardiff City,29,1994,45.8,8,0,0,30,17,1,1,79,34,0,1,0,151,120,76,61.2,Matches
272,Aimar Govea,ec ECU,"FW,MF",Swansea City,17,2006,0.8,0,0,0,0,1,0,5,0,0,0,0,0,2,0,1,0.0,Matches
273,Karlan Grant,eng ENG,"FW,MF",Cardiff City,25,1997,34.7,3,0,0,15,34,15,71,32,15,0,0,0,166,30,53,36.1,Matches
274,Archie Gray,eng ENG,"DF,MF",Leeds United,17,2006,40.0,2,0,0,21,31,3,44,30,59,0,0,0,196,20,27,42.6,Matches
275,Jacob Greaves,eng ENG,DF,Hull City,22,2000,43.0,11,0,0,37,51,3,11,44,53,3,1,0,189,177,66,72.8,Matches
276,André Green,eng ENG,FW,Rotherham Utd,25,1998,7.2,0,0,0,2,6,0,21,7,0,0,0,0,24,5,14,26.3,Matches
277,Sam Greenwood,eng ENG,MF,Leeds United,21,2002,0.1,0,0,0,1,1,1,1,0,0,0,0,0,0,0,1,0.0,Matches
278,Sam Greenwood,eng ENG,"FW,MF",Middlesbrough,21,2002,24.4,7,0,0,70,37,13,74,9,32,1,0,0,92,2,28,6.7,Matches
279,Lee Gregory,eng ENG,"FW,MF",Sheffield Weds,34,1988,7.9,2,0,0,23,10,6,3,2,6,0,1,0,22,11,26,29.7,Matches
280,Jack Grieves,eng ENG,"DF,FW",Watford,18,2004,0.6,0,0,0,1,0,0,0,0,1,0,0,0,2,1,2,33.3,Matches
281,Matt Grimes,eng ENG,MF,Swansea City,28,1995,46.0,5,0,0,29,38,1,103,38,46,0,0,0,294,41,37,52.6,Matches
282,Ilia Gruev,bg BUL,MF,Leeds United,23,2000,19.7,7,0,0,28,14,0,39,27,24,0,0,0,91,20,11,64.5,Matches
283,Joe Gubbins,eng ENG,DF,QPR,21,2001,1.0,0,0,0,1,0,0,0,1,1,0,0,0,2,1,2,33.3,Matches
284,Angus Gunn,sct SCO,GK,Norwich City,27,1996,39.3,1,0,0,1,9,0,0,4,1,0,1,0,49,14,0,100.0,Matches
285,Darko Gyabi,eng ENG,"MF,FW",Plymouth Argyle,19,2004,8.6,2,0,0,18,19,0,2,11,11,0,0,0,37,16,13,55.2,Matches
286,Darko Gyabi,eng ENG,MF,Leeds United,19,2004,0.0,0,0,0,0,0,0,0,0,0,0,0,0,0,0,2,0.0,Matches
287,Hayden Hackney,eng ENG,MF,Middlesbrough,21,2002,20.1,6,0,0,33,29,0,19,9,18,0,0,0,150,6,8,42.9,Matches
288,Sead Haksabanović,me MNE,"FW,MF",Stoke City,24,1999,10.6,1,0,0,14,13,0,46,5,5,0,0,0,48,9,10,47.4,Matches
289,George Hall,eng ENG,"MF,FW",Birmingham City,19,2004,1.5,0,0,0,1,5,0,2,1,1,0,0,0,6,2,4,33.3,Matches
290,Grant Hall,eng ENG,"DF,MF",Rotherham Utd,31,1991,3.1,1,0,0,0,2,0,0,2,2,0,0,0,16,8,2,80.0,Matches
291,Ali Al Hamadi,iq IRQ,FW,Ipswich Town,21,2002,3.3,1,0,0,7,4,0,1,1,2,1,0,0,8,10,18,35.7,Matches
292,Ben Hamer,eng ENG,GK,Watford,35,1987,19.0,3,0,0,0,2,0,0,0,0,0,0,0,16,8,0,100.0,Matches
293,Gustavo Hamer,nl NED,MF,Coventry City,26,1997,0.8,0,0,0,2,0,0,7,1,0,0,0,0,5,0,1,0.0,Matches
294,Grant Hanley,sct SCO,DF,Norwich City,31,1991,6.1,1,0,0,2,7,1,0,8,4,0,0,0,11,19,6,76.0,Matches
295,Ryan Hardie,sct SCO,FW,Plymouth Argyle,26,1997,31.5,3,0,0,13,6,21,22,7,4,0,0,0,53,77,115,40.1,Matches
296,Wes Harding,jm JAM,DF,Millwall,26,1996,21.2,4,0,0,18,6,1,4,32,17,0,0,1,104,44,27,62.0,Matches
297,Marcus Harness,eng ENG,"FW,MF",Ipswich Town,27,1996,10.9,2,0,0,28,8,1,21,8,19,0,0,0,58,15,29,34.1,Matches
298,Kian Harratt,eng ENG,FW,Huddersfield,21,2002,5.5,0,0,0,3,3,3,2,0,1,0,0,0,17,25,28,47.2,Matches
299,Taylor Harwood-Bellis,eng ENG,DF,Southampton,21,2002,38.9,3,0,0,18,13,0,3,47,13,0,1,0,179,78,52,60.0,Matches
300,Ben Hatton,,MF,Rotherham Utd,,,0.1,0,0,0,0,0,0,0,0,0,0,0,0,1,0,0,,Matches
301,Isaac Hayden,jm JAM,MF,QPR,28,1995,11.0,6,0,0,20,5,1,3,25,17,0,0,0,49,19,6,76.0,Matches
302,Conor Hazard,nir NIR,GK,Plymouth Argyle,25,1998,27.0,3,0,0,0,4,0,0,0,0,0,0,0,22,4,0,100.0,Matches
303,Jaheim Headley,eng ENG,"DF,MF",Huddersfield,21,2001,18.3,2,0,0,24,27,3,16,15,31,0,0,0,108,17,22,43.6,Matches
304,Rhys Healey,wls WAL,"MF,FW",Watford,28,1994,2.3,1,0,0,5,8,1,1,1,1,0,0,0,9,9,13,40.9,Matches
305,Rhys Healey,wls WAL,"FW,MF",Huddersfield,28,1994,5.6,0,0,0,9,10,7,9,1,3,0,0,0,15,20,19,51.3,Matches
306,Ryan Hedges,wls WAL,"FW,DF",Blackburn,28,1995,10.9,2,0,0,11,13,1,28,6,16,0,1,0,64,7,13,35.0,Matches
307,Michał Helik,pl POL,DF,Huddersfield,27,1995,40.3,5,0,0,35,26,3,6,75,32,0,0,0,160,160,67,70.5,Matches
308,Jeff Hendrick,ie IRL,MF,Sheffield Weds,31,1992,5.4,3,0,0,6,3,0,4,3,5,0,0,0,23,2,1,66.7,Matches
309,Mads Hermansen,dk DEN,GK,Leicester City,23,2000,44.0,2,0,0,0,3,0,0,0,1,0,0,0,67,7,3,70.0,Matches
310,Onel Hernández,cu CUB,"FW,MF",Norwich City,30,1993,13.2,2,0,0,20,18,4,31,13,14,1,0,0,78,4,5,44.4,Matches
311,James Hill,eng ENG,DF,Blackburn,21,2002,14.4,3,0,0,11,9,1,15,29,21,0,0,0,75,51,30,63.0,Matches
312,George Hirst,sct SCO,FW,Ipswich Town,24,1999,19.6,3,0,0,23,14,21,1,2,1,0,0,0,28,38,47,44.7,Matches
313,Václav Hladký,cz CZE,GK,Ipswich Town,32,1990,46.0,4,0,0,0,9,0,0,1,2,0,0,0,122,9,2,81.8,Matches
314,Joseph Hodge,ie IRL,MF,QPR,20,2002,4.0,1,0,0,4,2,1,3,4,9,0,0,0,21,0,2,0.0,Matches
315,Wesley Hoedt,nl NED,DF,Watford,29,1994,44.0,12,0,0,46,22,4,40,77,61,0,2,2,270,164,69,70.4,Matches
316,Ki-Jana Hoever,nl NED,DF,Stoke City,21,2002,34.1,4,0,0,34,20,2,136,70,65,0,0,0,192,46,37,55.4,Matches
317,Scott Hogan,ie IRL,FW,Birmingham City,31,1992,11.2,1,0,0,21,10,6,1,2,3,0,0,0,30,15,40,27.3,Matches
318,Jonathan Hogg,eng ENG,MF,Huddersfield,34,1988,29.9,8,1,1,48,26,0,1,45,51,0,0,0,214,47,34,58.0,Matches
319,Mason Holgate,jm JAM,DF,Southampton,26,1996,3.2,1,0,0,2,3,0,2,6,6,0,0,0,11,7,3,70.0,Matches
320,Duane Holmes,us USA,"MF,FW",Preston,28,1994,23.4,9,0,0,29,36,2,51,9,24,1,0,0,121,5,23,17.9,Matches
321,George Honeyman,eng ENG,MF,Millwall,28,1994,23.1,9,0,0,35,36,2,109,26,45,0,0,0,129,6,31,16.2,Matches
322,Sydney van Hooijdonk,nl NED,"FW,MF",Norwich City,23,2000,1.4,0,0,0,5,2,2,1,0,0,0,0,0,4,2,4,33.3,Matches
323,Ethan Horvath,us USA,GK,Cardiff City,28,1995,16.0,0,0,0,0,1,0,0,0,0,0,0,0,14,1,0,100.0,Matches
324,Jordan Houghton,eng ENG,MF,Plymouth Argyle,27,1995,31.8,6,0,0,41,38,1,60,24,28,0,0,0,181,38,52,42.2,Matches
325,Jonny Howson,eng ENG,MF,Middlesbrough,35,1988,34.4,9,0,0,27,24,0,79,34,33,0,0,0,217,16,23,41.0,Matches
326,Kyle Hudlin,eng ENG,FW,Huddersfield,23,2000,3.1,0,0,0,5,5,4,0,2,1,0,0,0,5,29,17,63.0,Matches
327,Niall Huggins,wls WAL,DF,Sunderland,22,2000,14.8,1,0,0,6,13,1,12,22,13,0,0,0,91,12,33,26.7,Matches
328,Andrew Hughes,wls WAL,DF,Preston,31,1992,34.9,5,0,0,37,26,2,39,38,40,0,0,1,175,111,61,64.5,Matches
329,Jordan Hugill,eng ENG,FW,Rotherham Utd,31,1992,25.9,6,0,0,65,51,13,7,2,1,0,0,0,41,161,204,44.1,Matches
330,Trai Hume,nir NIR,DF,Sunderland,21,2002,45.2,14,1,1,49,41,5,103,64,97,0,0,0,244,92,63,59.4,Matches
331,Bashir Humphreys,eng ENG,DF,Swansea City,20,2003,21.0,2,0,0,8,21,0,6,21,17,0,0,0,100,28,28,50.0,Matches
332,Cameron Humphreys,eng ENG,DF,Rotherham Utd,24,1998,22.5,5,0,0,12,3,0,2,32,11,0,1,0,96,35,24,59.3,Matches
333,Cameron Humphreys,eng ENG,DF,Ipswich Town,19,2003,1.1,0,0,0,1,0,1,7,2,1,0,0,0,3,4,2,66.7,Matches
334,Omari Hutchinson,eng ENG,"FW,MF",Ipswich Town,19,2003,24.4,3,0,0,55,36,11,93,15,28,0,0,0,116,10,23,30.3,Matches
335,Shaun Hutchinson,eng ENG,DF,Millwall,32,1990,8.5,2,0,0,11,6,0,3,19,8,0,0,0,36,33,14,70.2,Matches
336,Dominic Hyam,sct SCO,DF,Blackburn,27,1995,33.5,7,1,1,28,11,6,1,40,25,0,1,1,184,118,77,60.5,Matches
337,Adam Idah,ie IRL,FW,Norwich City,22,2001,14.2,2,0,0,14,6,9,4,3,5,0,0,0,31,15,26,36.6,Matches
338,Kelechi Iheanacho,ng NGA,FW,Leicester City,26,1996,10.2,1,0,0,12,11,6,2,3,1,0,0,0,13,3,15,16.7,Matches
339,Michael Ihiekwe,eng ENG,DF,Sheffield Weds,30,1992,21.4,4,0,0,19,10,4,0,24,9,0,1,1,67,73,40,64.6,Matches
340,Tom Ince,eng ENG,"FW,MF",Watford,31,1992,9.4,1,0,0,8,14,4,27,7,8,0,0,0,41,4,14,22.2,Matches
341,Matt Ingram,eng ENG,GK,Hull City,29,1993,9.1,1,0,0,0,2,0,0,0,0,0,0,0,6,2,0,100.0,Matches
342,Dominic Iorfa,eng ENG,DF,Sheffield Weds,28,1995,19.9,2,0,0,26,20,1,11,15,38,0,0,0,93,63,40,61.2,Matches
343,Tom Iorpenda,eng ENG,MF,Huddersfield,18,2005,0.6,0,0,0,1,4,0,0,1,0,0,0,0,1,0,0,,Matches
344,Frederick Issaka,wls WAL,FW,Plymouth Argyle,17,2006,0.4,0,0,0,1,0,0,0,0,2,0,0,0,2,0,1,0.0,Matches
345,Daniel Iversen,dk DEN,GK,Stoke City,26,1997,18.0,0,0,0,0,2,0,0,0,0,0,0,0,28,4,2,66.7,Matches
346,Ben Jackson,eng ENG,"DF,MF",Huddersfield,22,2001,14.9,3,0,0,8,18,0,41,14,24,0,0,0,64,9,14,39.1,Matches
347,Kayden Jackson,eng ENG,FW,Ipswich Town,29,1994,10.7,2,0,0,21,12,1,31,8,7,0,1,0,40,17,34,33.3,Matches
348,Matty Jacob,eng ENG,DF,Hull City,22,2001,8.9,3,0,0,12,5,0,10,9,13,0,0,0,24,22,24,47.8,Matches
349,Daniel James,wls WAL,FW,Leeds United,25,1997,27.6,4,0,0,14,42,8,214,8,16,1,1,0,98,18,25,41.9,Matches
350,Jordan James,wls WAL,"MF,FW",Birmingham City,19,2004,25.6,10,0,0,33,41,4,22,28,32,0,0,0,111,19,17,52.8,Matches
351,Joseph James,,DF,Bristol City,,,0.9,0,0,0,0,0,0,1,1,0,0,0,0,6,2,4,33.3,Matches
352,Matty James,eng ENG,MF,Bristol City,32,1991,32.1,0,0,0,22,13,0,29,29,31,1,0,0,156,24,26,48.0,Matches
353,Reece James,eng ENG,"DF,MF",Sheffield Weds,29,1993,3.4,0,0,0,5,2,1,12,4,4,0,0,0,23,7,4,63.6,Matches
354,Viktor Johansson,se SWE,GK,Rotherham Utd,24,1998,44.0,4,0,0,1,8,0,0,0,1,0,1,0,48,11,0,100.0,Matches
355,Daniel Johnson,jm JAM,"MF,FW",Stoke City,30,1992,18.1,5,0,0,28,11,2,90,16,17,0,0,0,97,5,18,21.7,Matches
356,Marvin Johnson,eng ENG,"DF,MF",Sheffield Weds,32,1990,26.2,6,0,0,20,35,1,129,35,27,0,0,0,150,22,20,52.4,Matches
357,Michael Johnston,ie IRL,FW,West Brom,24,1999,12.9,0,0,0,10,7,2,59,4,7,0,0,0,48,3,5,37.5,Matches
358,Nikola Jojić,rs SRB,MF,Stoke City,19,2003,0.0,0,0,0,1,0,0,0,0,0,0,0,0,0,0,0,,Matches
359,Alfie Jones,ca CAN,DF,Hull City,25,1997,45.0,7,0,0,27,15,0,0,45,20,0,0,0,211,91,78,53.8,Matches
360,Isaiah Jones,gy GUY,FW,Middlesbrough,24,1999,28.7,8,0,0,41,53,19,72,17,38,0,0,0,108,6,22,21.4,Matches
361,Patrick Jones,wls WAL,"FW,MF",Huddersfield,20,2003,1.8,0,0,0,4,3,1,8,2,2,0,0,0,11,0,1,0.0,Matches
362,Mateo Joseph,es ESP,"FW,MF",Leeds United,19,2003,2.6,1,0,0,9,3,0,0,1,1,0,0,0,12,6,14,30.0,Matches
363,Bae Junho,kr KOR,"FW,MF",Stoke City,19,2003,26.6,2,0,0,16,39,5,55,16,27,0,0,0,146,11,36,23.4,Matches
364,James Justin,eng ENG,DF,Leicester City,25,1998,29.1,4,0,0,23,32,0,31,44,42,0,0,0,138,55,36,60.4,Matches
365,Lukas Jutkiewicz,eng ENG,"FW,MF",Birmingham City,34,1989,6.3,1,0,0,11,11,5,3,1,2,0,0,0,19,74,42,63.8,Matches
366,Osman Kakay,sl SLE,DF,QPR,25,1997,17.5,3,0,0,21,7,0,34,12,22,0,0,0,84,19,16,54.3,Matches
367,Glen Kamara,fi FIN,MF,Leeds United,27,1995,30.0,3,0,0,18,38,1,2,33,20,0,0,0,153,21,19,52.5,Matches
368,David Kasumu,eng ENG,"MF,DF",Huddersfield,23,1999,26.1,6,0,0,52,50,0,41,22,25,0,0,0,116,17,30,36.2,Matches
369,Calum Kavanagh,ie IRL,"FW,DF",Middlesbrough,19,2003,0.1,0,0,0,0,0,0,1,0,0,0,0,0,0,0,0,,Matches
370,Edo Kayembe,cd COD,MF,Watford,25,1998,27.2,7,0,0,40,10,0,12,18,21,0,0,0,156,31,28,52.5,Matches
371,Joshua Kayode,ng NGA,"MF,FW",Rotherham Utd,30,1992,0.5,0,0,0,1,0,0,0,0,1,0,0,0,2,0,0,,Matches
372,Will Keane,ie IRL,"FW,MF",Preston,30,1993,29.0,4,0,0,46,15,15,3,10,18,1,0,0,83,38,89,29.9,Matches
373,Georgie Kelly,ie IRL,FW,Rotherham Utd,26,1996,3.5,1,0,0,12,11,3,0,2,3,0,0,0,14,13,29,31.0,Matches
374,Liam Kelly,sct SCO,MF,Coventry City,33,1990,9.9,1,0,0,17,15,0,4,10,15,0,0,0,63,9,14,39.1,Matches
375,Charlie Kelman,us USA,"MF,FW",QPR,21,2001,2.7,0,0,0,2,2,0,3,0,0,0,0,0,3,5,7,41.7,Matches
376,Kaine Kesler-Hayden,eng ENG,"DF,MF",Plymouth Argyle,20,2002,19.0,4,0,0,18,17,0,21,29,15,0,0,0,109,20,22,47.6,Matches
377,Josh Key,eng ENG,"DF,FW",Swansea City,23,1999,24.4,1,0,0,26,20,0,69,23,31,0,0,0,127,20,32,38.5,Matches
378,Brandon Khela,eng ENG,FW,Birmingham City,18,2005,0.0,0,0,0,0,0,0,0,0,0,0,0,0,1,0,0,,Matches
379,Andy King,wls WAL,"MF,DF",Bristol City,34,1988,4.6,1,0,0,2,4,0,3,4,7,0,0,0,20,2,4,33.3,Matches
380,Peter Kioso,cd COD,"DF,FW",Rotherham Utd,24,1998,10.6,0,0,0,17,16,1,34,6,23,1,1,0,30,22,19,53.7,Matches
381,Cédric Kipré,ci CIV,DF,West Brom,26,1996,42.5,11,0,0,32,23,4,6,65,33,0,2,0,190,103,58,64.0,Matches
382,Liam Kitching,eng ENG,DF,Coventry City,23,1999,24.8,4,3,0,15,15,0,4,35,16,0,0,2,116,54,40,57.4,Matches
383,Kristoffer Klaesson,no NOR,GK,Leeds United,22,2000,1.0,0,0,0,0,0,0,0,0,0,0,0,0,0,0,0,,Matches
384,Jason Knight,ie IRL,"MF,FW",Bristol City,22,2001,42.6,4,0,0,45,69,10,52,41,43,0,0,0,190,67,79,45.9,Matches
385,Jamie Knight-Lebel,ca CAN,DF,Bristol City,18,2004,0.3,0,0,0,0,0,0,0,0,1,0,0,0,1,2,2,50.0,Matches
386,Rayan Kolli,dz ALG,"FW,MF",QPR,18,2005,1.9,0,0,0,5,4,1,1,0,0,0,0,0,2,11,22,33.3,Matches
387,Ismaël Koné,ca CAN,MF,Watford,21,2002,28.4,3,0,0,33,53,5,17,16,27,0,0,0,125,14,23,37.8,Matches
388,Josh Koroma,sl SLE,"FW,MF",Huddersfield,24,1998,26.9,2,0,0,32,34,17,61,8,18,0,0,0,115,23,79,22.5,Matches
389,Mykola Kukharevych,ua UKR,"FW,MF",Swansea City,22,2001,1.6,0,0,0,4,1,0,0,1,2,0,0,0,10,9,15,37.5,Matches
390,Freddie Ladapo,eng ENG,FW,Ipswich Town,30,1993,3.9,0,0,0,2,5,1,4,0,2,0,0,0,8,7,15,31.8,Matches
391,Ethan Laird,eng ENG,DF,Birmingham City,22,2001,22.2,7,0,0,22,49,4,36,40,41,1,0,0,90,64,42,60.4,Matches
392,Ziyad Larkeche,fr FRA,"DF,FW",QPR,20,2002,4.2,1,0,0,10,1,0,16,2,8,0,0,0,24,6,7,46.2,Matches
393,Joël Latibeaudière,jm JAM,"DF,MF",Coventry City,23,2000,30.3,8,0,0,51,33,1,18,35,41,1,1,0,152,54,47,53.5,Matches
394,Emmanuel Latte Lath,ci CIV,FW,Middlesbrough,24,1999,23.2,6,0,0,33,25,15,9,7,15,0,0,0,38,38,67,36.2,Matches
395,Josh Laurent,eng ENG,MF,Stoke City,28,1995,29.9,8,0,0,60,29,5,36,29,39,1,0,0,175,47,61,43.5,Matches
396,Ryan Ledson,eng ENG,MF,Preston,25,1997,17.2,7,0,0,38,23,0,8,23,31,0,1,0,76,33,21,61.1,Matches
397,Tom Lees,eng ENG,DF,Huddersfield,32,1990,28.0,4,0,0,13,15,2,0,29,20,0,0,1,132,95,50,65.5,Matches
398,Greg Leigh,jm JAM,DF,Ipswich Town,28,1994,0.0,0,0,0,0,0,0,0,0,0,0,0,0,2,0,0,,Matches
399,Dexter Lembikisa,jm JAM,DF,Rotherham Utd,19,2003,22.3,3,0,0,5,10,1,47,24,37,0,0,0,119,16,23,41.0,Matches
400,Darragh Lenihan,ie IRL,DF,Middlesbrough,29,1994,8.0,1,0,0,3,9,0,1,8,5,0,0,1,48,29,24,54.7,Matches
401,Charlie Lennon,eng ENG,"FW,MF",Middlesbrough,17,2006,0.2,0,0,0,0,0,0,0,0,0,0,0,0,2,0,0,,Matches
402,Harry Leonard,eng ENG,FW,Blackburn,19,2003,9.3,2,0,0,9,9,5,3,4,5,0,0,0,24,15,22,40.5,Matches
403,Ryan Leonard,eng ENG,DF,Millwall,31,1992,30.1,9,0,0,36,38,0,40,35,55,0,1,0,185,58,34,63.0,Matches
404,Mehdi Léris,dz ALG,"FW,MF",Stoke City,25,1998,17.6,5,0,0,34,21,11,66,14,18,0,0,0,87,74,73,50.3,Matches
405,Jamal Lewis,nir NIR,"DF,MF",Watford,25,1998,30.8,4,0,0,20,9,2,98,19,46,0,0,0,147,6,17,26.1,Matches
406,Jamie Lindsay,sct SCO,MF,Rotherham Utd,27,1995,12.0,3,0,0,10,10,0,4,10,9,0,0,0,43,6,8,42.9,Matches
407,Liam Lindsay,sct SCO,DF,Preston,27,1995,45.7,10,0,0,43,25,2,3,70,48,0,1,0,200,175,63,73.5,Matches
408,Jake Livermore,eng ENG,MF,Watford,33,1989,23.0,9,0,0,47,10,3,1,25,23,0,1,0,120,16,17,48.5,Matches
409,Jason Lokilo,be BEL,"FW,MF",Hull City,24,1998,7.9,2,0,0,10,21,3,30,3,4,0,0,0,30,0,9,0.0,Matches
410,George Long,eng ENG,GK,Norwich City,29,1993,6.7,0,0,0,0,0,0,0,0,0,0,0,0,6,1,0,100.0,Matches
411,Kevin Long,ie IRL,DF,Birmingham City,32,1990,16.1,3,0,0,13,4,0,0,8,15,0,0,0,73,60,23,72.3,Matches
412,Emmanuel Longelo,eng ENG,DF,Birmingham City,22,2000,11.3,4,0,0,12,9,1,37,12,17,0,0,0,60,16,21,43.2,Matches
413,Ryan Longman,eng ENG,"MF,FW",Millwall,22,2000,19.2,5,0,0,30,12,7,101,13,28,0,0,0,96,38,46,45.2,Matches
414,Imran Louza,ma MAR,MF,Watford,24,1999,10.2,4,0,0,21,6,2,48,5,11,0,0,0,60,1,10,9.1,Matches
415,Jamal Lowe,jm JAM,"FW,MF",Swansea City,29,1994,25.0,5,0,0,35,31,21,39,15,17,0,0,0,103,22,61,26.5,Matches
416,Nathan Lowe,eng ENG,FW,Stoke City,17,2005,4.3,0,0,0,5,3,0,2,0,1,0,0,0,10,15,21,41.7,Matches
417,Massimo Luongo,au AUS,MF,Ipswich Town,30,1992,35.1,11,0,0,64,59,0,25,54,65,0,0,0,224,34,19,64.2,Matches
418,Yann M'Vila,fr FRA,MF,West Brom,33,1990,3.1,2,0,0,3,3,0,0,4,4,0,1,0,9,7,2,77.8,Matches
419,Josh Maja,ng NGA,FW,West Brom,24,1998,2.2,0,0,0,0,6,1,0,1,1,0,0,0,7,0,8,0.0,Matches
420,Million Manhoef,nl NED,FW,Stoke City,21,2002,9.1,2,0,0,19,10,5,35,4,9,0,0,0,47,3,10,23.1,Matches
421,Ryan Manning,ie IRL,DF,Southampton,27,1996,30.5,9,0,0,27,45,0,208,24,41,1,0,0,188,33,22,60.0,Matches
422,Sekou Mara,fr FRA,FW,Southampton,21,2002,6.3,1,0,0,11,15,0,1,4,5,1,0,0,26,14,15,48.3,Matches
423,Wanya Marcal-Madivadua,pt POR,FW,Leicester City,20,2002,1.6,0,0,0,1,3,0,5,0,2,0,0,0,5,1,0,100.0,Matches
424,Dilan Markanday,eng ENG,"FW,MF",Blackburn,21,2001,8.5,0,0,0,10,9,0,23,6,13,0,0,0,51,4,9,30.8,Matches
425,Callum Marshall,nir NIR,FW,West Brom,18,2004,0.6,0,0,0,2,0,0,0,0,0,0,0,0,5,0,1,0.0,Matches
426,Matheus Martins,br BRA,"FW,MF",Watford,20,2003,19.6,3,0,0,17,40,4,66,7,21,0,0,0,90,8,24,25.0,Matches
427,Zavier Massiah,eng ENG,MF,Watford,16,2007,0.0,0,0,0,1,0,0,0,0,0,0,0,0,0,0,0,,Matches
428,Alex Matos,eng ENG,MF,Huddersfield,18,2004,14.2,6,0,0,40,29,0,4,27,26,0,1,0,66,13,24,35.1,Matches
429,Ajay Matthews,eng ENG,FW,Middlesbrough,17,2006,0.1,0,0,0,0,0,0,0,0,0,0,0,0,0,0,1,0.0,Matches
430,Stephy Mavididi,eng ENG,FW,Leicester City,25,1998,39.9,6,0,0,37,47,20,153,19,50,2,1,0,189,8,25,24.2,Matches
431,Noah Mawene,eng ENG,MF,Preston,18,2005,1.9,1,0,0,4,1,0,0,4,6,0,0,0,10,0,2,0.0,Matches
432,Theo Mawene,eng ENG,FW,Preston,16,2007,0.1,0,0,0,0,0,0,0,0,0,0,0,0,0,0,0,,Matches
433,Chris Maxwell,wls WAL,GK,Huddersfield,33,1990,7.7,0,0,0,0,2,0,0,0,0,0,0,0,5,0,0,,Matches
434,Eliezer Mayenda,es ESP,"FW,MF",Sunderland,18,2005,2.1,0,0,0,3,4,0,1,0,1,0,0,0,5,3,7,30.0,Matches
435,Adam Mayor,eng ENG,"MF,FW",Millwall,18,2005,0.6,0,0,0,1,1,0,7,0,1,0,0,0,1,0,1,0.0,Matches
436,Kasey McAteer,ie IRL,FW,Leicester City,21,2001,12.9,2,0,0,21,19,7,24,6,13,0,0,0,54,18,14,56.3,Matches
437,Law McCabe,eng ENG,MF,Middlesbrough,17,2006,1.1,0,0,0,2,0,0,0,2,1,0,0,0,5,0,3,0.0,Matches
438,Sam McCallum,eng ENG,DF,Norwich City,22,2000,16.4,3,0,0,11,27,4,54,45,22,0,0,0,83,54,28,65.9,Matches
439,Alistair McCann,nir NIR,MF,Preston,23,1999,23.0,10,0,0,41,10,0,11,42,58,0,1,0,156,33,22,60.0,Matches
440,Jamie McCart,sct SCO,DF,Rotherham Utd,26,1997,0.1,0,0,0,0,0,0,0,0,2,0,0,0,0,1,0,100.0,Matches
441,Alex McCarthy,eng ENG,GK,Southampton,33,1989,5.0,0,0,0,0,0,0,0,1,0,0,0,0,2,0,0,,Matches
442,Ross McCrorie,sct SCO,"DF,MF",Bristol City,25,1998,13.1,3,0,0,11,29,2,19,7,12,0,0,0,39,43,46,48.3,Matches
443,Kyle McFadzean,sct SCO,DF,Blackburn,36,1987,10.0,2,1,0,14,4,0,0,15,8,0,1,0,76,23,7,76.7,Matches
444,Kyle McFadzean,sct SCO,DF,Coventry City,36,1987,14.3,4,0,0,11,9,0,3,22,8,0,1,0,98,19,15,55.9,Matches
445,Riley McGree,au AUS,"FW,MF",Middlesbrough,24,1998,14.0,2,0,0,9,11,2,20,9,12,0,0,0,65,6,8,42.9,Matches
446,Ciaran McGuckin,nir NIR,"FW,MF",Rotherham Utd,19,2003,0.7,0,0,0,1,0,0,0,1,5,0,0,0,5,1,2,33.3,Matches
447,Mark McGuinness,ie IRL,DF,Cardiff City,22,2001,28.8,2,0,0,12,11,0,2,38,19,0,1,0,108,76,35,68.5,Matches
448,Kenny McLean,sct SCO,"MF,DF",Norwich City,31,1992,45.4,11,0,0,37,79,1,32,54,52,1,1,0,275,39,40,49.4,Matches
449,Sean McLoughlin,ie IRL,DF,Hull City,26,1996,13.0,1,0,0,4,16,0,1,20,1,0,0,0,70,42,16,72.4,Matches
450,Paddy McNair,nir NIR,DF,Middlesbrough,28,1995,19.5,2,0,0,6,21,1,17,11,8,0,0,0,95,31,18,63.3,Matches
451,Luke McNally,ie IRL,DF,Stoke City,23,1999,35.5,7,0,0,32,11,1,2,47,48,0,1,0,115,124,58,68.1,Matches
452,Dan McNamara,ie IRL,"DF,MF",Millwall,24,1998,23.0,7,0,0,28,18,0,28,35,32,0,0,0,113,34,32,51.5,Matches
453,Dire Mebude,sct SCO,FW,Bristol City,19,2004,0.5,0,0,0,0,1,0,0,1,0,0,0,0,1,0,1,0.0,Matches
454,Anis Mehmeti,al ALB,"MF,FW",Bristol City,22,2001,20.7,2,0,0,25,15,14,79,4,20,0,0,0,90,7,24,22.6,Matches
455,Yakou Méïte,ci CIV,FW,Cardiff City,27,1996,23.9,7,0,0,51,28,13,23,6,18,0,0,0,40,158,158,50.0,Matches
456,Illan Meslier,fr FRA,GK,Leeds United,23,2000,43.6,3,1,0,0,6,0,0,0,1,0,0,0,39,13,1,92.9,Matches
457,Liam Millar,ca CAN,"DF,MF",Preston,23,1999,28.3,3,0,0,21,37,6,116,24,27,0,0,0,161,20,27,42.6,Matches
458,Mickel Miller,eng ENG,"DF,MF",Plymouth Argyle,27,1995,19.5,12,0,0,37,24,6,97,26,34,0,0,0,112,20,42,32.3,Matches
459,Billy Mitchell,eng ENG,MF,Millwall,23,2000,24.6,4,0,0,24,11,0,20,32,21,0,0,0,173,36,29,55.4,Matches
460,Koji Miyoshi,jp JPN,"FW,MF",Birmingham City,26,1997,27.7,5,0,0,36,25,10,68,22,26,1,0,0,137,8,29,21.6,Matches
461,Ryan Mmaee,ma MAR,FW,Stoke City,25,1997,16.7,1,0,0,15,35,11,8,2,11,1,0,0,40,36,70,34.0,Matches
462,Jayson Molumby,ie IRL,MF,West Brom,23,1999,12.3,4,0,0,13,5,0,8,9,9,0,0,0,68,13,12,52.0,Matches
463,Kieffer Moore,wls WAL,FW,Ipswich Town,30,1992,12.7,1,0,0,26,21,4,7,3,7,0,0,0,31,87,43,66.9,Matches
464,Wesley Moraes,br BRA,"FW,MF",Stoke City,26,1996,7.4,1,0,0,8,16,4,4,2,2,0,0,0,24,26,49,34.7,Matches
465,Andrew Moran,ie IRL,"FW,MF",Blackburn,19,2003,20.6,4,0,0,18,35,2,42,12,31,0,0,0,98,3,18,14.3,Matches
466,James Morris,eng ENG,DF,Watford,21,2001,8.6,2,0,0,12,7,0,38,15,11,0,0,0,34,10,8,55.6,Matches
467,Elijah Morrison,eng ENG,MF,Bristol City,17,2006,0.1,0,0,0,1,0,0,0,0,0,0,0,0,0,0,1,0.0,Matches
468,Sean Morrison,eng ENG,DF,Rotherham Utd,32,1991,21.6,3,0,0,15,4,1,2,30,16,0,0,0,71,79,26,75.2,Matches
469,Sam Morsy,eg EGY,MF,Ipswich Town,31,1991,41.7,14,0,0,73,45,0,50,34,80,0,0,0,316,30,30,50.0,Matches
470,Tyler Morton,eng ENG,MF,Hull City,20,2002,33.0,8,1,0,38,9,1,95,24,32,0,0,0,162,15,27,35.7,Matches
471,Alex Mowatt,eng ENG,MF,West Brom,28,1995,36.1,3,0,0,17,42,0,142,31,34,0,0,0,201,35,17,67.3,Matches
472,Bali Mumba,eng ENG,"FW,DF",Plymouth Argyle,21,2001,32.8,11,0,0,48,47,5,27,22,44,0,1,1,127,20,27,42.6,Matches
473,Romaine Mundle,eng ENG,"MF,FW",Sunderland,20,2003,5.4,1,0,0,12,9,3,15,3,5,0,0,0,27,6,11,35.3,Matches
474,Anthony Musaba,nl NED,"FW,MF",Sheffield Weds,22,2000,29.1,6,0,0,25,29,4,25,6,23,0,0,0,103,14,44,24.1,Matches
475,Kal Naismith,sct SCO,DF,Bristol City,31,1992,9.9,1,0,0,8,11,0,26,12,10,0,1,0,86,35,18,66.0,Matches
476,Yuta Nakayama,jp JPN,DF,Huddersfield,26,1997,18.8,2,0,0,14,20,2,19,17,21,0,0,0,102,37,33,52.9,Matches
477,Kyle Naughton,eng ENG,DF,Swansea City,34,1988,8.5,2,0,0,7,6,0,19,13,12,0,0,0,45,15,12,55.6,Matches
478,Wilfred Ndidi,ng NGA,MF,Leicester City,26,1996,23.6,5,0,0,33,25,3,38,27,25,1,0,0,104,31,28,52.5,Matches
479,Dan Neil,eng ENG,MF,Sunderland,21,2001,41.0,3,1,1,25,45,0,44,39,48,0,0,0,235,26,31,45.6,Matches
480,Benjamin Nelson,eng ENG,DF,Leicester City,19,2004,2.3,2,0,0,5,1,0,0,5,5,0,0,0,13,3,4,42.9,Matches
481,Perry Ng,eng ENG,DF,Cardiff City,27,1996,37.8,9,0,0,39,43,1,69,61,75,0,1,0,206,62,39,61.4,Matches
482,Jeremy Ngakia,,DF,Watford,22,2000,10.2,1,0,0,19,4,1,36,13,17,0,0,0,59,14,12,53.8,Matches
483,Lee Nicholls,eng ENG,GK,Huddersfield,30,1992,36.7,4,0,0,0,5,0,0,0,0,0,0,0,22,5,1,83.3,Matches
484,Kevin Nisbet,sct SCO,FW,Millwall,26,1997,15.5,1,0,0,15,6,13,3,3,7,0,0,0,37,39,48,44.8,Matches
485,Sam Nombe,eng ENG,"FW,MF",Rotherham Utd,24,1998,25.2,3,0,0,39,24,28,29,5,11,0,1,0,64,76,166,31.4,Matches
486,Casper de Norre,be BEL,MF,Millwall,26,1997,22.4,3,0,0,17,13,0,12,32,30,0,0,0,168,18,16,52.9,Matches
487,Brooke Norton-Cuffy,eng ENG,"DF,MF",Millwall,19,2004,25.3,4,0,0,19,23,2,81,24,35,0,0,0,121,43,55,43.9,Matches
488,Marcelino Núñez,cl CHI,MF,Norwich City,23,2000,25.1,6,0,0,41,15,1,79,10,33,0,0,0,113,16,30,34.8,Matches
489,Lewis O'Brien,eng ENG,MF,Middlesbrough,24,1998,17.5,1,0,0,22,29,0,27,17,24,0,0,0,90,11,12,47.8,Matches
490,Callum O'Dowda,ie IRL,"FW,DF",Cardiff City,28,1995,6.1,0,0,0,8,10,0,12,3,7,0,0,0,28,17,15,53.1,Matches
491,Callum O'Hare,eng ENG,"MF,FW",Coventry City,25,1998,19.6,1,0,0,19,43,1,18,8,17,0,0,0,102,6,18,25.0,Matches
492,Max O'Leary,ie IRL,GK,Bristol City,26,1996,46.0,1,0,0,0,9,0,0,2,0,0,0,0,44,10,2,83.3,Matches
493,Luke O'Nien,eng ENG,DF,Sunderland,28,1994,43.0,12,0,0,39,50,3,15,63,39,0,1,0,261,80,52,60.6,Matches
494,Connor O'Riordan,ie IRL,DF,Blackburn,19,2003,0.5,0,0,0,0,0,0,0,1,0,0,0,0,1,2,1,66.7,Matches
495,Marcel Oakley,eng ENG,DF,Birmingham City,20,2002,0.3,0,0,0,0,0,0,0,0,0,0,0,0,0,0,0,,Matches
496,Michael Obafemi,ie IRL,FW,Millwall,23,2000,10.2,2,0,0,13,11,6,3,1,2,0,0,0,27,3,27,10.0,Matches
497,Hakeem Odoffin,eng ENG,"DF,MF",Rotherham Utd,25,1998,34.5,4,0,0,51,40,2,24,72,50,1,0,0,134,94,69,57.7,Matches
498,Noah Ohio,nl NED,FW,Hull City,20,2003,2.7,0,0,0,8,2,1,0,1,0,0,0,0,11,3,9,25.0,Matches
499,Andrew Omobamidele,ie IRL,DF,Norwich City,21,2002,0.2,1,0,0,0,0,0,0,1,0,0,0,0,2,2,1,66.7,Matches
500,Abdülkadir Ömür,tr TUR,"MF,FW",Hull City,24,1999,11.0,0,0,0,8,15,2,40,9,20,0,0,0,60,8,22,26.7,Matches
501,Fred Onyedinma,eng ENG,"FW,MF",Rotherham Utd,26,1996,13.8,2,1,1,19,21,5,12,7,12,0,0,0,72,34,42,44.7,Matches
502,Milutin Osmajić,me MNE,FW,Preston,24,1999,19.4,4,0,0,30,18,29,7,2,7,1,0,0,44,17,61,21.8,Matches
503,Kenneth Paal,sr SUR,DF,QPR,26,1997,42.2,3,0,0,32,49,4,181,47,50,0,1,0,186,38,43,46.9,Matches
504,Alex Palmer,eng ENG,GK,West Brom,26,1996,46.0,3,0,0,1,3,0,0,0,0,0,0,0,66,12,2,85.7,Matches
505,Kasey Palmer,jm JAM,"MF,FW",Coventry City,26,1996,19.9,8,0,0,39,45,3,33,8,25,1,0,0,78,19,37,33.9,Matches
506,Liam Palmer,sct SCO,"DF,MF",Sheffield Weds,31,1991,26.6,8,0,0,32,13,2,23,30,29,0,0,0,135,14,11,56.0,Matches
507,Jonathan Panzo,eng ENG,DF,Cardiff City,22,2000,0.9,2,0,0,2,0,0,0,3,1,0,0,0,6,2,3,40.0,Matches
508,Samuel Parker,wls WAL,FW,Swansea City,17,2006,1.5,0,0,0,2,2,0,1,1,4,0,0,0,10,1,0,100.0,Matches
509,Callum Paterson,sct SCO,"MF,DF",Sheffield Weds,28,1994,17.9,6,0,0,28,24,2,47,13,21,0,0,0,54,71,61,53.8,Matches
510,Jamie Paterson,eng ENG,"MF,FW",Swansea City,31,1991,35.8,8,0,0,25,45,9,174,24,40,0,0,0,148,7,26,21.2,Matches
511,Charlie Patino,eng ENG,MF,Swansea City,19,2003,14.0,3,1,1,20,28,1,47,17,7,0,0,0,72,26,32,44.8,Matches
512,Anthony Patterson,eng ENG,GK,Sunderland,23,2000,45.0,1,0,0,2,1,1,0,0,0,0,1,0,51,12,1,92.3,Matches
513,Aynsley Pears,eng ENG,GK,Blackburn,25,1998,25.7,1,0,0,0,2,0,0,0,1,0,0,2,34,6,0,100.0,Matches
514,Ben Pearson,eng ENG,MF,Stoke City,28,1995,20.5,13,1,1,30,17,1,3,39,20,0,1,1,162,15,17,46.9,Matches
515,Matty Pearson,eng ENG,DF,Huddersfield,29,1993,36.0,5,0,0,40,31,5,19,39,28,0,1,1,152,101,81,55.5,Matches
516,Kristian Pedersen,dk DEN,"DF,FW",Sheffield Weds,28,1994,1.5,1,0,0,5,0,0,5,1,2,0,0,0,9,7,4,63.6,Matches
517,Kristian Pedersen,dk DEN,DF,Swansea City,28,1994,3.2,0,0,0,5,3,0,4,8,5,0,1,0,15,11,5,68.8,Matches
518,Lee Peltier,eng ENG,DF,Rotherham Utd,36,1986,20.3,6,0,0,14,5,1,2,16,26,0,1,0,60,52,27,65.8,Matches
519,Timothee Pembele,fr FRA,"MF,DF",Sunderland,20,2002,3.2,0,0,0,5,0,1,6,4,4,0,0,0,7,3,4,42.9,Matches
520,Ricardo Pereira,pt POR,"DF,MF",Leicester City,29,1993,36.4,8,0,0,34,38,0,16,53,63,0,0,0,208,35,44,44.3,Matches
521,Sonny Perkins,eng ENG,FW,Leeds United,19,2004,0.0,0,0,0,0,0,0,0,0,0,0,0,0,0,0,0,,Matches
522,Ashley Phillips,wls WAL,DF,Plymouth Argyle,18,2005,15.4,3,0,0,15,14,0,0,16,9,0,0,1,40,32,30,51.6,Matches
523,Dillon Phillips,eng ENG,GK,Rotherham Utd,28,1995,2.0,1,0,0,1,0,0,0,0,0,0,1,0,0,1,0,100.0,Matches
524,Matt Phillips,sct SCO,"DF,FW",West Brom,32,1991,17.0,3,0,0,12,10,3,83,14,13,0,0,0,79,14,21,40.0,Matches
525,Nathaniel Phillips,eng ENG,DF,Cardiff City,26,1997,17.0,2,0,0,8,5,0,0,13,16,0,0,0,65,68,26,72.3,Matches
526,Jaden Philogene Bidace,eng ENG,"FW,MF",Hull City,21,2002,31.2,8,0,0,45,64,15,71,21,48,0,0,0,134,13,43,23.2,Matches
527,Joey Phuthi,zw ZIM,FW,Sheffield Weds,18,2005,0.1,0,0,0,1,0,0,0,0,0,0,0,0,1,0,0,,Matches
528,Harry Pickering,eng ENG,DF,Blackburn,24,1998,33.3,3,1,0,23,35,4,124,32,48,0,0,0,160,56,52,51.9,Matches
529,Erik Pieters,nl NED,DF,West Brom,34,1988,17.5,2,0,0,11,8,0,8,19,14,0,0,0,94,34,18,65.4,Matches
530,Pipa,es ESP,"DF,MF",West Brom,25,1998,2.8,1,0,0,3,0,0,6,1,4,0,0,0,14,1,4,20.0,Matches
531,Joël Piroe,nl NED,"MF,FW",Leeds United,23,1999,28.0,2,0,0,18,12,12,3,6,19,0,0,0,109,16,40,28.6,Matches
532,Joël Piroe,nl NED,FW,Swansea City,23,1999,3.0,0,0,0,3,2,1,0,4,2,0,0,0,3,4,12,25.0,Matches
533,Julio Pleguezuelo,es ESP,DF,Plymouth Argyle,26,1997,22.0,3,0,0,30,24,0,4,32,17,0,1,0,104,45,47,48.9,Matches
534,Matthew Pollock,eng ENG,DF,Watford,21,2001,10.7,3,0,0,13,10,1,4,15,11,0,0,0,38,38,26,59.4,Matches
535,Ryan Porteous,sct SCO,DF,Watford,24,1999,33.7,14,0,0,49,44,2,6,61,40,0,1,0,162,59,35,62.8,Matches
536,Brad Potts,eng ENG,DF,Preston,29,1994,29.5,8,0,0,25,35,8,93,45,54,0,0,0,188,50,57,46.7,Matches
537,Ian Poveda,eng ENG,"MF,FW",Leeds United,23,2000,1.7,0,0,0,3,4,0,6,1,2,0,0,0,12,0,1,0.0,Matches
538,Ian Poveda,eng ENG,"MF,FW",Sheffield Weds,23,2000,6.3,0,0,0,9,13,1,9,2,3,0,0,0,30,0,3,0.0,Matches
539,Dennis Praet,be BEL,MF,Leicester City,29,1994,6.9,0,0,0,5,7,2,18,5,1,1,0,0,28,6,8,42.9,Matches
540,Cameron Pring,eng ENG,DF,Bristol City,25,1998,37.8,9,0,0,47,32,2,81,53,58,0,2,0,194,94,67,58.4,Matches
541,Alex Pritchard,eng ENG,"MF,FW",Sunderland,30,1993,12.5,3,0,0,10,23,0,114,6,11,0,0,0,59,0,4,0.0,Matches
542,Alex Pritchard,eng ENG,"MF,FW",Birmingham City,30,1993,3.7,0,0,0,2,4,0,16,4,4,0,0,0,18,0,1,0.0,Matches
543,Przemysław Płacheta,pl POL,"FW,DF",Norwich City,25,1998,5.1,0,0,0,8,3,0,28,1,5,0,0,0,29,3,13,18.8,Matches
544,Przemysław Płacheta,pl POL,FW,Swansea City,25,1998,7.4,0,0,0,8,4,3,41,0,11,0,0,0,25,3,9,25.0,Matches
545,Bojan Radulovic,rs SRB,FW,Huddersfield,23,1999,4.2,2,0,0,7,4,1,2,1,2,0,0,0,8,18,30,37.5,Matches
546,Arjan Raikhy,eng ENG,MF,Leicester City,20,2002,0.0,0,0,0,0,0,0,0,1,0,0,0,0,0,0,1,0.0,Matches
547,Mileta Rajovic,dk DEN,FW,Watford,24,1999,20.6,1,0,0,20,8,7,0,4,4,0,0,0,50,52,86,37.7,Matches
548,Joe Ralls,eng ENG,MF,Cardiff City,29,1993,25.7,3,0,0,50,8,0,114,21,37,0,0,0,133,22,18,55.0,Matches
549,Calvin Ramsay,sct SCO,DF,Preston,20,2003,1.5,0,0,0,0,2,0,1,1,3,0,0,0,10,1,1,50.0,Matches
550,Aaron Ramsey,wls WAL,"MF,FW",Cardiff City,32,1990,8.0,2,0,0,13,8,1,32,5,9,0,0,0,51,3,15,16.7,Matches
551,Adam Randell,eng ENG,MF,Plymouth Argyle,22,2000,30.7,10,0,0,25,37,2,92,34,34,0,0,0,173,46,45,50.5,Matches
552,Joe Rankin-Costello,eng ENG,"MF,DF",Blackburn,24,1999,18.5,7,0,0,19,15,2,36,22,19,1,0,0,104,15,24,38.5,Matches
553,Oliver Rathbone,eng ENG,MF,Rotherham Utd,26,1996,36.5,8,0,0,46,23,3,126,49,53,0,0,0,194,38,44,46.3,Matches
554,Adam Reach,eng ENG,"DF,MF",West Brom,30,1993,7.1,1,0,0,6,7,1,18,9,9,0,1,0,37,9,9,50.0,Matches
555,Seb Revan,eng ENG,DF,Rotherham Utd,20,2003,30.4,6,0,0,22,23,2,78,30,37,0,0,0,117,35,50,41.2,Matches
556,Taylor Richards,eng ENG,"MF,FW",QPR,22,2000,0.6,0,0,0,1,0,1,1,0,0,0,0,0,0,0,1,0.0,Matches
557,Chris Rigg,eng ENG,"FW,MF",Sunderland,16,2007,8.9,1,0,0,10,16,6,8,2,10,0,1,0,34,4,11,26.7,Matches
558,Emil Riis Jakobsen,dk DEN,FW,Preston,25,1998,14.3,0,0,0,9,10,9,16,1,4,0,0,0,26,33,66,33.3,Matches
559,Andy Rinomhota,zw ZIM,MF,Rotherham Utd,26,1997,12.5,3,0,0,24,22,0,8,10,18,0,0,1,58,19,17,52.8,Matches
560,Andy Rinomhota,zw ZIM,"MF,FW",Cardiff City,26,1997,1.4,0,0,0,3,2,0,0,1,1,0,0,0,3,0,0,,Matches
561,Connor Roberts,wls WAL,"DF,FW",Leeds United,27,1995,3.5,1,0,0,2,2,0,17,1,3,0,0,0,15,1,3,25.0,Matches
562,Haydon Roberts,eng ENG,DF,Bristol City,21,2002,13.9,4,0,0,15,14,1,54,12,9,0,0,0,79,21,21,50.0,Matches
563,Marc Roberts,eng ENG,DF,Birmingham City,33,1990,9.2,0,0,0,8,1,0,4,9,4,0,0,0,38,38,18,67.9,Matches
564,Patrick Roberts,eng ENG,"MF,FW",Sunderland,26,1997,20.5,3,0,0,12,25,3,90,6,12,0,0,0,66,3,10,23.1,Matches
565,Tyler Roberts,wls WAL,"FW,MF",Birmingham City,24,1999,8.1,2,0,0,18,17,2,9,4,7,0,0,0,31,10,15,40.0,Matches
566,Callum Robinson,ie IRL,"MF,FW",Cardiff City,28,1995,9.4,0,0,0,2,6,3,23,4,2,0,0,0,50,8,12,40.0,Matches
567,Joe Rodon,wls WAL,DF,Leeds United,25,1997,41.4,7,1,1,18,23,2,0,50,34,0,0,1,182,124,61,67.0,Matches
568,Morgan Rogers,eng ENG,"MF,FW",Middlesbrough,21,2002,14.5,5,0,0,22,18,5,9,3,20,1,0,0,42,6,24,20.0,Matches
569,Mahlon Romeo,ag ATG,DF,Cardiff City,27,1995,8.5,2,1,1,6,8,0,9,11,10,0,0,0,33,5,6,45.5,Matches
570,Ronald,br BRA,FW,Swansea City,22,2001,15.8,0,0,0,19,38,10,82,6,25,3,0,0,63,18,35,34.0,Matches
571,Michael Rose,sct SCO,DF,Stoke City,27,1995,34.9,5,0,0,17,16,0,1,44,25,0,1,0,150,89,48,65.0,Matches
572,Joe Rothwell,eng ENG,MF,Southampton,28,1995,5.0,2,0,0,6,3,0,14,6,4,0,0,0,17,1,6,14.3,Matches
573,Jonathan Rowe,eng ENG,"FW,MF",Norwich City,20,2003,22.7,5,0,0,28,54,3,19,14,23,1,0,0,91,21,32,39.6,Matches
574,John Ruddy,eng ENG,GK,Birmingham City,36,1986,44.0,2,0,0,1,3,0,0,1,0,0,0,0,41,19,1,95.0,Matches
575,Jack Rudoni,eng ENG,"MF,FW",Huddersfield,23,2000,34.0,9,0,0,45,47,6,78,29,41,0,0,0,243,62,67,48.1,Matches
576,Josh Ruffels,eng ENG,DF,Huddersfield,29,1993,8.6,1,0,0,5,4,0,21,14,11,0,0,0,43,15,22,40.5,Matches
577,Carl Rushworth,eng ENG,GK,Swansea City,22,2001,46.0,1,0,0,1,9,0,0,3,1,0,0,1,66,7,1,87.5,Matches
578,Nazariy Rusyn,ua UKR,FW,Sunderland,24,1998,8.8,1,0,0,6,16,4,12,1,3,0,0,0,23,13,13,50.0,Matches
579,Georginio Rutter,fr FRA,"FW,MF",Leeds United,21,2002,41.5,6,0,0,68,113,28,25,20,43,3,0,0,158,46,60,43.4,Matches
580,Charles Sagoe Jr,eng ENG,FW,Swansea City,19,2004,0.3,0,0,0,0,1,0,1,0,0,0,0,0,0,1,1,50.0,Matches
581,Borja Sainz,es ESP,FW,Norwich City,22,2001,22.8,4,2,1,32,38,6,23,22,34,0,0,0,140,1,14,6.7,Matches
582,Tatsuhiro Sakamoto,jp JPN,"MF,FW",Coventry City,26,1996,20.5,3,0,0,21,42,2,83,16,19,1,0,0,85,11,16,40.7,Matches
583,Dion Sanderson,eng ENG,DF,Birmingham City,23,1999,36.7,2,1,0,31,18,1,1,50,24,0,0,1,124,63,48,56.8,Matches
584,Gabriel Sara,br BRA,"MF,FW",Norwich City,24,1999,45.6,5,0,0,30,62,6,258,33,54,0,0,0,226,24,38,38.7,Matches
585,Josh Sargent,us USA,FW,Norwich City,23,2000,20.6,2,0,0,16,30,13,3,5,5,0,0,0,39,25,31,44.6,Matches
586,Matija Šarkić,me MNE,GK,Millwall,26,1997,32.0,2,0,0,1,0,0,0,1,0,0,1,0,39,5,0,100.0,Matches
587,Jeremy Sarmiento,ec ECU,"FW,MF",West Brom,21,2002,8.1,2,0,0,13,17,0,16,5,13,0,0,0,32,11,9,55.0,Matches
588,Jeremy Sarmiento,ec ECU,FW,Ipswich Town,21,2002,7.1,2,0,0,13,12,0,7,3,10,0,0,0,23,7,17,29.2,Matches
589,George Saville,nir NIR,MF,Millwall,30,1993,29.5,11,1,0,61,62,1,133,50,48,0,1,0,166,54,35,60.7,Matches
590,Romaine Sawyers,kn SKN,MF,Cardiff City,31,1991,0.3,0,0,0,0,0,0,0,1,1,0,0,0,2,0,0,,Matches
591,Allahyar Sayyadmanesh,ir IRN,FW,Hull City,22,2001,0.7,2,0,0,5,2,0,1,1,0,0,0,0,4,2,1,66.7,Matches
592,Dane Scarlett,eng ENG,FW,Ipswich Town,19,2004,1.8,1,0,0,9,5,1,3,0,4,0,0,0,6,6,15,28.6,Matches
593,Dan Scarr,eng ENG,DF,Plymouth Argyle,28,1994,24.7,6,1,0,13,12,0,0,23,15,0,1,0,110,70,32,68.6,Matches
594,Joshua Seary,eng ENG,"DF,MF",Preston,18,2004,0.3,0,0,0,1,0,0,0,0,1,0,0,0,0,1,0,100.0,Matches
595,Jenson Seelt,nl NED,DF,Sunderland,20,2003,11.5,2,0,0,16,9,2,12,15,17,0,0,1,57,24,20,54.5,Matches
596,Tyrell Sellars-Fleming,eng ENG,FW,Hull City,18,2005,0.0,0,0,0,0,0,0,0,0,0,0,0,0,0,0,1,0.0,Matches
597,Ken Sema,se SWE,"FW,MF",Watford,29,1993,22.3,1,0,0,26,34,6,187,12,22,0,0,0,85,16,24,40.0,Matches
598,Luis Semedo,pt POR,"FW,MF",Sunderland,19,2003,5.6,1,0,0,10,2,5,1,0,8,0,0,0,16,4,14,22.2,Matches
599,Jean Seri,ci CIV,MF,Hull City,32,1991,35.3,9,0,0,32,29,0,17,29,32,0,1,0,231,19,14,57.6,Matches
600,Femi Seriki,eng ENG,"DF,FW",Rotherham Utd,21,2002,2.8,0,0,0,4,10,0,5,7,4,0,0,0,14,2,2,50.0,Matches
601,Paik Seung-ho,kr KOR,MF,Birmingham City,26,1997,14.6,1,0,0,8,17,2,53,5,15,0,0,0,77,21,12,63.6,Matches
602,Jamie Shackleton,eng ENG,"DF,FW",Leeds United,23,1999,7.5,2,0,0,5,1,2,3,4,11,0,0,0,33,3,8,27.3,Matches
603,Billy Sharp,eng ENG,"FW,MF",Hull City,37,1986,3.7,0,0,0,1,4,1,0,0,2,0,0,0,7,7,24,22.6,Matches
604,Ben Sheaf,eng ENG,MF,Coventry City,25,1998,28.8,7,0,0,39,38,0,38,42,60,0,0,0,219,20,26,43.5,Matches
605,Sol Sidibé,eng ENG,MF,Stoke City,16,2007,0.3,0,0,0,1,2,0,0,0,1,0,0,0,0,1,0,100.0,Matches
606,Francisco Sierralta,cl CHI,"DF,MF",Watford,26,1997,21.9,4,0,0,37,15,2,1,15,13,0,0,0,114,60,45,57.1,Matches
607,Arnór Sigurðsson,is ISL,"FW,MF",Blackburn,24,1999,16.2,1,0,0,17,13,3,17,5,7,0,0,0,61,7,19,26.9,Matches
608,Sam Silvera,au AUS,FW,Middlesbrough,22,2000,15.2,0,0,0,20,21,10,37,8,11,0,0,0,66,9,29,23.7,Matches
609,Tommy Simkin,eng ENG,GK,Stoke City,18,2004,1.0,0,0,0,0,0,0,0,0,0,0,0,0,1,0,0,,Matches
610,Ellis Simms,eng ENG,FW,Coventry City,22,2001,30.3,3,0,0,40,16,7,16,2,7,0,0,0,54,51,93,35.4,Matches
611,Xavier Simons,eng ENG,"MF,FW",Hull City,20,2003,0.2,0,0,0,0,0,0,0,0,0,0,0,0,1,1,0,100.0,Matches
612,Jack Simpson,eng ENG,DF,Cardiff City,26,1996,0.2,1,0,0,1,0,0,0,0,0,0,0,0,0,0,1,0.0,Matches
613,Doğukan Sınık,tr TUR,FW,Hull City,24,1999,0.3,0,0,0,0,0,0,1,1,0,0,0,0,1,0,0,,Matches
614,Luis Sinisterra,co COL,MF,Leeds United,24,1999,1.9,0,0,0,3,1,0,1,0,1,0,0,0,10,3,2,60.0,Matches
615,Emmanouil Siopis,gr GRE,MF,Cardiff City,29,1994,36.5,6,0,0,21,48,0,6,54,44,0,0,0,249,25,38,39.7,Matches
616,Regan Slater,eng ENG,"MF,DF",Hull City,23,1999,30.9,4,0,0,20,29,3,28,13,21,1,1,0,150,25,28,47.2,Matches
617,William Smallbone,ie IRL,MF,Southampton,23,2000,33.4,8,0,0,35,16,3,75,30,34,0,0,0,138,8,20,28.6,Matches
618,Andy Smith,sct SCO,MF,Hull City,21,2001,0.0,0,0,0,0,0,0,0,1,0,0,0,0,0,0,0,,Matches
619,Michael Smith,eng ENG,"FW,MF",Sheffield Weds,31,1991,13.7,2,0,0,40,13,12,5,1,4,0,0,0,28,68,63,51.9,Matches
620,Tommy Smith,eng ENG,DF,Middlesbrough,31,1992,4.3,3,1,1,7,3,0,8,10,5,0,0,0,25,4,2,66.7,Matches
621,Paul Smyth,nir NIR,"FW,MF",QPR,25,1997,24.3,8,0,0,39,69,8,111,17,22,0,0,0,103,16,28,36.4,Matches
622,Matthew Sorinola,eng ENG,"DF,MF",Plymouth Argyle,22,2001,5.8,2,0,0,9,15,0,22,2,6,0,0,0,24,4,14,22.2,Matches
623,Lino Sousa,eng ENG,"DF,MF",Plymouth Argyle,18,2005,3.0,1,0,0,2,2,1,14,1,4,0,0,0,4,3,3,50.0,Matches
624,Harry Souttar,au AUS,DF,Leicester City,24,1998,1.1,0,0,0,0,0,0,0,0,1,0,0,0,4,6,0,100.0,Matches
625,Djed Spence,eng ENG,DF,Leeds United,22,2000,4.3,0,0,0,3,5,0,10,8,11,0,0,0,31,3,2,60.0,Matches
626,Tony Springett,ie IRL,"FW,MF",Norwich City,20,2002,2.4,1,0,0,3,5,1,6,1,3,0,0,0,12,0,3,0.0,Matches
627,Jack Stacey,eng ENG,DF,Norwich City,27,1996,42.8,5,0,0,42,17,6,193,54,75,0,0,0,185,55,53,50.9,Matches
628,Jay Stansfield,eng ENG,"FW,MF",Birmingham City,20,2002,37.1,10,0,0,60,19,18,38,6,29,0,0,0,114,9,64,12.3,Matches
629,Jack Stephens,eng ENG,DF,Southampton,29,1994,16.6,6,0,0,15,3,4,5,19,14,0,0,0,89,20,2,90.9,Matches
630,Enda Stevens,ie IRL,DF,Stoke City,33,1990,17.1,7,1,1,29,9,1,43,21,20,0,1,0,110,22,21,51.2,Matches
631,Layton Stewart,eng ENG,"FW,MF",Preston,20,2002,2.5,2,0,0,12,3,2,0,0,4,0,0,0,8,5,13,27.8,Matches
632,Ross Stewart,sct SCO,FW,Southampton,27,1996,0.3,0,0,0,0,4,0,0,0,0,0,0,0,0,1,1,50.0,Matches
633,Jakub Stolarczyk,pl POL,GK,Leicester City,22,2000,2.0,0,0,0,0,0,0,0,0,0,0,0,0,1,0,0,,Matches
634,Jordan Storey,eng ENG,DF,Preston,25,1997,40.0,6,0,0,40,30,1,24,81,31,0,0,0,145,152,98,60.8,Matches
635,Pascal Struijk,nl NED,DF,Leeds United,23,1999,22.1,1,0,0,14,9,0,4,19,22,0,0,1,141,46,29,61.3,Matches
636,Callum Styles,hu HUN,"DF,MF",Sunderland,23,2000,9.0,2,0,0,12,11,0,17,8,14,0,0,0,49,5,7,41.7,Matches
637,Kamaldeen Sulemana,gh GHA,"FW,MF",Southampton,21,2002,10.6,4,1,0,24,19,5,29,6,10,0,0,0,46,1,7,12.5,Matches
638,Crysencio Summerville,nl NED,FW,Leeds United,21,2001,38.9,7,0,0,49,77,10,187,22,39,3,0,0,147,12,19,38.7,Matches
639,Ivan Šunjić,ba BIH,MF,Birmingham City,26,1996,29.2,11,0,0,57,14,1,11,53,37,0,0,0,154,15,27,35.7,Matches
640,John Swift,eng ENG,"MF,FW",West Brom,28,1995,20.7,1,0,0,13,15,4,97,10,14,0,0,0,94,9,24,27.3,Matches
641,Mark Sykes,ie IRL,"FW,MF",Bristol City,25,1997,28.7,3,0,0,21,39,5,73,20,23,1,0,0,153,28,39,41.8,Matches
642,Sammie Szmodics,ie IRL,"MF,FW",Blackburn,27,1995,43.3,8,0,0,21,42,43,78,17,19,0,0,0,127,7,16,30.4,Matches
643,Jakob Sørensen,dk DEN,"DF,MF",Norwich City,25,1998,5.5,1,0,0,7,1,0,1,4,4,0,0,0,16,9,11,45.0,Matches
644,Japhet Tanganga,eng ENG,DF,Millwall,24,1999,17.2,3,1,0,15,5,3,4,25,14,0,1,0,62,54,43,55.7,Matches
645,George Tanner,eng ENG,DF,Bristol City,23,1999,33.7,4,0,0,18,31,0,45,32,49,0,0,1,132,52,48,52.0,Matches
646,Ollie Tanner,eng ENG,"FW,DF",Cardiff City,21,2002,13.7,3,0,0,28,7,3,60,16,21,1,0,0,67,20,14,58.8,Matches
647,Fabio Tavares,eng ENG,"FW,DF",Coventry City,22,2001,2.0,0,0,0,1,0,0,18,0,2,0,0,0,5,0,2,0.0,Matches
648,Caleb Taylor,eng ENG,DF,West Brom,20,2003,0.3,0,0,0,2,2,0,0,0,0,0,0,0,1,1,1,50.0,Matches
649,Jack Taylor,ie IRL,MF,Ipswich Town,25,1998,9.8,3,0,0,16,11,0,6,19,14,1,0,0,64,13,14,48.1,Matches
650,Junior Tchamadeu,cm CMR,"DF,FW",Stoke City,19,2003,9.7,4,0,0,10,8,3,17,13,12,0,0,0,36,7,11,38.9,Matches
651,Semir Telalovic,de GER,FW,Blackburn,23,1999,3.4,0,0,0,3,5,5,0,1,4,0,0,0,8,10,20,33.3,Matches
652,Nathan Tella,ng NGA,FW,Southampton,24,1999,3.0,2,0,0,9,9,0,8,3,4,0,0,0,20,2,2,50.0,Matches
653,Bobby Thomas,eng ENG,DF,Coventry City,22,2001,41.8,9,0,0,39,40,2,9,54,41,0,1,2,223,102,71,59.0,Matches
654,Luke Thomas,eng ENG,DF,Middlesbrough,22,2001,7.3,0,0,0,10,12,0,17,7,16,0,0,0,42,9,7,56.3,Matches
655,Sorba Thomas,wls WAL,"FW,MF",Huddersfield,23,1999,38.1,11,1,1,33,58,7,474,11,13,0,0,0,209,5,33,13.2,Matches
656,Brandon Thomas-Asante,gh GHA,FW,West Brom,24,1998,30.4,5,1,1,29,44,21,11,16,5,0,0,0,88,20,84,19.2,Matches
657,Jordan Thompson,nir NIR,"DF,MF",Stoke City,26,1997,24.6,15,1,1,41,24,1,64,21,37,0,1,0,111,7,14,33.3,Matches
658,Christ Tiéhi,ci CIV,MF,Rotherham Utd,25,1998,34.0,3,0,0,43,26,0,17,39,43,0,0,0,266,29,44,39.7,Matches
659,Victor Torp,dk DEN,MF,Coventry City,24,1999,7.8,0,0,0,9,12,0,45,7,9,0,0,0,44,7,4,63.6,Matches
660,Conor Townsend,eng ENG,DF,West Brom,30,1993,34.7,2,0,0,23,31,4,109,29,41,1,0,0,126,66,44,60.0,Matches
661,Adama Traoré,ml MLI,"FW,MF",Hull City,28,1995,11.9,4,0,0,18,28,0,10,12,8,0,0,0,48,6,9,40.0,Matches
662,Mark Travers,ie IRL,GK,Stoke City,24,1999,13.0,0,0,0,0,2,0,0,0,0,0,0,0,10,1,0,100.0,Matches
663,Lewis Travis,eng ENG,MF,Ipswich Town,25,1997,3.7,3,0,0,8,10,0,2,3,13,0,0,0,23,6,2,75.0,Matches
664,Lewis Travis,eng ENG,"MF,DF",Blackburn,25,1997,13.2,7,0,0,28,20,2,18,23,25,0,0,0,80,10,9,52.6,Matches
665,Nectarios Triantis,gr GRE,DF,Sunderland,20,2003,1.0,1,0,0,1,0,0,0,1,0,0,0,0,2,1,0,100.0,Matches
666,Sondre Tronstad,no NOR,MF,Blackburn,27,1995,32.6,7,0,0,45,27,0,8,36,59,0,0,0,190,23,26,46.9,Matches
667,Axel Tuanzebe,cd COD,DF,Ipswich Town,25,1997,15.3,4,0,0,19,14,0,6,24,20,0,0,0,92,26,22,54.2,Matches
668,Ozan Tufan,tr TUR,"MF,FW",Hull City,28,1995,23.6,5,0,0,26,14,12,11,7,20,0,0,0,75,31,28,52.5,Matches
669,David Turnbull,sct SCO,"MF,FW",Cardiff City,24,1999,9.6,1,0,0,10,10,2,37,3,6,0,1,0,47,2,8,20.0,Matches
670,Oliver Turton,eng ENG,DF,Huddersfield,30,1992,1.9,0,0,0,3,1,0,5,1,1,0,1,0,6,1,3,25.0,Matches
671,Scott Twine,eng ENG,"MF,FW",Bristol City,24,1999,8.2,1,0,0,5,26,0,38,5,7,0,0,0,41,4,7,36.4,Matches
672,Scott Twine,eng ENG,"FW,MF",Hull City,24,1999,20.0,3,0,0,17,49,1,79,13,15,0,0,0,98,0,5,0.0,Matches
673,Josh Tymon,eng ENG,DF,Stoke City,24,1999,0.7,0,0,0,0,0,1,3,1,0,0,0,0,6,1,2,33.3,Matches
674,Josh Tymon,eng ENG,DF,Swansea City,24,1999,37.0,9,0,0,40,23,2,175,46,34,0,0,0,151,29,49,37.2,Matches
675,Ike Ugbo,ca CAN,FW,Cardiff City,24,1998,10.4,0,0,0,8,5,2,1,0,1,0,0,0,22,25,50,33.3,Matches
676,Ike Ugbo,ca CAN,"FW,MF",Sheffield Weds,24,1998,14.4,1,0,0,11,18,2,2,4,12,0,0,0,45,23,46,33.3,Matches
677,Hwang Ui-jo,kr KOR,"FW,MF",Norwich City,30,1992,8.6,0,0,0,6,5,10,4,1,1,0,0,0,18,8,14,36.4,Matches
678,Pol Valentín,es ESP,"DF,MF",Sheffield Weds,26,1997,24.5,2,0,0,28,21,1,64,19,27,0,1,0,102,15,38,28.3,Matches
679,Jamie Vardy,eng ENG,FW,Leicester City,36,1987,19.6,4,0,0,16,14,17,6,2,3,2,0,0,35,31,29,51.7,Matches
680,Devis Vásquez,co COL,GK,Sheffield Weds,25,1998,9.0,1,0,0,0,0,0,0,0,0,0,0,0,12,0,0,,Matches
681,Harry Vaughan,ie IRL,"MF,FW",Hull City,19,2004,1.6,0,0,0,3,1,0,3,0,3,0,0,0,13,0,1,0.0,Matches
682,Will Vaulks,wls WAL,MF,Sheffield Weds,29,1993,26.2,10,0,0,45,15,1,151,51,48,0,1,0,182,58,27,68.2,Matches
683,Jannik Vestergaard,dk DEN,DF,Leicester City,30,1992,41.3,13,0,0,35,21,1,0,42,32,1,0,0,212,107,41,72.3,Matches
684,André Vidigal,ao ANG,"FW,MF",Stoke City,24,1998,18.7,2,0,0,16,27,17,70,9,9,1,0,0,54,4,31,11.4,Matches
685,Rúben Vinagre,pt POR,DF,Hull City,24,1999,5.5,2,0,0,1,7,0,26,2,9,0,0,0,26,5,7,41.7,Matches
686,Andreas Voglsammer,de GER,"DF,FW",Millwall,31,1992,0.5,0,0,0,0,0,0,2,0,1,0,0,0,2,2,1,66.7,Matches
687,Zak Vyner,ke KEN,DF,Bristol City,26,1997,35.0,4,0,0,17,8,1,3,51,34,0,0,1,186,56,53,51.4,Matches
688,Leopold Wahlstedt,se SWE,GK,Blackburn,24,1999,20.3,0,0,0,0,3,0,0,0,1,0,0,0,23,3,0,100.0,Matches
689,Ben Waine,nz NZL,FW,Plymouth Argyle,22,2001,10.2,1,0,0,18,14,7,2,4,2,0,0,0,22,25,54,31.6,Matches
690,Kyle Walker-Peters,eng ENG,DF,Southampton,26,1997,42.9,4,0,0,34,83,3,72,49,52,2,0,0,215,22,30,42.3,Matches
691,Jed Wallace,eng ENG,"FW,MF",West Brom,29,1994,31.3,3,0,0,29,37,14,116,5,24,0,0,0,116,9,44,17.0,Matches
692,Murray Wallace,sct SCO,DF,Millwall,30,1993,23.0,6,0,0,37,13,0,19,32,32,0,1,0,117,83,58,58.9,Matches
693,Joe Walsh,eng ENG,GK,QPR,21,2002,1.0,0,0,0,0,1,0,0,0,0,0,0,0,0,1,0,100.0,Matches
694,Liam Walsh,eng ENG,"MF,FW",Swansea City,25,1997,6.3,3,0,0,13,10,1,33,5,6,0,0,0,19,8,19,29.6,Matches
695,Christian Walton,eng ENG,GK,Ipswich Town,27,1995,0.0,0,0,0,0,0,0,0,0,0,0,0,0,0,0,0,,Matches
696,Danny Ward,eng ENG,FW,Huddersfield,31,1991,12.7,0,0,0,11,9,9,3,0,3,0,0,0,20,31,52,37.3,Matches
697,James Ward-Prowse,eng ENG,MF,Southampton,28,1994,1.0,0,0,0,0,0,0,12,1,0,0,0,0,3,2,1,66.7,Matches
698,Jaden Warner,eng ENG,DF,Norwich City,20,2002,1.7,0,0,0,2,0,0,1,2,0,0,0,0,12,0,1,0.0,Matches
699,Lewis Warrington,eng ENG,MF,Plymouth Argyle,20,2002,0.6,0,0,0,1,0,0,0,0,0,0,0,0,4,1,2,33.3,Matches
700,Duncan Watmore,eng ENG,"MF,FW",Millwall,29,1994,18.8,3,0,0,17,13,11,16,4,18,0,0,0,67,11,38,22.4,Matches
701,Tom Watson,eng ENG,FW,Sunderland,17,2006,0.0,0,0,0,0,0,0,1,0,0,0,0,0,0,0,0,,Matches
702,Andreas Weimann,at AUT,"FW,MF",West Brom,31,1991,4.6,1,0,0,3,2,4,1,0,2,0,0,0,10,6,9,40.0,Matches
703,Andreas Weimann,at AUT,"FW,MF",Bristol City,31,1991,9.1,2,0,0,4,7,1,6,3,7,0,0,0,30,9,16,36.0,Matches
704,Finley Welch,eng ENG,FW,Norwich City,18,2004,0.0,0,0,0,0,0,0,0,0,0,0,0,0,0,0,0,,Matches
705,Nahki Wells,bm BER,FW,Bristol City,33,1990,16.9,5,0,0,37,17,17,18,4,12,0,0,0,64,24,56,30.0,Matches
706,Adam Wharton,eng ENG,MF,Blackburn,19,2004,21.7,5,0,0,31,31,1,46,32,36,0,0,0,143,14,21,40.0,Matches
707,Scott Wharton,eng ENG,DF,Blackburn,25,1997,23.1,3,1,0,20,10,0,0,33,16,0,0,0,114,101,34,74.8,Matches
708,Jack Whatmough,eng ENG,"DF,MF",Preston,26,1996,14.0,2,0,0,11,7,0,1,15,10,0,0,0,48,37,27,57.8,Matches
709,Ben Whiteman,eng ENG,MF,Preston,27,1996,25.9,6,0,0,15,12,0,80,42,19,0,0,0,141,25,16,61.0,Matches
710,Morgan Whittaker,eng ENG,"FW,MF",Plymouth Argyle,22,2001,44.1,5,0,0,35,58,9,148,16,28,0,0,0,165,12,38,24.0,Matches
711,Ben Wiles,eng ENG,"FW,MF",Rotherham Utd,24,1999,2.0,0,0,0,1,1,0,1,0,1,0,0,0,7,1,3,25.0,Matches
712,Ben Wiles,eng ENG,MF,Huddersfield,24,1999,20.4,0,0,0,8,18,1,24,19,16,0,1,0,105,19,28,40.4,Matches
713,Mallik Wilks,eng ENG,"FW,MF",Sheffield Weds,24,1998,3.1,2,0,0,10,5,3,16,2,3,0,0,0,18,9,13,40.9,Matches
714,Brandon Williams,eng ENG,DF,Ipswich Town,22,2000,8.9,5,0,0,17,19,0,8,14,21,0,0,1,68,14,6,70.0,Matches
715,Joe Williams,eng ENG,MF,Bristol City,26,1996,28.4,8,0,0,44,36,0,47,28,35,0,0,0,182,43,43,50.0,Matches
716,Chris Willock,eng ENG,"FW,MF",QPR,25,1998,25.5,3,0,0,20,52,5,96,15,29,0,0,0,128,7,16,30.4,Matches
717,Ben Wilmot,eng ENG,DF,Stoke City,23,1999,22.7,7,0,0,23,12,0,0,31,11,0,0,0,170,85,49,63.4,Matches
718,Ben Wilson,eng ENG,GK,Coventry City,30,1992,18.0,0,0,0,0,2,0,0,0,0,0,0,0,22,2,0,100.0,Matches
719,James Wilson,,DF,Middlesbrough,,,0.0,0,0,0,0,0,0,0,0,0,0,0,0,1,0,0,,Matches
720,Josh Wilson-Esbrand,eng ENG,"DF,MF",Cardiff City,20,2002,7.4,1,0,0,0,7,1,17,6,6,0,0,0,27,6,5,54.5,Matches
721,Josh Windass,eng ENG,"MF,FW",Sheffield Weds,29,1994,19.4,7,0,0,22,16,12,72,8,10,0,0,0,75,13,30,30.2,Matches
722,Harry Winks,eng ENG,MF,Leicester City,27,1996,44.9,9,0,0,52,38,0,41,37,46,0,0,0,248,19,24,44.2,Matches
723,Ryan Wintle,eng ENG,MF,Cardiff City,26,1997,29.3,4,0,0,14,14,0,85,24,22,0,0,1,164,20,19,51.3,Matches
724,Nathan Wood-Gordon,eng ENG,DF,Swansea City,21,2002,23.4,6,0,0,8,17,0,2,20,12,0,1,0,120,50,34,59.5,Matches
725,Ben Woodburn,wls WAL,"MF,FW",Preston,23,1999,2.8,3,0,0,8,5,0,4,7,10,0,0,0,20,4,6,40.0,Matches
726,Freddie Woodman,eng ENG,GK,Preston,26,1997,44.0,3,0,0,0,4,0,0,1,0,0,0,0,32,4,3,57.1,Matches
727,Luke Woolfenden,eng ENG,DF,Ipswich Town,24,1998,40.1,5,0,0,13,9,2,4,46,26,0,0,0,204,71,39,64.5,Matches
728,Callum Wright,eng ENG,"MF,FW",Plymouth Argyle,23,2000,8.9,1,0,0,9,4,4,10,7,8,0,0,0,37,5,16,23.8,Matches
729,Haji Wright,us USA,"FW,MF",Coventry City,25,1998,33.0,3,0,0,62,47,31,30,4,23,1,0,0,101,63,74,46.0,Matches
730,Tyreik Wright,ie IRL,FW,Plymouth Argyle,21,2001,1.0,0,0,0,2,4,0,5,2,2,0,0,0,8,1,3,25.0,Matches
731,Charlie Wyke,eng ENG,FW,Rotherham Utd,30,1992,5.1,0,0,0,13,5,1,3,0,4,0,0,0,14,28,41,40.6,Matches
732,Jerry Yates,eng ENG,FW,Swansea City,26,1996,25.4,2,1,0,23,18,16,3,3,10,1,0,0,58,28,74,27.5,Matches
733,Ephraim Yeboah,gh GHA,"FW,MF",Bristol City,17,2006,2.3,2,0,0,13,8,2,2,1,3,0,0,0,15,4,10,28.6,Matches
734,Okay Yokuşlu,tr TUR,MF,West Brom,29,1994,35.8,8,0,0,42,32,2,4,48,43,0,1,0,216,80,31,72.1,Matches
735,Anass Zaroury,ma MAR,"FW,MF",Hull City,22,2000,7.7,0,0,0,3,18,2,58,5,7,0,0,0,41,3,2,60.0,Matches
