Unnamed: 0_level_0_Rk,Unnamed: 1_level_0_Player,Unnamed: 2_level_0_Nation,Unnamed: 3_level_0_Pos,Unnamed: 4_level_0_Squad,Unnamed: 5_level_0_Age,Unnamed: 6_level_0_Born,Unnamed: 7_level_0_90s,Unnamed: 8_level_0_Att,Pass Types_Live,Pass Types_Dead,Pass Types_FK,Pass Types_TB,Pass Types_Sw,Pass Types_Crs,Pass Types_TI,Pass Types_CK,Corner Kicks_In,Corner Kicks_Out,Corner Kicks_Str,Outcomes_Cmp,Outcomes_Off,Outcomes_Blocks,Unnamed: 23_level_0_Matches
1,Azeem Abdulai,sct SCO,"DF,FW",Swansea City,20,2002,1.5,94,85,9,2,0,1,7,7,0,0,0,0,75,0,1,Matches
2,Ken Aboh,eng ENG,MF,Norwich City,18,2004,0.1,4,4,0,0,0,0,0,0,0,0,0,0,4,0,0,Matches
3,Che Adams,sct SCO,FW,Southampton,27,1996,25.4,678,633,36,8,10,10,7,9,0,0,0,0,516,9,25,Matches
4,Ebou Adams,gm GAM,"MF,DF",Cardiff City,27,1996,3.4,155,149,6,0,0,0,1,6,0,0,0,0,113,0,1,Matches
5,Albert Adomah,gh GHA,"DF,FW",QPR,35,1987,4.1,114,96,13,2,0,1,15,11,0,0,0,0,60,5,7,Matches
6,Emanuel Aiwum,at AUT,DF,Birmingham City,22,2000,21.6,921,855,64,24,0,4,3,38,0,0,0,0,774,2,7,Matches
7,Semi Ajayi,ng NGA,DF,West Brom,29,1993,13.4,785,746,36,21,1,18,9,11,0,0,0,0,634,3,7,Matches
8,Yunus Akgün,tr TUR,"MF,FW",Leicester City,23,2000,9.9,426,410,15,4,2,1,17,1,10,5,4,0,370,1,6,Matches
9,Marc Albrighton,eng ENG,FW,Leicester City,33,1989,1.4,103,89,14,1,0,0,27,4,9,1,6,0,64,0,2,Matches
10,Carlos Alcaraz,ar ARG,"MF,FW",Southampton,20,2002,12.2,616,601,14,5,5,9,5,7,1,0,0,0,508,1,15,Matches
11,Ajibola Alese,eng ENG,DF,Sunderland,22,2001,5.1,324,260,64,6,0,0,4,57,0,0,0,0,255,0,7,Matches
12,Rúnar Alex Rúnarsson,is ISL,GK,Cardiff City,28,1995,6.0,221,164,57,15,0,1,0,0,0,0,0,0,176,0,0,Matches
13,Jamie Allen,eng ENG,MF,Coventry City,28,1995,12.9,454,444,10,5,3,2,9,0,0,0,0,0,374,0,8,Matches
14,Joe Allen,wls WAL,MF,Swansea City,33,1990,7.1,307,299,8,5,0,2,3,3,0,0,0,0,259,0,10,Matches
15,Ryan Allsop,eng ENG,GK,Hull City,31,1992,36.9,1980,1760,213,89,2,3,0,1,0,0,0,0,1566,7,3,Matches
16,Jak Alnwick,eng ENG,GK,Cardiff City,30,1993,24.0,882,597,282,110,0,3,0,0,0,0,0,0,555,3,1,Matches
17,Sone Aluko,ng NGA,FW,Ipswich Town,34,1989,0.0,3,3,0,0,0,0,1,0,0,0,0,0,2,0,1,Matches
18,Samuel Amo-Ameyaw,eng ENG,"FW,MF",Southampton,17,2006,0.8,39,36,3,0,0,0,6,1,2,1,0,0,31,0,1,Matches
19,Ethan Ampadu,wls WAL,"MF,DF",Leeds United,22,2000,46.0,3337,3188,134,79,12,8,6,38,0,0,0,0,2940,15,23,Matches
20,Lucas Andersen,dk DEN,MF,QPR,28,1994,10.1,453,340,111,29,1,3,74,14,51,9,34,3,322,2,6,Matches
21,Keshi Anderson,eng ENG,"FW,MF",Birmingham City,28,1995,11.3,414,368,44,14,2,3,46,8,19,10,6,0,308,2,19,Matches
22,Kai Andrews,wls WAL,MF,Coventry City,16,2006,0.0,3,3,0,0,0,0,0,0,0,0,0,0,2,0,1,Matches
23,Ryan Andrews,eng ENG,"DF,MF",Watford,18,2004,28.6,1386,1129,252,13,5,10,71,239,0,0,0,0,931,5,49,Matches
24,Jaidon Anthony,eng ENG,"FW,MF",Leeds United,23,1999,5.6,317,284,33,8,0,2,43,8,17,6,7,0,242,0,10,Matches
25,Adil Aouchiche,fr FRA,"MF,FW",Sunderland,21,2002,12.2,607,539,66,15,5,11,100,1,46,17,19,0,417,2,19,Matches
26,Arvin Appiah,eng ENG,"FW,MF",Rotherham Utd,22,2001,9.3,226,202,23,0,0,0,21,12,6,4,1,0,172,1,15,Matches
27,Joe Aribo,ng NGA,MF,Southampton,27,1996,17.8,1003,984,14,6,2,0,7,7,1,0,0,0,886,5,22,Matches
28,Adam Armstrong,eng ENG,"FW,MF",Southampton,26,1997,41.6,1214,1147,62,7,8,12,62,28,4,0,0,0,970,5,43,Matches
29,Sinclair Armstrong,ie IRL,FW,QPR,20,2003,19.8,257,248,8,1,1,1,10,2,0,0,0,0,181,1,13,Matches
30,Stuart Armstrong,sct SCO,MF,Southampton,31,1992,31.4,1961,1802,146,23,9,12,146,23,83,49,14,4,1563,13,45,Matches
31,Harrison Ashby,sct SCO,"DF,MF",Swansea City,21,2001,8.9,327,264,61,7,0,4,22,51,3,0,1,1,220,2,4,Matches
32,Cian Ashford,wls WAL,FW,Cardiff City,18,2004,3.5,98,98,0,0,0,1,6,0,0,0,0,0,78,0,2,Matches
33,Yaser Asprilla,co COL,"FW,MF",Watford,19,2003,30.4,1163,1100,60,16,14,16,105,10,27,15,11,0,860,3,29,Matches
34,Joshua Austerfield,eng ENG,MF,Huddersfield,21,2001,0.8,19,19,0,0,0,0,0,0,0,0,0,0,15,0,0,Matches
35,Daniel Ayala,es ESP,DF,Rotherham Utd,32,1990,3.9,101,99,2,1,0,1,0,1,0,0,0,0,74,0,2,Matches
36,Yasin Ayari,se SWE,MF,Blackburn,19,2003,3.7,190,180,6,1,4,1,2,3,2,0,1,0,149,4,4,Matches
37,Yasin Ayari,se SWE,MF,Coventry City,19,2003,6.1,241,226,13,3,6,1,13,3,3,1,2,0,174,2,1,Matches
38,Loick Ayina,cg CGO,"DF,MF",Huddersfield,20,2003,0.9,21,18,3,0,0,0,0,3,0,0,0,0,18,0,0,Matches
39,Luke Ayling,eng ENG,DF,Leeds United,31,1991,8.3,433,342,91,8,1,6,16,82,1,0,0,0,330,0,10,Matches
40,Luke Ayling,eng ENG,DF,Middlesbrough,31,1991,18.2,1172,943,223,29,4,11,57,193,1,0,0,0,944,6,41,Matches
41,Finn Azaz,ie IRL,"MF,FW",Plymouth Argyle,22,2000,19.6,882,839,37,10,7,9,22,2,21,1,2,0,674,6,26,Matches
42,Finn Azaz,ie IRL,"MF,FW",Middlesbrough,22,2000,15.1,637,609,24,7,9,3,43,1,16,8,5,0,461,4,23,Matches
43,Abdoullah Ba,fr FRA,"MF,FW",Sunderland,20,2003,21.4,675,650,22,0,1,2,30,13,2,0,0,0,535,3,27,Matches
44,Daniel Bachmann,at AUT,GK,Watford,29,1994,27.0,1125,960,160,82,0,4,0,0,0,0,0,0,836,5,2,Matches
45,Juninho Bacuna,cw CUW,"FW,MF",Birmingham City,25,1997,33.0,1308,1077,225,69,11,17,145,63,79,27,36,1,856,6,56,Matches
46,Lewis Baker,eng ENG,MF,Stoke City,28,1995,11.9,533,426,103,36,0,0,80,3,56,18,28,3,407,4,5,Matches
47,Tyreeq Bakinson,eng ENG,MF,Sheffield Weds,24,1998,3.2,69,69,0,0,0,1,1,0,0,0,0,0,49,0,2,Matches
48,Radinio Balker,sr SUR,DF,Huddersfield,24,1998,4.5,183,175,7,4,2,5,0,2,0,0,0,0,148,1,0,Matches
49,Dominic Ball,eng ENG,"MF,DF",Ipswich Town,27,1995,1.6,132,116,16,6,0,0,0,10,0,0,0,0,115,0,0,Matches
50,Daniel Ballard,nir NIR,DF,Sunderland,23,1999,42.6,2697,2565,129,74,2,3,0,8,0,0,0,0,2418,3,15,Matches
51,Patrick Bamford,eng ENG,"FW,MF",Leeds United,29,1993,16.6,323,294,27,0,5,1,1,0,0,0,0,0,233,2,11,Matches
52,Alex Bangura,sl SLE,DF,Middlesbrough,24,1999,6.5,328,269,59,7,0,0,16,52,0,0,0,0,280,0,8,Matches
53,Barry Bannan,sct SCO,MF,Sheffield Weds,33,1989,38.0,2209,1959,233,118,9,37,137,9,92,55,8,3,1699,17,24,Matches
54,Daniel Barlaser,tr TUR,MF,Middlesbrough,26,1997,25.9,2237,1991,243,111,12,30,137,6,124,41,49,8,1911,3,9,Matches
55,Ashley Barnes,eng ENG,"MF,FW",Norwich City,33,1989,27.8,495,473,16,3,5,3,2,1,0,0,0,0,372,6,15,Matches
56,Kyle Bartley,eng ENG,DF,West Brom,32,1991,29.0,1599,1493,106,86,1,25,1,8,0,0,0,0,1387,0,8,Matches
57,Danny Batth,eng ENG,DF,Norwich City,32,1990,6.5,372,364,8,5,0,0,0,3,0,0,0,0,317,0,2,Matches
58,Patrick Bauer,de GER,DF,Preston,30,1992,0.7,20,20,0,0,0,0,0,0,0,0,0,0,17,0,0,Matches
59,Vakoun Bayo,ci CIV,FW,Watford,26,1997,24.7,537,503,34,1,1,3,9,4,0,0,0,0,415,0,14,Matches
60,Gavin Bazunu,ie IRL,GK,Southampton,21,2002,41.0,1938,1721,216,49,0,10,0,1,0,0,0,0,1691,1,2,Matches
61,James Beadle,eng ENG,GK,Sheffield Weds,19,2004,19.0,735,538,195,61,0,0,0,0,0,0,0,0,473,2,1,Matches
62,Jan Bednarek,pl POL,DF,Southampton,27,1996,39.4,3968,3790,175,96,2,18,0,18,0,0,0,0,3787,3,9,Matches
63,Asmir Begović,ba BIH,GK,QPR,36,1987,45.0,1474,1023,440,125,0,2,0,0,0,0,0,0,1024,11,1,Matches
64,Sam Bell,eng ENG,"FW,DF",Bristol City,21,2002,20.1,484,463,19,2,0,1,51,14,0,0,0,0,320,2,29,Matches
65,Jobe Bellingham,eng ENG,"MF,FW",Sunderland,17,2005,40.3,1398,1354,39,24,6,5,10,3,0,0,0,0,1201,5,33,Matches
66,Jewison Bennette,cr CRC,FW,Sunderland,19,2004,0.1,4,3,1,0,0,0,1,1,0,0,0,0,3,0,0,Matches
67,Di'Shon Bernard,jm JAM,DF,Sheffield Weds,22,2000,30.3,1326,1216,104,19,1,2,2,42,0,0,0,0,1093,6,6,Matches
68,Kian Best,eng ENG,DF,Preston,17,2005,7.7,398,306,90,13,0,6,47,58,19,18,0,0,248,2,9,Matches
69,Bartosz Białkowski,pl POL,GK,Millwall,36,1987,14.0,332,190,140,41,0,1,0,0,0,0,0,0,179,2,1,Matches
70,Jake Bidwell,eng ENG,DF,Coventry City,30,1993,22.8,1235,940,288,39,1,0,112,225,24,15,5,2,913,7,29,Matches
71,Krystian Bielik,pl POL,"MF,DF",Birmingham City,25,1998,33.1,1571,1521,49,42,2,29,1,6,0,0,0,0,1330,1,19,Matches
72,Luis Binks,eng ENG,DF,Coventry City,21,2001,14.8,1041,1007,30,27,1,14,7,3,0,0,0,0,855,4,8,Matches
73,Nathan Bishop,eng ENG,GK,Sunderland,23,1999,1.0,37,27,9,1,0,0,0,0,0,0,0,0,30,1,0,Matches
74,Tyler Blackett,eng ENG,DF,Rotherham Utd,29,1994,10.0,337,315,21,5,0,4,4,16,0,0,0,0,223,1,4,Matches
75,Thomas Bloxham,ie IRL,FW,Blackburn,18,2005,0.1,9,7,2,0,0,0,2,0,2,1,1,0,7,0,0,Matches
76,Tolaji Bola,eng ENG,"MF,DF",Rotherham Utd,24,1999,0.3,6,6,0,0,0,0,1,0,0,0,0,0,4,0,1,Matches
77,Yannick Bolasie,cd COD,"FW,MF",Swansea City,34,1989,3.4,106,104,0,0,1,0,17,0,0,0,0,0,64,2,5,Matches
78,Jack Bonham,ie IRL,GK,Stoke City,29,1993,14.0,530,385,142,38,0,2,0,0,0,0,0,0,352,3,2,Matches
79,Josh Bowler,eng ENG,"FW,MF",Cardiff City,24,1999,26.4,601,579,22,6,1,7,36,7,9,9,0,0,451,0,31,Matches
80,Tom Bradshaw,wls WAL,FW,Millwall,31,1992,22.3,307,302,4,0,1,1,16,2,0,0,0,0,196,1,11,Matches
81,Robbie Brady,ie IRL,"DF,MF",Preston,31,1992,17.4,905,734,165,42,2,14,119,84,39,32,5,0,571,6,24,Matches
82,Cohen Bramall,eng ENG,DF,Rotherham Utd,27,1996,32.7,1011,827,179,15,0,1,85,159,5,5,0,0,638,5,37,Matches
83,James Bree,eng ENG,DF,Southampton,25,1997,12.0,920,797,121,23,1,0,61,65,33,14,12,1,784,2,11,Matches
84,Callum Brittain,eng ENG,"DF,MF",Blackburn,25,1998,40.3,2539,2119,417,37,11,16,143,354,26,10,12,0,1975,3,76,Matches
85,Nathan Broadhead,wls WAL,FW,Ipswich Town,25,1998,25.5,670,649,15,5,9,5,25,1,9,7,2,0,504,6,26,Matches
86,David Brooks,wls WAL,"FW,MF",Southampton,26,1997,9.9,479,442,36,9,6,2,26,7,18,1,7,0,375,1,13,Matches
87,Jacob Brown,sct SCO,FW,Stoke City,25,1998,1.0,27,27,0,0,0,0,1,0,0,0,0,0,15,0,3,Matches
88,Alan Browne,ie IRL,"MF,DF",Preston,28,1995,35.2,1557,1362,187,61,6,14,110,44,53,29,13,0,1117,8,49,Matches
89,Joe Bryan,eng ENG,"DF,MF",Millwall,29,1993,16.1,762,560,197,44,2,5,86,113,40,21,16,1,551,5,18,Matches
90,Gerard Buabo,,FW,Ipswich Town,,,0.0,2,2,0,0,0,0,0,0,0,0,0,0,1,0,0,Matches
91,Lee Buchanan,eng ENG,DF,Birmingham City,22,2001,30.3,1624,1280,337,41,2,11,41,296,0,0,0,0,1176,7,36,Matches
92,John Buckley,eng ENG,"MF,FW",Sheffield Weds,23,1999,5.2,192,170,20,5,1,2,16,3,12,3,6,0,143,2,4,Matches
93,John Buckley,eng ENG,MF,Blackburn,23,1999,5.6,381,353,27,16,4,2,13,3,7,1,3,0,301,1,4,Matches
94,Mustapha Bundu,sl SLE,"FW,MF",Plymouth Argyle,26,1997,10.7,308,289,14,0,2,2,20,9,0,0,0,0,204,5,13,Matches
95,Wouter Burger,nl NED,MF,Stoke City,22,2001,29.2,1507,1433,61,36,3,19,35,13,1,0,0,0,1129,13,34,Matches
96,Cameron Burgess,au AUS,DF,Ipswich Town,27,1995,38.0,2571,2335,228,85,3,31,1,12,0,0,0,0,2101,8,10,Matches
97,Delano Burgzorg,sr SUR,FW,Huddersfield,24,1998,24.5,375,336,36,0,1,3,7,7,3,0,0,0,274,3,20,Matches
98,Oliver Burke,sct SCO,"FW,MF",Birmingham City,26,1997,11.2,319,300,18,0,1,1,17,16,0,0,0,0,212,1,6,Matches
99,Wes Burns,wls WAL,FW,Ipswich Town,28,1994,26.5,780,762,17,2,1,2,140,15,0,0,0,0,523,1,48,Matches
100,Mason Burstow,eng ENG,FW,Sunderland,19,2003,9.9,181,161,20,1,2,1,2,0,0,0,0,0,134,0,11,Matches
101,Matt Butcher,eng ENG,MF,Plymouth Argyle,26,1997,3.8,167,158,7,1,0,1,1,5,1,0,0,0,130,2,3,Matches
102,George Byers,sct SCO,MF,Sheffield Weds,27,1996,15.3,583,543,39,20,4,3,20,6,4,1,2,0,463,1,11,Matches
103,Sam Byram,eng ENG,DF,Leeds United,29,1993,21.5,1245,995,241,17,3,2,30,224,0,0,0,0,981,9,25,Matches
104,Ben Cabango,wls WAL,DF,Swansea City,23,2000,32.1,2184,2108,67,33,0,11,3,9,0,0,0,0,1866,9,10,Matches
105,Bailey-Tye Cadamarteri,jm JAM,FW,Sheffield Weds,18,2005,12.2,127,120,7,0,0,0,4,2,0,0,0,0,63,0,10,Matches
106,Cafú,pt POR,MF,Rotherham Utd,30,1993,20.0,720,611,106,44,3,6,90,4,46,28,14,0,534,3,18,Matches
107,Allan Campbell,sct SCO,MF,Millwall,25,1998,8.0,259,250,8,5,0,1,6,1,0,0,0,0,209,1,4,Matches
108,Tyrese Campbell,eng ENG,FW,Stoke City,23,1999,13.3,298,290,8,0,0,1,20,0,0,0,0,0,196,0,21,Matches
109,Reggie Cannon,us USA,DF,QPR,25,1998,15.9,753,600,150,20,0,1,21,130,0,0,0,0,587,3,20,Matches
110,Thomas Cannon,ie IRL,FW,Leicester City,20,2002,4.8,98,87,10,0,2,0,1,0,0,0,0,0,70,1,4,Matches
111,Hayden Carter,eng ENG,DF,Blackburn,23,1999,28.4,1777,1705,68,35,0,18,8,32,0,0,0,0,1555,4,21,Matches
112,Fabio Carvalho,pt POR,"FW,MF",Hull City,20,2002,19.1,767,713,46,4,2,2,46,7,27,11,6,0,610,8,19,Matches
113,Cesare Casadei,it ITA,MF,Leicester City,20,2003,9.8,418,415,2,2,0,0,6,0,0,0,0,0,342,1,6,Matches
114,Ilias Chair,ma MAR,"FW,MF",QPR,25,1997,41.5,1940,1681,250,66,7,27,256,59,83,48,18,3,1441,9,42,Matches
115,Giorgi Chakvetadze,ge GEO,"MF,FW",Watford,23,1999,17.8,814,729,81,17,4,10,84,17,47,22,20,0,636,4,14,Matches
116,Nathaniel Chalobah,eng ENG,MF,West Brom,28,1994,10.0,466,452,13,12,3,2,8,1,0,0,0,0,393,1,6,Matches
117,Conor Chaplin,eng ENG,MF,Ipswich Town,26,1997,37.1,1235,1131,94,8,17,12,22,12,0,0,0,0,886,10,43,Matches
118,Jacob Chapman,au AUS,GK,Huddersfield,22,2000,1.5,60,40,20,5,0,0,0,0,0,0,0,0,32,0,0,Matches
119,Shea Charles,nir NIR,"MF,DF",Southampton,19,2003,16.0,1273,1245,26,17,1,1,7,8,1,0,0,0,1132,2,15,Matches
120,Chiquinho,pt POR,FW,Stoke City,23,2000,0.7,13,12,1,0,0,0,3,0,1,0,1,0,9,0,0,Matches
121,Hamza Choudhury,bd BAN,"DF,MF",Leicester City,25,1997,16.4,1230,1087,139,26,1,4,5,113,0,0,0,0,1110,4,12,Matches
122,Benjamin Chrisene,eng ENG,DF,Blackburn,19,2004,9.1,403,328,74,0,0,0,11,73,1,1,0,0,305,1,21,Matches
123,Cyrus Christie,ie IRL,"DF,MF",Hull City,30,1992,14.4,970,841,128,14,1,1,28,113,1,0,0,0,781,1,18,Matches
124,Dennis Cirkin,eng ENG,DF,Sunderland,21,2002,5.6,312,240,71,7,0,1,6,64,0,0,0,0,243,1,9,Matches
125,Ciaran Clark,ie IRL,DF,Stoke City,33,1989,3.0,128,121,4,4,0,0,0,0,0,0,0,0,95,3,0,Matches
126,Harry Clarke,eng ENG,DF,Ipswich Town,22,2001,26.2,1870,1545,322,30,5,11,53,291,1,0,0,0,1462,3,38,Matches
127,Jack Clarke,eng ENG,"MF,FW",Sunderland,22,2000,38.8,1692,1517,166,45,9,22,129,58,63,28,3,0,1237,9,65,Matches
128,Matthew Clarke,eng ENG,DF,Middlesbrough,26,1996,20.2,1353,1258,88,26,0,13,4,11,0,0,0,0,1148,7,7,Matches
129,Jake Clarke-Salter,eng ENG,DF,QPR,25,1997,29.6,1655,1497,155,50,1,3,2,32,0,0,0,0,1373,3,18,Matches
130,Sam Clucas,eng ENG,MF,Rotherham Utd,32,1990,20.9,769,622,141,54,2,12,103,19,48,30,16,0,528,6,18,Matches
131,Conor Coady,eng ENG,DF,Leicester City,30,1993,7.8,709,675,33,11,2,5,2,1,0,0,0,0,661,1,1,Matches
132,Josh Coburn,eng ENG,FW,Middlesbrough,20,2002,11.1,176,168,5,0,2,0,0,0,0,0,0,0,134,3,5,Matches
133,Jack Colback,eng ENG,MF,QPR,33,1989,22.1,903,859,41,24,1,4,5,9,0,0,0,0,799,3,7,Matches
134,Bradley Collins,eng ENG,GK,Coventry City,26,1997,28.0,1012,686,322,80,0,1,0,0,0,0,0,0,786,4,0,Matches
135,Jamilu Collins,ng NGA,DF,Cardiff City,28,1994,33.2,1683,1321,355,25,1,7,43,330,0,0,0,0,1206,7,52,Matches
136,Joel Colwill,wls WAL,MF,Cardiff City,18,2004,0.4,35,34,1,1,0,1,1,0,0,0,0,0,30,0,0,Matches
137,Rubin Colwill,wls WAL,"MF,FW",Cardiff City,21,2002,17.7,751,723,26,3,3,7,46,1,3,0,1,0,594,2,22,Matches
138,Aaron Connolly,ie IRL,FW,Hull City,23,2000,13.5,177,165,11,1,2,2,5,1,0,0,0,0,125,1,8,Matches
139,Raheem Conte,eng ENG,DF,Cardiff City,20,2002,1.0,74,61,13,1,0,3,3,12,0,0,0,0,58,0,1,Matches
140,Tommy Conway,sct SCO,FW,Bristol City,20,2002,25.4,399,327,72,3,2,1,14,8,9,0,0,0,328,0,12,Matches
141,Steve Cook,eng ENG,DF,QPR,32,1991,34.1,1717,1628,82,55,1,18,4,17,0,0,0,0,1309,7,11,Matches
142,Jake Cooper,eng ENG,DF,Millwall,28,1995,44.0,1984,1915,60,23,1,33,4,37,0,0,0,0,1449,9,17,Matches
143,Liam Cooper,sct SCO,DF,Leeds United,31,1991,7.8,694,671,22,12,0,1,0,6,0,0,0,0,624,1,3,Matches
144,Michael Cooper,eng ENG,GK,Plymouth Argyle,23,1999,19.0,832,581,251,68,0,2,0,0,0,0,0,0,543,0,0,Matches
145,Oliver Cooper,wls WAL,"MF,FW",Swansea City,23,1999,13.6,366,349,16,2,0,0,17,8,1,0,0,0,282,1,13,Matches
146,David Cornell,wls WAL,GK,Preston,32,1991,2.0,70,36,34,12,0,0,0,0,0,0,0,0,29,0,0,Matches
147,Harry Cornick,eng ENG,"FW,MF",Bristol City,28,1995,12.2,297,268,29,0,1,0,28,28,0,0,0,0,168,0,20,Matches
148,Hayden Coulson,eng ENG,DF,Middlesbrough,25,1998,1.6,84,77,7,1,0,0,3,6,0,0,0,0,71,0,0,Matches
149,Lewie Coyle,eng ENG,DF,Hull City,27,1995,34.4,2255,1895,356,54,0,13,101,302,0,0,0,0,1780,4,33,Matches
150,Charlie Cresswell,eng ENG,DF,Leeds United,20,2002,1.5,128,117,10,5,0,0,0,0,0,0,0,0,112,1,1,Matches
151,Matt Crooks,eng ENG,"MF,FW",Middlesbrough,29,1994,17.0,656,639,14,2,9,3,9,5,1,0,0,0,531,3,19,Matches
152,Liam Cullen,wls WAL,"FW,MF",Swansea City,24,1999,26.4,571,527,43,7,1,4,25,16,4,1,3,0,419,1,18,Matches
153,Luke Cundle,eng ENG,MF,Stoke City,21,2002,10.9,504,479,21,7,2,5,1,7,0,0,0,0,413,4,6,Matches
154,Luke Cundle,eng ENG,"MF,FW",Plymouth Argyle,21,2002,13.7,560,533,27,6,2,1,3,5,6,0,0,0,469,0,19,Matches
155,Greg Cunningham,ie IRL,DF,Preston,32,1991,8.1,322,260,61,3,0,1,5,58,0,0,0,0,244,1,5,Matches
156,Bradley Dack,eng ENG,"FW,MF",Sunderland,29,1993,6.5,256,217,39,11,1,2,18,3,21,6,5,1,209,0,5,Matches
157,Patson Daka,zm ZAM,FW,Leicester City,24,1998,12.1,283,257,25,0,2,0,0,0,0,0,0,0,220,1,11,Matches
158,Harry Darling,eng ENG,DF,Swansea City,23,1999,32.9,1994,1798,192,59,1,10,11,129,0,0,0,0,1594,4,31,Matches
159,Karl Darlow,wls WAL,GK,Leeds United,32,1990,1.4,59,47,12,4,0,0,0,0,0,0,0,0,50,0,1,Matches
160,Jay Dasilva,wls WAL,DF,Coventry City,25,1998,25.6,1624,1336,284,29,2,3,98,222,31,20,8,0,1346,4,20,Matches
161,Aidan Dausch,eng ENG,"MF,FW",Coventry City,17,2006,0.1,1,0,1,0,0,0,0,1,0,0,0,0,1,0,0,Matches
162,Leif Davis,eng ENG,DF,Ipswich Town,23,2000,42.0,2318,1600,710,77,1,18,341,415,218,105,81,1,1649,8,36,Matches
163,Cameron Dawson,eng ENG,GK,Sheffield Weds,28,1995,18.0,735,576,157,58,0,0,0,0,0,0,0,0,532,2,0,Matches
164,Liam Delap,eng ENG,FW,Hull City,20,2003,24.5,344,333,9,0,1,6,23,2,1,0,0,0,232,2,22,Matches
165,Tom Dele-Bashiru,ng NGA,"MF,DF",Watford,23,1999,25.1,1043,953,88,14,1,2,16,58,8,6,2,0,914,2,9,Matches
166,Juan Delgado,cl CHI,"DF,MF",Sheffield Weds,30,1993,7.6,222,196,24,0,0,3,25,23,1,1,0,0,157,2,6,Matches
167,Siriki Dembélé,ci CIV,"FW,MF",Birmingham City,26,1996,22.0,552,510,39,12,7,2,37,13,10,7,0,0,412,3,19,Matches
168,Rav van den Berg,nl NED,DF,Middlesbrough,19,2004,32.1,1983,1839,144,26,2,2,8,103,0,0,0,0,1761,0,10,Matches
169,Emmanuel Dennis,ng NGA,"FW,MF",Watford,25,1997,9.5,229,222,6,0,1,1,8,3,0,0,0,0,177,1,7,Matches
170,Alfie Devine,eng ENG,"MF,FW",Plymouth Argyle,18,2004,9.4,301,286,10,3,1,6,4,5,1,0,0,0,221,5,14,Matches
171,Kiernan Dewsbury-Hall,eng ENG,MF,Leicester City,24,1998,40.4,2094,1905,178,46,21,20,205,12,120,71,35,1,1632,11,43,Matches
172,Bambo Diaby,sn SEN,DF,Sheffield Weds,25,1997,25.2,1007,966,41,20,0,6,2,16,0,0,0,0,842,0,11,Matches
173,Lamine Diaby,fr FRA,MF,Sheffield Weds,26,1996,2.9,124,121,3,2,0,1,0,0,0,0,0,0,104,0,0,Matches
174,Grady Diangana,cd COD,"MF,FW",West Brom,25,1998,26.1,921,893,24,6,5,4,35,5,1,0,0,0,733,4,24,Matches
175,Brahima Diarra,ml MLI,"MF,FW",Huddersfield,20,2003,7.3,160,151,8,0,1,0,8,5,0,0,0,0,116,1,6,Matches
176,Tyler Dibling,eng ENG,FW,Southampton,17,2006,0.0,4,4,0,0,0,0,0,0,0,0,0,0,4,0,0,Matches
177,Robert Dickie,eng ENG,DF,Bristol City,27,1996,38.9,2614,2484,119,43,6,11,2,7,0,0,0,0,2218,11,18,Matches
178,Famara Diedhiou,sn SEN,FW,Cardiff City,30,1992,6.4,126,125,1,0,0,0,0,0,0,0,0,0,74,0,6,Matches
179,Seny Dieng,sn SEN,GK,Middlesbrough,28,1994,35.0,1449,1205,233,69,1,4,0,0,0,0,0,0,1138,11,2,Matches
180,Anfernee Dijksteel,sr SUR,DF,Middlesbrough,26,1996,8.3,511,420,88,6,0,1,7,82,0,0,0,0,431,3,17,Matches
181,Daryl Dike,us USA,FW,West Brom,23,2000,0.6,10,8,1,0,0,0,0,0,0,0,0,0,5,1,0,Matches
182,Elijah Dixon-Bonner,eng ENG,MF,QPR,22,2001,10.0,559,516,41,13,3,7,22,9,7,0,4,0,438,2,14,Matches
183,Greg Docherty,sct SCO,MF,Hull City,26,1996,3.6,160,157,3,3,0,0,4,0,0,0,0,0,110,0,14,Matches
184,Tyrhys Dolan,eng ENG,"FW,MF",Blackburn,21,2001,25.8,983,933,42,2,5,5,27,15,17,1,1,0,788,8,38,Matches
185,Janoi Donacien,lc LCA,DF,Ipswich Town,29,1993,2.4,110,83,27,3,0,1,2,24,0,0,0,0,79,0,4,Matches
186,Romelle Donovan,eng ENG,FW,Birmingham City,16,2006,1.4,42,42,0,0,0,0,3,0,0,0,0,0,29,0,3,Matches
187,Flynn Downes,eng ENG,MF,Southampton,24,1999,28.3,2170,2109,59,50,5,6,9,9,0,0,0,0,2019,2,6,Matches
188,Callum Doyle,eng ENG,DF,Leicester City,19,2003,13.4,1061,883,173,33,2,22,19,135,0,0,0,0,854,5,16,Matches
189,Andre Dozzell,eng ENG,MF,QPR,24,1999,21.8,800,765,32,8,1,3,31,2,15,6,2,3,642,3,17,Matches
190,Andre Dozzell,eng ENG,MF,Birmingham City,24,1999,7.0,302,273,28,11,2,0,25,0,17,14,1,0,244,1,6,Matches
191,Cody Drameh,eng ENG,DF,Leeds United,21,2001,0.2,9,6,3,2,0,0,0,1,0,0,0,0,6,0,0,Matches
192,Cody Drameh,eng ENG,DF,Birmingham City,21,2001,25.1,1262,971,289,22,1,13,39,266,1,0,0,0,961,2,25,Matches
193,Aaron Drewe,eng ENG,DF,QPR,22,2001,1.0,50,36,14,0,0,0,2,14,0,0,0,0,29,0,2,Matches
194,Shane Duffy,ie IRL,DF,Norwich City,31,1992,33.4,1778,1669,106,48,0,14,3,16,0,0,0,0,1494,3,8,Matches
195,Stephen Duke-McKenna,gy GUY,"MF,FW",QPR,22,2000,1.6,41,39,1,0,0,0,3,0,1,0,1,0,24,1,4,Matches
196,Jimmy Dunne,ie IRL,DF,QPR,25,1997,26.0,1547,1381,161,35,0,5,16,116,0,0,0,0,1200,5,10,Matches
197,Lyndon Dykes,sct SCO,"FW,MF",QPR,27,1995,30.4,661,646,11,2,1,0,20,7,0,0,0,0,376,4,21,Matches
198,Albert Eames,eng ENG,DF,Watford,17,2005,0.0,2,2,0,0,0,0,0,0,0,0,0,0,2,0,0,Matches
199,Saxon Earley,eng ENG,DF,Plymouth Argyle,20,2002,1.0,37,29,8,3,0,0,0,5,0,0,0,0,26,0,3,Matches
200,Tom Eaves,eng ENG,FW,Rotherham Utd,31,1992,11.8,173,171,1,0,0,1,6,1,0,0,0,0,91,1,6,Matches
201,Josh Eccles,eng ENG,MF,Coventry City,23,2000,36.4,2040,1795,241,68,9,10,169,36,137,50,55,3,1633,4,42,Matches
202,Rarmani Edmonds-Green,eng ENG,"MF,DF",Huddersfield,24,1999,6.7,190,182,7,1,0,1,2,6,0,0,0,0,134,1,1,Matches
203,George Edmundson,eng ENG,DF,Ipswich Town,25,1997,9.9,625,579,46,12,1,3,1,6,0,0,0,0,538,0,2,Matches
204,Samuel Edozie,eng ENG,"FW,MF",Southampton,20,2003,15.2,494,490,4,1,1,1,41,2,1,0,0,0,381,0,15,Matches
205,Joe Edwards,eng ENG,"DF,MF",Plymouth Argyle,32,1990,24.1,1053,820,231,18,0,1,17,211,0,0,0,0,780,2,33,Matches
206,Tom Edwards,eng ENG,DF,Huddersfield,24,1999,7.5,374,271,100,13,0,6,28,82,5,4,0,0,232,3,5,Matches
207,Pierre Ekwah Elimby,fr FRA,MF,Sunderland,21,2002,33.5,1854,1777,67,46,5,18,24,6,10,7,1,0,1582,10,30,Matches
208,Aidomo Emakhu,ie IRL,"MF,FW",Millwall,19,2003,7.4,121,118,3,1,0,1,6,1,0,0,0,0,82,0,6,Matches
209,Lukas Engel,dk DEN,DF,Middlesbrough,24,1998,27.5,1763,1441,314,24,8,15,68,290,0,0,0,0,1365,8,31,Matches
210,Niall Ennis,eng ENG,FW,Stoke City,24,1999,7.4,96,92,3,0,0,0,4,0,0,0,0,0,53,1,13,Matches
211,Niall Ennis,eng ENG,FW,Blackburn,24,1999,3.8,62,57,4,0,0,1,2,1,0,0,0,0,45,1,4,Matches
212,Romain Esse,eng ENG,"MF,FW",Millwall,18,2005,8.3,336,315,20,0,2,0,26,5,8,3,5,0,229,1,13,Matches
213,Oscar Estupiñan,co COL,FW,Hull City,26,1996,0.8,23,20,3,0,0,0,0,0,0,0,0,0,15,0,0,Matches
214,Kion Etete,eng ENG,FW,Cardiff City,21,2001,12.1,221,217,4,1,1,0,1,0,1,0,0,0,150,0,6,Matches
215,Neil Etheridge,ph PHI,GK,Birmingham City,33,1990,2.0,78,56,21,6,0,1,0,0,0,0,0,0,49,1,0,Matches
216,Ched Evans,wls WAL,"FW,MF",Preston,34,1988,8.3,192,179,11,0,0,0,9,5,0,0,0,0,134,2,11,Matches
217,Corry Evans,nir NIR,MF,Sunderland,33,1990,0.8,54,53,1,0,1,0,0,0,0,0,0,0,46,0,0,Matches
218,George Evans,eng ENG,MF,Millwall,28,1994,0.2,13,13,0,0,0,1,0,0,0,0,0,0,11,0,0,Matches
219,Lee Evans,wls WAL,MF,Ipswich Town,29,1994,0.7,47,44,3,3,0,1,0,0,0,0,0,0,38,0,2,Matches
220,Milan van Ewijk,nl NED,DF,Coventry City,22,2000,34.4,1917,1607,307,26,0,3,123,281,0,0,0,0,1504,3,57,Matches
221,Wout Faes,be BEL,DF,Leicester City,25,1998,42.5,3408,3222,180,85,1,47,15,64,0,0,0,0,3051,6,24,Matches
222,Akin Famewo,eng ENG,DF,Sheffield Weds,24,1998,29.2,1268,1086,179,19,0,13,24,137,0,0,0,0,924,3,32,Matches
223,Christian Fassnacht,ch SUI,"FW,MF",Norwich City,29,1993,20.2,523,511,8,1,0,0,34,2,4,1,1,0,371,4,19,Matches
224,Abdul Fatawu Issahaku,gh GHA,FW,Leicester City,19,2004,31.3,1182,1120,61,6,9,22,143,22,33,17,1,0,875,1,33,Matches
225,Tom Fellows,eng ENG,"FW,MF",West Brom,20,2003,16.6,459,455,4,0,2,1,85,4,0,0,0,0,339,0,24,Matches
226,Shane Ferguson,nir NIR,"DF,FW",Rotherham Utd,32,1991,2.0,84,73,9,0,0,0,12,6,3,3,0,0,55,2,3,Matches
227,Sam Field,eng ENG,MF,QPR,25,1998,38.5,1378,1342,32,23,2,6,8,8,1,0,0,0,1054,4,13,Matches
228,Sonny Finch,eng ENG,FW,Middlesbrough,17,2005,0.1,0,0,0,0,0,0,0,0,0,0,0,0,0,0,0,Matches
229,Junior Firpo,do DOM,DF,Leeds United,26,1996,19.8,1305,1091,210,19,4,3,47,190,1,0,1,0,1051,4,36,Matches
230,Kellen Fisher,eng ENG,DF,Norwich City,19,2004,2.9,146,114,31,1,0,0,7,30,0,0,0,0,117,1,3,Matches
231,John Fleck,sct SCO,MF,Blackburn,31,1991,0.2,6,4,2,0,0,0,0,0,1,0,0,0,2,0,0,Matches
232,Zian Flemming,nl NED,"FW,MF",Millwall,24,1998,41.0,1206,1074,128,4,8,3,42,91,1,1,0,0,806,4,29,Matches
233,Ashley Fletcher,eng ENG,"FW,MF",Sheffield Weds,27,1995,6.8,110,107,2,0,0,2,3,0,0,0,0,0,77,1,2,Matches
234,Adam Forshaw,eng ENG,"MF,FW",Norwich City,31,1991,2.1,143,137,6,3,0,1,0,1,0,0,0,0,126,0,3,Matches
235,Adam Forshaw,eng ENG,MF,Plymouth Argyle,31,1991,7.2,349,311,32,15,0,7,13,1,14,5,1,0,286,6,6,Matches
236,Marcus Forss,fi FIN,FW,Middlesbrough,24,1999,12.4,226,224,2,0,1,0,19,0,0,0,0,0,150,0,17,Matches
237,Morgan Fox,wls WAL,DF,QPR,29,1993,12.8,616,556,58,14,0,6,11,34,0,0,0,0,456,2,11,Matches
238,Ryan Fraser,sct SCO,"FW,MF",Southampton,29,1994,18.1,815,770,43,2,1,6,101,18,22,10,0,0,641,2,24,Matches
239,Michael Frey,ch SUI,FW,QPR,29,1994,4.1,83,82,1,0,0,0,3,1,0,0,0,0,42,0,4,Matches
240,Dael Fry,eng ENG,DF,Middlesbrough,25,1997,28.0,1901,1821,77,23,0,3,1,9,0,0,0,0,1699,3,14,Matches
241,Mads Frøkjær-Jensen,dk DEN,"MF,FW",Preston,24,1999,28.5,1162,1068,86,11,18,9,52,18,8,4,2,0,821,8,34,Matches
242,Leo Fuhr Hjelde,no NOR,DF,Leeds United,19,2003,0.5,32,26,6,0,0,0,1,6,0,0,0,0,27,0,0,Matches
243,Leo Fuhr Hjelde,no NOR,DF,Sunderland,19,2003,9.5,538,461,76,9,0,1,16,65,0,0,0,0,405,1,8,Matches
244,Jay Fulton,sct SCO,MF,Swansea City,29,1994,30.6,1477,1426,46,34,3,4,12,8,0,0,0,0,1248,5,31,Matches
245,Darnell Furlong,eng ENG,DF,West Brom,27,1995,43.7,2461,1919,535,37,3,5,83,498,0,0,0,0,1804,7,62,Matches
246,Sam Gallagher,eng ENG,"FW,MF",Blackburn,27,1995,19.1,295,287,8,1,4,0,5,5,0,0,0,0,128,0,13,Matches
247,Brendan Galloway,zw ZIM,DF,Plymouth Argyle,27,1996,17.5,673,544,127,18,3,0,15,108,1,1,0,0,477,2,21,Matches
248,Gary Gardner,eng ENG,MF,Birmingham City,31,1992,2.3,126,120,6,4,0,5,0,2,0,0,0,0,101,0,0,Matches
249,Taylor Gardner-Hickman,eng ENG,MF,West Brom,21,2001,0.1,3,2,1,1,0,1,0,0,0,0,0,0,1,0,0,Matches
250,Taylor Gardner-Hickman,eng ENG,"MF,DF",Bristol City,21,2001,24.5,1331,1122,204,66,2,20,143,47,91,42,29,6,1030,5,21,Matches
251,Jake Garrett,eng ENG,MF,Blackburn,20,2003,8.7,367,343,18,4,2,1,9,5,6,0,0,0,268,6,15,Matches
252,Djeidi Gassama,fr FRA,"FW,MF",Sheffield Weds,19,2003,16.4,330,321,8,0,0,4,18,5,3,2,0,0,235,1,19,Matches
253,Dwight Gayle,eng ENG,FW,Stoke City,32,1990,3.5,61,54,7,0,0,1,0,2,0,0,0,0,48,0,3,Matches
254,Joe Gelhardt,eng ENG,"MF,FW",Leeds United,21,2002,2.2,58,55,3,0,1,0,0,2,0,0,0,0,48,0,1,Matches
255,Dimitris Giannoulis,gr GRE,DF,Norwich City,27,1995,27.9,1634,1315,313,24,3,3,97,289,0,0,0,0,1275,6,58,Matches
256,Liam Gibbs,eng ENG,"MF,FW",Norwich City,20,2002,6.2,176,169,6,2,1,1,11,2,0,0,0,0,137,1,2,Matches
257,Ben Gibson,eng ENG,DF,Norwich City,30,1993,31.9,2183,1977,197,94,1,5,1,15,0,0,0,0,1904,9,6,Matches
258,Lewis Gibson,eng ENG,DF,Plymouth Argyle,23,2000,39.7,2057,1929,125,67,1,19,4,52,0,0,0,0,1717,3,17,Matches
259,Alexander Gilbert,ie IRL,"MF,FW",Middlesbrough,21,2001,2.6,160,160,0,0,2,1,6,0,0,0,0,0,124,0,6,Matches
260,Luey Giles,wls WAL,DF,Cardiff City,16,2006,0.3,23,20,3,0,0,0,1,3,0,0,0,0,20,0,0,Matches
261,Ryan Giles,eng ENG,DF,Hull City,23,2000,12.0,726,585,137,21,0,1,54,108,8,0,6,0,560,4,28,Matches
262,Macaulay Gillesphey,eng ENG,DF,Plymouth Argyle,27,1995,2.4,172,167,4,1,0,5,1,3,0,0,0,0,130,1,4,Matches
263,Brodie Gilmore,nir NIR,DF,Huddersfield,19,2004,17.0,730,586,140,10,1,1,21,130,0,0,0,0,486,4,18,Matches
264,Zak Gilsenan,ie IRL,MF,Blackburn,20,2003,0.0,3,3,0,0,0,0,1,0,0,0,0,0,2,0,1,Matches
265,Josh Ginnelly,eng ENG,"FW,DF",Swansea City,26,1997,2.1,60,56,4,1,0,0,6,2,0,0,0,0,43,0,5,Matches
266,Tom Glover,au AUS,GK,Middlesbrough,25,1997,11.0,445,353,89,23,0,0,0,1,0,0,0,0,347,3,0,Matches
267,Wilfried Gnonto,it ITA,"FW,MF",Leeds United,19,2003,18.4,752,728,22,2,3,6,56,6,11,4,3,0,587,2,24,Matches
268,Matthew Godden,eng ENG,FW,Coventry City,32,1991,22.7,382,364,15,0,3,0,13,2,0,0,0,0,242,3,13,Matches
269,Lynden Gooch,us USA,"DF,FW",Stoke City,27,1995,19.0,987,791,189,15,2,11,87,168,6,3,0,0,667,7,40,Matches
270,Lynden Gooch,us USA,"MF,FW",Sunderland,27,1995,0.1,14,12,2,0,0,0,2,1,1,0,0,0,7,0,3,Matches
271,Dimitris Goutas,gr GRE,DF,Cardiff City,29,1994,45.8,2310,2252,54,38,0,39,1,7,0,0,0,0,1917,4,11,Matches
272,Aimar Govea,ec ECU,"FW,MF",Swansea City,17,2006,0.8,18,18,0,0,0,0,5,0,0,0,0,0,13,0,1,Matches
273,Karlan Grant,eng ENG,"FW,MF",Cardiff City,25,1997,34.7,1099,1069,26,1,3,9,71,16,2,0,1,0,787,4,44,Matches
274,Archie Gray,eng ENG,"DF,MF",Leeds United,17,2006,40.0,1931,1607,322,47,3,4,44,266,9,5,4,0,1599,2,41,Matches
275,Jacob Greaves,eng ENG,DF,Hull City,22,2000,43.0,3377,3085,281,84,3,9,11,89,0,0,0,0,2978,11,14,Matches
276,André Green,eng ENG,FW,Rotherham Utd,25,1998,7.2,160,154,6,1,0,0,21,0,4,2,2,0,102,0,9,Matches
277,Sam Greenwood,eng ENG,MF,Leeds United,21,2002,0.1,2,1,1,1,0,0,1,0,0,0,0,0,1,0,0,Matches
278,Sam Greenwood,eng ENG,"FW,MF",Middlesbrough,21,2002,24.4,654,605,43,6,3,15,74,0,28,8,18,0,482,6,31,Matches
279,Lee Gregory,eng ENG,"FW,MF",Sheffield Weds,34,1988,7.9,98,94,4,0,0,1,3,0,0,0,0,0,74,0,5,Matches
280,Jack Grieves,eng ENG,"DF,FW",Watford,18,2004,0.6,12,8,4,0,1,0,0,4,0,0,0,0,8,0,0,Matches
281,Matt Grimes,eng ENG,MF,Swansea City,28,1995,46.0,3840,3566,258,215,6,14,103,7,32,7,13,9,3327,16,33,Matches
282,Ilia Gruev,bg BUL,MF,Leeds United,23,2000,19.7,1204,1105,94,56,1,3,39,1,37,32,0,0,1084,5,14,Matches
283,Joe Gubbins,eng ENG,DF,QPR,21,2001,1.0,32,31,1,1,0,0,0,0,0,0,0,0,20,0,1,Matches
284,Angus Gunn,sct SCO,GK,Norwich City,27,1996,39.3,1483,1194,283,102,0,3,0,0,0,0,0,0,1189,6,1,Matches
285,Darko Gyabi,eng ENG,"MF,FW",Plymouth Argyle,19,2004,8.6,211,209,2,1,2,3,2,0,0,0,0,0,152,0,8,Matches
286,Darko Gyabi,eng ENG,MF,Leeds United,19,2004,0.0,0,0,0,0,0,0,0,0,0,0,0,0,0,0,0,Matches
287,Hayden Hackney,eng ENG,MF,Middlesbrough,21,2002,20.1,1623,1570,43,37,9,10,19,3,1,0,1,0,1404,10,27,Matches
288,Sead Haksabanović,me MNE,"FW,MF",Stoke City,24,1999,10.6,442,368,72,15,3,5,46,9,36,10,18,0,342,2,11,Matches
289,George Hall,eng ENG,"MF,FW",Birmingham City,19,2004,1.5,27,25,2,0,0,0,2,2,0,0,0,0,16,0,2,Matches
290,Grant Hall,eng ENG,"DF,MF",Rotherham Utd,31,1991,3.1,98,96,2,2,0,0,0,0,0,0,0,0,78,0,0,Matches
291,Ali Al Hamadi,iq IRQ,FW,Ipswich Town,21,2002,3.3,91,86,4,0,0,1,1,0,1,0,0,0,60,1,5,Matches
292,Ben Hamer,eng ENG,GK,Watford,35,1987,19.0,738,648,86,35,0,0,0,0,0,0,0,0,609,4,0,Matches
293,Gustavo Hamer,nl NED,MF,Coventry City,26,1997,0.8,33,26,6,0,1,1,7,0,6,5,1,0,24,1,0,Matches
294,Grant Hanley,sct SCO,DF,Norwich City,31,1991,6.1,370,351,19,14,0,2,0,0,0,0,0,0,325,0,2,Matches
295,Ryan Hardie,sct SCO,FW,Plymouth Argyle,26,1997,31.5,367,352,14,0,1,1,22,8,0,0,0,0,216,1,23,Matches
296,Wes Harding,jm JAM,DF,Millwall,26,1996,21.2,956,917,35,14,0,4,4,21,0,0,0,0,746,4,17,Matches
297,Marcus Harness,eng ENG,"FW,MF",Ipswich Town,27,1996,10.9,397,390,6,1,4,0,21,1,1,1,0,0,272,1,17,Matches
298,Kian Harratt,eng ENG,FW,Huddersfield,21,2002,5.5,124,122,0,0,1,1,2,0,0,0,0,0,85,2,0,Matches
299,Taylor Harwood-Bellis,eng ENG,DF,Southampton,21,2002,38.9,3735,3618,106,63,9,15,3,20,0,0,0,0,3439,11,19,Matches
300,Ben Hatton,,MF,Rotherham Utd,,,0.1,5,5,0,0,0,0,0,0,0,0,0,0,5,0,0,Matches
301,Isaac Hayden,jm JAM,MF,QPR,28,1995,11.0,455,440,15,12,1,1,3,2,0,0,0,0,395,0,8,Matches
302,Conor Hazard,nir NIR,GK,Plymouth Argyle,25,1998,27.0,1067,733,331,127,0,1,0,0,0,0,0,0,707,3,0,Matches
303,Jaheim Headley,eng ENG,"DF,MF",Huddersfield,21,2001,18.3,611,493,116,7,1,1,16,108,1,1,0,0,495,2,14,Matches
304,Rhys Healey,wls WAL,"MF,FW",Watford,28,1994,2.3,44,39,5,0,0,0,1,3,0,0,0,0,28,0,1,Matches
305,Rhys Healey,wls WAL,"FW,MF",Huddersfield,28,1994,5.6,123,105,18,0,0,0,9,15,0,0,0,0,67,0,4,Matches
306,Ryan Hedges,wls WAL,"FW,DF",Blackburn,28,1995,10.9,537,459,72,9,3,4,28,42,21,6,3,0,393,6,25,Matches
307,Michał Helik,pl POL,DF,Huddersfield,27,1995,40.3,1577,1522,50,36,0,9,6,7,0,0,0,0,1151,5,9,Matches
308,Jeff Hendrick,ie IRL,MF,Sheffield Weds,31,1992,5.4,192,180,12,6,0,0,4,0,2,2,0,0,156,0,3,Matches
309,Mads Hermansen,dk DEN,GK,Leicester City,23,2000,44.0,2188,2014,167,62,1,12,0,0,0,0,0,0,1846,7,1,Matches
310,Onel Hernández,cu CUB,"FW,MF",Norwich City,30,1993,13.2,357,352,2,0,3,1,31,2,0,0,0,0,259,3,16,Matches
311,James Hill,eng ENG,DF,Blackburn,21,2002,14.4,945,845,97,13,1,13,15,84,0,0,0,0,732,3,22,Matches
312,George Hirst,sct SCO,FW,Ipswich Town,24,1999,19.6,325,315,9,0,1,0,1,0,0,0,0,0,213,1,8,Matches
313,Václav Hladký,cz CZE,GK,Ipswich Town,32,1990,46.0,1841,1596,238,86,1,4,0,0,0,0,0,0,1572,7,2,Matches
314,Joseph Hodge,ie IRL,MF,QPR,20,2002,4.0,172,164,6,0,4,2,3,4,0,0,0,0,132,2,5,Matches
315,Wesley Hoedt,nl NED,DF,Watford,29,1994,44.0,3395,3100,285,99,4,120,40,30,0,0,0,0,2723,10,13,Matches
316,Ki-Jana Hoever,nl NED,DF,Stoke City,21,2002,34.1,1996,1569,419,38,2,19,136,350,31,15,14,0,1366,8,62,Matches
317,Scott Hogan,ie IRL,FW,Birmingham City,31,1992,11.2,147,128,19,0,1,0,1,0,0,0,0,0,103,0,4,Matches
318,Jonathan Hogg,eng ENG,MF,Huddersfield,34,1988,29.9,1192,1152,35,35,3,15,1,0,0,0,0,0,949,5,18,Matches
319,Mason Holgate,jm JAM,DF,Southampton,26,1996,3.2,210,202,8,5,0,0,2,2,0,0,0,0,185,0,0,Matches
320,Duane Holmes,us USA,"MF,FW",Preston,28,1994,23.4,776,722,52,2,3,1,51,42,0,0,0,0,569,2,23,Matches
321,George Honeyman,eng ENG,MF,Millwall,28,1994,23.1,916,827,80,26,2,8,109,3,46,22,20,3,648,9,25,Matches
322,Sydney van Hooijdonk,nl NED,"FW,MF",Norwich City,23,2000,1.4,39,38,0,0,0,0,1,0,0,0,0,0,29,1,0,Matches
323,Ethan Horvath,us USA,GK,Cardiff City,28,1995,16.0,534,345,188,50,0,2,0,0,0,0,0,0,339,1,1,Matches
324,Jordan Houghton,eng ENG,MF,Plymouth Argyle,27,1995,31.8,1295,1161,129,54,2,5,60,2,69,29,17,0,994,5,24,Matches
325,Jonny Howson,eng ENG,MF,Middlesbrough,35,1988,34.4,2266,2073,192,78,5,9,79,8,54,22,15,5,1903,1,39,Matches
326,Kyle Hudlin,eng ENG,FW,Huddersfield,23,2000,3.1,68,68,0,0,0,0,0,0,0,0,0,0,38,0,2,Matches
327,Niall Huggins,wls WAL,DF,Sunderland,22,2000,14.8,880,734,144,20,0,2,12,124,0,0,0,0,743,2,15,Matches
328,Andrew Hughes,wls WAL,DF,Preston,31,1992,34.9,1949,1677,263,28,0,14,39,235,0,0,0,0,1394,9,39,Matches
329,Jordan Hugill,eng ENG,FW,Rotherham Utd,31,1992,25.9,449,437,6,0,1,0,7,0,0,0,0,0,218,6,14,Matches
330,Trai Hume,nir NIR,DF,Sunderland,21,2002,45.2,2955,2501,435,60,3,17,103,374,0,0,0,0,2413,19,58,Matches
331,Bashir Humphreys,eng ENG,DF,Swansea City,20,2003,21.0,1378,1304,72,26,1,16,6,44,0,0,0,0,1181,2,10,Matches
332,Cameron Humphreys,eng ENG,DF,Rotherham Utd,24,1998,22.5,756,698,51,11,1,3,2,40,0,0,0,0,596,7,5,Matches
333,Cameron Humphreys,eng ENG,DF,Ipswich Town,19,2003,1.1,84,69,15,0,0,0,7,14,1,0,1,0,64,0,2,Matches
334,Omari Hutchinson,eng ENG,"FW,MF",Ipswich Town,19,2003,24.4,858,830,27,4,8,2,93,11,6,5,0,0,616,1,42,Matches
335,Shaun Hutchinson,eng ENG,DF,Millwall,32,1990,8.5,396,372,23,8,1,1,3,15,0,0,0,0,292,1,1,Matches
336,Dominic Hyam,sct SCO,DF,Blackburn,27,1995,33.5,2364,2278,85,75,1,27,1,10,0,0,0,0,1981,1,33,Matches
337,Adam Idah,ie IRL,FW,Norwich City,22,2001,14.2,237,209,27,1,1,0,4,3,0,0,0,0,185,1,5,Matches
338,Kelechi Iheanacho,ng NGA,FW,Leicester City,26,1996,10.2,348,326,21,1,3,2,2,0,1,0,0,0,299,1,6,Matches
339,Michael Ihiekwe,eng ENG,DF,Sheffield Weds,30,1992,21.4,848,818,29,23,0,4,0,3,0,0,0,0,669,1,3,Matches
340,Tom Ince,eng ENG,"FW,MF",Watford,31,1992,9.4,313,289,23,6,0,3,27,11,6,6,0,0,235,1,13,Matches
341,Matt Ingram,eng ENG,GK,Hull City,29,1993,9.1,424,364,60,25,0,0,0,0,0,0,0,0,332,0,1,Matches
342,Dominic Iorfa,eng ENG,DF,Sheffield Weds,28,1995,19.9,724,637,83,10,0,1,11,73,0,0,0,0,559,4,14,Matches
343,Tom Iorpenda,eng ENG,MF,Huddersfield,18,2005,0.6,15,14,0,0,1,0,0,0,0,0,0,0,11,1,0,Matches
344,Frederick Issaka,wls WAL,FW,Plymouth Argyle,17,2006,0.4,5,5,0,0,0,0,0,0,0,0,0,0,4,0,0,Matches
345,Daniel Iversen,dk DEN,GK,Stoke City,26,1997,18.0,622,459,162,48,0,0,0,0,0,0,0,0,377,1,0,Matches
346,Ben Jackson,eng ENG,"DF,MF",Huddersfield,22,2001,14.9,548,421,126,6,0,5,41,114,6,2,3,0,349,1,22,Matches
347,Kayden Jackson,eng ENG,FW,Ipswich Town,29,1994,10.7,224,219,4,1,1,0,31,2,0,0,0,0,133,1,9,Matches
348,Matty Jacob,eng ENG,DF,Hull City,22,2001,8.9,534,440,92,13,0,1,10,79,0,0,0,0,431,2,6,Matches
349,Daniel James,wls WAL,FW,Leeds United,25,1997,27.6,977,883,89,15,6,4,214,8,66,21,37,1,619,5,50,Matches
350,Jordan James,wls WAL,"MF,FW",Birmingham City,19,2004,25.6,794,776,15,8,3,8,22,3,1,1,0,0,595,3,21,Matches
351,Joseph James,,DF,Bristol City,,,0.9,39,27,12,0,1,0,1,12,0,0,0,0,21,0,3,Matches
352,Matty James,eng ENG,MF,Bristol City,32,1991,32.1,1460,1390,65,42,3,6,29,4,19,15,2,0,1277,5,11,Matches
353,Reece James,eng ENG,"DF,MF",Sheffield Weds,29,1993,3.4,147,131,15,1,0,0,12,13,1,0,0,0,92,1,5,Matches
354,Viktor Johansson,se SWE,GK,Rotherham Utd,24,1998,44.0,1731,1056,658,275,0,8,0,0,0,0,0,0,829,17,0,Matches
355,Daniel Johnson,jm JAM,"MF,FW",Stoke City,30,1992,18.1,863,739,120,21,2,3,90,31,53,30,16,1,662,4,20,Matches
356,Marvin Johnson,eng ENG,"DF,MF",Sheffield Weds,32,1990,26.2,1248,1016,230,23,0,8,129,190,17,12,1,0,797,2,46,Matches
357,Michael Johnston,ie IRL,FW,West Brom,24,1999,12.9,484,437,44,5,2,5,59,3,33,23,9,0,373,3,18,Matches
358,Nikola Jojić,rs SRB,MF,Stoke City,19,2003,0.0,0,0,0,0,0,0,0,0,0,0,0,0,0,0,0,Matches
359,Alfie Jones,ca CAN,DF,Hull City,25,1997,45.0,3544,3406,131,66,6,15,0,6,0,0,0,0,3200,7,17,Matches
360,Isaiah Jones,gy GUY,FW,Middlesbrough,24,1999,28.7,1036,976,57,5,3,3,72,44,8,0,0,0,794,3,40,Matches
361,Patrick Jones,wls WAL,"FW,MF",Huddersfield,20,2003,1.8,37,35,2,0,0,0,8,0,0,0,0,0,19,0,7,Matches
362,Mateo Joseph,es ESP,"FW,MF",Leeds United,19,2003,2.6,64,62,2,0,1,0,0,1,0,0,0,0,47,0,1,Matches
363,Bae Junho,kr KOR,"FW,MF",Stoke City,19,2003,26.6,869,826,40,6,7,2,55,6,25,7,12,0,688,3,26,Matches
364,James Justin,eng ENG,DF,Leicester City,25,1998,29.1,2344,2002,334,51,3,17,31,282,1,0,0,0,2026,8,18,Matches
365,Lukas Jutkiewicz,eng ENG,"FW,MF",Birmingham City,34,1989,6.3,173,169,1,0,0,1,3,0,0,0,0,0,85,3,3,Matches
366,Osman Kakay,sl SLE,DF,QPR,25,1997,17.5,733,598,132,13,0,1,34,119,0,0,0,0,536,3,14,Matches
367,Glen Kamara,fi FIN,MF,Leeds United,27,1995,30.0,1949,1884,62,59,3,1,2,3,0,0,0,0,1806,3,25,Matches
368,David Kasumu,eng ENG,"MF,DF",Huddersfield,23,1999,26.1,618,585,32,5,2,5,41,27,0,0,0,0,434,1,42,Matches
369,Calum Kavanagh,ie IRL,"FW,DF",Middlesbrough,19,2003,0.1,2,2,0,0,0,0,1,0,0,0,0,0,1,0,0,Matches
370,Edo Kayembe,cd COD,MF,Watford,25,1998,27.2,1141,1113,25,11,2,12,12,3,4,3,0,0,953,3,27,Matches
371,Joshua Kayode,ng NGA,"MF,FW",Rotherham Utd,30,1992,0.5,2,2,0,0,0,0,0,0,0,0,0,0,1,0,1,Matches
372,Will Keane,ie IRL,"FW,MF",Preston,30,1993,29.0,577,563,14,1,2,3,3,2,0,0,0,0,446,0,16,Matches
373,Georgie Kelly,ie IRL,FW,Rotherham Utd,26,1996,3.5,58,57,1,0,0,0,0,0,0,0,0,0,30,0,1,Matches
374,Liam Kelly,sct SCO,MF,Coventry City,33,1990,9.9,578,568,8,7,2,5,4,0,1,0,0,0,484,2,11,Matches
375,Charlie Kelman,us USA,"MF,FW",QPR,21,2001,2.7,38,38,0,0,0,0,3,0,0,0,0,0,24,0,1,Matches
376,Kaine Kesler-Hayden,eng ENG,"DF,MF",Plymouth Argyle,20,2002,19.0,986,809,176,14,3,7,21,162,0,0,0,0,750,1,22,Matches
377,Josh Key,eng ENG,"DF,FW",Swansea City,23,1999,24.4,1387,1136,246,10,1,3,69,234,2,0,0,0,1093,5,33,Matches
378,Brandon Khela,eng ENG,FW,Birmingham City,18,2005,0.0,3,3,0,0,0,0,0,0,0,0,0,0,3,0,0,Matches
379,Andy King,wls WAL,"MF,DF",Bristol City,34,1988,4.6,212,205,6,4,1,0,3,0,0,0,0,0,171,1,1,Matches
380,Peter Kioso,cd COD,"DF,FW",Rotherham Utd,24,1998,10.6,402,341,60,3,1,6,34,57,0,0,0,0,284,1,15,Matches
381,Cédric Kipré,ci CIV,DF,West Brom,26,1996,42.5,2482,2376,104,62,7,21,6,1,0,0,0,0,2153,2,16,Matches
382,Liam Kitching,eng ENG,DF,Coventry City,23,1999,24.8,1514,1456,50,48,0,7,4,2,0,0,0,0,1252,8,12,Matches
383,Kristoffer Klaesson,no NOR,GK,Leeds United,22,2000,1.0,31,23,8,1,0,0,0,0,0,0,0,0,23,0,0,Matches
384,Jason Knight,ie IRL,"MF,FW",Bristol City,22,2001,42.6,1550,1499,46,17,7,13,52,14,3,0,0,0,1148,5,66,Matches
385,Jamie Knight-Lebel,ca CAN,DF,Bristol City,18,2004,0.3,15,15,0,0,0,0,0,0,0,0,0,0,12,0,0,Matches
386,Rayan Kolli,dz ALG,"FW,MF",QPR,18,2005,1.9,44,43,1,0,0,1,1,1,0,0,0,0,29,0,0,Matches
387,Ismaël Koné,ca CAN,MF,Watford,21,2002,28.4,1214,1171,38,9,7,13,17,12,9,2,1,0,1031,5,19,Matches
388,Josh Koroma,sl SLE,"FW,MF",Huddersfield,24,1998,26.9,643,595,42,5,4,4,61,12,4,2,1,1,436,6,26,Matches
389,Mykola Kukharevych,ua UKR,"FW,MF",Swansea City,22,2001,1.6,43,41,2,0,0,0,0,0,0,0,0,0,29,0,1,Matches
390,Freddie Ladapo,eng ENG,FW,Ipswich Town,30,1993,3.9,82,81,1,0,0,0,4,0,0,0,0,0,50,0,8,Matches
391,Ethan Laird,eng ENG,DF,Birmingham City,22,2001,22.2,1019,737,282,11,1,2,36,271,0,0,0,0,718,0,29,Matches
392,Ziyad Larkeche,fr FRA,"DF,FW",QPR,20,2002,4.2,205,158,46,2,0,0,16,42,2,0,0,0,136,1,4,Matches
393,Joël Latibeaudière,jm JAM,"DF,MF",Coventry City,23,2000,30.3,1902,1773,125,31,1,11,18,94,0,0,0,0,1667,4,17,Matches
394,Emmanuel Latte Lath,ci CIV,FW,Middlesbrough,24,1999,23.2,304,286,18,0,1,3,9,1,0,0,0,0,206,0,17,Matches
395,Josh Laurent,eng ENG,MF,Stoke City,28,1995,29.9,1208,1156,50,22,5,15,36,23,0,0,0,0,931,2,30,Matches
396,Ryan Ledson,eng ENG,MF,Preston,25,1997,17.2,505,499,2,2,3,3,8,0,0,0,0,0,318,4,6,Matches
397,Tom Lees,eng ENG,DF,Huddersfield,32,1990,28.0,1114,1043,66,32,0,4,0,30,0,0,0,0,866,5,6,Matches
398,Greg Leigh,jm JAM,DF,Ipswich Town,28,1994,0.0,3,3,0,0,0,0,0,0,0,0,0,0,2,0,0,Matches
399,Dexter Lembikisa,jm JAM,DF,Rotherham Utd,19,2003,22.3,790,591,195,2,1,0,47,193,0,0,0,0,498,4,26,Matches
400,Darragh Lenihan,ie IRL,DF,Middlesbrough,29,1994,8.0,608,593,9,8,0,2,1,1,0,0,0,0,542,6,5,Matches
401,Charlie Lennon,eng ENG,"FW,MF",Middlesbrough,17,2006,0.2,2,2,0,0,0,0,0,0,0,0,0,0,1,0,0,Matches
402,Harry Leonard,eng ENG,FW,Blackburn,19,2003,9.3,209,190,18,1,2,2,3,2,0,0,0,0,163,1,6,Matches
403,Ryan Leonard,eng ENG,DF,Millwall,31,1992,30.1,1569,1203,357,36,4,8,40,321,0,0,0,0,1023,9,34,Matches
404,Mehdi Léris,dz ALG,"FW,MF",Stoke City,25,1998,17.6,614,571,37,3,0,3,66,29,5,0,3,0,405,6,19,Matches
405,Jamal Lewis,nir NIR,"DF,MF",Watford,25,1998,30.8,1649,1333,313,19,0,1,98,290,4,0,2,0,1311,3,50,Matches
406,Jamie Lindsay,sct SCO,MF,Rotherham Utd,27,1995,12.0,310,305,4,2,0,1,4,0,0,0,0,0,244,1,2,Matches
407,Liam Lindsay,sct SCO,DF,Preston,27,1995,45.7,1836,1781,47,30,0,11,3,17,0,0,0,0,1338,8,11,Matches
408,Jake Livermore,eng ENG,MF,Watford,33,1989,23.0,944,920,23,19,1,9,1,4,0,0,0,0,796,1,11,Matches
409,Jason Lokilo,be BEL,"FW,MF",Hull City,24,1998,7.9,311,288,23,4,0,3,30,10,9,7,0,0,254,0,9,Matches
410,George Long,eng ENG,GK,Norwich City,29,1993,6.7,226,175,49,16,0,0,0,0,0,0,0,0,160,2,0,Matches
411,Kevin Long,ie IRL,DF,Birmingham City,32,1990,16.1,695,670,24,16,0,5,0,3,0,0,0,0,581,1,5,Matches
412,Emmanuel Longelo,eng ENG,DF,Birmingham City,22,2000,11.3,597,453,139,10,0,6,37,123,6,4,0,0,395,5,22,Matches
413,Ryan Longman,eng ENG,"MF,FW",Millwall,22,2000,19.2,601,551,44,11,1,6,101,6,27,13,13,1,378,6,25,Matches
414,Imran Louza,ma MAR,MF,Watford,24,1999,10.2,615,542,72,21,4,6,48,7,34,14,10,0,498,1,6,Matches
415,Jamal Lowe,jm JAM,"FW,MF",Swansea City,29,1994,25.0,490,471,18,3,1,1,39,7,2,0,0,0,328,1,36,Matches
416,Nathan Lowe,eng ENG,FW,Stoke City,17,2005,4.3,80,73,7,0,0,0,2,2,0,0,0,0,53,0,2,Matches
417,Massimo Luongo,au AUS,MF,Ipswich Town,30,1992,35.1,1892,1858,25,23,6,8,25,2,0,0,0,0,1585,9,33,Matches
418,Yann M'Vila,fr FRA,MF,West Brom,33,1990,3.1,218,205,10,10,1,2,0,0,0,0,0,0,183,3,0,Matches
419,Josh Maja,ng NGA,FW,West Brom,24,1998,2.2,71,67,4,0,0,0,0,0,0,0,0,0,58,0,0,Matches
420,Million Manhoef,nl NED,FW,Stoke City,21,2002,9.1,254,218,33,5,2,4,35,5,22,7,12,0,170,3,9,Matches
421,Ryan Manning,ie IRL,DF,Southampton,27,1996,30.5,3000,2524,466,99,3,7,208,254,113,70,25,0,2534,10,37,Matches
422,Sekou Mara,fr FRA,FW,Southampton,21,2002,6.3,150,142,8,2,0,1,1,3,0,0,0,0,109,0,6,Matches
423,Wanya Marcal-Madivadua,pt POR,FW,Leicester City,20,2002,1.6,51,51,0,0,0,0,5,0,0,0,0,0,44,0,1,Matches
424,Dilan Markanday,eng ENG,"FW,MF",Blackburn,21,2001,8.5,357,339,17,3,3,0,23,9,5,3,0,0,265,1,25,Matches
425,Callum Marshall,nir NIR,FW,West Brom,18,2004,0.6,18,17,0,0,0,0,0,0,0,0,0,0,10,1,0,Matches
426,Matheus Martins,br BRA,"FW,MF",Watford,20,2003,19.6,743,718,23,7,5,9,66,1,15,8,0,0,569,2,25,Matches
427,Zavier Massiah,eng ENG,MF,Watford,16,2007,0.0,2,2,0,0,0,0,0,0,0,0,0,0,1,0,0,Matches
428,Alex Matos,eng ENG,MF,Huddersfield,18,2004,14.2,376,372,2,2,0,1,4,0,0,0,0,0,290,2,20,Matches
429,Ajay Matthews,eng ENG,FW,Middlesbrough,17,2006,0.1,2,0,2,0,0,0,0,1,0,0,0,0,2,0,0,Matches
430,Stephy Mavididi,eng ENG,FW,Leicester City,25,1998,39.9,1538,1428,102,4,5,4,153,34,64,34,2,0,1172,8,60,Matches
431,Noah Mawene,eng ENG,MF,Preston,18,2005,1.9,46,45,1,0,0,0,0,1,0,0,0,0,34,0,5,Matches
432,Theo Mawene,eng ENG,FW,Preston,16,2007,0.1,0,0,0,0,0,0,0,0,0,0,0,0,0,0,0,Matches
433,Chris Maxwell,wls WAL,GK,Huddersfield,33,1990,7.7,274,163,110,31,0,1,0,0,0,0,0,0,171,1,0,Matches
434,Eliezer Mayenda,es ESP,"FW,MF",Sunderland,18,2005,2.1,30,26,4,0,0,0,1,0,0,0,0,0,16,0,2,Matches
435,Adam Mayor,eng ENG,"MF,FW",Millwall,18,2005,0.6,14,14,0,0,0,0,7,0,0,0,0,0,6,0,1,Matches
436,Kasey McAteer,ie IRL,FW,Leicester City,21,2001,12.9,397,381,16,0,1,3,24,6,8,3,0,0,318,0,8,Matches
437,Law McCabe,eng ENG,MF,Middlesbrough,17,2006,1.1,75,74,0,0,0,1,0,0,0,0,0,0,66,1,0,Matches
438,Sam McCallum,eng ENG,DF,Norwich City,22,2000,16.4,902,721,179,5,1,3,54,174,0,0,0,0,623,2,22,Matches
439,Alistair McCann,nir NIR,MF,Preston,23,1999,23.0,871,865,4,3,1,5,11,1,0,0,0,0,673,2,33,Matches
440,Jamie McCart,sct SCO,DF,Rotherham Utd,26,1997,0.1,4,4,0,0,0,0,0,0,0,0,0,0,1,0,0,Matches
441,Alex McCarthy,eng ENG,GK,Southampton,33,1989,5.0,177,154,23,5,0,0,0,0,0,0,0,0,143,0,0,Matches
442,Ross McCrorie,sct SCO,"DF,MF",Bristol City,25,1998,13.1,588,510,75,8,0,0,19,67,0,0,0,0,425,3,19,Matches
443,Kyle McFadzean,sct SCO,DF,Blackburn,36,1987,10.0,505,485,20,20,0,7,0,0,0,0,0,0,416,0,3,Matches
444,Kyle McFadzean,sct SCO,DF,Coventry City,36,1987,14.3,871,829,42,38,2,11,3,2,0,0,0,0,769,0,3,Matches
445,Riley McGree,au AUS,"FW,MF",Middlesbrough,24,1998,14.0,660,615,39,7,3,2,20,13,13,1,1,0,527,6,19,Matches
446,Ciaran McGuckin,nir NIR,"FW,MF",Rotherham Utd,19,2003,0.7,12,12,0,0,0,0,0,0,0,0,0,0,4,0,1,Matches
447,Mark McGuinness,ie IRL,DF,Cardiff City,22,2001,28.8,1391,1347,43,21,1,21,2,6,0,0,0,0,1187,1,12,Matches
448,Kenny McLean,sct SCO,"MF,DF",Norwich City,31,1992,45.4,3052,2937,98,59,12,40,32,13,1,0,1,0,2538,17,26,Matches
449,Sean McLoughlin,ie IRL,DF,Hull City,26,1996,13.0,1266,1193,70,22,1,7,1,8,0,0,0,0,1150,3,4,Matches
450,Paddy McNair,nir NIR,DF,Middlesbrough,28,1995,19.5,1298,1228,69,18,3,10,17,40,4,0,4,0,1121,1,19,Matches
451,Luke McNally,ie IRL,DF,Stoke City,23,1999,35.5,1566,1530,30,25,1,10,2,4,0,0,0,0,1260,6,9,Matches
452,Dan McNamara,ie IRL,"DF,MF",Millwall,24,1998,23.0,854,711,141,10,0,4,28,131,0,0,0,0,634,2,23,Matches
453,Dire Mebude,sct SCO,FW,Bristol City,19,2004,0.5,22,21,1,0,0,0,0,1,0,0,0,0,16,0,0,Matches
454,Anis Mehmeti,al ALB,"MF,FW",Bristol City,22,2001,20.7,579,543,28,3,0,1,79,10,14,3,3,0,383,8,33,Matches
455,Yakou Méïte,ci CIV,FW,Cardiff City,27,1996,23.9,375,371,3,1,0,2,23,2,0,0,0,0,187,1,10,Matches
456,Illan Meslier,fr FRA,GK,Leeds United,23,2000,43.6,1894,1650,242,81,0,2,0,1,0,0,0,0,1559,2,2,Matches
457,Liam Millar,ca CAN,"DF,MF",Preston,23,1999,28.3,1055,932,119,2,1,3,116,92,21,13,4,0,775,4,38,Matches
458,Mickel Miller,eng ENG,"DF,MF",Plymouth Argyle,27,1995,19.5,913,756,154,15,3,4,97,131,8,6,2,0,649,3,30,Matches
459,Billy Mitchell,eng ENG,MF,Millwall,23,2000,24.6,1091,1084,3,2,0,13,20,0,0,0,0,0,886,4,19,Matches
460,Koji Miyoshi,jp JPN,"FW,MF",Birmingham City,26,1997,27.7,832,773,53,11,14,7,68,8,28,15,5,3,576,6,41,Matches
461,Ryan Mmaee,ma MAR,FW,Stoke City,25,1997,16.7,385,368,15,1,4,1,8,1,0,0,0,0,257,2,15,Matches
462,Jayson Molumby,ie IRL,MF,West Brom,23,1999,12.3,557,541,12,4,0,4,8,1,0,0,0,0,477,4,16,Matches
463,Kieffer Moore,wls WAL,FW,Ipswich Town,30,1992,12.7,312,306,5,0,0,4,7,0,0,0,0,0,181,1,11,Matches
464,Wesley Moraes,br BRA,"FW,MF",Stoke City,26,1996,7.4,202,193,8,1,3,1,4,0,0,0,0,0,132,1,12,Matches
465,Andrew Moran,ie IRL,"FW,MF",Blackburn,19,2003,20.6,985,896,76,12,10,3,42,32,29,5,9,0,747,13,31,Matches
466,James Morris,eng ENG,DF,Watford,21,2001,8.6,483,384,96,13,0,1,38,78,5,0,4,0,387,3,12,Matches
467,Elijah Morrison,eng ENG,MF,Bristol City,17,2006,0.1,1,1,0,0,0,0,0,0,0,0,0,0,0,0,1,Matches
468,Sean Morrison,eng ENG,DF,Rotherham Utd,32,1991,21.6,775,674,100,4,0,3,2,96,0,0,0,0,531,1,5,Matches
469,Sam Morsy,eg EGY,MF,Ipswich Town,31,1991,41.7,2788,2683,95,92,16,9,50,0,3,0,0,0,2366,10,30,Matches
470,Tyler Morton,eng ENG,MF,Hull City,20,2002,33.0,2064,1907,151,64,13,21,95,10,66,20,27,4,1762,6,38,Matches
471,Alex Mowatt,eng ENG,MF,West Brom,28,1995,36.1,2428,2229,193,87,2,16,142,3,99,41,38,2,2090,6,23,Matches
472,Bali Mumba,eng ENG,"FW,DF",Plymouth Argyle,21,2001,32.8,1175,1032,140,13,1,18,27,121,6,0,0,0,955,3,36,Matches
473,Romaine Mundle,eng ENG,"MF,FW",Sunderland,20,2003,5.4,161,156,5,1,0,2,15,3,1,0,0,0,121,0,7,Matches
474,Anthony Musaba,nl NED,"FW,MF",Sheffield Weds,22,2000,29.1,536,526,10,0,1,2,25,6,0,0,0,0,402,0,31,Matches
475,Kal Naismith,sct SCO,DF,Bristol City,31,1992,9.9,635,573,56,30,2,7,26,4,18,17,0,0,476,6,2,Matches
476,Yuta Nakayama,jp JPN,DF,Huddersfield,26,1997,18.8,795,695,98,20,1,1,19,78,0,0,0,0,637,2,10,Matches
477,Kyle Naughton,eng ENG,DF,Swansea City,34,1988,8.5,570,476,92,8,1,1,19,82,2,0,1,0,453,2,10,Matches
478,Wilfred Ndidi,ng NGA,MF,Leicester City,26,1996,23.6,883,870,8,4,5,6,38,4,0,0,0,0,706,5,40,Matches
479,Dan Neil,eng ENG,MF,Sunderland,21,2001,41.0,2510,2440,64,43,10,17,44,10,1,0,0,0,2193,6,27,Matches
480,Benjamin Nelson,eng ENG,DF,Leicester City,19,2004,2.3,173,170,3,2,0,1,0,1,0,0,0,0,156,0,2,Matches
481,Perry Ng,eng ENG,DF,Cardiff City,27,1996,37.8,2163,1730,431,52,4,16,69,379,0,0,0,0,1613,2,47,Matches
482,Jeremy Ngakia,,DF,Watford,22,2000,10.2,612,522,88,3,2,5,36,85,0,0,0,0,496,2,13,Matches
483,Lee Nicholls,eng ENG,GK,Huddersfield,30,1992,36.7,1234,765,462,176,0,3,0,0,0,0,0,0,731,7,2,Matches
484,Kevin Nisbet,sct SCO,FW,Millwall,26,1997,15.5,290,282,7,0,0,1,3,0,0,0,0,0,183,1,8,Matches
485,Sam Nombe,eng ENG,"FW,MF",Rotherham Utd,24,1998,25.2,381,372,7,0,2,1,29,5,0,0,0,0,214,2,22,Matches
486,Casper de Norre,be BEL,MF,Millwall,26,1997,22.4,1193,1177,12,7,7,21,12,1,2,0,0,0,1006,4,20,Matches
487,Brooke Norton-Cuffy,eng ENG,"DF,MF",Millwall,19,2004,25.3,835,755,79,9,3,3,81,68,2,0,0,0,566,1,22,Matches
488,Marcelino Núñez,cl CHI,MF,Norwich City,23,2000,25.1,1652,1542,101,38,3,15,79,10,48,31,7,2,1376,9,16,Matches
489,Lewis O'Brien,eng ENG,MF,Middlesbrough,24,1998,17.5,1018,968,46,18,4,3,27,15,13,11,0,0,865,4,15,Matches
490,Callum O'Dowda,ie IRL,"FW,DF",Cardiff City,28,1995,6.1,276,236,38,4,0,1,12,34,0,0,0,0,199,2,10,Matches
491,Callum O'Hare,eng ENG,"MF,FW",Coventry City,25,1998,19.6,961,910,49,3,1,1,18,9,1,0,0,0,819,2,28,Matches
492,Max O'Leary,ie IRL,GK,Bristol City,26,1996,46.0,1747,1380,362,132,0,6,0,0,0,0,0,0,1116,5,2,Matches
493,Luke O'Nien,eng ENG,DF,Sunderland,28,1994,43.0,3246,3033,205,122,2,41,15,62,0,0,0,0,2855,8,15,Matches
494,Connor O'Riordan,ie IRL,DF,Blackburn,19,2003,0.5,16,16,0,0,0,0,0,0,0,0,0,0,15,0,0,Matches
495,Marcel Oakley,eng ENG,DF,Birmingham City,20,2002,0.3,13,8,5,0,0,0,0,5,0,0,0,0,8,0,0,Matches
496,Michael Obafemi,ie IRL,FW,Millwall,23,2000,10.2,147,146,0,0,1,0,3,0,0,0,0,0,106,1,8,Matches
497,Hakeem Odoffin,eng ENG,"DF,MF",Rotherham Utd,25,1998,34.5,1156,1066,85,3,0,5,24,82,0,0,0,0,805,5,23,Matches
498,Noah Ohio,nl NED,FW,Hull City,20,2003,2.7,57,52,4,0,0,1,0,0,0,0,0,0,47,1,1,Matches
499,Andrew Omobamidele,ie IRL,DF,Norwich City,21,2002,0.2,27,27,0,0,0,0,0,0,0,0,0,0,24,0,1,Matches
500,Abdülkadir Ömür,tr TUR,"MF,FW",Hull City,24,1999,11.0,539,487,50,10,0,3,40,4,30,7,14,2,452,2,9,Matches
501,Fred Onyedinma,eng ENG,"FW,MF",Rotherham Utd,26,1996,13.8,266,245,18,0,0,2,12,16,0,0,0,0,179,3,7,Matches
502,Milutin Osmajić,me MNE,FW,Preston,24,1999,19.4,231,228,1,0,1,2,7,1,0,0,0,0,149,2,8,Matches
503,Kenneth Paal,sr SUR,DF,QPR,26,1997,42.2,2267,1774,487,65,1,3,181,336,86,60,10,0,1765,6,41,Matches
504,Alex Palmer,eng ENG,GK,West Brom,26,1996,46.0,1665,1340,321,103,0,5,0,0,0,0,0,0,1271,4,4,Matches
505,Kasey Palmer,jm JAM,"MF,FW",Coventry City,26,1996,19.9,892,803,84,27,15,3,33,12,12,9,1,0,678,5,22,Matches
506,Liam Palmer,sct SCO,"DF,MF",Sheffield Weds,31,1991,26.6,1089,955,128,10,0,5,23,112,1,0,0,1,811,6,24,Matches
507,Jonathan Panzo,eng ENG,DF,Cardiff City,22,2000,0.9,69,62,6,2,0,0,0,4,0,0,0,0,58,1,1,Matches
508,Samuel Parker,wls WAL,FW,Swansea City,17,2006,1.5,33,33,0,0,0,0,1,0,0,0,0,0,25,0,1,Matches
509,Callum Paterson,sct SCO,"MF,DF",Sheffield Weds,28,1994,17.9,513,425,82,4,0,3,47,76,0,0,0,0,246,6,17,Matches
510,Jamie Paterson,eng ENG,"MF,FW",Swansea City,31,1991,35.8,1321,1137,174,50,13,19,174,30,61,12,33,6,903,10,47,Matches
511,Charlie Patino,eng ENG,MF,Swansea City,19,2003,14.0,790,720,65,14,5,7,47,5,26,12,11,0,628,5,12,Matches
512,Anthony Patterson,eng ENG,GK,Sunderland,23,2000,45.0,1502,1225,274,63,0,2,0,0,0,0,0,0,1185,3,1,Matches
513,Aynsley Pears,eng ENG,GK,Blackburn,25,1998,25.7,976,684,290,66,0,1,0,0,0,0,0,0,693,2,0,Matches
514,Ben Pearson,eng ENG,MF,Stoke City,28,1995,20.5,1085,1061,24,23,0,8,3,1,0,0,0,0,931,0,17,Matches
515,Matty Pearson,eng ENG,DF,Huddersfield,29,1993,36.0,1436,1208,218,25,2,5,19,193,0,0,0,0,868,10,24,Matches
516,Kristian Pedersen,dk DEN,"DF,FW",Sheffield Weds,28,1994,1.5,66,52,14,0,0,1,5,14,0,0,0,0,45,0,3,Matches
517,Kristian Pedersen,dk DEN,DF,Swansea City,28,1994,3.2,238,200,37,2,0,2,4,35,0,0,0,0,171,1,4,Matches
518,Lee Peltier,eng ENG,DF,Rotherham Utd,36,1986,20.3,699,554,144,13,0,6,2,129,0,0,0,0,474,1,6,Matches
519,Timothee Pembele,fr FRA,"MF,DF",Sunderland,20,2002,3.2,101,82,19,1,0,0,6,18,0,0,0,0,82,0,0,Matches
520,Ricardo Pereira,pt POR,"DF,MF",Leicester City,29,1993,36.4,2673,2387,285,48,9,11,16,236,1,0,0,0,2415,1,38,Matches
521,Sonny Perkins,eng ENG,FW,Leeds United,19,2004,0.0,0,0,0,0,0,0,0,0,0,0,0,0,0,0,0,Matches
522,Ashley Phillips,wls WAL,DF,Plymouth Argyle,18,2005,15.4,726,631,95,30,1,1,0,51,0,0,0,0,579,0,6,Matches
523,Dillon Phillips,eng ENG,GK,Rotherham Utd,28,1995,2.0,85,55,30,4,0,0,0,0,0,0,0,0,50,0,0,Matches
524,Matt Phillips,sct SCO,"DF,FW",West Brom,32,1991,17.0,568,520,47,7,4,4,83,10,29,10,11,0,397,1,27,Matches
525,Nathaniel Phillips,eng ENG,DF,Cardiff City,26,1997,17.0,863,833,28,20,0,4,0,8,0,0,0,0,677,2,9,Matches
526,Jaden Philogene Bidace,eng ENG,"FW,MF",Hull City,21,2002,31.2,1029,989,35,3,2,5,71,24,6,0,0,0,806,5,43,Matches
527,Joey Phuthi,zw ZIM,FW,Sheffield Weds,18,2005,0.1,3,2,1,0,0,0,0,0,0,0,0,0,3,0,0,Matches
528,Harry Pickering,eng ENG,DF,Blackburn,24,1998,33.3,1939,1572,359,27,1,9,124,285,47,29,9,1,1472,8,44,Matches
529,Erik Pieters,nl NED,DF,West Brom,34,1988,17.5,1184,1031,151,16,0,4,8,113,0,0,0,0,1017,2,13,Matches
530,Pipa,es ESP,"DF,MF",West Brom,25,1998,2.8,124,108,16,0,0,0,6,15,0,0,0,0,97,0,5,Matches
531,Joël Piroe,nl NED,"MF,FW",Leeds United,23,1999,28.0,808,780,22,7,8,1,3,2,0,0,0,0,648,6,30,Matches
532,Joël Piroe,nl NED,FW,Swansea City,23,1999,3.0,54,47,6,0,0,0,0,0,0,0,0,0,42,1,3,Matches
533,Julio Pleguezuelo,es ESP,DF,Plymouth Argyle,26,1997,22.0,1196,1082,110,45,1,4,4,53,0,0,0,0,957,4,15,Matches
534,Matthew Pollock,eng ENG,DF,Watford,21,2001,10.7,616,556,58,13,0,1,4,32,0,0,0,0,479,2,5,Matches
535,Ryan Porteous,sct SCO,DF,Watford,24,1999,33.7,1994,1842,143,78,2,14,6,49,0,0,0,0,1669,9,19,Matches
536,Brad Potts,eng ENG,DF,Preston,29,1994,29.5,1494,1210,281,11,4,20,93,270,0,0,0,0,1087,3,63,Matches
537,Ian Poveda,eng ENG,"MF,FW",Leeds United,23,2000,1.7,65,64,0,0,1,0,6,0,0,0,0,0,47,1,1,Matches
538,Ian Poveda,eng ENG,"MF,FW",Sheffield Weds,23,2000,6.3,182,178,4,0,3,1,9,2,0,0,0,0,134,0,8,Matches
539,Dennis Praet,be BEL,MF,Leicester City,29,1994,6.9,331,326,4,2,2,0,18,1,0,0,0,0,282,1,5,Matches
540,Cameron Pring,eng ENG,DF,Bristol City,25,1998,37.8,2044,1644,390,15,3,6,81,374,1,0,0,0,1390,10,53,Matches
541,Alex Pritchard,eng ENG,"MF,FW",Sunderland,30,1993,12.5,706,589,113,34,11,2,114,6,67,31,23,0,524,4,13,Matches
542,Alex Pritchard,eng ENG,"MF,FW",Birmingham City,30,1993,3.7,144,124,17,8,0,0,16,1,6,2,3,0,99,3,7,Matches
543,Przemysław Płacheta,pl POL,"FW,DF",Norwich City,25,1998,5.1,227,201,24,1,1,0,28,23,0,0,0,0,161,2,14,Matches
544,Przemysław Płacheta,pl POL,FW,Swansea City,25,1998,7.4,215,214,1,0,0,0,41,1,0,0,0,0,141,0,14,Matches
545,Bojan Radulovic,rs SRB,FW,Huddersfield,23,1999,4.2,95,85,9,1,1,0,2,0,0,0,0,0,62,1,4,Matches
546,Arjan Raikhy,eng ENG,MF,Leicester City,20,2002,0.0,0,0,0,0,0,0,0,0,0,0,0,0,0,0,0,Matches
547,Mileta Rajovic,dk DEN,FW,Watford,24,1999,20.6,380,341,38,0,0,1,0,5,0,0,0,0,236,1,19,Matches
548,Joe Ralls,eng ENG,MF,Cardiff City,29,1993,25.7,1373,1217,148,64,5,15,114,7,76,28,39,0,1088,8,15,Matches
549,Calvin Ramsay,sct SCO,DF,Preston,20,2003,1.5,79,64,14,1,0,0,1,13,0,0,0,0,66,1,1,Matches
550,Aaron Ramsey,wls WAL,"MF,FW",Cardiff City,32,1990,8.0,478,403,72,31,1,7,32,10,15,8,3,2,361,3,12,Matches
551,Adam Randell,eng ENG,MF,Plymouth Argyle,22,2000,30.7,1181,1067,108,28,5,14,92,10,68,33,22,6,823,6,27,Matches
552,Joe Rankin-Costello,eng ENG,"MF,DF",Blackburn,24,1999,18.5,738,680,54,14,3,9,36,38,2,0,0,0,519,4,20,Matches
553,Oliver Rathbone,eng ENG,MF,Rotherham Utd,26,1996,36.5,1258,1084,165,42,3,13,126,8,37,19,14,0,875,9,43,Matches
554,Adam Reach,eng ENG,"DF,MF",West Brom,30,1993,7.1,363,316,43,10,1,2,18,33,0,0,0,0,293,4,13,Matches
555,Seb Revan,eng ENG,DF,Rotherham Utd,20,2003,30.4,1017,832,182,3,0,3,78,166,8,4,3,0,677,3,33,Matches
556,Taylor Richards,eng ENG,"MF,FW",QPR,22,2000,0.6,23,22,1,0,0,0,1,1,0,0,0,0,18,0,0,Matches
557,Chris Rigg,eng ENG,"FW,MF",Sunderland,16,2007,8.9,245,238,6,1,2,4,8,1,2,2,0,0,187,1,7,Matches
558,Emil Riis Jakobsen,dk DEN,FW,Preston,25,1998,14.3,277,265,9,1,0,3,16,8,0,0,0,0,157,3,16,Matches
559,Andy Rinomhota,zw ZIM,MF,Rotherham Utd,26,1997,12.5,395,390,5,2,1,1,8,3,0,0,0,0,300,0,13,Matches
560,Andy Rinomhota,zw ZIM,"MF,FW",Cardiff City,26,1997,1.4,39,38,1,1,0,0,0,0,0,0,0,0,26,0,1,Matches
561,Connor Roberts,wls WAL,"DF,FW",Leeds United,27,1995,3.5,259,209,48,7,0,0,17,35,6,0,5,0,216,2,4,Matches
562,Haydon Roberts,eng ENG,DF,Bristol City,21,2002,13.9,975,814,159,21,0,9,54,113,23,20,0,0,759,2,22,Matches
563,Marc Roberts,eng ENG,DF,Birmingham City,33,1990,9.2,479,448,29,13,0,6,4,16,0,0,0,0,360,2,8,Matches
564,Patrick Roberts,eng ENG,"MF,FW",Sunderland,26,1997,20.5,1122,1015,103,21,9,3,90,28,53,22,2,0,890,4,23,Matches
565,Tyler Roberts,wls WAL,"FW,MF",Birmingham City,24,1999,8.1,232,222,10,3,4,1,9,4,0,0,0,0,156,0,12,Matches
566,Callum Robinson,ie IRL,"MF,FW",Cardiff City,28,1995,9.4,363,327,34,6,3,3,23,5,5,4,0,0,277,2,14,Matches
567,Joe Rodon,wls WAL,DF,Leeds United,25,1997,41.4,3142,3048,90,37,0,2,0,13,0,0,0,0,2851,4,18,Matches
568,Morgan Rogers,eng ENG,"MF,FW",Middlesbrough,21,2002,14.5,469,442,24,6,12,3,9,11,3,0,1,0,333,3,15,Matches
569,Mahlon Romeo,ag ATG,DF,Cardiff City,27,1995,8.5,463,344,117,6,2,2,9,111,0,0,0,0,365,2,5,Matches
570,Ronald,br BRA,FW,Swansea City,22,2001,15.8,462,452,9,1,0,0,82,4,4,0,0,0,300,1,29,Matches
571,Michael Rose,sct SCO,DF,Stoke City,27,1995,34.9,2057,1994,54,35,0,32,1,4,0,0,0,0,1742,9,10,Matches
572,Joe Rothwell,eng ENG,MF,Southampton,28,1995,5.0,288,265,23,5,1,1,14,1,13,10,0,0,256,0,0,Matches
573,Jonathan Rowe,eng ENG,"FW,MF",Norwich City,20,2003,22.7,509,499,5,0,0,1,19,3,1,0,1,0,365,5,26,Matches
574,John Ruddy,eng ENG,GK,Birmingham City,36,1986,44.0,1631,1111,511,140,0,11,0,0,0,0,0,0,1050,9,2,Matches
575,Jack Rudoni,eng ENG,"MF,FW",Huddersfield,23,2000,34.0,1262,1142,111,37,6,7,78,8,26,10,6,1,915,9,45,Matches
576,Josh Ruffels,eng ENG,DF,Huddersfield,29,1993,8.6,368,298,66,5,0,2,21,61,0,0,0,0,220,4,11,Matches
577,Carl Rushworth,eng ENG,GK,Swansea City,22,2001,46.0,2234,1788,435,109,0,7,0,0,0,0,0,0,1588,11,0,Matches
578,Nazariy Rusyn,ua UKR,FW,Sunderland,24,1998,8.8,133,114,19,2,0,0,12,1,0,0,0,0,95,0,4,Matches
579,Georginio Rutter,fr FRA,"FW,MF",Leeds United,21,2002,41.5,1017,951,51,9,28,13,25,0,0,0,0,0,685,15,50,Matches
580,Charles Sagoe Jr,eng ENG,FW,Swansea City,19,2004,0.3,18,18,0,0,0,0,1,0,0,0,0,0,12,0,1,Matches
581,Borja Sainz,es ESP,FW,Norwich City,22,2001,22.8,702,680,22,6,2,8,23,12,4,0,0,0,595,0,25,Matches
582,Tatsuhiro Sakamoto,jp JPN,"MF,FW",Coventry City,26,1996,20.5,792,727,60,2,6,1,83,43,15,11,2,0,586,5,23,Matches
583,Dion Sanderson,eng ENG,DF,Birmingham City,23,1999,36.7,1351,1309,34,28,1,24,1,5,0,0,0,0,1141,8,8,Matches
584,Gabriel Sara,br BRA,"MF,FW",Norwich City,24,1999,45.6,2852,2556,281,85,19,15,258,4,186,83,75,3,2299,15,43,Matches
585,Josh Sargent,us USA,FW,Norwich City,23,2000,20.6,330,288,41,1,2,0,3,1,0,0,0,0,268,1,14,Matches
586,Matija Šarkić,me MNE,GK,Millwall,26,1997,32.0,953,607,344,94,0,1,0,0,0,0,0,0,512,2,0,Matches
587,Jeremy Sarmiento,ec ECU,"FW,MF",West Brom,21,2002,8.1,230,220,7,2,0,0,16,5,0,0,0,0,168,3,8,Matches
588,Jeremy Sarmiento,ec ECU,FW,Ipswich Town,21,2002,7.1,170,165,4,0,1,0,7,1,3,3,0,0,124,1,5,Matches
589,George Saville,nir NIR,MF,Millwall,30,1993,29.5,1209,1019,186,83,2,6,133,7,77,53,13,8,854,4,29,Matches
590,Romaine Sawyers,kn SKN,MF,Cardiff City,31,1991,0.3,24,22,2,2,0,0,0,0,0,0,0,0,22,0,0,Matches
591,Allahyar Sayyadmanesh,ir IRN,FW,Hull City,22,2001,0.7,15,14,1,0,0,0,1,0,0,0,0,0,10,0,0,Matches
592,Dane Scarlett,eng ENG,FW,Ipswich Town,19,2004,1.8,41,39,2,0,0,1,3,0,0,0,0,0,28,0,4,Matches
593,Dan Scarr,eng ENG,DF,Plymouth Argyle,28,1994,24.7,1313,1244,67,40,0,7,0,2,0,0,0,0,1073,2,8,Matches
594,Joshua Seary,eng ENG,"DF,MF",Preston,18,2004,0.3,14,12,2,0,0,0,0,2,0,0,0,0,10,0,0,Matches
595,Jenson Seelt,nl NED,DF,Sunderland,20,2003,11.5,616,554,61,19,0,4,12,42,0,0,0,0,510,1,6,Matches
596,Tyrell Sellars-Fleming,eng ENG,FW,Hull City,18,2005,0.0,1,1,0,0,0,0,0,0,0,0,0,0,0,0,0,Matches
597,Ken Sema,se SWE,"FW,MF",Watford,29,1993,22.3,994,802,188,32,1,5,187,79,77,32,32,0,706,4,34,Matches
598,Luis Semedo,pt POR,"FW,MF",Sunderland,19,2003,5.6,95,87,8,0,1,1,1,0,0,0,0,0,76,0,4,Matches
599,Jean Seri,ci CIV,MF,Hull City,32,1991,35.3,2366,2304,54,50,8,12,17,4,0,0,0,0,2131,8,20,Matches
600,Femi Seriki,eng ENG,"DF,FW",Rotherham Utd,21,2002,2.8,86,74,12,0,0,0,5,12,0,0,0,0,66,0,3,Matches
601,Paik Seung-ho,kr KOR,MF,Birmingham City,26,1997,14.6,663,597,62,23,4,4,53,3,34,18,13,0,494,4,15,Matches
602,Jamie Shackleton,eng ENG,"DF,FW",Leeds United,23,1999,7.5,440,376,63,2,0,2,3,61,0,0,0,0,383,1,5,Matches
603,Billy Sharp,eng ENG,"FW,MF",Hull City,37,1986,3.7,45,41,4,0,0,0,0,0,0,0,0,0,28,0,2,Matches
604,Ben Sheaf,eng ENG,MF,Coventry City,25,1998,28.8,1870,1809,52,24,7,12,38,9,19,10,6,0,1569,9,34,Matches
605,Sol Sidibé,eng ENG,MF,Stoke City,16,2007,0.3,13,13,0,0,0,0,0,0,0,0,0,0,12,0,0,Matches
606,Francisco Sierralta,cl CHI,"DF,MF",Watford,26,1997,21.9,1143,1103,35,22,0,1,1,13,0,0,0,0,967,5,14,Matches
607,Arnór Sigurðsson,is ISL,"FW,MF",Blackburn,24,1999,16.2,600,578,18,3,1,2,17,10,5,0,4,0,482,4,11,Matches
608,Sam Silvera,au AUS,FW,Middlesbrough,22,2000,15.2,489,475,10,1,2,1,37,2,5,0,0,0,365,4,26,Matches
609,Tommy Simkin,eng ENG,GK,Stoke City,18,2004,1.0,32,21,10,3,0,0,0,0,0,0,0,0,14,1,0,Matches
610,Ellis Simms,eng ENG,FW,Coventry City,22,2001,30.3,446,441,4,0,0,0,16,0,0,0,0,0,291,1,26,Matches
611,Xavier Simons,eng ENG,"MF,FW",Hull City,20,2003,0.2,17,17,0,0,0,0,0,0,0,0,0,0,14,0,1,Matches
612,Jack Simpson,eng ENG,DF,Cardiff City,26,1996,0.2,3,3,0,0,0,0,0,0,0,0,0,0,1,0,0,Matches
613,Doğukan Sınık,tr TUR,FW,Hull City,24,1999,0.3,17,15,2,2,0,1,1,0,0,0,0,0,14,0,1,Matches
614,Luis Sinisterra,co COL,MF,Leeds United,24,1999,1.9,96,95,0,0,0,2,1,0,0,0,0,0,87,1,2,Matches
615,Emmanouil Siopis,gr GRE,MF,Cardiff City,29,1994,36.5,1488,1466,19,16,2,29,6,3,0,0,0,0,1235,3,20,Matches
616,Regan Slater,eng ENG,"MF,DF",Hull City,23,1999,30.9,1518,1402,115,32,1,5,28,83,0,0,0,0,1294,1,25,Matches
617,William Smallbone,ie IRL,MF,Southampton,23,2000,33.4,2214,2065,142,45,9,12,75,27,34,13,12,0,1939,7,29,Matches
618,Andy Smith,sct SCO,MF,Hull City,21,2001,0.0,1,1,0,0,0,0,0,0,0,0,0,0,0,0,0,Matches
619,Michael Smith,eng ENG,"FW,MF",Sheffield Weds,31,1991,13.7,276,276,0,0,0,3,5,0,0,0,0,0,150,0,7,Matches
620,Tommy Smith,eng ENG,DF,Middlesbrough,31,1992,4.3,282,226,54,4,0,3,8,50,0,0,0,0,241,2,4,Matches
621,Paul Smyth,nir NIR,"FW,MF",QPR,25,1997,24.3,633,514,117,5,1,2,111,111,0,0,0,0,341,2,44,Matches
622,Matthew Sorinola,eng ENG,"DF,MF",Plymouth Argyle,22,2001,5.8,266,230,36,4,0,2,22,32,0,0,0,0,189,0,12,Matches
623,Lino Sousa,eng ENG,"DF,MF",Plymouth Argyle,18,2005,3.0,150,126,24,2,0,0,14,22,0,0,0,0,110,0,7,Matches
624,Harry Souttar,au AUS,DF,Leicester City,24,1998,1.1,113,112,1,1,0,0,0,0,0,0,0,0,99,0,0,Matches
625,Djed Spence,eng ENG,DF,Leeds United,22,2000,4.3,274,224,50,5,0,1,10,45,0,0,0,0,234,0,7,Matches
626,Tony Springett,ie IRL,"FW,MF",Norwich City,20,2002,2.4,64,63,1,0,0,0,6,1,0,0,0,0,46,0,0,Matches
627,Jack Stacey,eng ENG,DF,Norwich City,27,1996,42.8,1952,1560,387,16,1,4,193,370,1,0,0,0,1434,5,71,Matches
628,Jay Stansfield,eng ENG,"FW,MF",Birmingham City,20,2002,37.1,530,466,59,1,2,2,38,10,0,0,0,0,322,5,54,Matches
629,Jack Stephens,eng ENG,DF,Southampton,29,1994,16.6,1528,1441,84,39,3,2,5,28,0,0,0,0,1408,3,10,Matches
630,Enda Stevens,ie IRL,DF,Stoke City,33,1990,17.1,1026,851,172,18,4,7,43,154,0,0,0,0,773,3,32,Matches
631,Layton Stewart,eng ENG,"FW,MF",Preston,20,2002,2.5,28,27,1,0,0,0,0,0,0,0,0,0,23,0,1,Matches
632,Ross Stewart,sct SCO,FW,Southampton,27,1996,0.3,15,15,0,0,0,0,0,0,0,0,0,0,11,0,1,Matches
633,Jakub Stolarczyk,pl POL,GK,Leicester City,22,2000,2.0,78,71,7,1,0,1,0,0,0,0,0,0,62,0,0,Matches
634,Jordan Storey,eng ENG,DF,Preston,25,1997,40.0,1765,1580,181,34,1,9,24,147,0,0,0,0,1289,4,27,Matches
635,Pascal Struijk,nl NED,DF,Leeds United,23,1999,22.1,1877,1780,92,52,3,4,4,14,0,0,0,0,1688,5,5,Matches
636,Callum Styles,hu HUN,"DF,MF",Sunderland,23,2000,9.0,421,350,66,13,0,2,17,40,12,3,6,0,333,5,8,Matches
637,Kamaldeen Sulemana,gh GHA,"FW,MF",Southampton,21,2002,10.6,404,396,7,1,0,3,29,5,1,0,0,0,334,1,11,Matches
638,Crysencio Summerville,nl NED,FW,Leeds United,21,2001,38.9,1672,1461,199,63,16,8,187,8,128,67,38,1,1304,12,53,Matches
639,Ivan Šunjić,ba BIH,MF,Birmingham City,26,1996,29.2,886,848,33,27,0,4,11,3,0,0,0,0,687,5,24,Matches
640,John Swift,eng ENG,"MF,FW",West Brom,28,1995,20.7,1185,1057,120,23,3,11,97,1,69,20,40,0,957,8,18,Matches
641,Mark Sykes,ie IRL,"FW,MF",Bristol City,25,1997,28.7,1134,1040,90,10,5,4,73,70,10,0,1,0,823,4,35,Matches
642,Sammie Szmodics,ie IRL,"MF,FW",Blackburn,27,1995,43.3,1422,1264,144,17,8,18,78,22,30,2,2,0,1085,14,35,Matches
643,Jakob Sørensen,dk DEN,"DF,MF",Norwich City,25,1998,5.5,441,421,16,8,1,1,1,4,0,0,0,0,386,4,4,Matches
644,Japhet Tanganga,eng ENG,DF,Millwall,24,1999,17.2,637,597,39,4,1,2,4,35,0,0,0,0,486,1,4,Matches
645,George Tanner,eng ENG,DF,Bristol City,23,1999,33.7,1964,1625,337,32,1,1,45,302,0,0,0,0,1528,2,26,Matches
646,Ollie Tanner,eng ENG,"FW,DF",Cardiff City,21,2002,13.7,627,579,45,6,3,7,60,31,8,5,0,0,441,3,19,Matches
647,Fabio Tavares,eng ENG,"FW,DF",Coventry City,22,2001,2.0,86,85,1,0,0,0,18,0,1,0,0,0,64,0,4,Matches
648,Caleb Taylor,eng ENG,DF,West Brom,20,2003,0.3,24,22,2,2,0,0,0,0,0,0,0,0,20,0,0,Matches
649,Jack Taylor,ie IRL,MF,Ipswich Town,25,1998,9.8,539,528,7,6,2,8,6,0,1,1,0,0,439,4,9,Matches
650,Junior Tchamadeu,cm CMR,"DF,FW",Stoke City,19,2003,9.7,389,292,95,4,0,5,17,91,0,0,0,0,278,2,7,Matches
651,Semir Telalovic,de GER,FW,Blackburn,23,1999,3.4,109,97,9,0,3,0,0,0,0,0,0,0,73,3,3,Matches
652,Nathan Tella,ng NGA,FW,Southampton,24,1999,3.0,139,135,2,0,0,1,8,2,0,0,0,0,109,2,5,Matches
653,Bobby Thomas,eng ENG,DF,Coventry City,22,2001,41.8,2495,2384,107,81,5,11,9,26,0,0,0,0,2004,4,24,Matches
654,Luke Thomas,eng ENG,DF,Middlesbrough,22,2001,7.3,464,369,94,10,1,1,17,84,0,0,0,0,370,1,9,Matches
655,Sorba Thomas,wls WAL,"FW,MF",Huddersfield,23,1999,38.1,1576,1160,401,149,7,32,474,71,176,68,74,24,866,15,64,Matches
656,Brandon Thomas-Asante,gh GHA,FW,West Brom,24,1998,30.4,450,434,11,2,5,1,11,1,0,0,0,0,308,5,20,Matches
657,Jordan Thompson,nir NIR,"DF,MF",Stoke City,26,1997,24.6,1276,1102,170,33,1,8,64,124,13,7,3,0,977,4,33,Matches
658,Christ Tiéhi,ci CIV,MF,Rotherham Utd,25,1998,34.0,1281,1268,9,8,2,2,17,0,0,0,0,0,1049,4,24,Matches
659,Victor Torp,dk DEN,MF,Coventry City,24,1999,7.8,437,372,64,23,1,3,45,2,35,22,5,4,343,1,7,Matches
660,Conor Townsend,eng ENG,DF,West Brom,30,1993,34.7,2021,1633,379,37,1,4,109,338,4,2,1,0,1544,9,38,Matches
661,Adama Traoré,ml MLI,"FW,MF",Hull City,28,1995,11.9,522,501,20,4,0,4,10,1,12,6,2,0,447,1,9,Matches
662,Mark Travers,ie IRL,GK,Stoke City,24,1999,13.0,507,362,143,29,0,1,0,0,0,0,0,0,323,2,0,Matches
663,Lewis Travis,eng ENG,MF,Ipswich Town,25,1997,3.7,164,156,8,7,1,0,2,1,0,0,0,0,131,0,5,Matches
664,Lewis Travis,eng ENG,"MF,DF",Blackburn,25,1997,13.2,668,609,57,10,2,11,18,47,0,0,0,0,531,2,27,Matches
665,Nectarios Triantis,gr GRE,DF,Sunderland,20,2003,1.0,49,48,1,1,0,0,0,0,0,0,0,0,43,0,0,Matches
666,Sondre Tronstad,no NOR,MF,Blackburn,27,1995,32.6,1868,1822,39,26,2,13,8,12,1,0,1,0,1600,7,29,Matches
667,Axel Tuanzebe,cd COD,DF,Ipswich Town,25,1997,15.3,991,851,138,25,1,1,6,113,0,0,0,0,851,2,12,Matches
668,Ozan Tufan,tr TUR,"MF,FW",Hull City,28,1995,23.6,879,835,42,1,7,10,11,2,1,1,0,0,730,2,17,Matches
669,David Turnbull,sct SCO,"MF,FW",Cardiff City,24,1999,9.6,456,391,64,16,1,5,37,3,27,14,9,0,370,1,9,Matches
670,Oliver Turton,eng ENG,DF,Huddersfield,30,1992,1.9,80,66,13,0,0,0,5,13,0,0,0,0,54,1,3,Matches
671,Scott Twine,eng ENG,"MF,FW",Bristol City,24,1999,8.2,285,220,61,20,4,1,38,6,35,17,10,0,187,4,15,Matches
672,Scott Twine,eng ENG,"FW,MF",Hull City,24,1999,20.0,744,619,120,33,4,6,79,14,61,24,16,2,580,5,24,Matches
673,Josh Tymon,eng ENG,DF,Stoke City,24,1999,0.7,20,19,1,0,0,0,3,1,0,0,0,0,15,0,0,Matches
674,Josh Tymon,eng ENG,DF,Swansea City,24,1999,37.0,2297,1831,462,32,1,3,175,345,85,19,47,2,1851,4,45,Matches
675,Ike Ugbo,ca CAN,FW,Cardiff City,24,1998,10.4,177,173,4,0,0,0,1,1,0,0,0,0,129,0,9,Matches
676,Ike Ugbo,ca CAN,"FW,MF",Sheffield Weds,24,1998,14.4,222,218,4,0,0,0,2,0,0,0,0,0,171,0,8,Matches
677,Hwang Ui-jo,kr KOR,"FW,MF",Norwich City,30,1992,8.6,159,141,17,0,1,2,4,0,0,0,0,0,125,1,5,Matches
678,Pol Valentín,es ESP,"DF,MF",Sheffield Weds,26,1997,24.5,903,740,159,6,1,0,64,153,0,0,0,0,605,4,55,Matches
679,Jamie Vardy,eng ENG,FW,Leicester City,36,1987,19.6,348,319,28,0,1,1,6,0,0,0,0,0,257,1,13,Matches
680,Devis Vásquez,co COL,GK,Sheffield Weds,25,1998,9.0,369,240,125,26,0,2,0,0,0,0,0,0,238,4,1,Matches
681,Harry Vaughan,ie IRL,"MF,FW",Hull City,19,2004,1.6,51,49,1,0,0,0,3,1,0,0,0,0,38,1,2,Matches
682,Will Vaulks,wls WAL,MF,Sheffield Weds,29,1993,26.2,1592,1226,354,89,4,14,151,138,88,43,21,0,1095,12,26,Matches
683,Jannik Vestergaard,dk DEN,DF,Leicester City,30,1992,41.3,4168,3981,180,71,5,24,0,6,0,0,0,0,3838,7,15,Matches
684,André Vidigal,ao ANG,"FW,MF",Stoke City,24,1998,18.7,505,445,58,12,2,4,70,21,22,7,8,0,342,2,27,Matches
685,Rúben Vinagre,pt POR,DF,Hull City,24,1999,5.5,299,239,60,7,0,0,26,53,0,0,0,0,234,0,14,Matches
686,Andreas Voglsammer,de GER,"DF,FW",Millwall,31,1992,0.5,16,16,0,0,0,0,2,0,0,0,0,0,10,0,1,Matches
687,Zak Vyner,ke KEN,DF,Bristol City,26,1997,35.0,2247,2158,83,41,0,16,3,16,0,0,0,0,1873,6,15,Matches
688,Leopold Wahlstedt,se SWE,GK,Blackburn,24,1999,20.3,820,604,216,38,0,0,0,0,0,0,0,0,678,0,0,Matches
689,Ben Waine,nz NZL,FW,Plymouth Argyle,22,2001,10.2,115,98,17,0,0,1,2,1,0,0,0,0,71,0,4,Matches
690,Kyle Walker-Peters,eng ENG,DF,Southampton,26,1997,42.9,3227,2837,385,73,9,1,72,304,8,0,0,0,2896,5,60,Matches
691,Jed Wallace,eng ENG,"FW,MF",West Brom,29,1994,31.3,888,816,66,8,4,9,116,10,26,12,9,2,616,6,30,Matches
692,Murray Wallace,sct SCO,DF,Millwall,30,1993,23.0,1136,951,182,33,0,8,19,149,0,0,0,0,824,3,19,Matches
693,Joe Walsh,eng ENG,GK,QPR,21,2002,1.0,47,37,10,7,0,0,0,0,0,0,0,0,30,0,0,Matches
694,Liam Walsh,eng ENG,"MF,FW",Swansea City,25,1997,6.3,347,300,45,7,2,2,33,6,21,4,11,3,271,2,8,Matches
695,Christian Walton,eng ENG,GK,Ipswich Town,27,1995,0.0,2,2,0,0,0,0,0,0,0,0,0,0,1,0,0,Matches
696,Danny Ward,eng ENG,FW,Huddersfield,31,1991,12.7,161,148,12,0,0,0,3,1,0,0,0,0,102,1,10,Matches
697,James Ward-Prowse,eng ENG,MF,Southampton,28,1994,1.0,113,102,11,3,0,0,12,0,6,2,3,0,96,0,0,Matches
698,Jaden Warner,eng ENG,DF,Norwich City,20,2002,1.7,107,105,2,1,0,1,1,1,0,0,0,0,96,0,0,Matches
699,Lewis Warrington,eng ENG,MF,Plymouth Argyle,20,2002,0.6,31,31,0,0,0,0,0,0,0,0,0,0,26,0,0,Matches
700,Duncan Watmore,eng ENG,"MF,FW",Millwall,29,1994,18.8,398,370,25,0,5,1,16,1,1,0,0,0,284,3,21,Matches
701,Tom Watson,eng ENG,FW,Sunderland,17,2006,0.0,5,4,1,0,0,0,1,1,0,0,0,0,2,0,1,Matches
702,Andreas Weimann,at AUT,"FW,MF",West Brom,31,1991,4.6,85,81,4,0,0,1,1,0,0,0,0,0,64,0,3,Matches
703,Andreas Weimann,at AUT,"FW,MF",Bristol City,31,1991,9.1,191,174,16,6,2,2,6,6,1,0,0,0,133,1,5,Matches
704,Finley Welch,eng ENG,FW,Norwich City,18,2004,0.0,1,1,0,0,0,0,0,0,0,0,0,0,1,0,0,Matches
705,Nahki Wells,bm BER,FW,Bristol City,33,1990,16.9,335,301,34,3,1,0,18,5,2,2,0,0,257,0,9,Matches
706,Adam Wharton,eng ENG,MF,Blackburn,19,2004,21.7,1259,1188,65,28,14,7,46,5,32,11,10,2,1033,6,11,Matches
707,Scott Wharton,eng ENG,DF,Blackburn,25,1997,23.1,1443,1372,66,45,0,23,0,18,0,0,0,0,1180,5,8,Matches
708,Jack Whatmough,eng ENG,"DF,MF",Preston,26,1996,14.0,485,461,24,5,0,6,1,19,0,0,0,0,345,0,6,Matches
709,Ben Whiteman,eng ENG,MF,Preston,27,1996,25.9,1266,1152,109,59,2,9,80,0,50,31,12,0,1003,5,17,Matches
710,Morgan Whittaker,eng ENG,"FW,MF",Plymouth Argyle,22,2001,44.1,1283,1101,177,52,4,21,148,18,49,28,5,2,866,5,65,Matches
711,Ben Wiles,eng ENG,"FW,MF",Rotherham Utd,24,1999,2.0,25,21,4,0,0,0,1,0,0,0,0,0,18,0,1,Matches
712,Ben Wiles,eng ENG,MF,Huddersfield,24,1999,20.4,553,520,30,9,2,3,24,9,8,2,6,0,405,3,12,Matches
713,Mallik Wilks,eng ENG,"FW,MF",Sheffield Weds,24,1998,3.1,64,63,0,0,0,0,16,0,0,0,0,0,33,1,4,Matches
714,Brandon Williams,eng ENG,DF,Ipswich Town,22,2000,8.9,527,417,109,13,1,1,8,96,0,0,0,0,425,1,8,Matches
715,Joe Williams,eng ENG,MF,Bristol City,26,1996,28.4,1560,1484,68,46,5,19,47,2,18,6,6,0,1216,8,27,Matches
716,Chris Willock,eng ENG,"FW,MF",QPR,25,1998,25.5,1005,985,17,7,3,2,96,0,2,0,0,0,795,3,39,Matches
717,Ben Wilmot,eng ENG,DF,Stoke City,23,1999,22.7,1413,1356,55,36,0,38,0,19,0,0,0,0,1098,2,13,Matches
718,Ben Wilson,eng ENG,GK,Coventry City,30,1992,18.0,618,440,178,35,0,1,0,0,0,0,0,0,486,0,0,Matches
719,James Wilson,,DF,Middlesbrough,,,0.0,6,6,0,0,0,0,0,0,0,0,0,0,6,0,0,Matches
720,Josh Wilson-Esbrand,eng ENG,"DF,MF",Cardiff City,20,2002,7.4,291,230,60,0,0,0,17,60,0,0,0,0,227,1,7,Matches
721,Josh Windass,eng ENG,"MF,FW",Sheffield Weds,29,1994,19.4,633,559,72,14,4,8,72,16,24,7,6,0,470,2,16,Matches
722,Harry Winks,eng ENG,MF,Leicester City,27,1996,44.9,4000,3883,108,95,6,14,41,4,7,1,4,0,3725,9,31,Matches
723,Ryan Wintle,eng ENG,MF,Cardiff City,26,1997,29.3,1504,1356,146,56,0,17,85,7,52,18,20,0,1244,2,15,Matches
724,Nathan Wood-Gordon,eng ENG,DF,Swansea City,21,2002,23.4,1584,1552,31,18,0,7,2,12,0,0,0,0,1441,1,8,Matches
725,Ben Woodburn,wls WAL,"MF,FW",Preston,23,1999,2.8,97,88,8,1,0,2,4,0,2,0,1,0,70,1,0,Matches
726,Freddie Woodman,eng ENG,GK,Preston,26,1997,44.0,1446,894,542,167,0,5,0,0,0,0,0,0,701,10,0,Matches
727,Luke Woolfenden,eng ENG,DF,Ipswich Town,24,1998,40.1,2468,2395,68,53,0,4,4,5,0,0,0,0,2167,5,12,Matches
728,Callum Wright,eng ENG,"MF,FW",Plymouth Argyle,23,2000,8.9,274,263,10,2,1,3,10,3,1,1,0,0,201,1,9,Matches
729,Haji Wright,us USA,"FW,MF",Coventry City,25,1998,33.0,634,618,13,4,2,1,30,5,0,0,0,0,444,3,39,Matches
730,Tyreik Wright,ie IRL,FW,Plymouth Argyle,21,2001,1.0,40,35,4,1,0,1,5,0,2,2,0,0,27,1,1,Matches
731,Charlie Wyke,eng ENG,FW,Rotherham Utd,30,1992,5.1,79,78,1,0,0,0,3,0,0,0,0,0,42,0,2,Matches
732,Jerry Yates,eng ENG,FW,Swansea City,26,1996,25.4,289,284,5,0,2,1,3,1,1,0,0,0,229,0,5,Matches
733,Ephraim Yeboah,gh GHA,"FW,MF",Bristol City,17,2006,2.3,47,47,0,0,0,0,2,0,0,0,0,0,26,0,1,Matches
734,Okay Yokuşlu,tr TUR,MF,West Brom,29,1994,35.8,1921,1877,40,38,7,8,4,1,0,0,0,0,1673,4,17,Matches
735,Anass Zaroury,ma MAR,"FW,MF",Hull City,22,2000,7.7,338,290,48,13,1,1,58,4,31,12,6,1,231,0,17,Matches
