Unnamed: 0_level_0_Rk,Unnamed: 1_level_0_Player,Unnamed: 2_level_0_Nation,Unnamed: 3_level_0_Pos,Unnamed: 4_level_0_Squad,Unnamed: 5_level_0_Age,Unnamed: 6_level_0_Born,Unnamed: 7_level_0_90s,Performance_CrdY,Performance_CrdR,Performance_2CrdY,Performance_Fls,Performance_Fld,Performance_Off,Performance_Crs,Performance_Int,Performance_TklW,Performance_PKwon,Performance_PKcon,Performance_OG,Performance_Recov,Aerial Duels_Won,Aerial Duels_Lost,Aerial Duels_Won%,Unnamed: 24_level_0_Matches
1,Yunis Abdelhamid,ma MAR,DF,Reims,34,1987,37.0,6,0,0,49,28,2,5,64,50,0,0,0,263,93,51,64.6,Matches
2,Himad Abdelli,dz ALG,"MF,FW",Angers,22,1999,23.7,3,0,0,43,31,1,35,28,38,0,0,0,180,18,23,43.9,Matches
3,Salis Abdul Samed,gh GHA,MF,Lens,22,2000,32.2,6,1,0,71,38,0,10,36,26,0,0,1,213,14,17,45.2,Matches
4,Laurent Abergel,fr FRA,MF,Lorient,29,1993,26.0,7,1,1,28,29,0,6,34,52,0,0,0,193,8,15,34.8,Matches
5,Matthis Abline,fr FRA,"FW,MF",Auxerre,19,2003,9.0,1,0,0,14,10,5,6,1,2,1,0,0,13,12,30,28.6,Matches
6,Matthis Abline,fr FRA,"FW,MF",Rennes,19,2003,1.2,0,0,0,3,5,1,2,2,1,1,0,0,2,1,4,20.0,Matches
7,Zakaria Aboukhlal,ma MAR,"FW,MF",Toulouse,22,2000,27.5,4,0,0,41,46,20,29,22,23,0,0,0,130,12,31,27.9,Matches
8,Mohamed Achi,fr FRA,FW,Nantes,20,2002,0.4,0,0,0,2,0,0,1,0,1,0,0,0,2,0,0,,Matches
9,Martin Adeline,fr FRA,"MF,FW",Reims,18,2003,1.2,2,0,0,5,0,0,0,3,3,0,0,0,11,6,5,54.5,Matches
10,Emmanuel Agbadou,ci CIV,DF,Reims,25,1997,26.5,5,3,0,29,6,0,2,32,49,0,1,1,248,60,36,62.5,Matches
11,Lucien Agoume,fr FRA,MF,Troyes,20,2002,12.2,5,0,0,30,8,1,9,27,25,0,0,0,84,31,18,63.3,Matches
12,Ruben Aguilar,fr FRA,DF,Monaco,29,1993,13.0,3,0,0,15,14,1,39,18,9,0,0,0,80,12,14,46.2,Matches
13,Amar Ahmed,se SWE,FW,Troyes,18,2004,0.2,0,0,0,1,1,0,0,1,1,0,0,0,2,0,3,0.0,Matches
14,Jean-Eudes Aholou,ci CIV,MF,Strasbourg,28,1994,14.4,4,1,0,39,23,1,5,24,20,0,0,0,91,26,18,59.1,Matches
15,Ludovic Ajorque,fr FRA,FW,Strasbourg,28,1994,8.6,1,0,0,14,8,1,0,2,4,0,0,0,21,50,33,60.2,Matches
16,Maghnes Akliouche,fr FRA,"MF,FW",Monaco,20,2002,4.5,3,0,0,7,4,1,10,3,4,0,0,0,23,2,6,25.0,Matches
17,Doğan Alemdar,tr TUR,GK,Rennes,19,2002,4.5,1,0,0,0,0,0,0,0,0,0,0,0,6,2,0,100.0,Matches
18,Jim Allevinah,ga GAB,"DF,FW",Clermont Foot,27,1995,24.9,2,0,0,22,53,1,65,24,24,0,0,0,153,12,17,41.4,Matches
19,Mickaël Alphonse,gp GLP,DF,Ajaccio,33,1989,15.1,2,1,0,19,15,0,27,35,23,0,1,1,89,32,27,54.2,Matches
20,Ibrahim Amadou,fr FRA,"DF,MF",Angers,29,1993,4.7,2,0,0,4,3,0,1,10,7,0,2,0,29,6,5,54.5,Matches
21,Ayoub Amraoui,ma MAR,"DF,FW",Nice,18,2004,3.3,1,0,0,5,2,0,14,4,5,0,0,0,12,0,1,0.0,Matches
22,Benjamin André,fr FRA,MF,Lille,31,1990,32.4,12,0,0,57,39,1,14,47,74,1,0,0,278,91,61,59.9,Matches
23,Komnen Andrić,rs SRB,FW,Clermont Foot,27,1995,16.1,4,0,0,16,41,7,1,8,5,1,1,0,37,45,59,43.3,Matches
24,Houssem Aouar,dz ALG,MF,Lyon,24,1998,5.8,2,0,0,7,5,0,6,8,5,0,0,0,35,6,4,60.0,Matches
25,Adil Aouchiche,fr FRA,MF,Lorient,20,2002,2.8,0,0,0,4,5,0,17,4,2,0,0,0,14,0,3,0.0,Matches
26,Dennis Appiah,fr FRA,"DF,MF",Nantes,30,1992,8.8,1,0,0,16,1,1,21,10,11,0,1,0,50,16,16,50.0,Matches
27,Stredair Appuah,fr FRA,"DF,MF",Nantes,18,2004,0.7,0,0,0,0,2,0,2,1,1,0,0,0,5,1,3,25.0,Matches
28,Taïryk Arconte,fr FRA,FW,Brest,18,2003,1.4,0,0,0,1,2,1,1,0,1,0,0,0,3,3,3,50.0,Matches
29,Mohamed El Arouch,fr FRA,MF,Lyon,18,2004,0.0,0,0,0,0,0,0,1,0,1,0,0,0,1,0,0,,Matches
30,Lorenz Assignon,tg TOG,DF,Rennes,22,2000,2.9,3,0,0,4,4,0,4,2,2,0,0,0,19,8,4,66.7,Matches
31,Youcef Atal,dz ALG,"DF,MF",Nice,26,1996,8.7,1,0,0,9,15,3,40,14,22,0,0,0,51,9,7,56.3,Matches
32,Valentin Atangana Edoa,fr FRA,MF,Reims,16,2005,1.9,0,0,0,7,8,2,1,0,3,0,0,0,10,3,0,100.0,Matches
33,Mathias Autret,fr FRA,"MF,FW",Auxerre,31,1991,14.3,0,0,0,7,4,2,65,12,10,0,0,0,73,5,13,27.8,Matches
34,Cédric Avinel,gp GLP,DF,Ajaccio,35,1986,19.9,2,1,0,12,2,0,0,15,7,0,2,0,93,38,15,71.7,Matches
35,Loïc Bade,fr FRA,DF,Rennes,22,2000,1.0,1,0,0,3,1,0,0,1,1,0,0,0,4,2,2,50.0,Matches
36,Benoît Badiashile,fr FRA,DF,Monaco,21,2001,9.3,3,0,0,10,4,0,0,17,8,0,0,0,67,21,7,75.0,Matches
37,Eric Bailly,ci CIV,DF,Marseille,28,1994,6.0,1,0,0,10,5,0,0,12,10,0,0,0,42,15,15,50.0,Matches
38,Dénys Bain,fr FRA,DF,Auxerre,29,1993,1.4,0,0,0,2,1,0,0,2,3,0,0,0,5,3,1,75.0,Matches
39,Brandon Baiye,be BEL,MF,Clermont Foot,21,2000,0.6,0,0,0,0,0,0,0,1,2,0,0,0,2,0,1,0.0,Matches
40,Cédric Bakambu,cd COD,MF,Marseille,31,1991,0.7,0,0,0,2,1,0,1,0,1,0,0,0,5,4,3,57.1,Matches
41,Thierno Balde,fr FRA,"DF,MF",Troyes,20,2002,23.9,1,0,0,8,34,2,37,23,14,1,0,0,143,7,20,25.9,Matches
42,Carlos Baleba,cm CMR,MF,Lille,18,2004,5.3,3,1,0,13,18,0,1,1,11,2,0,0,38,7,8,46.7,Matches
43,Leonardo Balerdi,ar ARG,DF,Marseille,23,1999,29.3,9,1,0,53,21,0,6,63,37,0,1,1,204,70,41,63.1,Matches
44,Folarin Balogun,us USA,FW,Reims,21,2001,33.3,5,0,0,38,54,29,23,3,5,3,0,0,86,14,57,19.7,Matches
45,Abdoulaye Bamba,ci CIV,DF,Angers,32,1990,15.2,2,0,0,10,13,4,19,18,12,0,0,0,68,17,14,54.8,Matches
46,Jonathan Bamba,ci CIV,FW,Lille,26,1996,30.9,6,0,0,33,59,12,79,22,17,0,1,0,200,20,35,36.4,Matches
47,Bradley Barcola,fr FRA,"FW,MF",Lyon,19,2002,16.0,3,0,0,24,7,7,21,19,16,0,0,0,60,16,32,33.3,Matches
48,Melvin Bard,fr FRA,DF,Nice,21,2000,27.3,6,0,0,30,20,2,70,64,60,0,1,0,180,33,23,58.9,Matches
49,Ross Barkley,eng ENG,"MF,FW",Nice,28,1993,10.7,1,0,0,14,15,1,46,8,9,0,0,0,58,4,12,25.0,Matches
50,Mickaël Barreto,fr FRA,MF,Ajaccio,31,1991,14.7,1,0,0,20,8,0,76,18,20,0,0,0,100,9,7,56.3,Matches
51,Cyrille Bayala,bf BFA,MF,Ajaccio,26,1996,22.3,3,1,0,29,28,7,44,25,37,0,0,0,150,41,57,41.8,Matches
52,Yanis Begraoui,ma MAR,"FW,MF",Toulouse,21,2001,0.7,0,0,0,0,0,1,0,1,0,0,0,0,3,0,0,,Matches
53,Alexis Beka Beka,fr FRA,"MF,DF",Nice,21,2001,6.1,2,0,0,11,7,0,17,12,5,0,0,0,44,3,4,42.9,Matches
54,Jérémie Bela,ao ANG,"DF,MF",Clermont Foot,29,1993,8.3,0,0,0,7,17,0,34,9,4,0,0,0,29,2,0,100.0,Matches
55,Reda Belahyane,ma MAR,MF,Nice,18,2004,2.0,0,0,0,5,1,0,0,2,6,0,0,0,23,0,0,,Matches
56,Youcef Belaïli,dz ALG,"MF,FW",Ajaccio,30,1992,12.8,2,0,0,25,24,4,42,5,10,2,0,0,75,7,9,43.8,Matches
57,Youcef Belaïli,dz ALG,"FW,MF",Brest,30,1992,4.0,3,0,0,11,8,2,21,1,2,0,0,0,19,2,1,66.7,Matches
58,Haris Belkebla,dz ALG,MF,Brest,28,1994,29.5,3,0,0,33,50,0,11,52,48,0,0,0,197,20,30,40.0,Matches
59,Jean-Ricner Bellegarde,ht HAI,"MF,FW",Strasbourg,24,1998,26.9,5,0,0,36,73,1,123,26,25,3,1,0,157,20,30,40.0,Matches
60,Jeanuël Belocian,fr FRA,DF,Rennes,17,2005,5.6,1,0,0,6,1,0,3,6,7,0,0,0,28,7,2,77.8,Matches
61,Eliesse Ben Seghir,ma MAR,"FW,MF",Monaco,17,2005,11.7,1,0,0,17,34,3,7,4,10,0,0,0,49,9,16,36.0,Matches
62,Salim Ben Seghir,fr FRA,MF,Marseille,19,2003,0.0,0,0,0,0,0,0,0,0,0,0,0,0,2,0,0,,Matches
63,Wissam Ben Yedder,fr FRA,FW,Monaco,31,1990,23.5,4,0,0,18,21,22,17,4,9,2,0,0,58,15,27,35.7,Matches
64,Nabil Bentaleb,dz ALG,MF,Angers,27,1994,27.7,7,1,1,39,54,0,96,44,40,0,0,0,231,29,18,61.7,Matches
65,Patrick Berg,no NOR,"MF,FW",Lens,24,1997,0.3,0,0,0,1,0,0,0,1,0,0,0,0,1,0,0,,Matches
66,Mitchell van Bergen,nl NED,"FW,DF",Reims,22,1999,10.1,1,0,0,10,7,3,59,6,8,1,1,0,56,5,8,38.5,Matches
67,Quentin Bernard,fr FRA,DF,Auxerre,33,1989,7.0,0,0,0,6,3,0,14,15,7,0,0,0,39,3,8,27.3,Matches
68,Paul Bernardoni,fr FRA,GK,Angers,25,1997,27.0,0,0,0,1,2,0,0,1,0,0,1,0,17,6,1,85.7,Matches
69,Juan Bernat,es ESP,"DF,MF",Paris S-G,29,1993,18.3,1,0,0,7,8,0,16,9,16,0,0,0,86,6,10,37.5,Matches
70,Jason Berthomier,fr FRA,MF,Clermont Foot,32,1990,0.3,0,0,0,0,0,0,0,0,0,0,0,0,2,0,1,0.0,Matches
71,El Bilal Touré,ml MLI,FW,Reims,20,2001,1.0,0,0,0,3,1,0,0,0,0,0,0,0,3,3,6,33.3,Matches
72,Jean-Claude Billong,cm CMR,MF,Clermont Foot,28,1993,0.3,0,0,0,0,0,0,1,1,0,0,0,0,3,2,2,50.0,Matches
73,Veljko Birmančević,rs SRB,"FW,MF",Toulouse,24,1998,4.9,0,0,0,5,8,0,5,7,7,1,0,0,25,3,12,20.0,Matches
74,Marco Bizot,nl NED,GK,Brest,31,1991,37.0,4,0,0,0,4,0,0,0,0,0,0,0,29,5,1,83.3,Matches
75,Rubén Blanco,es ESP,GK,Marseille,27,1995,5.5,0,0,0,0,1,0,0,0,0,0,0,0,7,1,0,100.0,Matches
76,Ludovic Blas,fr FRA,"MF,FW",Nantes,24,1997,31.3,6,0,0,59,62,4,128,19,30,0,0,0,169,18,34,34.6,Matches
77,Miha Blažič,si SVN,DF,Angers,29,1993,22.0,4,0,0,12,16,0,1,22,6,0,1,1,113,44,19,69.8,Matches
78,Joaquín Blázquez,ar ARG,GK,Brest,21,2001,1.0,0,0,0,0,0,0,0,0,0,0,0,0,0,0,0,,Matches
79,Myron Boadu,nl NED,FW,Monaco,21,2001,3.3,0,0,0,7,3,5,1,0,3,0,0,0,11,11,9,55.0,Matches
80,Jérôme Boateng,de GER,DF,Lyon,33,1988,4.8,0,0,0,1,0,0,1,6,0,0,0,1,18,7,1,87.5,Matches
81,Antonin Bobichon,fr FRA,MF,Angers,26,1995,0.2,0,0,0,0,0,0,2,0,0,0,0,0,2,0,1,0.0,Matches
82,Quentin Boisgard,fr FRA,MF,Lorient,25,1997,2.0,1,0,0,3,1,0,8,4,2,0,0,0,9,2,0,100.0,Matches
83,Neto Borges,br BRA,DF,Clermont Foot,25,1996,31.5,4,2,1,21,46,5,84,41,45,2,1,0,186,36,23,61.0,Matches
84,Kenji-Van Boto,mg MAD,DF,Auxerre,26,1996,2.0,0,0,0,2,4,0,4,1,2,0,0,0,8,1,2,33.3,Matches
85,Kouamé Botué,bf BFA,"FW,MF",Ajaccio,19,2002,2.5,0,0,0,5,6,0,0,0,2,0,0,0,13,10,17,37.0,Matches
86,Badredine Bouanani,dz ALG,"FW,MF",Nice,17,2004,9.6,0,0,0,9,21,1,47,1,9,0,0,0,43,1,7,12.5,Matches
87,Hicham Boudaoui,dz ALG,MF,Nice,22,1999,20.8,5,0,0,31,36,0,23,36,32,0,0,0,152,9,12,42.9,Matches
88,Franci Bouebari,fr FRA,DF,Strasbourg,18,2003,0.8,0,0,0,2,0,0,1,2,0,0,0,0,0,1,1,50.0,Matches
89,Sofiane Boufal,ma MAR,"FW,MF",Angers,28,1993,9.3,3,1,1,20,20,2,37,5,9,1,0,0,36,1,9,10.0,Matches
90,Ismaël Boura,km COM,"DF,FW",Lens,21,2000,1.0,0,0,0,0,3,0,7,2,4,0,0,0,9,1,2,33.3,Matches
91,Benjamin Bourigeaud,fr FRA,"MF,FW",Rennes,28,1994,34.1,6,1,1,35,14,2,231,31,29,0,0,0,176,10,32,23.8,Matches
92,Bilal Brahimi,dz ALG,"FW,MF",Nice,22,2000,8.9,0,0,0,3,8,6,76,4,5,0,0,0,31,2,4,33.3,Matches
93,Lilian Brassier,fr FRA,DF,Brest,22,1999,34.4,5,0,0,42,16,0,33,53,30,0,0,0,201,61,37,62.2,Matches
94,Andreas Bruus,dk DEN,"DF,FW",Troyes,23,1999,18.1,2,0,0,11,7,2,67,17,6,0,0,0,76,3,16,15.8,Matches
95,Joe Bryan,eng ENG,"MF,DF",Nice,28,1993,2.0,3,0,0,4,3,1,3,1,4,0,0,0,16,0,5,0.0,Matches
96,Adam Buksa,pl POL,"FW,MF",Lens,26,1996,1.1,0,0,0,5,1,0,1,0,0,0,0,0,2,1,5,16.7,Matches
97,Maxime Busi,be BEL,DF,Reims,22,1999,11.6,4,0,0,19,6,0,27,14,16,0,1,0,74,14,16,46.7,Matches
98,Marcin Bułka,pl POL,GK,Nice,22,1999,2.0,0,0,0,0,0,0,0,1,0,0,0,0,3,0,0,,Matches
99,Rémy Cabella,fr FRA,"MF,FW",Lille,32,1990,28.1,3,0,0,25,44,2,164,17,37,0,1,0,137,9,15,37.5,Matches
100,Jimmy Cabot,fr FRA,"DF,MF",Lens,28,1994,5.7,2,0,0,14,0,1,50,4,12,0,0,0,50,3,3,50.0,Matches
101,Jens Cajuste,se SWE,MF,Reims,22,1999,17.0,8,1,1,33,29,0,7,18,25,0,0,0,101,13,17,43.3,Matches
102,Duje Ćaleta-Car,hr CRO,DF,Marseille,25,1996,0.1,0,0,0,0,0,0,0,0,0,0,0,0,0,1,0,100.0,Matches
103,Mahdi Camara,fr FRA,MF,Brest,24,1998,20.2,4,1,0,22,32,0,15,40,36,1,0,0,114,19,24,44.2,Matches
104,Mohamed Camara,ml MLI,MF,Monaco,22,2000,24.4,6,1,0,45,58,0,4,27,45,0,0,0,195,14,11,56.0,Matches
105,Ousmane Camara,gn GUI,"FW,MF",Auxerre,20,2001,0.3,1,0,0,2,0,0,2,0,1,0,0,0,2,0,3,0.0,Matches
106,Ousmane Camara,ml MLI,DF,Angers,19,2003,5.8,2,0,0,5,2,0,0,11,6,0,0,0,36,10,4,71.4,Matches
107,Axel Camblan,fr FRA,"FW,MF",Brest,18,2003,0.8,0,0,0,4,1,0,2,0,2,0,0,0,5,7,3,70.0,Matches
108,Pierrick Capelle,fr FRA,"MF,DF",Angers,35,1987,15.9,8,0,0,32,6,0,46,15,21,0,0,0,107,13,24,35.1,Matches
109,Maxence Caqueret,fr FRA,MF,Lyon,22,2000,30.7,2,0,0,45,31,4,99,39,54,0,0,0,215,16,21,43.2,Matches
110,Irvin Cardona,mt MLT,"FW,MF",Brest,24,1997,2.6,0,0,0,5,2,5,1,2,0,0,0,0,7,4,5,44.4,Matches
111,Igor Carioca,br BRA,DF,Lorient,25,1996,5.1,2,1,0,7,5,0,14,5,11,0,0,0,33,4,3,57.1,Matches
112,Matis Carvalho,pt POR,GK,Montpellier,23,1999,1.5,0,0,0,0,0,0,0,1,0,0,0,0,0,1,1,50.0,Matches
113,Jean-Charles Castelletto,cm CMR,DF,Nantes,27,1995,28.5,3,0,0,28,18,0,13,58,26,0,2,0,175,77,42,64.7,Matches
114,Yoann Cathline,fr FRA,"FW,MF",Lorient,20,2002,12.1,0,0,0,11,28,1,48,8,12,0,1,0,62,2,8,20.0,Matches
115,Maximiliano Caufriez,be BEL,DF,Clermont Foot,25,1997,24.7,10,1,1,29,35,1,3,34,24,0,0,0,142,20,15,57.1,Matches
116,Fabien Centonze,fr FRA,DF,Nantes,26,1996,18.8,4,0,0,14,21,0,67,44,37,1,0,0,108,33,19,63.5,Matches
117,Florian Chabrolle,fr FRA,MF,Ajaccio,24,1998,3.7,1,0,0,2,1,0,1,7,4,0,0,0,22,1,3,25.0,Matches
118,El Chadaille Bitshiabu,fr FRA,DF,Paris S-G,17,2005,6.5,2,0,0,4,0,0,0,9,7,0,0,0,41,6,4,60.0,Matches
119,Fares Chaïbi,dz ALG,"FW,MF",Toulouse,19,2002,26.0,2,0,0,34,21,8,57,19,18,0,0,0,109,30,50,37.5,Matches
120,Muhammed Cham,at AUT,MF,Clermont Foot,21,2000,21.9,2,0,0,17,40,1,73,7,15,0,1,0,106,6,13,31.6,Matches
121,Gaëtan Charbonnier,fr FRA,"FW,MF",Auxerre,33,1988,2.8,1,0,0,3,1,3,1,0,1,0,0,0,6,3,7,30.0,Matches
122,Brendan Chardonnet,fr FRA,DF,Brest,27,1994,27.7,6,0,0,39,26,0,6,63,27,0,1,1,149,92,42,68.7,Matches
123,Xavier Chavalerin,fr FRA,MF,Troyes,31,1991,27.0,3,0,0,31,12,2,29,41,50,0,0,0,139,16,13,55.2,Matches
124,Ivane Chegra,fr FRA,"MF,FW",Ajaccio,18,2004,2.1,0,0,0,3,3,2,4,1,3,0,0,0,12,2,2,50.0,Matches
125,Rayan Cherki,fr FRA,"MF,FW",Lyon,18,2003,20.8,3,0,0,16,32,4,91,5,8,0,1,0,94,2,9,18.2,Matches
126,Ilyes Cheti,dz ALG,DF,Angers,27,1995,2.3,1,0,0,4,1,0,5,4,4,0,1,0,18,0,0,,Matches
127,Lucas Chevalier,fr FRA,GK,Lille,20,2001,32.0,1,0,0,0,5,0,0,2,1,0,0,0,55,2,0,100.0,Matches
128,Pedro Chirivella,es ESP,MF,Nantes,25,1997,22.5,1,0,0,20,18,0,13,20,22,0,0,0,126,9,8,52.9,Matches
129,Joris Chotard,fr FRA,MF,Montpellier,20,2001,27.3,4,0,0,33,18,3,33,40,34,0,0,0,188,12,20,37.5,Matches
130,Yanis Cimignani,fr FRA,"MF,DF",Ajaccio,20,2002,3.1,0,0,0,5,2,0,10,2,5,0,0,0,12,0,12,0.0,Matches
131,Souleymane Cissé,fr FRA,DF,Clermont Foot,19,2002,0.4,0,0,0,2,1,0,0,1,1,0,0,0,3,1,0,100.0,Matches
132,Alexis Claude-Maurice,fr FRA,FW,Nice,24,1998,0.7,0,0,0,0,2,0,1,2,2,0,0,0,1,2,0,100.0,Matches
133,Alexis Claude-Maurice,fr FRA,"MF,FW",Lens,24,1998,6.7,0,0,0,7,16,0,7,2,9,0,0,0,25,4,2,66.7,Matches
134,Jonathan Clauss,fr FRA,DF,Marseille,29,1992,28.8,1,0,0,25,12,3,110,31,28,0,1,0,180,10,17,37.0,Matches
135,Marcus Coco,fr FRA,"FW,MF",Nantes,26,1996,7.1,2,0,0,19,11,3,24,14,15,0,0,0,50,17,33,34.0,Matches
136,Alexandre Coeff,fr FRA,DF,Auxerre,30,1992,6.5,0,0,0,3,1,0,5,8,5,0,0,0,29,6,7,46.2,Matches
137,Abdu Conté,pt POR,DF,Troyes,24,1998,14.6,0,0,0,12,12,4,37,6,17,0,2,0,71,16,7,69.6,Matches
138,Sébastien Corchia,fr FRA,DF,Nantes,31,1990,8.7,3,0,0,16,18,1,43,14,6,0,0,0,52,12,10,54.5,Matches
139,David Costa,pt POR,"MF,FW",Lens,21,2001,15.6,2,0,0,14,14,0,52,11,7,1,0,0,67,3,11,21.4,Matches
140,Logan Costa,cv CPV,DF,Toulouse,21,2001,4.6,0,0,0,2,4,0,0,4,4,0,0,1,24,5,3,62.5,Matches
141,Nuno da Costa,cv CPV,"FW,MF",Auxerre,31,1991,22.3,5,1,1,37,57,5,15,20,23,0,0,0,67,45,68,39.8,Matches
142,Benoît Costil,fr FRA,GK,Auxerre,35,1987,19.0,0,0,0,0,0,0,0,0,0,0,0,0,18,2,0,100.0,Matches
143,Mathieu Coutadeur,fr FRA,MF,Ajaccio,36,1986,21.6,2,0,0,6,13,0,5,19,13,0,0,0,150,9,13,40.9,Matches
144,Nicolas Cozza,fr FRA,DF,Montpellier,23,1999,14.2,3,0,0,8,19,3,14,21,21,0,0,0,62,21,23,47.7,Matches
145,Damien Da Silva,fr FRA,DF,Lyon,34,1988,3.8,2,0,0,8,2,0,2,5,7,0,0,0,13,12,7,63.2,Matches
146,Andréa Dacourt,fr FRA,MF,Nice,17,2005,0.0,0,0,0,0,0,0,0,0,0,0,0,0,0,0,0,,Matches
147,Colin Dagba,fr FRA,"DF,MF",Strasbourg,23,1998,10.6,3,0,0,14,6,1,35,17,20,0,0,0,51,3,5,37.5,Matches
148,Thijs Dallinga,nl NED,FW,Toulouse,21,2000,26.1,4,0,0,35,19,22,18,3,6,0,0,0,41,56,68,45.2,Matches
149,Flavius Daniliuc,at AUT,DF,Nice,21,2001,1.0,0,0,0,2,0,0,2,0,0,0,0,0,5,1,0,100.0,Matches
150,Kévin Danois,fr FRA,MF,Auxerre,18,2004,0.0,0,0,0,0,0,0,0,1,1,0,0,0,0,0,0,,Matches
151,Kevin Danso,at AUT,DF,Lens,23,1998,35.9,7,1,0,39,57,2,0,33,19,1,2,0,224,82,32,71.9,Matches
152,Dante,br BRA,DF,Nice,38,1983,36.7,6,0,0,38,18,0,2,47,40,0,1,0,261,74,28,72.5,Matches
153,Achraf Dari,ma MAR,DF,Brest,23,1999,14.6,1,0,0,13,13,2,1,19,14,1,1,0,78,35,24,59.3,Matches
154,Jonathan David,ca CAN,FW,Lille,22,2000,35.2,6,0,0,41,59,23,7,8,17,0,0,0,89,16,64,20.0,Matches
155,Thibault De Smet,be BEL,DF,Reims,24,1998,19.5,2,0,0,25,9,3,48,20,17,0,0,0,104,31,7,81.6,Matches
156,Brecht Dejaegere,be BEL,MF,Toulouse,31,1991,20.1,5,0,0,40,37,1,19,14,23,0,1,0,86,8,16,33.3,Matches
157,Romain Del Castillo,fr FRA,"MF,FW",Brest,26,1996,15.8,2,0,0,19,24,1,101,11,24,1,0,0,86,18,24,42.9,Matches
158,Thomas Delaine,fr FRA,"DF,MF",Strasbourg,30,1992,11.9,3,0,0,15,12,0,66,16,14,0,2,0,53,11,11,50.0,Matches
159,Sacha Delaye,fr FRA,"FW,MF",Montpellier,20,2002,0.2,0,0,0,1,0,0,0,0,0,0,0,0,3,1,1,50.0,Matches
160,Andy Delort,dz ALG,FW,Nice,30,1991,8.7,0,0,0,8,9,7,15,1,0,0,0,0,12,28,25,52.8,Matches
161,Andy Delort,dz ALG,FW,Nantes,30,1991,5.2,0,0,0,9,4,4,17,0,4,0,0,0,9,12,21,36.4,Matches
162,Karamoko Dembélé,eng ENG,"FW,MF",Brest,19,2003,2.0,0,0,0,5,9,0,14,1,0,0,0,0,13,0,4,0.0,Matches
163,Moussa Dembélé,fr FRA,"FW,MF",Lyon,26,1996,9.7,1,0,0,17,3,8,2,2,4,0,0,0,22,29,22,56.9,Matches
164,Siriki Dembélé,ci CIV,"MF,FW",Auxerre,25,1996,4.1,1,0,0,8,9,0,6,1,6,0,0,0,24,2,8,20.0,Matches
165,Branco van den Boomen,nl NED,MF,Toulouse,27,1995,32.1,6,0,0,33,19,2,282,10,36,0,0,0,182,6,12,33.3,Matches
166,Rémy Descamps,fr FRA,GK,Nantes,26,1996,1.0,1,0,0,0,0,0,0,0,0,0,0,0,0,0,0,,Matches
167,Mikkel Desler,dk DEN,DF,Toulouse,27,1995,25.1,5,1,1,28,32,6,42,36,38,0,0,0,165,23,9,71.9,Matches
168,Mamadou Diakhon,fr FRA,FW,Reims,16,2005,0.2,0,0,0,0,0,0,0,1,0,0,0,0,1,0,0,,Matches
169,Bafodé Diakité,fr FRA,DF,Lille,21,2001,29.5,6,0,0,45,13,0,19,17,35,0,0,1,159,41,41,50.0,Matches
170,Ibrahim Diakité,gn GUI,DF,Reims,18,2003,1.5,1,0,0,3,2,0,7,5,3,0,0,0,10,1,2,33.3,Matches
171,Baila Diallo,fr FRA,"DF,MF",Clermont Foot,21,2001,1.0,0,0,0,3,1,0,5,0,0,0,0,0,3,4,4,50.0,Matches
172,Habib Diallo,sn SEN,FW,Strasbourg,27,1995,32.0,4,1,1,37,64,19,7,12,10,1,0,0,76,135,158,46.1,Matches
173,Ismael Diallo,ci CIV,DF,Ajaccio,25,1997,24.2,9,1,0,41,33,1,35,30,33,0,2,0,166,26,24,52.0,Matches
174,Habib Diarra,sn SEN,"MF,FW",Strasbourg,18,2004,18.1,4,0,0,23,22,0,48,11,16,1,0,0,99,12,25,32.4,Matches
175,Moussa Diarra,ml MLI,DF,Toulouse,21,2000,13.6,0,0,0,19,17,1,13,19,9,0,1,0,69,16,13,55.2,Matches
176,Stéphane Diarra,fr FRA,"FW,MF",Lorient,23,1998,11.8,1,0,0,7,21,4,15,22,17,0,0,0,94,5,8,38.5,Matches
177,Krépin Diatta,sn SEN,"MF,FW",Monaco,23,1999,23.0,3,0,0,20,26,10,54,17,21,2,0,0,94,41,40,50.6,Matches
178,Mory Diaw,sn SEN,GK,Clermont Foot,29,1993,37.0,0,0,0,0,6,0,0,2,0,0,0,0,31,5,0,100.0,Matches
179,Bamba Dieng,sn SEN,"FW,MF",Marseille,22,2000,2.2,1,0,0,8,6,1,1,0,4,1,0,0,7,9,10,47.4,Matches
180,Bamba Dieng,sn SEN,FW,Lorient,22,2000,8.3,1,0,0,21,31,5,5,2,10,0,0,0,18,9,16,36.0,Matches
181,Tristan Dingomé,cm CMR,MF,Troyes,31,1991,1.1,0,0,0,1,1,0,5,0,1,0,0,0,10,1,3,25.0,Matches
182,Sinaly Diomande,ci CIV,DF,Lyon,21,2001,21.7,2,1,0,23,22,1,2,49,24,0,1,0,109,56,25,69.1,Matches
183,Lois Diony,fr FRA,FW,Angers,29,1992,5.6,1,0,0,10,4,3,3,0,0,0,0,0,9,19,21,47.5,Matches
184,Edan Diop,fr FRA,"DF,FW",Monaco,17,2004,2.5,0,0,0,7,4,0,7,4,8,0,0,0,16,4,6,40.0,Matches
185,Sofiane Diop,ma MAR,"MF,FW",Nice,22,2000,13.6,1,0,0,9,27,2,44,16,11,0,0,0,94,10,6,62.5,Matches
186,Sofiane Diop,ma MAR,MF,Monaco,22,2000,0.7,0,0,0,0,2,1,7,1,0,0,0,0,4,2,0,100.0,Matches
187,Yehvann Diouf,sn SEN,GK,Reims,22,1999,31.0,2,0,0,0,10,0,0,1,0,0,0,0,49,13,1,92.9,Matches
188,Axel Disasi,fr FRA,DF,Monaco,24,1998,37.0,3,0,0,31,12,0,14,56,20,0,0,0,236,97,41,70.3,Matches
189,Tiago Djaló,pt POR,DF,Lille,22,2000,22.4,7,0,0,19,18,1,3,23,21,1,1,1,167,28,31,47.5,Matches
190,Alexander Djiku,gh GHA,DF,Strasbourg,27,1994,29.7,8,1,0,39,26,2,6,66,36,0,0,0,162,92,35,72.4,Matches
191,Moussa Djitte,sn SEN,FW,Ajaccio,22,1999,1.5,0,0,0,4,3,0,0,0,0,0,0,0,5,5,6,45.5,Matches
192,Ouparine Djoco,gw GNB,GK,Clermont Foot,24,1998,1.0,0,0,0,0,0,0,0,0,0,0,0,0,2,0,0,,Matches
193,Alan Do Marcolino,ga GAB,FW,Rennes,20,2002,0.2,0,0,0,1,0,0,0,0,0,0,0,0,0,0,0,,Matches
194,Jeremy Doku,be BEL,"MF,FW",Rennes,20,2002,14.3,0,0,0,16,36,0,24,5,16,0,0,0,89,3,10,23.1,Matches
195,Kyliane Dong,fr FRA,"MF,FW",Troyes,17,2004,2.4,0,0,0,1,2,3,6,1,1,0,0,0,5,0,3,0.0,Matches
196,Jordan Dongmo,cm CMR,MF,Troyes,21,2001,0.2,0,0,0,0,1,0,0,0,0,0,0,0,0,0,1,0.0,Matches
197,Gianluigi Donnarumma,it ITA,GK,Paris S-G,23,1999,37.9,3,0,0,1,4,0,0,0,0,0,1,0,44,7,1,87.5,Matches
198,Jodel Dossou,bj BEN,"MF,DF",Clermont Foot,30,1992,2.9,0,0,0,3,3,3,10,1,4,0,0,0,7,1,4,20.0,Matches
199,Lohann Doucet,fr FRA,"MF,FW",Nantes,19,2002,1.0,0,0,0,2,0,0,0,2,0,0,0,0,11,0,2,0.0,Matches
200,Siriné Doucouré,ml MLI,"FW,MF",Lorient,20,2002,1.5,0,0,0,8,9,0,0,1,2,1,0,0,5,5,6,45.5,Matches
201,Désiré Doué,fr FRA,"MF,FW",Rennes,17,2005,12.4,5,0,0,37,28,4,30,13,18,0,0,0,64,10,13,43.5,Matches
202,Guela Doué,ci CIV,"FW,MF",Rennes,19,2002,0.1,0,0,0,0,0,0,0,0,0,0,0,0,0,1,0,100.0,Matches
203,Ismaël Doukouré,fr FRA,"DF,MF",Strasbourg,19,2003,25.5,5,0,0,30,27,0,11,27,24,0,0,0,148,29,37,43.9,Matches
204,Kamory Doumbia,ml MLI,MF,Reims,19,2003,12.8,0,0,0,15,9,0,9,13,16,0,0,0,83,7,22,24.1,Matches
205,Souleyman Doumbia,ci CIV,"DF,FW",Angers,25,1996,19.9,2,1,0,27,20,3,48,27,31,0,0,0,118,18,14,56.3,Matches
206,Rémy Dugimont,fr FRA,"FW,MF",Auxerre,36,1986,1.3,1,0,0,5,1,2,0,0,1,0,0,0,11,7,9,43.8,Matches
207,Maxime Dupé,fr FRA,GK,Toulouse,29,1993,38.0,2,0,0,1,4,0,0,0,0,0,1,0,27,9,0,100.0,Matches
208,Jean-Kevin Duverne,ht HAI,DF,Brest,25,1997,27.9,2,0,0,39,20,4,85,28,38,2,0,0,159,33,22,60.0,Matches
209,Hugo Ekitike,fr FRA,FW,Paris S-G,20,2002,12.8,0,0,0,15,13,7,2,9,4,0,0,0,42,8,12,40.0,Matches
210,Alberth Elis,hn HON,"MF,FW",Brest,26,1996,2.9,0,0,0,8,5,1,2,1,3,0,0,0,17,3,12,20.0,Matches
211,Breel Embolo,ch SUI,FW,Monaco,25,1997,20.7,3,0,0,50,56,14,4,5,9,2,1,0,59,33,47,41.3,Matches
212,Maxime Estève,fr FRA,DF,Montpellier,20,2002,18.3,3,0,0,18,7,0,1,34,13,0,0,1,96,31,26,54.4,Matches
213,Fábio,br BRA,"DF,MF",Nantes,32,1990,2.5,1,1,0,3,1,0,6,3,2,0,0,0,12,4,3,57.1,Matches
214,Noah Fadiga,sn SEN,DF,Brest,22,1999,14.5,2,0,0,22,18,1,10,26,21,1,1,0,80,8,8,50.0,Matches
215,Wout Faes,be BEL,DF,Reims,24,1998,3.0,2,0,0,2,3,0,0,7,1,0,0,1,15,4,6,40.0,Matches
216,Romain Faivre,fr FRA,"MF,FW",Lorient,24,1998,13.8,0,0,0,12,35,1,26,1,8,1,0,0,62,0,10,0.0,Matches
217,Romain Faivre,fr FRA,MF,Lyon,24,1998,3.3,0,0,0,7,4,0,17,0,3,0,0,0,16,2,1,66.7,Matches
218,Fallou Fall,sn SEN,DF,Reims,18,2004,0.4,1,0,0,1,1,0,0,0,0,0,0,0,1,0,0,,Matches
219,Khalil Fayad,fr FRA,MF,Montpellier,18,2004,8.0,1,1,0,17,16,0,10,9,14,0,0,0,47,3,14,17.6,Matches
220,Cheikh Faye,sn SEN,FW,Montpellier,23,1999,0.4,0,0,0,0,1,0,0,1,0,0,0,0,1,3,0,100.0,Matches
221,Jordan Ferri,fr FRA,MF,Montpellier,30,1992,30.4,7,1,1,47,61,1,30,26,35,0,2,0,278,17,25,40.5,Matches
222,Karol Fila,pl POL,DF,Strasbourg,24,1998,0.5,0,0,0,0,0,0,3,1,0,0,0,0,5,0,0,,Matches
223,Alexis Flips,fr FRA,"FW,MF",Reims,22,2000,22.0,3,1,0,23,24,2,139,24,30,0,0,0,159,13,34,27.7,Matches
224,Seko Fofana,ci CIV,MF,Lens,27,1995,34.1,2,0,0,22,44,3,54,19,13,1,0,0,196,22,15,59.5,Matches
225,Yahia Fofana,ci CIV,GK,Angers,21,2000,11.0,2,0,0,0,1,0,0,1,0,0,0,0,16,5,0,100.0,Matches
226,Youssouf Fofana,fr FRA,MF,Monaco,23,1999,34.3,4,2,1,50,39,2,7,56,41,0,0,1,265,23,19,54.8,Matches
227,Thomas Foket,be BEL,DF,Reims,27,1994,22.0,0,0,0,27,22,3,57,33,22,0,0,0,148,12,13,48.0,Matches
228,José Fonte,pt POR,DF,Lille,38,1983,28.8,7,0,0,26,9,0,3,25,17,0,1,1,138,61,30,67.0,Matches
229,Steven Fortes,cv CPV,DF,Lens,30,1992,0.1,0,0,0,0,0,0,0,0,0,0,0,0,0,1,1,50.0,Matches
230,Przemysław Frankowski,pl POL,"DF,MF",Lens,27,1995,31.5,4,0,0,35,18,6,255,41,51,0,0,0,158,12,21,36.4,Matches
231,Angelo Fulgini,fr FRA,"MF,FW",Lens,25,1996,9.5,0,0,0,11,30,0,62,8,7,0,0,0,48,4,14,22.2,Matches
232,Gauthier Gallon,fr FRA,GK,Troyes,29,1993,29.6,3,1,0,2,5,0,0,2,2,0,1,0,33,14,0,100.0,Matches
233,Kévin Gameiro,fr FRA,FW,Strasbourg,35,1987,23.3,1,1,0,15,15,4,19,9,10,1,0,0,83,12,27,30.8,Matches
234,Ignatius Ganago,cm CMR,"FW,MF",Nantes,23,1999,16.9,0,0,0,15,32,8,22,2,7,1,0,0,58,62,64,49.2,Matches
235,Ignatius Ganago,cm CMR,FW,Lens,23,1999,0.7,0,0,0,2,0,1,0,0,0,0,0,0,5,2,4,33.3,Matches
236,Johan Gastien,fr FRA,MF,Clermont Foot,34,1988,28.9,7,0,0,19,33,0,67,36,34,0,1,0,224,10,10,50.0,Matches
237,Denis Genreau,au AUS,MF,Toulouse,23,1999,7.3,3,0,0,9,4,3,16,8,13,0,0,0,48,5,16,23.8,Matches
238,Valère Germain,fr FRA,"FW,MF",Montpellier,32,1990,7.6,1,1,0,10,4,2,6,6,11,1,0,0,19,32,42,43.2,Matches
239,Gerson,br BRA,MF,Marseille,25,1997,4.6,1,0,0,16,16,1,3,2,4,0,0,0,20,8,6,57.1,Matches
240,Ismaël Gharbi,tn TUN,"MF,FW",Paris S-G,18,2004,0.6,1,0,0,3,4,0,0,3,0,0,0,0,3,0,0,,Matches
241,Faouzi Ghoulam,dz ALG,DF,Angers,31,1991,5.3,0,0,0,4,5,2,38,4,3,0,0,0,21,9,6,60.0,Matches
242,Samuel Gigot,fr FRA,DF,Marseille,28,1993,20.9,5,2,1,44,14,1,1,45,24,0,1,0,103,56,17,76.7,Matches
243,Andrei Girotto,br BRA,"DF,MF",Nantes,30,1992,35.0,7,0,0,54,34,1,9,73,73,0,2,0,163,78,42,65.0,Matches
244,Aleksandr Golovin,ru RUS,"MF,FW",Monaco,26,1996,27.4,5,0,0,36,23,6,111,37,36,0,0,0,161,18,27,40.0,Matches
245,André Gomes,pt POR,MF,Lille,29,1993,18.1,6,0,0,49,17,1,11,9,19,0,0,0,142,18,12,60.0,Matches
246,Angel Gomes,eng ENG,MF,Lille,21,2000,31.3,8,0,0,54,49,0,49,13,19,2,0,0,139,8,30,21.1,Matches
247,Maxime Gonalons,fr FRA,MF,Clermont Foot,33,1989,16.1,3,0,0,24,22,0,3,20,32,0,0,0,98,15,9,62.5,Matches
248,Oumar Gonzalez,cm CMR,DF,Ajaccio,24,1998,28.6,10,0,0,45,44,3,3,52,28,0,3,0,157,63,46,57.8,Matches
249,Amine Gouiri,dz ALG,"FW,MF",Nice,22,2000,2.5,0,0,0,2,2,0,6,0,1,1,0,0,6,3,2,60.0,Matches
250,Amine Gouiri,dz ALG,"FW,MF",Rennes,22,2000,28.0,4,0,0,39,18,8,10,12,25,0,0,0,97,29,49,37.2,Matches
251,Jonathan Gradit,fr FRA,DF,Lens,29,1992,31.4,7,0,0,31,39,0,15,38,40,0,0,0,140,47,45,51.1,Matches
252,Andrew Gravillon,gp GLP,DF,Reims,24,1998,11.5,3,0,0,18,14,0,16,21,8,0,0,0,65,13,12,52.0,Matches
253,Adrian Grbić,at AUT,"MF,FW",Lorient,25,1996,0.3,0,0,0,3,0,0,0,0,0,0,0,0,0,0,2,0.0,Matches
254,Gabriel Gudmundsson,se SWE,"DF,FW",Lille,23,1999,9.3,3,0,0,17,21,3,33,10,11,1,0,0,46,12,7,63.2,Matches
255,Axel Gueguin,fr FRA,"FW,MF",Montpellier,17,2005,0.3,0,0,0,0,0,0,1,0,0,0,0,0,1,0,1,0.0,Matches
256,Mattéo Guendouzi,fr FRA,MF,Marseille,23,1999,23.4,3,0,0,25,37,1,24,21,18,0,0,1,147,23,29,44.2,Matches
257,Evann Guessand,ci CIV,"FW,MF",Nantes,21,2001,14.0,2,0,0,31,21,6,31,9,16,0,0,0,72,28,27,50.9,Matches
258,Pape Gueye,sn SEN,"MF,DF",Marseille,23,1999,5.5,1,0,0,10,12,1,3,9,7,0,0,0,42,11,5,68.8,Matches
259,Frederic Guilbert,fr FRA,DF,Strasbourg,27,1994,16.2,3,0,0,28,19,0,55,43,29,0,1,0,109,28,23,54.9,Matches
260,Serhou Guirassy,gn GUI,MF,Rennes,26,1996,0.3,0,0,0,0,0,0,0,0,0,0,0,0,1,0,0,,Matches
261,Rafik Guitane,fr FRA,FW,Reims,23,1999,0.0,0,0,0,1,0,0,0,0,0,0,0,0,1,0,0,,Matches
262,Malo Gusto,fr FRA,DF,Lyon,19,2003,17.7,1,0,0,20,24,2,116,28,26,0,0,1,139,8,15,34.8,Matches
263,Jaouen Hadjam,dz ALG,DF,Nantes,19,2003,8.9,1,0,0,10,12,0,28,12,21,0,0,1,56,7,12,36.8,Matches
264,Massadio Haïdara,ml MLI,"DF,MF",Lens,29,1992,18.6,5,0,0,19,26,4,26,36,16,1,1,0,88,38,15,71.7,Matches
265,Achraf Hakimi,ma MAR,"DF,MF",Paris S-G,23,1998,22.8,7,2,1,29,19,5,42,16,34,1,0,0,129,7,7,50.0,Matches
266,Mathis Hamdi,fr FRA,DF,Troyes,18,2003,0.8,0,0,0,1,1,0,2,1,0,0,0,0,1,0,1,0.0,Matches
267,Ben Hamed Touré,ci CIV,FW,Ajaccio,18,2003,2.3,0,0,0,7,5,0,0,1,4,0,0,0,5,2,15,11.8,Matches
268,Romain Hamouma,fr FRA,"FW,MF",Ajaccio,35,1987,12.0,5,2,2,18,15,4,54,2,3,2,0,0,33,12,18,40.0,Matches
269,Saïd Hamulic,ba BIH,FW,Toulouse,21,2000,1.2,1,0,0,2,1,1,1,0,0,0,0,0,3,0,2,0.0,Matches
270,Amine Harit,ma MAR,"MF,FW",Marseille,25,1997,5.7,1,0,0,2,13,2,16,4,4,0,0,0,27,1,12,7.7,Matches
271,Rhys Healey,wls WAL,FW,Toulouse,27,1994,0.7,1,0,0,0,0,0,0,0,0,0,0,0,3,2,0,100.0,Matches
272,Gauthier Hein,fr FRA,"MF,FW",Auxerre,25,1996,20.8,1,0,0,21,14,2,99,6,20,0,0,0,89,3,31,8.8,Matches
273,Henrique,br BRA,"DF,FW",Lyon,28,1994,4.0,0,0,0,5,11,1,4,5,4,0,0,0,15,10,5,66.7,Matches
274,Christophe Hérelle,mq MTQ,DF,Brest,29,1992,11.8,2,0,0,13,14,0,2,20,4,0,2,1,58,11,10,52.4,Matches
275,Noah Holm,no NOR,"FW,MF",Reims,21,2001,2.2,1,0,0,6,9,1,0,0,4,0,0,0,12,4,12,25.0,Matches
276,Franck Honorat,fr FRA,"FW,MF",Brest,25,1996,28.2,1,0,0,23,18,9,214,21,29,0,1,0,134,13,36,26.5,Matches
277,Cédric Hountondji,bj BEN,DF,Angers,28,1994,34.4,7,0,0,42,11,0,2,59,36,0,3,2,151,63,31,67.0,Matches
278,Ilyes Housni,fr FRA,FW,Paris S-G,17,2005,0.1,0,0,0,0,1,0,0,0,1,0,0,0,0,0,0,,Matches
279,Adrien Hunou,fr FRA,"MF,FW",Angers,28,1994,24.8,2,0,0,14,45,5,16,7,20,2,1,0,108,19,28,40.4,Matches
280,Mounaim El Idrissy,fr FRA,FW,Ajaccio,23,1999,27.7,10,0,0,81,80,23,20,13,19,2,0,0,67,110,191,36.5,Matches
281,Rareş Ilie,ro ROU,"MF,FW",Nice,19,2003,1.6,0,0,0,0,0,1,1,1,3,0,0,0,9,2,1,66.7,Matches
282,Bonke Innocent,ng NGA,MF,Lorient,26,1996,13.1,5,0,0,38,11,0,0,26,17,0,1,0,77,9,20,31.0,Matches
283,Ismaily,br BRA,DF,Lille,32,1990,19.8,0,0,0,14,22,2,15,21,18,1,0,0,112,36,22,62.1,Matches
284,Junya Ito,jp JPN,FW,Reims,29,1993,32.4,3,1,0,20,43,31,198,8,20,0,0,0,131,29,26,52.7,Matches
285,Ismail Jakobs,sn SEN,"DF,FW",Monaco,22,1999,12.4,3,0,0,14,9,1,61,9,5,0,0,0,46,50,26,65.8,Matches
286,Marin Jakoliš,hr CRO,FW,Angers,25,1996,0.3,0,0,0,1,0,0,2,0,1,0,0,0,1,0,1,0.0,Matches
287,Léo Jardim,br BRA,GK,Lille,27,1995,6.0,0,0,0,1,0,0,0,0,0,0,1,0,7,2,0,100.0,Matches
288,Luis Javier Suárez,co COL,FW,Marseille,24,1997,3.3,1,0,0,6,5,0,0,3,1,0,0,0,5,6,17,26.1,Matches
289,Dany Jean,ht HAI,"DF,MF",Strasbourg,19,2002,0.1,0,0,0,0,0,0,0,0,0,0,0,0,1,0,1,0.0,Matches
290,Julian Jeanvier,gn GUI,DF,Auxerre,30,1992,19.6,5,1,1,25,10,0,2,27,17,0,0,0,82,24,26,48.0,Matches
291,Jeffinho,br BRA,FW,Lyon,22,1999,5.0,1,0,0,8,10,0,3,1,4,1,0,0,21,3,6,33.3,Matches
292,Paul Joly,fr FRA,DF,Auxerre,22,2000,9.6,2,0,0,7,9,0,36,24,21,1,0,0,83,6,11,35.3,Matches
293,Jubal,br BRA,DF,Auxerre,28,1993,35.7,7,0,0,38,24,4,4,53,26,1,0,0,178,76,56,57.6,Matches
294,Christopher Jullien,fr FRA,DF,Montpellier,29,1993,29.9,5,0,0,33,6,3,0,43,28,0,2,0,141,86,40,68.3,Matches
295,Eli Junior Kroupi,fr FRA,"FW,MF",Lorient,16,2006,0.1,0,0,0,0,1,0,0,1,0,0,0,0,0,0,0,,Matches
296,Issa Kaboré,bf BFA,DF,Marseille,21,2001,11.4,1,0,0,24,19,2,48,12,19,0,0,0,62,3,7,30.0,Matches
297,Abdoul Kader Bamba,fr FRA,"FW,MF",Nantes,28,1994,0.9,0,1,0,3,2,1,3,0,0,0,0,0,5,2,0,100.0,Matches
298,Gaël Kakuta,cd COD,FW,Lens,31,1991,0.2,0,0,0,0,1,0,1,0,0,0,0,0,1,1,0,100.0,Matches
299,Arnaud Kalimuendo,fr FRA,FW,Rennes,20,2002,20.5,0,0,0,15,24,7,14,2,8,0,0,0,53,13,66,16.5,Matches
300,Gedeon Kalulu,cd COD,DF,Lorient,24,1997,27.1,6,0,0,30,18,2,29,28,34,0,0,0,165,28,25,52.8,Matches
301,Justin-Noël Kalumba,fr FRA,DF,Angers,17,2004,6.1,0,0,0,3,9,0,13,4,5,0,0,0,25,0,4,0.0,Matches
302,Warren Kamanzi,no NOR,DF,Toulouse,21,2000,7.4,1,0,0,7,7,0,6,8,9,0,0,0,47,3,6,33.3,Matches
303,Bingourou Kamara,sn SEN,GK,Montpellier,25,1996,4.5,1,0,0,1,1,0,0,0,0,0,1,0,4,1,0,100.0,Matches
304,Nordine Kandil,fr FRA,"MF,FW",Strasbourg,20,2001,1.1,0,0,0,1,3,0,4,1,2,0,0,0,15,3,0,100.0,Matches
305,Ayman Kari,fr FRA,"MF,DF",Lorient,17,2004,1.1,0,0,0,1,5,1,0,3,0,0,0,0,12,1,1,50.0,Matches
306,Kévin Keben Biakolo,cm CMR,DF,Toulouse,18,2004,4.0,1,0,0,2,5,0,6,5,2,0,0,0,26,3,8,27.3,Matches
307,Check Keita,fr FRA,DF,Reims,19,2003,7.6,1,0,0,7,7,1,0,5,9,0,0,0,38,9,12,42.9,Matches
308,Saîf-Eddine Khaoui,tn TUN,MF,Clermont Foot,27,1995,22.5,4,0,0,25,36,7,56,33,28,1,1,0,123,12,12,50.0,Matches
309,Wahbi Khazri,tn TUN,"FW,MF",Montpellier,31,1991,18.2,5,1,0,20,36,13,39,9,13,0,0,0,85,18,31,36.7,Matches
310,Anthony Khelifa,dz ALG,DF,Ajaccio,16,2005,0.1,0,0,0,0,0,0,0,0,0,0,0,0,2,0,0,,Matches
311,Presnel Kimpembe,fr FRA,DF,Paris S-G,26,1995,8.1,3,0,0,22,9,1,0,13,8,0,1,0,38,13,8,61.9,Matches
312,Samuel Koeberlé,fr FRA,MF,Reims,17,2004,0.0,0,0,0,0,0,0,1,0,0,0,0,0,2,0,0,,Matches
313,Rudy Kohon,fr FRA,DF,Troyes,18,2004,0.7,0,0,0,0,0,0,0,1,3,0,0,0,3,0,0,,Matches
314,Sead Kolašinac,ba BIH,DF,Marseille,29,1993,24.6,3,0,0,42,15,4,20,43,36,0,0,0,165,36,37,49.3,Matches
315,Cheick Konaté,ml MLI,DF,Clermont Foot,18,2004,6.4,2,0,0,9,4,0,4,13,12,0,0,0,42,3,5,37.5,Matches
316,Ibrahima Koné,ml MLI,FW,Lorient,23,1999,17.5,3,0,0,29,24,14,1,4,13,0,0,0,44,55,60,47.8,Matches
317,Youssouf Koné,ml MLI,DF,Ajaccio,27,1995,10.2,4,0,0,15,17,0,27,12,19,0,0,0,67,4,12,25.0,Matches
318,Rominigue Kouamé,ml MLI,MF,Troyes,25,1996,29.6,9,0,0,52,48,0,5,49,27,0,0,0,229,21,21,50.0,Matches
319,Boubakar Kouyaté,ml MLI,DF,Montpellier,25,1997,14.0,5,0,0,21,14,0,1,34,18,0,0,0,74,43,25,63.2,Matches
320,Sael Kumbedi,fr FRA,DF,Lyon,17,2005,14.7,8,0,0,37,21,4,32,10,27,0,0,0,94,7,29,19.4,Matches
321,Grejohn Kyei,fr FRA,FW,Clermont Foot,26,1995,24.8,3,0,0,58,42,15,7,6,7,1,0,0,51,48,65,42.5,Matches
322,Rémy Labeau Lascary,gp GLP,"FW,MF",Lens,19,2003,1.4,0,0,0,4,0,0,3,1,2,0,0,0,5,3,3,50.0,Matches
323,Gaëtan Laborde,fr FRA,FW,Nice,28,1994,27.8,0,0,0,26,28,7,71,9,25,0,0,0,101,48,56,46.2,Matches
324,Gaëtan Laborde,fr FRA,FW,Rennes,28,1994,2.8,0,0,0,0,1,0,3,0,1,0,0,0,7,6,9,40.0,Matches
325,Alexandre Lacazette,fr FRA,FW,Lyon,31,1991,32.5,3,0,0,64,56,15,35,15,23,3,1,0,88,28,46,37.8,Matches
326,Qazim Laçi,al ALB,MF,Ajaccio,26,1996,2.4,0,0,0,2,2,1,8,2,3,0,1,0,20,4,5,44.4,Matches
327,Alban Lafont,ci CIV,GK,Nantes,23,1999,37.0,2,1,1,1,3,0,0,0,0,0,1,0,46,7,1,87.5,Matches
328,Kenny Lala,mg MAD,DF,Brest,30,1991,15.7,4,0,0,18,16,1,64,21,19,0,1,0,119,8,14,36.4,Matches
329,Mohamed Lamine Bayo,gn GUI,"FW,MF",Lille,24,1998,7.2,1,0,0,13,4,6,2,0,3,0,0,0,13,13,16,44.8,Matches
330,Julien Laporte,fr FRA,DF,Lorient,28,1993,18.4,1,0,0,10,16,1,0,18,16,0,0,1,61,31,21,59.6,Matches
331,Yasser Larouci,dz ALG,"DF,MF",Troyes,21,2001,20.0,1,0,0,14,31,3,50,26,13,0,0,1,123,20,14,58.8,Matches
332,Armand Lauriente,fr FRA,FW,Lorient,23,1998,3.0,0,0,0,2,5,1,6,4,7,1,0,0,20,1,1,50.0,Matches
333,Théo Le Bris,fr FRA,"MF,DF",Lorient,19,2002,16.1,0,0,0,5,3,0,13,18,19,0,0,0,78,10,14,41.7,Matches
334,Julien Le Cardinal,fr FRA,DF,Lens,24,1997,1.8,0,0,0,5,2,0,10,2,4,0,0,0,14,9,7,56.3,Matches
335,Jérémy Le Douaron,fr FRA,"MF,FW",Brest,24,1998,23.0,1,0,0,33,36,10,32,11,9,0,0,0,61,61,71,46.2,Matches
336,Enzo Le Fée,fr FRA,MF,Lorient,22,2000,33.6,5,0,0,42,64,2,136,34,64,0,0,0,240,11,25,30.6,Matches
337,Vincent Le Goff,fr FRA,DF,Lorient,32,1989,37.0,1,0,0,19,19,3,39,41,32,0,0,0,205,30,29,50.8,Matches
338,Maxime Le Marchand,fr FRA,DF,Strasbourg,32,1989,22.4,6,1,1,31,9,0,11,37,24,0,2,0,144,59,29,67.0,Matches
339,Paolo Lebas,fr FRA,MF,Ajaccio,19,2003,0.6,0,0,0,3,0,0,0,0,0,0,0,0,3,0,0,,Matches
340,Jean-Louis Leca,fr FRA,GK,Lens,36,1985,1.0,0,0,0,0,0,0,0,0,0,0,0,0,1,1,0,100.0,Matches
341,Benjamin Lecomte,fr FRA,GK,Montpellier,31,1991,19.0,0,0,0,0,0,0,0,0,0,0,0,0,19,6,2,75.0,Matches
342,Pierre Lees-Melou,fr FRA,MF,Brest,29,1993,30.7,10,1,0,43,47,1,41,52,55,0,2,0,278,18,10,64.3,Matches
343,Félix Lemaréchal,fr FRA,MF,Brest,18,2003,3.2,2,0,0,6,0,0,7,1,5,0,0,0,13,6,3,66.7,Matches
344,Mario Lemina,ga GAB,"MF,DF",Nice,28,1993,9.3,1,1,0,13,5,0,2,11,21,0,0,0,62,5,4,55.6,Matches
345,Donovan Léon,gf GUF,GK,Auxerre,29,1992,2.0,0,0,0,0,1,0,0,0,0,0,0,0,4,0,0,,Matches
346,Johann Lepenant,fr FRA,MF,Lyon,19,2002,21.5,4,0,0,35,24,0,9,28,34,0,0,0,164,16,17,48.5,Matches
347,Benjamin Leroy,fr FRA,GK,Ajaccio,33,1989,31.1,1,0,0,0,4,0,0,1,0,0,0,0,46,2,0,100.0,Matches
348,Léo Leroy,fr FRA,MF,Montpellier,22,2000,13.2,7,0,0,37,19,1,10,14,38,0,0,0,102,24,15,61.5,Matches
349,Alexandre Letellier,fr FRA,GK,Paris S-G,31,1990,0.1,0,0,0,0,0,0,0,0,0,0,0,0,0,0,0,,Matches
350,Ruan Levine,br BRA,"MF,FW",Ajaccio,23,1999,0.3,0,0,0,2,1,0,0,2,2,0,0,0,4,0,1,0.0,Matches
351,Dimitri Liénard,fr FRA,"DF,MF",Strasbourg,34,1988,17.1,4,0,0,16,15,3,119,16,29,0,0,0,121,18,15,54.5,Matches
352,Mateusz Lis,pl POL,GK,Troyes,25,1997,8.3,1,0,0,1,2,0,0,0,0,0,0,0,8,1,0,100.0,Matches
353,Bradley Locko,fr FRA,DF,Reims,20,2002,11.8,3,1,0,10,9,1,13,20,16,0,0,0,77,12,8,60.0,Matches
354,Bradley Locko,fr FRA,DF,Brest,20,2002,3.0,0,0,0,0,2,0,6,2,3,0,0,0,18,3,2,60.0,Matches
355,Anthony Lopes,pt POR,GK,Lyon,31,1990,31.3,2,1,0,2,6,0,0,3,0,0,2,0,31,3,0,100.0,Matches
356,Rony Lopes,pt POR,"MF,FW",Troyes,26,1995,26.1,2,0,0,19,32,1,109,9,12,0,0,0,113,19,26,42.2,Matches
357,Pau López,es ESP,GK,Marseille,27,1994,32.5,3,0,0,2,6,0,0,0,0,0,2,0,46,5,2,71.4,Matches
358,Dion Lopy,sn SEN,MF,Reims,20,2002,15.3,6,2,1,31,25,0,6,22,24,1,0,0,128,15,7,68.2,Matches
359,Jordan Lotomba,ch SUI,DF,Nice,23,1998,27.3,4,0,0,23,31,0,48,32,38,0,1,0,131,25,22,53.2,Matches
360,Dejan Lovren,hr CRO,DF,Lyon,33,1989,16.2,2,0,0,10,14,0,6,26,19,0,1,0,103,47,21,69.1,Matches
361,Jean Lucas,br BRA,MF,Monaco,24,1998,3.2,0,0,0,4,4,1,1,4,5,0,0,0,23,1,7,12.5,Matches
362,Castello Lukeba,fr FRA,DF,Lyon,19,2002,33.2,9,1,1,38,21,1,3,75,23,0,2,1,209,36,30,54.5,Matches
363,Youssouf M'Changama,km COM,MF,Auxerre,31,1990,12.0,1,0,0,12,18,0,35,15,11,1,0,0,62,12,6,66.7,Matches
364,Deiver Machado,co COL,"DF,MF",Lens,28,1993,24.3,5,1,0,42,46,6,60,21,26,1,0,0,116,15,29,34.1,Matches
365,Soungoutou Magassa,fr FRA,MF,Monaco,18,2003,0.9,0,0,0,2,1,0,0,1,1,0,0,0,6,2,1,66.7,Matches
366,Hugo Magnetti,fr FRA,MF,Brest,24,1998,18.8,2,0,0,17,26,0,20,25,27,0,0,0,127,7,18,28.0,Matches
367,Yohann Magnin,fr FRA,MF,Clermont Foot,25,1997,26.7,6,0,0,48,48,3,14,25,54,0,3,0,149,27,47,36.5,Matches
368,Lovro Majer,hr CRO,"MF,FW",Rennes,24,1998,18.5,3,0,0,48,30,3,67,21,23,1,0,0,143,7,8,46.7,Matches
369,Jean-Victor Makengo,fr FRA,MF,Lorient,24,1998,11.8,2,1,1,18,27,0,1,10,8,0,0,0,79,4,4,50.0,Matches
370,Béni Makouana,cg CGO,"FW,MF",Montpellier,19,2002,2.2,1,0,0,3,1,0,6,0,0,1,0,0,10,3,7,30.0,Matches
371,Ruslan Malinovskyi,ua UKR,"MF,FW",Marseille,29,1993,13.6,4,0,0,29,18,1,38,3,11,0,0,0,73,15,24,38.5,Matches
372,Hianga Mananga Mbock,fr FRA,MF,Brest,22,1999,0.2,0,0,0,1,0,0,1,0,0,0,0,0,2,1,1,50.0,Matches
373,Steve Mandanda,fr FRA,GK,Rennes,37,1985,33.5,1,0,0,2,3,0,0,0,0,0,2,0,55,6,1,85.7,Matches
374,Thomas Mangani,fr FRA,MF,Ajaccio,35,1987,14.8,4,1,0,24,13,0,79,24,17,0,0,0,94,20,24,45.5,Matches
375,Vito Mannone,it ITA,GK,Lorient,34,1988,17.9,1,0,0,0,1,0,0,0,0,0,0,0,16,3,0,100.0,Matches
376,Myziane Maolida,km COM,"MF,FW",Reims,23,1999,2.6,0,0,0,5,1,1,4,2,3,0,0,0,17,1,1,50.0,Matches
377,Faitout Maouassa,fr FRA,"FW,DF",Montpellier,24,1998,21.4,0,0,0,32,31,2,81,20,32,0,0,0,83,13,12,52.0,Matches
378,Vincent Marchetti,fr FRA,MF,Ajaccio,25,1997,27.2,7,0,0,29,36,1,6,19,26,1,0,0,168,5,13,27.8,Matches
379,Guillermo Maripán,cl CHI,DF,Monaco,28,1994,24.0,6,1,1,26,7,0,1,38,26,0,3,1,131,48,40,54.5,Matches
380,Marquinhos,br BRA,DF,Paris S-G,28,1994,30.2,4,0,0,14,10,0,1,23,25,0,0,1,155,35,27,56.5,Matches
381,Jonas Martin,fr FRA,MF,Lille,32,1990,3.1,2,0,0,9,5,0,3,7,7,0,0,0,24,8,3,72.7,Matches
382,Gelson Martins,pt POR,"MF,FW",Monaco,27,1995,3.8,0,0,0,6,4,2,5,3,8,0,0,0,25,2,7,22.2,Matches
383,Han-Noah Massengo,fr FRA,MF,Auxerre,21,2001,12.4,3,0,0,16,23,1,2,14,15,1,0,0,59,6,16,27.3,Matches
384,Yanis Massolin,fr FRA,MF,Clermont Foot,19,2002,0.7,0,0,0,0,1,0,0,2,1,0,0,0,11,2,2,50.0,Matches
385,Eliot Matazo,be BEL,MF,Monaco,20,2002,13.1,2,0,0,18,12,0,2,15,12,0,1,0,86,10,18,35.7,Matches
386,Chrislain Matsima,fr FRA,"DF,MF",Lorient,20,2002,2.5,0,0,0,0,1,0,0,2,0,0,0,0,9,3,6,33.3,Matches
387,Chrislain Matsima,fr FRA,DF,Monaco,20,2002,5.0,0,0,0,4,2,0,2,9,6,0,0,0,32,17,3,85.0,Matches
388,Jean Mattéo Bahoya,fr FRA,"FW,MF",Angers,17,2005,3.0,0,0,0,4,7,0,2,0,3,0,0,0,14,2,5,28.6,Matches
389,Azor Matusiwa,nl NED,MF,Reims,24,1998,27.6,4,0,0,43,33,0,4,46,41,0,0,0,235,32,35,47.8,Matches
390,Aïman Maurer,ma MAR,MF,Clermont Foot,17,2004,5.6,0,0,0,5,15,2,19,3,1,0,0,0,21,3,7,30.0,Matches
391,Stephy Mavididi,eng ENG,FW,Montpellier,24,1998,14.3,1,1,0,20,18,3,10,4,19,0,0,0,59,10,22,31.3,Matches
392,Christian Mawissa,fr FRA,DF,Toulouse,17,2005,1.1,1,0,0,2,2,0,1,3,0,0,1,0,3,1,1,50.0,Matches
393,Fernand Mayembo,cg CGO,DF,Ajaccio,26,1996,7.9,1,0,0,9,15,0,0,11,5,1,0,0,50,15,5,75.0,Matches
394,Derek Mazou-Sacko,fr FRA,MF,Troyes,17,2004,0.2,0,0,0,2,0,0,0,1,0,0,0,0,1,1,0,100.0,Matches
395,Kylian Mbappé,fr FRA,FW,Paris S-G,23,1998,31.3,6,0,0,19,40,33,47,5,4,1,0,0,54,8,5,61.5,Matches
396,Chancel Mbemba,cd COD,DF,Marseille,27,1994,31.7,2,0,0,19,19,0,40,42,26,1,0,0,165,72,35,67.3,Matches
397,Jason Mbock,fr FRA,"MF,FW",Angers,22,1999,0.3,0,0,0,0,0,1,4,0,0,0,0,0,0,0,0,,Matches
398,Nathanael Mbuku,cd COD,"FW,MF",Reims,20,2002,0.7,0,0,0,0,7,0,2,0,1,0,0,0,7,0,2,0.0,Matches
399,Facundo Medina,ar ARG,DF,Lens,23,1999,30.9,7,0,0,34,18,0,22,26,20,0,0,0,212,37,43,46.3,Matches
400,Bamo Meïté,ci CIV,DF,Lorient,20,2001,16.7,5,0,0,16,12,1,0,16,8,0,0,0,76,30,35,46.2,Matches
401,Farid El Melali,dz ALG,"DF,FW",Angers,25,1997,9.0,1,0,0,13,15,2,16,8,12,0,0,0,53,2,9,18.2,Matches
402,Birger Meling,no NOR,DF,Rennes,27,1994,13.4,3,1,0,20,16,2,18,23,15,0,0,0,71,12,16,42.9,Matches
403,Nuno Mendes,pt POR,DF,Paris S-G,20,2002,17.2,2,0,0,25,34,5,30,17,30,0,0,0,98,10,6,62.5,Matches
404,Pedro Mendes,pt POR,DF,Montpellier,31,1990,0.1,0,0,0,0,1,0,0,0,0,0,0,0,1,1,1,50.0,Matches
405,Thiago Mendes,br BRA,"MF,DF",Lyon,30,1992,22.9,3,0,0,24,24,0,6,47,27,0,1,0,145,34,20,63.0,Matches
406,Antoine Mendy,sn SEN,DF,Nice,18,2004,5.8,0,0,0,9,3,2,13,2,13,0,0,0,37,7,11,38.9,Matches
407,Arial Mendy,sn SEN,DF,Clermont Foot,27,1994,2.5,0,0,0,1,7,1,10,4,2,0,1,0,14,5,4,55.6,Matches
408,Batista Mendy,fr FRA,"MF,DF",Angers,22,2000,31.8,8,1,1,67,42,1,9,21,30,0,1,0,193,27,13,67.5,Matches
409,Gideon Mensah,gh GHA,DF,Auxerre,24,1998,25.1,5,0,0,29,18,1,67,38,44,0,1,0,246,21,20,51.2,Matches
410,Quentin Merlin,fr FRA,DF,Nantes,20,2002,19.9,2,0,0,12,14,0,113,24,19,0,0,0,112,16,15,51.6,Matches
411,Lionel Messi,ar ARG,"FW,MF",Paris S-G,35,1987,31.5,0,0,0,8,36,6,91,2,18,0,0,0,75,1,3,25.0,Matches
412,Amine Messoussa,dz ALG,FW,Lille,17,2004,0.0,0,0,0,0,0,0,0,0,0,0,0,0,0,0,0,,Matches
413,Arkadiusz Milik,pl POL,FW,Marseille,28,1994,1.4,1,0,0,4,1,1,0,0,1,0,0,0,4,2,7,22.2,Matches
414,Takumi Minamino,jp JPN,"MF,FW",Monaco,27,1995,8.0,2,0,0,20,10,4,31,6,8,1,0,0,42,7,7,50.0,Matches
415,Terem Moffi,ng NGA,FW,Nice,23,1999,14.8,2,0,0,13,10,5,1,2,6,0,0,0,28,19,27,41.3,Matches
416,Terem Moffi,ng NGA,FW,Lorient,23,1999,15.4,1,0,0,17,17,4,3,3,5,0,0,0,35,13,47,21.7,Matches
417,Mostafa Mohamed,eg EGY,FW,Nantes,24,1997,21.5,1,0,0,43,28,13,10,10,13,1,0,0,48,76,87,46.6,Matches
418,Florent Mollet,fr FRA,MF,Nantes,30,1991,12.1,3,0,0,18,20,3,76,10,6,0,0,0,57,8,16,33.3,Matches
419,Marlos Moreno,co COL,"MF,DF",Troyes,25,1996,0.1,0,0,0,1,1,0,0,0,2,0,0,0,1,1,1,50.0,Matches
420,Lebo Mothiba,za RSA,"FW,MF",Strasbourg,26,1996,4.8,0,0,0,12,12,0,4,0,0,0,0,0,11,10,24,29.4,Matches
421,Steve Mounié,bj BEN,FW,Brest,27,1994,18.4,2,0,0,37,25,10,9,3,5,0,0,0,49,150,105,58.8,Matches
422,Bevic Moussiti-Oko,cg CGO,FW,Ajaccio,27,1995,7.8,1,0,0,18,22,2,4,2,1,0,0,0,27,53,47,53.0,Matches
423,Samuel Moutoussamy,cd COD,MF,Nantes,25,1996,26.7,8,0,0,33,15,0,9,24,34,0,0,0,167,21,45,31.8,Matches
424,François Mughe,cm CMR,MF,Marseille,18,2004,0.1,0,0,0,0,0,0,0,0,0,0,0,0,0,0,1,0.0,Matches
425,Nordi Mukiele,fr FRA,DF,Paris S-G,24,1997,12.6,0,0,0,16,14,2,16,14,23,0,0,0,61,21,10,67.7,Matches
426,Marshall Munetsi,zw ZIM,MF,Reims,26,1996,30.0,6,0,0,64,38,2,23,26,27,1,0,0,157,58,49,54.2,Matches
427,Yvon Mvogo,ch SUI,GK,Lorient,28,1994,20.1,0,0,0,0,3,0,0,2,0,0,0,0,13,5,0,100.0,Matches
428,Nathan N'Goumou,cm CMR,FW,Toulouse,22,2000,1.0,0,0,0,0,0,0,1,2,2,0,0,0,6,1,0,100.0,Matches
429,Youssouf Ndayishimiye,bi BDI,"MF,DF",Nice,23,1998,6.3,2,0,0,5,4,0,2,12,9,0,0,0,36,5,6,45.5,Matches
430,Papa Ndiaga Yade,mr MTN,"DF,MF",Troyes,22,2000,6.3,1,1,0,14,10,2,30,8,6,0,0,0,33,5,7,41.7,Matches
431,Neymar,br BRA,"MF,FW",Paris S-G,30,1992,17.2,6,1,1,25,65,5,54,4,14,1,0,0,63,1,2,33.3,Matches
432,Ibrahima Niane,sn SEN,FW,Angers,23,1999,12.6,4,0,0,12,27,2,7,1,2,0,0,0,35,23,50,31.5,Matches
433,M'Baye Niang,sn SEN,FW,Auxerre,27,1994,16.5,2,2,0,43,42,8,8,1,7,0,1,0,37,68,65,51.1,Matches
434,Rasmus Nicolaisen,dk DEN,DF,Toulouse,25,1997,33.3,7,1,1,30,28,1,0,50,21,0,1,1,188,116,41,73.9,Matches
435,Arnaud Nordin,fr FRA,FW,Montpellier,24,1998,26.7,4,0,0,21,82,4,49,14,14,2,0,0,120,21,59,26.3,Matches
436,Riad Nouri,fr FRA,"MF,FW",Ajaccio,37,1985,18.8,3,0,0,16,15,7,86,15,12,0,0,0,84,13,17,43.3,Matches
437,Alexander Nübel,de GER,GK,Monaco,25,1996,38.0,2,0,0,0,2,0,0,1,0,0,0,0,43,7,1,87.5,Matches
438,Gerzino Nyamsi,cm CMR,DF,Strasbourg,25,1997,17.5,4,1,0,37,3,0,1,10,20,0,2,0,108,37,20,64.9,Matches
439,Wilson Odobert,fr FRA,"MF,FW",Troyes,17,2004,19.6,0,0,0,9,16,2,34,15,14,0,0,0,74,7,21,25.0,Matches
440,Florent Ogier,fr FRA,DF,Clermont Foot,33,1989,18.9,4,0,0,15,9,0,3,18,16,0,1,0,87,28,27,50.9,Matches
441,Warmed Omari,km COM,DF,Rennes,22,2000,15.1,2,1,0,8,6,3,0,17,11,0,0,0,69,37,19,66.1,Matches
442,Jonas Omlin,ch SUI,GK,Montpellier,28,1994,13.0,1,1,0,1,3,0,0,0,0,0,0,0,16,3,0,100.0,Matches
443,Ado Onaiwu,jp JPN,FW,Toulouse,26,1995,12.0,0,0,0,15,15,3,5,2,6,0,0,0,35,37,38,49.3,Matches
444,Jean Onana,cm CMR,"MF,DF",Lens,22,2000,9.0,3,0,0,7,10,2,3,18,17,0,0,0,63,9,7,56.3,Matches
445,Loïs Openda,be BEL,FW,Lens,22,2000,28.0,2,0,0,42,47,22,30,2,9,0,0,0,60,13,20,39.4,Matches
446,Dango Ouattara,bf BFA,"FW,MF",Lorient,20,2002,17.2,3,1,1,15,43,2,33,19,26,2,0,0,90,37,38,49.3,Matches
447,Zinédine Ould Khaled,fr FRA,"MF,FW",Angers,22,2000,0.6,0,0,0,1,0,0,0,2,1,0,0,0,6,1,2,33.3,Matches
448,Azzedine Ounahi,ma MAR,"MF,FW",Marseille,22,2000,1.3,0,0,0,1,3,0,0,0,1,0,0,0,8,0,5,0.0,Matches
449,Azzedine Ounahi,ma MAR,"MF,FW",Angers,22,2000,12.5,1,0,0,11,24,1,17,15,8,0,0,0,70,5,12,29.4,Matches
450,Adam Ounas,dz ALG,"FW,MF",Lille,25,1996,11.8,2,0,0,15,29,2,75,7,11,1,0,0,60,5,10,33.3,Matches
451,Ante Palaversa,hr CRO,MF,Troyes,22,2000,0.3,0,0,0,0,0,0,2,1,1,0,0,0,7,0,0,,Matches
452,Nicolas Pallois,fr FRA,DF,Nantes,34,1987,24.6,4,1,1,20,6,1,7,30,44,0,1,1,174,35,25,58.3,Matches
453,Erik Palmer-Brown,us USA,DF,Troyes,25,1997,35.5,5,0,0,29,12,1,2,26,27,0,1,1,178,56,32,63.6,Matches
454,Lucas Paquetá,br BRA,MF,Lyon,24,1997,1.8,0,0,0,2,3,0,1,1,4,0,0,0,10,4,1,80.0,Matches
455,Leandro Paredes,ar ARG,MF,Paris S-G,28,1994,0.6,0,0,0,0,1,0,0,1,1,0,0,0,2,0,0,,Matches
456,Dimitri Payet,fr FRA,"MF,FW",Marseille,35,1987,9.3,0,0,0,5,19,2,58,0,4,0,0,0,46,5,5,50.0,Matches
457,Théo Pellenard,fr FRA,DF,Auxerre,28,1994,1.1,0,0,0,1,0,0,1,2,0,0,0,0,2,1,0,100.0,Matches
458,Timothee Pembele,fr FRA,DF,Paris S-G,19,2002,2.9,0,0,0,0,1,0,4,4,5,0,0,0,5,3,3,50.0,Matches
459,Patrick Pentz,at AUT,GK,Reims,25,1997,7.0,1,0,0,0,2,0,0,0,0,0,0,0,8,0,0,,Matches
460,Nicolas Pépé,ci CIV,"FW,MF",Nice,27,1995,16.6,2,0,0,13,33,6,42,3,13,2,0,0,76,8,13,38.1,Matches
461,Brayann Pereira,fr FRA,DF,Auxerre,19,2003,2.0,0,0,0,1,4,0,9,2,5,0,0,0,9,3,0,100.0,Matches
462,Danilo Pereira,pt POR,"DF,MF",Paris S-G,30,1991,26.8,3,0,0,17,14,1,3,36,17,0,0,0,184,34,22,60.7,Matches
463,Mathias Pereira Lage,pt POR,"MF,FW",Brest,25,1996,14.0,2,0,0,23,27,1,34,14,7,1,0,0,69,21,28,42.9,Matches
464,Gaëtan Perrin,fr FRA,"MF,FW",Auxerre,26,1996,15.5,1,0,0,18,22,4,30,10,8,0,0,0,84,14,22,38.9,Matches
465,Lucas Perrin,fr FRA,DF,Strasbourg,23,1998,19.6,4,0,0,23,19,0,8,36,27,0,1,0,112,36,19,65.5,Matches
466,Ronaël Pierre-Gabriel,fr FRA,DF,Strasbourg,24,1998,7.3,3,0,0,12,8,2,19,9,18,0,0,0,41,8,7,53.3,Matches
467,Julien Ponceau,fr FRA,MF,Lorient,21,2000,18.4,1,0,0,21,25,4,12,14,19,0,0,0,105,8,27,22.9,Matches
468,Łukasz Poręba,pl POL,MF,Lens,22,2000,2.9,1,0,0,9,2,0,6,4,4,0,0,0,12,3,1,75.0,Matches
469,Jackson Porozo,ec ECU,DF,Troyes,21,2000,18.0,3,0,0,29,18,1,3,33,20,0,0,0,75,47,25,65.3,Matches
470,Sanjin Prcić,ba BIH,MF,Strasbourg,28,1993,18.1,3,1,0,16,19,1,29,25,12,0,0,0,152,16,7,69.6,Matches
471,Mehdi Puch-Herrantz,fr FRA,MF,Ajaccio,18,2004,0.5,0,0,0,1,1,0,0,3,2,0,0,0,6,0,1,0.0,Matches
472,Ghjuvanni Quilichini,fr FRA,GK,Ajaccio,19,2002,0.9,0,0,0,0,0,0,0,0,0,0,0,0,1,0,0,,Matches
473,Ionuț Radu,ro ROU,GK,Auxerre,25,1997,17.0,0,0,0,1,0,0,0,0,0,0,0,0,19,3,0,100.0,Matches
474,Simon Ramet,fr FRA,DF,Lille,19,2003,0.0,0,0,0,0,0,0,0,0,0,0,0,0,0,0,0,,Matches
475,Adil Rami,fr FRA,DF,Troyes,36,1985,17.7,2,0,0,10,14,1,5,25,14,0,1,0,93,29,16,64.4,Matches
476,Sergio Ramos,es ESP,DF,Paris S-G,36,1986,30.0,3,1,0,36,24,4,13,34,26,1,0,0,173,55,34,61.8,Matches
477,Aaron Ramsey,wls WAL,MF,Nice,31,1990,17.6,3,0,0,23,18,3,62,17,25,1,0,0,115,6,12,33.3,Matches
478,Lilian Raolisoa,fr FRA,"DF,MF",Angers,22,2000,1.9,0,0,0,1,3,0,10,3,9,0,0,0,17,1,0,100.0,Matches
479,Elba Rashani,xk KVX,"MF,FW",Clermont Foot,29,1993,24.0,3,0,0,36,29,4,58,21,26,1,0,0,101,16,42,27.6,Matches
480,Rafael Ratão,br BRA,"FW,MF",Toulouse,26,1995,20.6,2,0,0,28,33,2,52,21,36,0,0,0,116,10,13,43.5,Matches
481,Rayan Raveloson,mg MAD,"DF,MF",Auxerre,25,1997,27.0,0,0,0,22,35,1,33,39,23,0,0,1,181,29,22,56.9,Matches
482,Jeff Reine-Adélaïde,fr FRA,MF,Troyes,24,1998,2.6,0,0,0,2,5,0,0,2,2,0,0,0,14,3,4,42.9,Matches
483,Jeff Reine-Adélaïde,fr FRA,MF,Lyon,24,1998,3.7,1,0,0,7,4,0,13,6,5,0,0,0,30,3,3,50.0,Matches
484,Alexsandro Ribeiro,br BRA,DF,Lille,22,1999,17.9,4,0,0,18,20,2,4,25,18,0,0,0,113,32,28,53.3,Matches
485,Rémy Riou,fr FRA,GK,Lyon,34,1987,6.7,0,0,0,0,0,0,0,0,0,0,0,0,14,0,0,,Matches
486,Renaud Ripart,fr FRA,"FW,MF",Troyes,29,1993,14.7,4,0,0,25,25,6,21,7,23,0,0,0,54,56,78,41.8,Matches
487,Joe Rodon,wls WAL,DF,Rennes,24,1997,15.7,2,1,0,11,18,0,1,9,7,0,0,0,76,44,30,59.5,Matches
488,Valentin Rongier,fr FRA,MF,Marseille,27,1994,33.7,8,0,0,52,29,0,8,54,59,0,0,0,267,43,30,58.9,Matches
489,Pablo Rosario,do DOM,"MF,DF",Nice,25,1997,19.6,6,0,0,18,13,0,11,23,26,0,0,0,97,16,22,42.1,Matches
490,Anthony Rouault,fr FRA,DF,Toulouse,21,2001,36.8,4,1,1,21,17,1,0,56,37,0,0,1,213,86,64,57.3,Matches
491,Kays Ruiz,fr FRA,MF,Auxerre,19,2002,0.7,1,0,0,2,3,0,0,3,1,0,0,0,10,0,0,,Matches
492,Fabián Ruiz Peña,es ESP,MF,Paris S-G,26,1996,21.0,0,0,0,19,13,4,13,18,28,0,1,0,157,5,7,41.7,Matches
493,Halid Šabanović,ba BIH,DF,Angers,22,1999,7.1,1,1,0,10,2,1,8,8,6,0,0,0,28,4,4,50.0,Matches
494,Falaye Sacko,ml MLI,DF,Montpellier,27,1995,28.7,3,0,0,26,19,5,36,33,25,0,3,1,179,17,18,48.6,Matches
495,Wesley Saïd,fr FRA,"FW,MF",Lens,27,1995,7.2,2,0,0,20,1,1,5,1,1,0,0,0,20,5,7,41.7,Matches
496,Théo Sainte-Luce,fr FRA,DF,Montpellier,23,1998,5.9,0,0,0,13,1,0,10,10,11,0,0,0,21,6,9,40.0,Matches
497,Hamza Sakhi,fr FRA,MF,Auxerre,26,1996,18.4,1,0,0,13,21,5,88,25,22,0,0,0,106,6,3,66.7,Matches
498,Mamadou Sakho,fr FRA,DF,Montpellier,32,1990,8.5,2,0,0,6,5,0,0,8,5,0,2,0,45,22,18,55.0,Matches
499,Ibrahim Salah,ma MAR,"FW,MF",Rennes,20,2001,2.5,0,0,0,2,1,2,8,2,1,0,0,0,18,2,4,33.3,Matches
500,Amine Salama,fr FRA,"FW,MF",Angers,22,2000,13.9,1,0,0,7,9,6,12,10,9,0,0,0,51,8,19,29.6,Matches
501,Yoann Salmier,gf GUF,DF,Troyes,29,1992,29.4,5,1,0,30,28,0,7,39,29,1,2,0,181,54,32,62.8,Matches
502,Mama Samba Baldé,gw GNB,FW,Troyes,26,1995,29.6,6,2,1,38,46,22,13,10,21,2,0,0,100,43,76,36.1,Matches
503,Brice Samba,fr FRA,GK,Lens,28,1994,37.0,3,0,0,0,6,0,0,0,0,0,0,0,42,8,2,80.0,Matches
504,Renato Sanches,pt POR,MF,Paris S-G,24,1997,8.0,1,0,0,22,10,0,5,9,1,0,0,0,52,5,4,55.6,Matches
505,Alexis Sánchez,cl CHI,"FW,MF",Marseille,33,1988,29.8,3,0,0,44,46,28,37,5,17,1,0,0,83,35,70,33.3,Matches
506,Morgan Sanson,fr FRA,MF,Strasbourg,27,1994,15.8,1,0,0,21,34,0,35,22,25,0,0,0,104,14,13,51.9,Matches
507,Baptiste Santamaria,fr FRA,MF,Rennes,27,1995,20.1,2,0,0,23,20,1,7,21,22,0,0,0,173,60,40,60.0,Matches
508,Pablo Sarabia,es ESP,"FW,MF",Paris S-G,30,1992,4.1,1,0,0,4,5,2,16,2,4,0,0,0,16,0,2,0.0,Matches
509,Amin Sarr,se SWE,FW,Lyon,21,2001,6.0,0,0,0,14,4,1,4,0,6,0,0,0,19,10,18,35.7,Matches
510,Malang Sarr,fr FRA,DF,Monaco,23,1999,8.0,3,0,0,10,4,0,1,15,3,0,0,0,49,15,9,62.5,Matches
511,Mamadou Sarr,sn SEN,MF,Lyon,16,2005,0.1,0,0,0,0,0,0,0,0,0,0,0,0,0,0,0,,Matches
512,Téji Savanier,fr FRA,MF,Montpellier,30,1991,28.3,4,3,0,58,97,0,235,30,30,0,0,0,210,12,22,35.3,Matches
513,Kasper Schmeichel,dk DEN,GK,Nice,35,1986,36.0,0,0,0,0,0,0,0,1,0,0,0,0,25,3,0,100.0,Matches
514,Alidu Seidu,gh GHA,DF,Clermont Foot,22,2000,27.3,10,1,0,33,70,1,22,52,31,0,1,0,203,26,9,74.3,Matches
515,Matz Sels,be BEL,GK,Strasbourg,30,1992,38.0,2,0,0,0,3,0,0,4,3,0,0,0,29,9,0,100.0,Matches
516,Marvin Senaya,tg TOG,DF,Strasbourg,21,2001,0.1,0,0,0,0,0,0,1,0,0,0,0,0,2,1,1,50.0,Matches
517,Kaj Sierhuis,nl NED,"FW,MF",Reims,24,1998,2.4,0,0,0,5,4,0,6,1,3,0,0,0,9,2,8,20.0,Matches
518,Vincent Sierro,ch SUI,MF,Toulouse,26,1995,7.4,3,0,0,19,8,0,25,4,11,0,0,0,50,9,9,50.0,Matches
519,Caio Henrique Oliveira Silva,br BRA,DF,Monaco,25,1997,32.2,3,0,0,15,25,1,169,26,51,0,0,1,208,16,27,37.2,Matches
520,Abdallah Sima,sn SEN,FW,Angers,21,2001,20.4,0,0,0,32,24,12,16,4,13,1,1,1,52,43,63,40.6,Matches
521,Moses Simon,ng NGA,"FW,MF",Nantes,27,1995,26.1,3,0,0,11,32,4,140,11,9,0,0,0,114,11,39,22.0,Matches
522,Lassine Sinayoko,ml MLI,"MF,FW",Auxerre,22,1999,17.4,2,1,1,31,22,5,30,18,15,1,0,0,112,22,39,36.1,Matches
523,Ibrahima Sissoko,ml MLI,MF,Strasbourg,24,1997,14.6,1,0,0,41,15,2,10,10,22,0,1,0,121,30,23,56.6,Matches
524,Moussa Sissoko,fr FRA,MF,Nantes,32,1989,21.3,3,0,0,27,14,3,23,16,16,0,1,0,153,24,23,51.1,Matches
525,Naatan Skyttä,fi FIN,MF,Toulouse,20,2002,0.3,0,0,0,0,1,0,0,1,0,0,0,0,1,0,1,0.0,Matches
526,Islam Slimani,dz ALG,FW,Brest,34,1988,11.0,5,0,0,19,14,10,9,1,3,0,0,0,16,22,25,46.8,Matches
527,Eduard Sobol,ua UKR,DF,Strasbourg,27,1995,9.7,2,0,0,10,17,2,19,8,10,0,1,0,35,9,5,64.3,Matches
528,Carlos Soler,es ESP,MF,Paris S-G,25,1997,13.2,0,0,0,18,14,0,22,4,12,1,0,0,67,1,6,14.3,Matches
529,François-Joseph Sollacaro,fr FRA,GK,Ajaccio,28,1994,6.0,1,0,0,0,0,0,0,0,0,0,0,0,6,0,0,,Matches
530,Florian Sotoca,fr FRA,"MF,FW",Lens,31,1990,33.9,4,0,0,37,44,9,99,29,19,1,0,0,124,56,45,55.4,Matches
531,Moussa Soumano,fr FRA,FW,Ajaccio,17,2005,5.5,3,0,0,10,4,3,1,0,2,0,0,0,10,8,23,25.8,Matches
532,Arnaud Souquet,fr FRA,"DF,FW",Montpellier,30,1992,4.0,1,0,0,7,7,1,7,4,16,0,1,0,27,9,10,47.4,Matches
533,Kevin Spadanuda,ch SUI,"MF,FW",Ajaccio,25,1997,11.8,3,0,0,20,21,1,5,11,18,0,0,0,65,5,18,21.7,Matches
534,Djed Spence,eng ENG,DF,Rennes,21,2000,6.4,0,0,0,7,9,0,4,4,6,0,0,0,35,4,1,80.0,Matches
535,Stijn Spierings,nl NED,MF,Toulouse,26,1996,34.7,6,0,0,55,50,0,21,53,67,1,1,0,336,20,20,50.0,Matches
536,Calvin Stengs,nl NED,FW,Nice,23,1998,2.4,0,0,0,5,6,0,3,0,2,0,0,0,13,1,1,50.0,Matches
537,Tony Strata,ro ROU,"MF,DF",Ajaccio,17,2004,1.5,1,0,0,3,1,0,0,1,3,0,0,0,9,0,0,,Matches
538,Gabriel Suazo,cl CHI,DF,Toulouse,24,1997,14.0,1,0,0,18,11,1,14,22,22,0,1,0,104,9,9,50.0,Matches
539,Kamaldeen Sulemana,gh GHA,"FW,MF",Rennes,20,2002,3.6,1,0,0,5,6,1,10,4,3,0,0,0,29,4,5,44.4,Matches
540,Yuito Suzuki,jp JPN,"FW,MF",Strasbourg,20,2001,0.4,0,0,0,1,2,0,0,0,0,0,0,0,1,1,0,100.0,Matches
541,Issiaga Sylla,gn GUI,DF,Montpellier,28,1994,14.5,0,0,0,8,9,2,35,32,16,0,0,0,100,27,15,64.3,Matches
542,Issiaga Sylla,gn GUI,DF,Toulouse,28,1994,15.2,3,0,0,24,18,1,41,38,15,0,0,0,120,12,16,42.9,Matches
543,Nicolás Tagliafico,ar ARG,DF,Lyon,29,1992,33.2,5,0,0,40,59,2,68,57,53,0,2,0,166,42,37,53.2,Matches
544,Waniss Taibi,fr FRA,MF,Angers,20,2002,2.1,1,0,0,3,0,0,1,2,5,0,0,0,16,2,5,28.6,Matches
545,Flavien Tait,fr FRA,MF,Rennes,29,1993,18.7,2,0,0,25,29,0,7,20,15,0,0,0,128,7,10,41.2,Matches
546,Montassar Talbi,tn TUN,DF,Lorient,24,1998,38.0,0,0,0,16,26,0,2,40,25,0,0,0,164,90,47,65.7,Matches
547,Thibault Tamas,fr FRA,DF,Montpellier,21,2001,0.1,0,0,0,2,0,0,1,1,0,0,0,0,1,0,0,,Matches
548,Florian Tardieu,fr FRA,MF,Troyes,30,1992,11.2,2,0,0,11,20,0,43,23,20,0,0,0,87,7,8,46.7,Matches
549,Nuno Tavares,pt POR,"DF,MF",Marseille,22,2000,26.1,6,1,0,37,38,6,96,15,30,0,0,0,173,23,31,42.6,Matches
550,Enzo Tchato,cm CMR,DF,Montpellier,19,2002,12.2,1,0,0,13,7,2,39,7,17,0,0,0,56,17,16,51.5,Matches
551,Martin Terrier,fr FRA,"FW,MF",Rennes,25,1997,14.7,0,0,0,12,24,6,13,14,11,0,0,0,58,63,37,63.0,Matches
552,Tetê,br BRA,"FW,MF",Lyon,22,2000,12.3,3,0,0,10,19,5,45,13,10,1,0,0,48,4,12,25.0,Matches
553,Arthur Theate,be BEL,DF,Rennes,22,2000,34.7,5,0,0,24,13,0,1,30,19,0,1,1,182,70,38,64.8,Matches
554,Sada Thioub,sn SEN,"DF,FW",Angers,27,1995,11.8,3,0,0,14,6,0,37,7,10,0,0,0,63,4,14,22.2,Matches
555,Adrien Thomasson,fr FRA,MF,Strasbourg,28,1993,10.4,2,0,0,16,20,4,8,3,9,0,0,0,80,7,6,53.8,Matches
556,Adrien Thomasson,fr FRA,"MF,FW",Lens,28,1993,14.2,1,0,0,21,18,5,13,4,17,1,0,0,79,12,18,40.0,Matches
557,Khéphren Thuram,fr FRA,MF,Nice,21,2001,28.3,3,0,0,31,19,3,23,38,25,1,0,0,146,16,18,47.1,Matches
558,Alexis Tibidi,fr FRA,"FW,MF",Troyes,18,2003,0.8,0,0,0,0,1,0,0,0,1,0,0,0,1,2,1,66.7,Matches
559,Jean-Clair Todibo,fr FRA,DF,Nice,22,1999,31.9,4,2,1,21,15,1,5,41,48,0,2,0,248,39,29,57.4,Matches
560,Karl Toko Ekambi,cm CMR,"FW,MF",Rennes,29,1992,10.8,0,0,0,7,8,8,6,9,1,0,0,0,28,18,26,40.9,Matches
561,Karl Toko Ekambi,cm CMR,"FW,MF",Lyon,29,1992,15.0,1,0,0,8,9,2,25,9,9,0,0,0,66,16,32,33.3,Matches
562,Corentin Tolisso,fr FRA,MF,Lyon,27,1994,22.6,3,0,0,28,38,0,37,24,27,0,0,0,199,35,24,59.3,Matches
563,Birama Touré,ml MLI,MF,Auxerre,30,1992,37.8,3,0,0,50,22,0,14,67,47,0,1,0,242,56,60,48.3,Matches
564,Mo Touré,au AUS,"FW,MF",Reims,18,2004,0.3,0,0,0,1,0,1,0,0,0,0,0,0,1,1,4,20.0,Matches
565,Souleymane Touré,fr FRA,DF,Marseille,19,2003,0.8,1,0,0,2,0,0,0,0,1,0,0,0,5,1,0,100.0,Matches
566,Souleymane Touré,fr FRA,DF,Auxerre,19,2003,17.6,5,1,1,20,13,0,3,26,13,0,1,0,83,24,10,70.6,Matches
567,Yoann Touzghar,tn TUN,FW,Ajaccio,35,1986,5.0,0,1,0,5,6,3,2,0,2,0,0,0,10,9,20,31.0,Matches
568,Charles Traore,ml MLI,DF,Nantes,30,1992,5.4,2,0,0,6,13,1,6,10,5,0,1,1,26,6,4,60.0,Matches
569,Hamari Traoré,ml MLI,DF,Rennes,30,1992,28.1,5,0,0,33,6,3,63,38,32,0,2,0,155,33,34,49.3,Matches
570,Théo Trinker,fr FRA,MF,Nice,21,2001,0.0,0,0,0,0,0,0,0,0,0,0,0,0,0,0,0,,Matches
571,Adrien Truffert,fr FRA,DF,Rennes,20,2001,21.7,1,0,0,20,25,3,35,22,32,0,0,0,126,34,26,56.7,Matches
572,Theocharis Tsingaras,gr GRE,MF,Toulouse,21,2000,0.1,0,0,0,0,0,0,0,0,0,0,0,0,0,0,0,,Matches
573,Ike Ugbo,ca CAN,"FW,MF",Troyes,23,1998,9.9,0,0,0,13,10,4,0,2,2,0,0,0,15,9,41,18.0,Matches
574,Lesley Ugochukwu,fr FRA,MF,Rennes,18,2004,14.8,3,1,0,29,12,0,2,21,19,0,0,0,71,16,7,69.6,Matches
575,Cengiz Ünder,tr TUR,"MF,DF",Marseille,25,1997,27.7,3,0,0,29,31,8,157,18,19,0,0,0,133,11,19,36.7,Matches
576,Jere Uronen,fi FIN,DF,Brest,28,1994,3.3,0,0,0,3,7,0,13,7,5,0,0,0,14,2,6,25.0,Matches
577,Yan Valery,tn TUN,DF,Angers,23,1999,27.7,3,0,0,46,20,1,81,34,39,0,0,0,141,37,22,62.7,Matches
578,Vanderson,br BRA,"DF,MF",Monaco,21,2001,24.6,4,1,1,36,18,3,98,48,48,0,0,0,167,27,27,50.0,Matches
579,Jordan Veretout,fr FRA,MF,Marseille,29,1993,31.8,4,0,0,35,24,2,83,36,35,0,0,1,243,20,26,43.5,Matches
580,Marco Verratti,it ITA,MF,Paris S-G,29,1992,24.4,10,1,0,36,53,0,7,27,49,0,1,0,175,11,13,45.8,Matches
581,João Victor,br BRA,DF,Nantes,24,1998,9.4,5,0,0,9,11,0,8,15,11,0,0,1,53,11,6,64.7,Matches
582,Clément Vidal,fr FRA,"DF,MF",Ajaccio,22,2000,21.1,5,1,0,22,18,1,3,27,15,0,1,0,92,50,26,65.8,Matches
583,Alan Virginius,fr FRA,FW,Lille,19,2003,2.9,1,0,0,6,2,2,2,2,2,0,0,0,9,1,11,8.3,Matches
584,Mattia Viti,it ITA,DF,Nice,20,2002,7.0,0,0,0,3,5,0,0,8,2,0,0,0,27,13,7,65.0,Matches
585,Vitinha,pt POR,FW,Marseille,22,2000,5.2,0,0,0,7,8,4,1,2,7,0,0,0,27,5,13,27.8,Matches
586,Vitinha,pt POR,MF,Paris S-G,22,2000,27.2,3,0,0,31,19,0,13,25,25,0,0,0,164,5,4,55.6,Matches
587,Kevin Volland,de GER,"FW,MF",Monaco,30,1992,7.1,1,0,0,20,13,7,8,2,4,1,0,0,27,11,14,44.0,Matches
588,Elye Wahi,fr FRA,FW,Montpellier,19,2003,27.9,8,1,0,32,40,26,19,3,3,2,0,0,47,20,78,20.4,Matches
589,Timothy Weah,us USA,"DF,FW",Lille,22,2000,19.4,2,0,0,17,18,4,51,23,14,0,0,0,84,13,20,39.4,Matches
590,Mateusz Wieteska,pl POL,DF,Clermont Foot,25,1997,34.6,7,1,0,29,30,0,1,56,23,1,1,0,185,78,41,65.5,Matches
591,Christopher Wooh,cm CMR,DF,Rennes,20,2001,11.2,4,0,0,17,10,0,1,6,7,1,0,0,34,21,12,63.6,Matches
592,Christopher Wooh,cm CMR,MF,Lens,20,2001,0.0,0,0,0,0,0,0,0,0,0,0,0,0,0,0,0,,Matches
593,Xeka,pt POR,MF,Rennes,27,1994,6.1,1,0,0,13,11,0,0,6,3,0,0,0,38,8,15,34.8,Matches
594,Yusuf Yazıcı,tr TUR,MF,Lille,25,1997,2.2,0,0,0,4,1,0,9,0,0,0,0,0,5,0,0,,Matches
595,Darlin Yongwa,cm CMR,DF,Lorient,21,2000,8.7,2,0,0,14,16,3,20,5,11,0,0,0,40,3,8,27.3,Matches
596,Leny Yoro,fr FRA,DF,Lille,16,2005,8.5,0,0,0,5,5,0,0,18,5,0,0,0,41,12,8,60.0,Matches
597,Mohamed Youssouf,km COM,DF,Ajaccio,34,1988,27.3,5,1,0,40,37,0,89,65,44,0,0,1,140,47,37,56.0,Matches
598,Warren Zaïre-Emery,fr FRA,"MF,DF",Paris S-G,16,2006,10.3,1,0,0,9,5,2,4,12,10,0,1,0,54,3,11,21.4,Matches
599,Oliver Zandén,se SWE,"DF,MF",Toulouse,20,2001,1.6,0,0,0,3,6,0,6,1,1,0,0,0,8,1,2,33.3,Matches
600,Akim Zedadka,dz ALG,DF,Auxerre,27,1995,17.8,5,0,0,23,27,0,38,23,21,0,2,0,95,24,23,51.1,Matches
601,Akim Zedadka,dz ALG,"DF,MF",Lille,27,1995,3.9,1,0,0,5,8,1,7,2,1,0,0,0,24,5,5,50.0,Matches
602,Mehdi Zeffane,dz ALG,"DF,MF",Clermont Foot,30,1992,7.3,1,0,0,4,3,1,24,22,7,0,0,0,36,3,8,27.3,Matches
603,Arber Zeneli,xk KVX,"FW,MF",Reims,27,1995,11.1,0,0,0,7,12,3,50,2,3,1,0,0,58,4,8,33.3,Matches
604,Nathan Zeze,fr FRA,DF,Nantes,17,2005,0.7,0,0,0,0,1,0,0,0,2,0,0,0,2,1,1,50.0,Matches
605,Edon Zhegrova,xk KVX,"FW,MF",Lille,23,1999,11.7,1,0,0,11,15,2,73,2,12,1,0,0,58,0,6,0.0,Matches
606,Tanguy Zoukrou,fr FRA,DF,Troyes,19,2003,5.7,0,0,0,5,1,0,1,2,7,0,1,0,32,7,7,50.0,Matches
