Unnamed: 0_level_0_Rk,Unnamed: 1_level_0_Player,Unnamed: 2_level_0_Nation,Unnamed: 3_level_0_Pos,Unnamed: 4_level_0_Squad,Unnamed: 5_level_0_Age,Unnamed: 6_level_0_Born,Unnamed: 7_level_0_90s,Tackles_Tkl,Tackles_TklW,Tackles_Def 3rd,Tackles_Mid 3rd,Tackles_Att 3rd,Challenges_Tkl,Challenges_Att,Challenges_Tkl%,Challenges_Lost,Blocks_Blocks,Blocks_Sh,Blocks_Pass,Unnamed: 20_level_0_Int,Unnamed: 21_level_0_Tkl+Int,Unnamed: 22_level_0_Clr,Unnamed: 23_level_0_Err,Unnamed: 24_level_0_Matches
1,Junior Adamu,at AUT,FW,Freiburg,23,2001,17.2,9,3,3,3,3,3,11,27.3,8,14,0,14,12,21,20,0,Matches
2,Karim Adeyemi,de GER,"FW,MF",Dortmund,22,2002,15.9,20,14,6,6,8,8,20,40.0,12,14,1,13,7,27,5,0,Matches
3,Amine Adli,ma MAR,"MF,FW",Leverkusen,24,2000,8.5,15,9,4,2,9,4,11,36.4,7,11,0,11,0,15,4,0,Matches
4,Oladapo Afolayan,eng ENG,"FW,MF",St. Pauli,26,1998,18.2,17,8,4,8,5,7,19,36.8,12,17,1,16,8,25,20,0,Matches
5,Felix Agu,ng NGA,DF,Werder Bremen,24,1999,19.5,30,14,12,14,4,12,23,52.2,11,27,9,18,21,51,48,0,Matches
6,Erik Ahlstrand,se SWE,"FW,MF",St. Pauli,22,2001,0.5,0,0,0,0,0,0,0,,0,1,0,1,1,1,1,0,Matches
7,Kevin Akpoguma,ng NGA,DF,Hoffenheim,29,1995,24.7,54,27,36,12,6,30,46,65.2,16,65,37,28,29,83,115,1,Matches
8,Andreas Albers,dk DEN,FW,St. Pauli,34,1990,0.7,1,1,0,0,1,0,1,0.0,1,0,0,0,0,1,1,0,Matches
9,Ben Alexander Voll,de GER,GK,St. Pauli,23,2000,1.0,0,0,0,0,0,0,0,,0,0,0,0,0,0,0,0,Matches
10,Skelly Alvero,fr FRA,MF,Werder Bremen,22,2002,2.6,11,6,5,5,1,4,5,80.0,1,4,0,4,2,13,10,0,Matches
11,Aurele Amenda,ch SUI,DF,Eint Frankfurt,21,2003,1.1,1,0,1,0,0,0,0,,0,2,2,0,2,3,11,0,Matches
12,Nadiem Amiri,de GER,MF,Mainz 05,27,1996,27.5,50,23,13,28,9,19,46,41.3,27,19,4,15,16,66,30,2,Matches
13,Mohamed Amoura,dz ALG,FW,Wolfsburg,24,2000,27.4,29,22,14,5,10,14,37,37.8,23,42,2,40,9,38,24,0,Matches
14,Robert Andrich,de GER,"MF,DF",Leverkusen,29,1994,17.8,24,12,8,14,2,7,14,50.0,7,16,8,8,29,53,23,0,Matches
15,Waldemar Anton,de GER,DF,Dortmund,28,1996,21.7,34,21,18,10,6,17,23,73.9,6,33,16,17,30,64,112,1,Matches
16,Maximilian Arnold,de GER,MF,Wolfsburg,30,1994,26.2,34,20,13,18,3,15,33,45.5,18,21,11,10,24,58,70,2,Matches
17,Jann-Fiete Arp,de GER,"FW,MF",Holstein Kiel,24,2000,7.9,13,10,5,2,6,4,13,30.8,9,6,0,6,3,16,8,1,Matches
18,Arthur,br BRA,DF,Leverkusen,21,2003,8.4,14,11,3,9,2,5,10,50.0,5,8,0,8,9,23,29,0,Matches
19,Noah Atubolu,de GER,GK,Freiburg,22,2002,25.6,0,0,0,0,0,0,0,,0,0,0,0,0,0,13,4,Matches
20,Ayman Azhil,ma MAR,MF,Dortmund,23,2001,0.3,1,1,1,0,0,0,0,,0,0,0,0,0,1,0,0,Matches
21,Adam Aznou,ma MAR,DF,Bayern Munich,18,2006,0.2,0,0,0,0,0,0,0,,0,0,0,0,0,0,1,0,Matches
22,Aliou Badara Baldé,gn GUI,"MF,FW",Bochum,21,2002,1.0,1,1,1,0,0,0,0,,0,2,0,2,0,1,0,0,Matches
23,Ridle Baku,de GER,"FW,MF",Wolfsburg,26,1998,13.0,23,15,9,9,5,8,19,42.1,11,22,1,21,15,38,15,0,Matches
24,Ridle Baku,de GER,"DF,MF",RB Leipzig,26,1998,14.2,24,19,9,13,2,9,23,39.1,14,18,2,16,9,33,45,0,Matches
25,Samuel Bamba,de GER,"FW,MF",Bochum,20,2004,0.3,1,1,1,0,0,0,0,,0,0,0,0,0,1,0,0,Matches
26,Noahkai Banks,us USA,DF,Augsburg,17,2006,3.1,11,5,6,4,1,3,7,42.9,4,4,1,3,5,16,28,0,Matches
27,Scott Banks,sct SCO,"FW,MF",St. Pauli,22,2001,1.3,1,1,1,0,0,0,2,0.0,2,0,0,0,2,3,2,0,Matches
28,Aymen Barkok,ma MAR,MF,Mainz 05,26,1998,0.8,2,1,1,1,0,1,1,100.0,0,1,1,0,2,4,0,0,Matches
29,Michy Batshuayi,be BEL,FW,Eint Frankfurt,30,1993,3.3,1,1,1,0,0,1,1,100.0,0,2,0,2,1,2,0,0,Matches
30,Maximilian Bauer,de GER,DF,Augsburg,24,2000,7.3,14,8,5,7,2,9,14,64.3,5,10,4,6,6,20,35,1,Matches
31,Oliver Baumann,de GER,GK,Hoffenheim,34,1990,28.0,2,2,2,0,0,2,4,50.0,2,0,0,0,0,2,15,2,Matches
32,Christoph Baumgartner,at AUT,MF,RB Leipzig,24,1999,17.9,44,28,13,19,12,17,42,40.5,25,45,9,36,12,56,24,2,Matches
33,Ihlas Bebou,tg TOG,MF,Hoffenheim,30,1994,0.1,0,0,0,0,0,0,0,,0,0,0,0,0,0,0,0,Matches
34,Adrian Beck,de GER,"MF,FW",Heidenheim,27,1997,17.8,36,17,18,12,6,12,35,34.3,23,31,2,29,9,45,17,0,Matches
35,Timo Becker,de GER,DF,Holstein Kiel,27,1997,27.2,53,33,39,9,5,34,46,73.9,12,30,17,13,17,70,110,1,Matches
36,Hannes Behrens,de GER,DF,Hoffenheim,19,2005,0.3,1,1,0,1,0,0,0,,0,1,0,1,2,3,0,0,Matches
37,Kevin Behrens,de GER,FW,Wolfsburg,33,1991,1.9,1,1,0,1,0,0,1,0.0,1,0,0,0,1,2,2,0,Matches
38,Maximilian Beier,de GER,"FW,MF",Dortmund,21,2002,17.7,25,16,8,11,6,12,31,38.7,19,15,1,14,7,32,14,1,Matches
39,Stefan Bell,de GER,DF,Mainz 05,32,1991,16.0,22,12,16,6,0,9,14,64.3,5,16,14,2,28,50,107,1,Matches
40,Jeanuël Belocian,fr FRA,"DF,MF",Leverkusen,19,2005,0.8,1,1,1,0,0,1,1,100.0,0,0,0,0,0,1,2,0,Matches
41,László Bénes,sk SVK,"MF,FW",Union Berlin,26,1997,6.5,2,2,1,1,0,1,3,33.3,2,5,1,4,3,5,9,0,Matches
42,Ramy Bensebaini,dz ALG,DF,Dortmund,29,1995,22.5,51,25,25,18,8,33,51,64.7,18,42,9,33,33,84,86,1,Matches
43,Mergim Berisha,de GER,"FW,MF",Hoffenheim,26,1998,3.7,3,3,1,2,0,0,3,0.0,3,2,1,1,0,3,3,0,Matches
44,Mergim Berisha,de GER,FW,Augsburg,26,1998,0.4,1,0,0,1,0,1,1,100.0,0,2,1,1,0,1,0,0,Matches
45,Bernardo,br BRA,DF,Bochum,29,1995,19.8,46,28,32,13,1,27,37,73.0,10,38,17,21,26,72,103,4,Matches
46,Alexander Bernhardsson,se SWE,"FW,MF",Holstein Kiel,25,1998,14.0,29,15,9,9,11,20,31,64.5,11,14,0,14,5,34,25,0,Matches
47,Matúš Bero,sk SVK,MF,Bochum,28,1995,28.5,65,35,33,21,11,29,60,48.3,31,37,9,28,17,82,35,1,Matches
48,Jan-Niklas Beste,de GER,"FW,MF",Freiburg,25,1999,2.4,2,1,0,1,1,1,7,14.3,6,3,0,3,1,3,7,0,Matches
49,El Bilal Touré,ml MLI,"FW,MF",Stuttgart,22,2001,4.0,4,1,1,1,2,3,3,100.0,0,1,0,1,0,4,1,0,Matches
50,Tom Bischof,de GER,"MF,FW",Hoffenheim,19,2005,28.4,95,53,36,45,14,40,77,51.9,37,66,11,55,30,125,53,1,Matches
51,Leonardo Bittencourt,de GER,MF,Werder Bremen,30,1993,10.9,25,9,15,7,3,6,18,33.3,12,8,0,8,15,40,11,0,Matches
52,Myron Boadu,nl NED,FW,Bochum,23,2001,11.6,2,1,0,0,2,1,5,20.0,4,3,0,3,1,3,4,0,Matches
53,Sacha Boey,fr FRA,DF,Bayern Munich,23,2000,6.6,20,5,6,6,8,13,18,72.2,5,6,0,6,2,22,14,0,Matches
54,Victor Boniface,ng NGA,FW,Leverkusen,23,2000,11.2,5,4,0,3,2,3,4,75.0,1,1,0,1,0,5,5,0,Matches
55,Sebastiaan Bornauw,be BEL,DF,Wolfsburg,25,1999,8.8,9,6,4,4,1,4,8,50.0,4,14,12,2,12,21,36,0,Matches
56,Carlo Boukhalfa,ma MAR,MF,St. Pauli,25,1999,18.3,26,11,7,17,2,7,19,36.8,12,22,3,19,12,38,25,1,Matches
57,Julian Brandt,de GER,MF,Dortmund,28,1996,25.6,26,11,13,8,5,15,43,34.9,28,17,0,17,14,40,13,1,Matches
58,Tim Breithaupt,de GER,MF,Augsburg,22,2002,1.3,1,1,0,1,0,0,4,0.0,4,1,0,1,2,3,0,0,Matches
59,Maximilian Breunig,de GER,"FW,MF",Heidenheim,23,2000,3.9,4,3,1,2,1,3,6,50.0,3,9,2,7,1,5,3,0,Matches
60,Moritz Broschinski,de GER,"FW,MF",Bochum,23,2000,15.4,19,14,6,6,7,6,15,40.0,9,18,0,18,1,20,18,0,Matches
61,Nathaniel Brown,de GER,"DF,MF",Eint Frankfurt,21,2003,21.6,71,42,39,18,14,44,55,80.0,11,30,0,30,15,86,55,1,Matches
62,Jacob Bruun Larsen,dk DEN,"FW,MF",Hoffenheim,25,1998,4.4,4,3,1,2,1,3,8,37.5,5,5,1,4,1,5,2,0,Matches
63,Jacob Bruun Larsen,dk DEN,"MF,FW",Stuttgart,25,1998,4.6,1,1,1,0,0,0,2,0.0,2,7,0,7,1,2,4,1,Matches
64,Emi Buendía,ar ARG,MF,Leverkusen,27,1996,2.9,6,5,1,4,1,5,8,62.5,3,6,0,6,0,6,0,0,Matches
65,Marius Bülter,de GER,"FW,DF",Hoffenheim,31,1993,19.2,13,10,5,6,2,9,17,52.9,8,10,3,7,4,17,14,1,Matches
66,Jonathan Burkardt,de GER,FW,Mainz 05,24,2000,23.4,15,8,1,7,7,6,10,60.0,4,11,1,10,1,16,14,0,Matches
67,Oliver Burke,sct SCO,FW,Werder Bremen,27,1997,10.1,11,4,5,1,5,4,6,66.7,2,20,0,20,2,13,6,0,Matches
68,Marnon Busch,de GER,"DF,MF",Heidenheim,29,1994,15.5,26,17,19,7,0,23,32,71.9,9,23,10,13,13,39,65,5,Matches
69,Anthony Caci,fr FRA,DF,Mainz 05,27,1997,29.8,60,40,23,25,12,28,44,63.6,16,33,8,25,27,87,47,2,Matches
70,Cole Campbell,us USA,"MF,FW",Dortmund,18,2006,0.2,0,0,0,0,0,0,0,,0,0,0,0,0,0,1,0,Matches
71,Emre Can,de GER,"DF,MF",Dortmund,30,1994,23.4,50,28,30,16,4,18,36,50.0,18,31,17,14,20,70,89,3,Matches
72,Tiago Cardoso,lu LUX,GK,Gladbach,18,2006,4.2,1,0,1,0,0,1,1,100.0,0,0,0,0,0,1,2,2,Matches
73,Abdoulie Ceesay,gm GAM,FW,St. Pauli,20,2004,0.7,3,3,1,1,1,2,3,66.7,1,2,0,2,0,3,1,0,Matches
74,Julian Chabot,de GER,DF,Stuttgart,26,1998,25.2,37,24,19,15,3,15,32,46.9,17,29,19,10,38,75,135,0,Matches
75,El Chadaille Bitshiabu,fr FRA,DF,RB Leipzig,19,2005,12.6,27,18,17,9,1,10,19,52.6,9,25,14,11,13,40,97,2,Matches
76,Fares Chaïbi,dz ALG,"MF,FW",Eint Frankfurt,21,2002,11.3,13,9,4,5,4,7,20,35.0,13,10,0,10,10,23,32,1,Matches
77,Timothy Chandler,us USA,DF,Eint Frankfurt,34,1990,0.3,0,0,0,0,0,0,0,,0,0,0,0,3,3,2,0,Matches
78,Anrie Chase,jp JPN,DF,Stuttgart,20,2004,8.2,10,4,6,4,0,5,7,71.4,2,10,6,4,9,19,35,0,Matches
79,Arthur Chaves,br BRA,DF,Hoffenheim,23,2001,24.3,51,36,28,19,4,25,50,50.0,25,47,20,27,37,88,136,3,Matches
80,Fabio Chiarodia,it ITA,DF,Gladbach,19,2005,4.2,10,4,6,4,0,4,6,66.7,2,8,3,5,9,19,53,1,Matches
81,Carney Chukwuemeka,eng ENG,MF,Dortmund,20,2003,2.8,7,5,3,2,2,1,1,100.0,0,5,0,5,1,8,1,0,Matches
82,Alexis Claude-Maurice,fr FRA,"MF,FW",Augsburg,26,1998,23.4,41,26,12,15,14,17,34,50.0,17,16,0,16,15,56,8,1,Matches
83,Nnamdi Collins,de GER,DF,Eint Frankfurt,20,2004,16.5,33,24,24,7,2,17,22,77.3,5,22,11,11,16,49,74,3,Matches
84,Kingsley Coman,fr FRA,FW,Bayern Munich,28,1996,14.2,17,12,6,6,5,8,12,66.7,4,12,0,12,8,25,15,0,Matches
85,Sirlord Conteh,de GER,"FW,MF",Heidenheim,28,1996,9.9,9,5,3,6,0,2,7,28.6,5,1,1,0,1,10,8,0,Matches
86,Danny da Costa,de GER,DF,Mainz 05,31,1993,22.3,42,23,23,15,4,17,27,63.0,10,19,10,9,27,69,95,3,Matches
87,Yan Couto,br BRA,"DF,FW",Dortmund,22,2002,9.9,24,16,17,2,5,14,25,56.0,11,12,1,11,10,34,32,2,Matches
88,Tomáš Čvančara,cz CZE,FW,Gladbach,23,2000,9.2,4,1,3,1,0,2,7,28.6,5,6,3,3,5,9,17,0,Matches
89,Finn Dahmen,de GER,GK,Augsburg,26,1998,19.0,1,0,1,0,0,1,2,50.0,1,0,0,0,0,1,9,0,Matches
90,Thomas Dähne,de GER,GK,Holstein Kiel,30,1994,9.0,0,0,0,0,0,0,0,,0,0,0,0,0,0,7,2,Matches
91,Mahmoud Dahoud,de GER,MF,Eint Frankfurt,28,1996,4.0,9,4,4,5,0,4,6,66.7,2,5,1,4,2,11,5,0,Matches
92,Ameen Al-Dakhil,be BEL,DF,Stuttgart,22,2002,4.8,6,6,4,2,0,4,4,100.0,0,12,8,4,9,15,30,1,Matches
93,Bence Dárdai,hu HUN,MF,Wolfsburg,18,2006,14.5,24,14,9,13,2,16,30,53.3,14,20,4,16,12,36,28,1,Matches
94,Lukas Daschner,de GER,"MF,FW",Bochum,25,1998,4.6,4,2,1,2,1,2,9,22.2,7,5,0,5,0,4,5,0,Matches
95,Alphonso Davies,ca CAN,DF,Bayern Munich,23,2000,17.3,30,17,7,17,6,17,26,65.4,9,14,1,13,13,43,22,2,Matches
96,Olivier Deman,be BEL,DF,Werder Bremen,24,2000,0.7,6,3,2,4,0,2,7,28.6,5,3,1,2,3,9,4,0,Matches
97,Ermedin Demirović,ba BIH,FW,Stuttgart,26,1998,20.6,12,7,3,4,5,3,12,25.0,9,14,3,11,3,15,12,0,Matches
98,Justin Diehl,de GER,"FW,DF",Stuttgart,19,2004,1.2,1,0,0,1,0,1,1,100.0,0,2,0,2,0,1,0,0,Matches
99,Eric Dier,eng ENG,DF,Bayern Munich,30,1994,16.3,19,11,8,9,2,13,20,65.0,7,19,8,11,20,39,77,1,Matches
100,Junior Dina Ebimbe,fr FRA,"MF,FW",Eint Frankfurt,23,2000,3.3,3,2,1,2,0,1,3,33.3,2,4,0,4,7,10,6,0,Matches
101,Eren Dinkçi,de GER,"MF,FW",Freiburg,22,2001,13.3,21,13,8,8,5,7,23,30.4,16,22,2,20,7,28,7,0,Matches
102,Ritsu Doan,jp JPN,"FW,MF",Freiburg,26,1998,31.8,66,42,33,26,7,25,46,54.3,21,57,2,55,14,80,47,1,Matches
103,Danilho Doekhi,nl NED,DF,Union Berlin,26,1998,34.0,37,24,18,16,3,13,23,56.5,10,35,16,19,44,81,169,1,Matches
104,Niklas Dorsch,de GER,MF,Augsburg,26,1998,0.4,0,0,0,0,0,0,0,,0,1,0,1,0,0,0,0,Matches
105,Niklas Dorsch,de GER,MF,Heidenheim,26,1998,14.8,27,16,12,15,0,13,22,59.1,9,14,1,13,17,44,17,2,Matches
106,Patrick Drewes,de GER,GK,Bochum,31,1993,21.0,0,0,0,0,0,0,1,0.0,1,1,0,1,0,0,11,1,Matches
107,Tim Drexler,de GER,DF,Hoffenheim,19,2005,4.0,17,7,11,6,0,9,12,75.0,3,6,4,2,1,18,9,1,Matches
108,Marvin Ducksch,de GER,FW,Werder Bremen,30,1994,26.9,10,7,3,5,2,3,14,21.4,11,10,2,8,8,18,26,3,Matches
109,Julien Duranville,be BEL,"FW,MF",Dortmund,18,2006,3.1,3,0,0,3,0,1,2,50.0,1,1,0,1,0,3,3,0,Matches
110,Adam Dźwigała,pl POL,"DF,MF",St. Pauli,28,1995,4.1,20,10,13,6,1,11,16,68.8,5,6,1,5,4,24,28,0,Matches
111,Johannes Eggestein,de GER,FW,St. Pauli,26,1998,20.6,5,3,0,2,3,1,5,20.0,4,5,0,5,0,5,8,0,Matches
112,Maximilian Eggestein,de GER,MF,Freiburg,27,1996,31.6,57,32,21,26,10,24,43,55.8,19,37,10,27,39,96,54,1,Matches
113,Hugo Ekitike,fr FRA,FW,Eint Frankfurt,22,2002,28.5,16,12,3,8,5,4,12,33.3,8,13,1,12,7,23,24,0,Matches
114,Elif Elmas,mk MKD,MF,RB Leipzig,24,1999,0.5,3,1,3,0,0,1,3,33.3,2,2,0,2,0,3,2,0,Matches
115,Nico Elvedi,ch SUI,DF,Gladbach,27,1996,23.7,38,23,28,6,4,17,23,73.9,6,35,27,8,30,68,163,0,Matches
116,Arne Engels,be BEL,"MF,FW",Augsburg,20,2003,0.9,0,0,0,0,0,0,0,,0,1,1,0,0,0,0,0,Matches
117,Patrick Erras,de GER,DF,Holstein Kiel,29,1995,9.2,8,5,6,2,0,2,9,22.2,7,13,11,2,9,17,64,0,Matches
118,Samuel Essende,cd COD,FW,Augsburg,26,1998,18.2,7,6,1,3,3,3,4,75.0,1,13,2,11,0,7,11,1,Matches
119,Frank Feller,de GER,GK,Heidenheim,20,2004,1.3,0,0,0,0,0,0,0,,0,0,0,0,0,0,1,0,Matches
120,Kilian Fischer,de GER,DF,Wolfsburg,23,2000,25.5,64,44,48,12,4,47,89,52.8,42,41,8,33,19,83,98,2,Matches
121,Jonas Föhrenbach,de GER,DF,Heidenheim,28,1996,20.4,45,24,25,15,5,22,35,62.9,13,29,3,26,16,61,57,0,Matches
122,Marco Friedl,at AUT,DF,Werder Bremen,26,1998,24.0,62,42,35,26,1,38,66,57.6,28,41,24,17,34,96,130,1,Matches
123,Marvin Friedrich,de GER,DF,Gladbach,28,1995,11.0,15,9,12,3,0,9,16,56.3,7,16,12,4,5,20,57,0,Matches
124,Jeremie Frimpong,nl NED,"DF,MF",Leverkusen,23,2000,25.7,33,25,14,12,7,16,29,55.2,13,25,0,25,8,41,22,1,Matches
125,Chris Führich,de GER,"MF,FW",Stuttgart,26,1998,22.0,15,10,5,5,5,13,27,48.1,14,23,2,21,6,21,19,0,Matches
126,Shiō Fukuda,jp JPN,FW,Gladbach,20,2004,0.7,0,0,0,0,0,0,0,,0,1,0,1,0,0,0,0,Matches
127,Cristian Gamboa,cr CRC,DF,Bochum,34,1989,2.5,8,3,5,3,0,3,9,33.3,6,2,0,2,2,10,8,0,Matches
128,Aleix García,es ESP,MF,Leverkusen,27,1997,16.2,13,7,4,6,3,7,15,46.7,8,12,2,10,11,24,24,1,Matches
129,Viggo Gebel,de GER,MF,RB Leipzig,16,2007,0.2,0,0,0,0,0,0,0,,0,0,0,0,0,0,0,0,Matches
130,Lutsharel Geertruida,nl NED,DF,RB Leipzig,24,2000,17.3,35,24,24,11,0,15,31,48.4,16,15,4,11,16,51,59,4,Matches
131,Dennis Geiger,de GER,"MF,FW",Hoffenheim,26,1998,8.2,24,11,9,13,2,12,19,63.2,7,15,2,13,7,31,6,1,Matches
132,Valentin Gendrey,fr FRA,DF,Hoffenheim,24,2000,15.7,30,12,19,9,2,11,18,61.1,7,19,5,14,15,45,53,0,Matches
133,Yannick Gerhardt,de GER,"MF,DF",Wolfsburg,30,1994,16.9,28,16,13,14,1,11,30,36.7,19,32,8,24,17,45,47,0,Matches
134,Max Geschwill,de GER,DF,Holstein Kiel,23,2001,14.2,26,21,13,12,1,14,19,73.7,5,14,9,5,30,56,53,1,Matches
135,Dimitris Giannoulis,gr GRE,DF,Augsburg,28,1995,29.4,47,32,27,16,4,26,44,59.1,18,49,11,38,47,94,75,0,Matches
136,Armin Gigovic,ba BIH,MF,Holstein Kiel,22,2002,21.1,25,13,14,8,3,5,21,23.8,16,20,1,19,21,46,33,0,Matches
137,Benedikt Gimber,de GER,DF,Heidenheim,27,1997,29.7,72,46,48,23,1,38,63,60.3,25,53,19,34,31,103,131,1,Matches
138,Matthias Ginter,de GER,DF,Freiburg,30,1994,28.5,30,17,15,11,4,15,28,53.6,13,35,23,12,19,49,146,5,Matches
139,Jamie Gittens,eng ENG,"FW,MF",Dortmund,19,2004,19.7,31,19,12,12,7,14,18,77.8,4,16,0,16,10,41,4,0,Matches
140,Serge Gnabry,de GER,"FW,MF",Bayern Munich,29,1995,13.8,20,11,6,7,7,8,12,66.7,4,11,0,11,6,26,9,0,Matches
141,Tidiam Gomis,fr FRA,"MF,FW",RB Leipzig,17,2006,1.7,0,0,0,0,0,0,0,,0,2,0,2,1,1,0,0,Matches
142,Leon Goretzka,de GER,"MF,DF",Bayern Munich,29,1995,14.7,21,11,5,12,4,10,20,50.0,10,27,7,20,20,41,25,1,Matches
143,Robin Gosens,de GER,DF,Union Berlin,30,1994,1.0,0,0,0,0,0,0,3,0.0,3,1,0,1,1,1,2,0,Matches
144,Mario Götze,de GER,"MF,FW",Eint Frankfurt,32,1992,17.1,41,28,18,20,3,15,36,41.7,21,15,1,14,7,48,8,0,Matches
145,Jeffrey Gouweleeuw,nl NED,DF,Augsburg,33,1991,32.7,50,28,25,21,4,27,40,67.5,13,34,15,19,35,85,183,0,Matches
146,Kamil Grabara,pl POL,GK,Wolfsburg,25,1999,28.7,0,0,0,0,0,0,2,0.0,2,1,0,1,0,0,16,2,Matches
147,Michael Gregoritsch,at AUT,FW,Freiburg,30,1994,7.1,4,2,1,0,3,1,5,20.0,4,2,1,1,1,5,10,0,Matches
148,Vincenzo Grifo,it ITA,"FW,MF",Freiburg,31,1993,27.0,30,22,12,13,5,15,34,44.1,19,24,2,22,9,39,23,2,Matches
149,Florian Grillitsch,at AUT,MF,Hoffenheim,28,1995,6.7,15,9,5,9,1,8,14,57.1,6,6,2,4,8,23,18,0,Matches
150,Álex Grimaldo,es ESP,DF,Leverkusen,28,1995,29.3,24,14,13,7,4,16,42,38.1,26,22,3,19,16,40,43,3,Matches
151,Pascal Groß,de GER,"MF,DF",Dortmund,33,1991,25.9,44,28,11,26,7,15,51,29.4,36,46,13,33,9,53,30,1,Matches
152,Marco Grüll,at AUT,"FW,MF",Werder Bremen,26,1998,13.1,12,9,1,5,6,4,17,23.5,13,14,2,12,3,15,10,0,Matches
153,Raphaël Guerreiro,pt POR,"DF,MF",Bayern Munich,30,1993,17.5,19,12,9,7,3,12,16,75.0,4,9,0,9,10,29,19,1,Matches
154,Morgan Guilavogui,gn GUI,"FW,MF",St. Pauli,26,1998,20.1,32,17,11,16,5,14,31,45.2,17,28,0,28,13,45,33,0,Matches
155,Serhou Guirassy,gn GUI,FW,Dortmund,28,1996,28.9,7,6,2,2,3,2,5,40.0,3,10,3,7,4,11,38,0,Matches
156,Péter Gulácsi,hu HUN,GK,RB Leipzig,34,1990,29.2,1,1,1,0,0,1,2,50.0,1,0,0,0,0,1,16,4,Matches
157,Robert Gumny,pl POL,DF,Augsburg,26,1998,3.0,3,3,1,2,0,2,6,33.3,4,2,0,2,1,4,6,0,Matches
158,Christian Günter,de GER,DF,Freiburg,31,1993,25.7,23,21,12,8,3,16,29,55.2,13,24,10,14,8,31,50,1,Matches
159,Janik Haberer,de GER,"MF,DF",Union Berlin,30,1994,18.8,39,29,16,21,2,26,44,59.1,18,16,0,16,17,56,37,0,Matches
160,Robin Hack,de GER,"FW,MF",Gladbach,25,1998,24.1,22,17,11,8,3,12,28,42.9,16,30,2,28,9,31,28,0,Matches
161,Amadou Haidara,ml MLI,MF,RB Leipzig,26,1998,14.7,30,17,12,16,2,12,29,41.4,17,42,12,30,18,48,56,1,Matches
162,Andreas Hanche-Olsen,no NOR,DF,Mainz 05,27,1997,14.3,21,13,12,8,1,9,12,75.0,3,25,18,7,12,33,85,2,Matches
163,Phil Harres,de GER,FW,Holstein Kiel,22,2002,17.2,10,10,3,4,3,4,8,50.0,4,17,3,14,5,15,20,0,Matches
164,Ramon Hendriks,nl NED,DF,Stuttgart,23,2001,12.8,20,9,11,7,2,9,13,69.2,4,15,7,8,19,39,63,0,Matches
165,Paul Hennrich,de GER,MF,Hoffenheim,19,2005,0.1,0,0,0,0,0,0,0,,0,1,1,0,0,0,0,0,Matches
166,Benjamin Henrichs,de GER,DF,RB Leipzig,27,1997,10.4,32,16,18,10,4,14,27,51.9,13,22,3,19,15,47,33,0,Matches
167,Mario Hermoso,es ESP,DF,Leverkusen,29,1995,3.3,0,0,0,0,0,0,0,,0,3,1,2,9,9,15,1,Matches
168,Piero Hincapié,ec ECU,DF,Leverkusen,22,2002,29.7,52,40,27,15,10,25,41,61.0,16,40,20,20,32,84,114,1,Matches
169,Adam Hložek,cz CZE,"FW,MF",Hoffenheim,22,2002,20.8,22,10,7,8,7,11,20,55.0,9,13,1,12,4,26,20,0,Matches
170,Nicolas Höfler,de GER,MF,Freiburg,34,1990,8.8,33,23,13,18,2,20,31,64.5,11,7,1,6,14,47,28,1,Matches
171,Jonas Hofmann,de GER,"MF,DF",Leverkusen,32,1992,4.0,2,0,0,2,0,1,4,25.0,3,2,0,2,0,2,3,0,Matches
172,Philipp Hofmann,de GER,FW,Bochum,31,1993,25.3,17,12,4,6,7,8,15,53.3,7,14,1,13,4,21,33,0,Matches
173,Lucas Höler,de GER,"FW,MF",Freiburg,30,1994,20.7,37,24,18,15,4,9,24,37.5,15,29,7,22,7,44,36,0,Matches
174,Benedict Hollerbach,de GER,"FW,MF",Union Berlin,23,2001,28.2,43,22,8,23,12,21,51,41.2,30,35,0,35,2,45,13,1,Matches
175,Lewis Holtby,de GER,MF,Holstein Kiel,33,1990,13.8,34,20,19,10,5,12,28,42.9,16,14,2,12,21,55,26,3,Matches
176,Gerrit Holtmann,ph PHI,"DF,FW",Bochum,29,1995,12.6,24,19,14,8,2,12,24,50.0,12,18,5,13,16,40,15,0,Matches
177,Franck Honorat,fr FRA,FW,Gladbach,27,1996,16.0,17,7,10,4,3,2,8,25.0,6,9,1,8,5,22,28,1,Matches
178,Mathias Honsak,at AUT,"FW,DF",Heidenheim,27,1996,13.1,15,8,10,5,0,10,23,43.5,13,19,4,15,10,25,31,0,Matches
179,Timo Horn,de GER,GK,Bochum,31,1993,13.0,0,0,0,0,0,0,0,,0,0,0,0,0,0,9,2,Matches
180,Lukáš Hrádecký,fi FIN,GK,Leverkusen,34,1989,29.0,0,0,0,0,0,0,1,0.0,1,0,0,0,0,0,8,2,Matches
181,Robin Hranáč,cz CZE,DF,Hoffenheim,24,2000,2.4,0,0,0,0,0,0,1,0.0,1,3,2,1,5,5,9,1,Matches
182,Hong Hyunseok,kr KOR,MF,Mainz 05,25,1999,5.9,8,3,3,3,2,1,4,25.0,3,7,1,6,7,15,9,0,Matches
183,Oscar Højlund,dk DEN,MF,Eint Frankfurt,19,2005,8.0,21,12,8,9,4,8,16,50.0,8,15,7,8,5,26,11,1,Matches
184,Arijon Ibrahimović,de GER,FW,Bayern Munich,18,2005,0.0,0,0,0,0,0,0,0,,0,0,0,0,0,0,0,0,Matches
185,Andrej Ilic,rs SRB,FW,Union Berlin,24,2000,10.4,2,2,0,2,0,0,6,0.0,6,7,3,4,5,7,6,1,Matches
186,Jackson Irvine,au AUS,MF,St. Pauli,31,1993,29.0,56,28,24,26,6,25,45,55.6,20,27,5,22,36,92,63,2,Matches
187,Ko Itakura,jp JPN,DF,Gladbach,27,1997,31.0,40,29,23,16,1,21,34,61.8,13,41,22,19,28,68,171,0,Matches
188,Hiroki Ito,jp JPN,DF,Bayern Munich,25,1999,2.8,2,0,1,1,0,1,1,100.0,0,3,2,1,6,8,15,1,Matches
189,Marko Ivezić,rs SRB,DF,Holstein Kiel,22,2001,18.4,29,19,20,6,3,15,42,35.7,27,25,13,12,27,56,103,2,Matches
190,Lee Jae-sung,kr KOR,MF,Mainz 05,31,1992,29.4,42,21,16,19,7,15,39,38.5,24,39,3,36,35,77,38,0,Matches
191,Kristijan Jakić,hr CRO,MF,Augsburg,27,1997,25.6,46,23,20,19,7,22,43,51.2,21,42,9,33,28,74,50,1,Matches
192,Luca Jaquez,ch SUI,DF,Stuttgart,21,2003,2.8,3,0,3,0,0,1,3,33.3,2,2,0,2,3,6,4,0,Matches
193,Dominik Javorček,sk SVK,"DF,MF",Holstein Kiel,21,2002,4.3,3,0,3,0,0,1,5,20.0,4,7,3,4,5,8,26,1,Matches
194,Finn Jeltsch,de GER,DF,Stuttgart,18,2006,8.7,18,13,6,11,1,12,15,80.0,3,12,6,6,13,31,27,2,Matches
195,Fredrik Jensen,fi FIN,MF,Augsburg,26,1997,8.5,7,7,1,3,3,4,5,80.0,1,10,1,9,4,11,17,0,Matches
196,Moritz Jenz,de GER,DF,Mainz 05,25,1999,17.8,36,20,18,18,0,16,21,76.2,5,23,14,9,30,66,128,2,Matches
197,Carl Johansson,se SWE,DF,Holstein Kiel,30,1994,6.3,4,2,4,0,0,3,7,42.9,4,12,8,4,10,14,54,1,Matches
198,Anthony Jung,de GER,DF,Werder Bremen,32,1991,21.1,34,22,22,11,1,22,34,64.7,12,23,14,9,25,59,77,1,Matches
199,Josip Juranović,hr CRO,"DF,MF",Union Berlin,28,1995,12.9,21,13,12,6,3,10,25,40.0,15,13,6,7,7,28,42,2,Matches
200,David Jurásek,cz CZE,DF,Hoffenheim,23,2000,6.9,6,3,3,2,1,2,5,40.0,3,5,0,5,6,12,17,0,Matches
201,Yusuf Kabadayı,de GER,"FW,MF",Augsburg,20,2004,0.8,1,0,0,1,0,0,0,,0,1,0,1,0,1,0,0,Matches
202,Almugera Kabar,de GER,DF,Dortmund,18,2006,1.5,5,3,2,2,1,3,3,100.0,0,1,0,1,1,6,4,0,Matches
203,Issa Kaboré,bf BFA,"DF,FW",Werder Bremen,23,2001,3.4,8,4,2,5,1,4,6,66.7,2,8,2,6,2,10,7,0,Matches
204,Pavel Kadeřábek,cz CZE,DF,Hoffenheim,32,1992,17.5,25,14,14,4,7,15,31,48.4,16,13,3,10,20,45,54,1,Matches
205,Jakub Kamiński,pl POL,"DF,MF",Wolfsburg,22,2002,12.6,17,8,8,3,6,9,22,40.9,13,17,7,10,13,30,23,1,Matches
206,Kevin Kampl,si SVN,MF,RB Leipzig,33,1990,17.7,27,18,11,10,6,16,26,61.5,10,25,6,19,24,51,25,0,Matches
207,Harry Kane,eng ENG,FW,Bayern Munich,31,1993,26.5,13,11,3,8,2,2,6,33.3,4,16,2,14,2,15,16,0,Matches
208,Atakan Karazor,tr TUR,MF,Stuttgart,27,1996,29.1,59,29,19,28,12,29,57,50.9,28,39,7,32,32,91,51,1,Matches
209,Mikkel Kaufmann,dk DEN,FW,Heidenheim,23,2001,4.1,6,4,1,3,2,2,5,40.0,3,5,2,3,2,8,7,0,Matches
210,Yannik Keitel,de GER,MF,Stuttgart,24,2000,3.0,9,6,3,5,1,9,10,90.0,1,5,2,3,4,13,6,0,Matches
211,Andu Kelati,de GER,"MF,DF",Holstein Kiel,21,2002,3.2,7,4,2,4,1,2,5,40.0,3,4,1,3,3,10,3,0,Matches
212,Thomas Keller,de GER,"DF,MF",Heidenheim,24,1999,1.6,6,5,5,1,0,4,6,66.7,2,3,1,2,4,10,11,0,Matches
213,Aljoscha Kemlein,de GER,MF,Union Berlin,19,2004,10.2,10,4,4,5,1,5,14,35.7,9,14,3,11,6,16,15,0,Matches
214,Luca Kerber,de GER,"MF,DF",Heidenheim,22,2002,8.7,26,16,17,8,1,16,31,51.6,15,14,4,10,5,31,25,1,Matches
215,Rani Khedira,de GER,MF,Union Berlin,30,1994,30.3,68,40,30,35,3,24,38,63.2,14,33,11,22,44,112,55,0,Matches
216,Joshua Kimmich,de GER,MF,Bayern Munich,29,1995,31.6,47,29,11,29,7,30,50,60.0,20,23,3,20,25,72,34,3,Matches
217,Tim Kleindienst,de GER,FW,Gladbach,28,1995,30.4,30,15,6,15,9,10,35,28.6,25,45,9,36,12,42,66,1,Matches
218,Lukas Klostermann,de GER,DF,RB Leipzig,28,1996,20.4,27,14,18,7,2,14,24,58.3,10,31,17,14,24,51,143,3,Matches
219,Ansgar Knauff,de GER,"MF,DF",Eint Frankfurt,22,2002,17.7,41,22,18,16,7,12,26,46.2,14,23,4,19,12,53,24,0,Matches
220,Magnus Knudsen,no NOR,MF,Holstein Kiel,23,2001,20.6,48,29,21,21,6,25,44,56.8,19,18,4,14,12,60,44,0,Matches
221,Gregor Kobel,ch SUI,GK,Dortmund,26,1997,32.0,0,0,0,0,0,0,0,,0,0,0,0,1,1,23,3,Matches
222,Robin Koch,de GER,DF,Eint Frankfurt,28,1996,28.7,24,11,14,8,2,10,22,45.5,12,39,25,14,25,49,197,4,Matches
223,Derrick Köhn,gh GHA,"DF,FW",Werder Bremen,25,1999,14.9,20,10,7,10,3,10,14,71.4,4,21,4,17,10,30,26,0,Matches
224,Dominik Kohr,de GER,"DF,MF",Mainz 05,30,1994,25.5,62,46,34,21,7,35,55,63.6,20,43,24,19,42,104,127,0,Matches
225,Marco Komenda,hr CRO,DF,Holstein Kiel,27,1996,14.5,26,17,12,13,1,11,15,73.3,4,23,11,12,6,32,68,0,Matches
226,Mert Kömür,de GER,MF,Augsburg,19,2005,7.3,3,2,2,0,1,0,3,0.0,3,9,3,6,3,6,7,1,Matches
227,Kacper Koscierski,de GER,DF,Bochum,17,2007,0.1,0,0,0,0,0,0,0,,0,0,0,0,0,0,0,0,Matches
228,Henri Koudossou,de GER,DF,Augsburg,24,1999,8.3,18,10,6,11,1,11,19,57.9,8,8,2,6,15,33,37,0,Matches
229,Konstantinos Koulierakis,gr GRE,DF,Wolfsburg,20,2003,27.4,40,20,25,13,2,25,40,62.5,15,34,14,20,33,73,147,2,Matches
230,Matej Kovar,cz CZE,GK,Leverkusen,24,2000,5.0,0,0,0,0,0,0,0,,0,0,0,0,0,0,0,1,Matches
231,Andrej Kramarić,hr CRO,"MF,FW",Hoffenheim,33,1991,30.7,15,8,5,8,2,6,11,54.5,5,16,3,13,7,22,11,1,Matches
232,Frans Krätzig,de GER,"DF,MF",Heidenheim,21,2003,13.5,32,18,14,12,6,12,21,57.1,9,12,1,11,17,49,15,0,Matches
233,Frans Krätzig,de GER,DF,Stuttgart,21,2003,0.6,2,1,1,0,1,1,3,33.3,2,2,1,1,0,2,1,0,Matches
234,Tom Krauß,de GER,MF,Bochum,23,2001,12.0,35,18,20,13,2,19,38,50.0,19,26,2,24,11,46,19,1,Matches
235,Rasmus Kristensen,dk DEN,DF,Eint Frankfurt,27,1997,27.9,59,33,37,17,5,40,67,59.7,27,50,13,37,20,79,97,1,Matches
236,Lukas Kübler,de GER,DF,Freiburg,31,1992,20.5,40,21,17,20,3,27,48,56.3,21,32,13,19,53,93,61,3,Matches
237,Jonah Kusi-Asare,se SWE,FW,Bayern Munich,17,2007,0.0,1,0,0,0,1,0,0,,0,0,0,0,0,1,0,0,Matches
238,Moritz-Broni Kwarteng,gh GHA,"MF,FW",Bochum,26,1998,1.9,4,3,1,1,2,1,2,50.0,1,0,0,0,0,4,1,0,Matches
239,Nediljko Labrović,hr CRO,GK,Augsburg,24,1999,15.0,0,0,0,0,0,0,0,,0,0,0,0,0,0,12,1,Matches
240,Konrad Laimer,at AUT,DF,Bayern Munich,27,1997,18.9,49,27,19,22,8,23,48,47.9,25,24,1,23,8,57,24,1,Matches
241,Stefan Lainer,at AUT,DF,Gladbach,31,1992,8.4,22,13,16,5,1,12,14,85.7,2,12,6,6,12,34,30,0,Matches
242,Hugo Larsson,se SWE,MF,Eint Frankfurt,20,2004,26.6,47,27,17,25,5,21,42,50.0,21,42,11,31,30,77,35,1,Matches
243,Diogo Leite,pt POR,DF,Union Berlin,25,1999,28.3,64,32,43,17,4,33,50,66.0,17,61,25,36,57,121,162,1,Matches
244,Maxim Leitsch,de GER,DF,Mainz 05,26,1998,7.5,12,4,6,4,2,7,9,77.8,2,12,4,8,10,22,42,1,Matches
245,Jamie Leweling,de GER,"MF,FW",Stuttgart,23,2001,18.5,16,6,6,3,7,11,25,44.0,14,22,1,21,11,27,17,1,Matches
246,Philipp Lienhart,at AUT,DF,Freiburg,28,1996,30.8,22,13,12,10,0,15,31,48.4,16,31,20,11,36,58,124,3,Matches
247,Marin Ljubicic,hr CRO,"FW,MF",Union Berlin,22,2002,3.1,2,1,0,2,0,1,3,33.3,2,2,0,2,0,2,7,0,Matches
248,Anthony Losilla,fr FRA,MF,Bochum,38,1986,12.6,30,16,15,12,3,17,33,51.5,16,22,7,15,18,48,27,1,Matches
249,Yannik Lührs,de GER,DF,Dortmund,20,2003,1.4,1,1,1,0,0,0,0,,0,0,0,0,2,3,4,0,Matches
250,Castello Lukeba,fr FRA,DF,RB Leipzig,21,2002,17.5,31,17,15,12,4,17,24,70.8,7,29,12,17,17,48,74,0,Matches
251,Senne Lynen,be BEL,MF,Werder Bremen,25,1999,30.4,72,39,36,30,6,39,69,56.5,30,56,13,43,65,137,75,5,Matches
252,Shuto Machino,jp JPN,"FW,MF",Holstein Kiel,24,1999,21.7,8,5,4,3,1,6,16,37.5,10,12,3,9,7,15,28,1,Matches
253,Arne Maier,de GER,MF,Augsburg,25,1999,10.4,13,7,4,8,1,7,13,53.8,6,15,1,14,6,19,14,1,Matches
254,Patrick Mainka,de GER,DF,Heidenheim,29,1994,34.0,58,30,36,20,2,35,55,63.6,20,61,36,25,68,126,206,0,Matches
255,Lovro Majer,hr CRO,MF,Wolfsburg,26,1998,3.4,2,1,0,1,1,1,5,20.0,4,5,1,4,1,3,2,1,Matches
256,Jordy Makengo,fr FRA,DF,Freiburg,22,2001,8.3,16,9,10,5,1,10,16,62.5,6,8,3,5,7,23,29,0,Matches
257,Jarzinho Malanga,de GER,DF,Stuttgart,18,2006,0.0,0,0,0,0,0,0,0,,0,0,0,0,0,0,0,0,Matches
258,Julián Malatini,ar ARG,DF,Werder Bremen,23,2001,5.0,11,9,5,5,1,5,11,45.5,6,8,3,5,7,18,17,0,Matches
259,Donyell Malen,nl NED,"FW,MF",Dortmund,25,1999,6.8,0,0,0,0,0,0,2,0.0,2,2,0,2,3,3,6,0,Matches
260,Lennard Maloney,us USA,MF,Heidenheim,24,1999,8.4,20,11,12,7,1,14,23,60.9,9,9,2,7,14,34,38,0,Matches
261,Lennard Maloney,us USA,MF,Mainz 05,24,1999,0.3,2,1,0,1,1,1,1,100.0,0,2,0,2,0,2,3,0,Matches
262,Johan Manzambi,ch SUI,"FW,MF",Freiburg,18,2005,3.7,8,2,1,3,4,1,4,25.0,3,6,0,6,4,12,7,0,Matches
263,Omar Marmoush,eg EGY,FW,Eint Frankfurt,25,1999,16.1,12,8,0,3,9,3,7,42.9,4,7,1,6,2,14,2,0,Matches
264,Giorgos Masouras,gr GRE,"FW,MF",Bochum,30,1994,11.7,18,10,6,7,5,7,16,43.8,9,9,1,8,4,22,3,1,Matches
265,Erhan Mašović,rs SRB,DF,Bochum,25,1998,10.1,14,10,10,4,0,13,28,46.4,15,17,11,6,12,26,55,0,Matches
266,Igor Matanovic,hr CRO,FW,Eint Frankfurt,21,2003,3.5,2,0,0,2,0,0,1,0.0,1,3,0,3,1,3,9,0,Matches
267,Chrislain Matsima,fr FRA,DF,Augsburg,22,2002,28.3,31,20,19,11,1,17,26,65.4,9,48,29,19,52,83,163,0,Matches
268,Jean Mattéo Bahoya,fr FRA,"MF,FW",Eint Frankfurt,19,2005,10.2,29,18,11,13,5,16,26,61.5,10,14,2,12,4,33,10,1,Matches
269,Maurides,br BRA,FW,St. Pauli,30,1994,0.0,0,0,0,0,0,0,0,,0,0,0,0,0,0,0,0,Matches
270,Jakov Medić,hr CRO,DF,Bochum,25,1998,17.8,13,11,9,3,1,8,18,44.4,10,32,21,11,22,35,111,4,Matches
271,Connor Metcalfe,au AUS,"MF,FW",St. Pauli,24,1999,4.0,2,0,1,1,0,0,5,0.0,5,4,0,4,3,5,8,0,Matches
272,Karol Mets,ee EST,DF,St. Pauli,31,1993,10.0,13,8,6,7,0,4,7,57.1,3,9,3,6,12,25,60,0,Matches
273,Alexander Meyer,de GER,GK,Dortmund,33,1991,2.0,0,0,0,0,0,0,0,,0,0,0,0,0,0,0,0,Matches
274,Florian Micheler,at AUT,MF,Hoffenheim,19,2005,0.4,0,0,0,0,0,0,2,0.0,2,0,0,0,0,0,0,0,Matches
275,Enzo Millot,fr FRA,"MF,FW",Stuttgart,22,2002,20.5,30,13,10,15,5,12,35,34.3,23,27,0,27,13,43,6,1,Matches
276,Kim Min-jae,kr KOR,DF,Bayern Munich,27,1996,25.4,35,20,18,13,4,11,21,52.4,10,23,10,13,37,72,91,4,Matches
277,Maximilian Mittelstädt,de GER,DF,Stuttgart,27,1997,27.4,79,54,42,30,7,53,73,72.6,20,47,11,36,47,126,96,2,Matches
278,Koji Miyoshi,jp JPN,"FW,MF",Bochum,27,1997,5.2,8,5,2,1,5,4,9,44.4,5,10,1,9,2,10,2,0,Matches
279,Max Moerstedt,de GER,FW,Hoffenheim,18,2006,5.0,5,5,1,3,1,1,2,50.0,1,4,0,4,0,5,5,0,Matches
280,David Mokwa,fr FRA,"DF,FW",Hoffenheim,20,2004,0.2,1,0,1,0,0,0,0,,0,0,0,0,0,1,0,0,Matches
281,Steve Mounié,bj BEN,"FW,MF",Augsburg,29,1994,3.9,4,4,0,1,3,0,1,0.0,1,1,1,0,1,5,5,1,Matches
282,Nordi Mukiele,fr FRA,DF,Leverkusen,26,1997,10.0,20,16,8,8,4,12,18,66.7,6,10,0,10,16,36,37,2,Matches
283,Florian Müller,de GER,GK,Freiburg,26,1997,8.4,0,0,0,0,0,0,0,,0,0,0,0,0,0,3,0,Matches
284,Kevin Müller,de GER,GK,Heidenheim,33,1991,32.7,3,2,3,0,0,3,3,100.0,0,0,0,0,0,3,13,4,Matches
285,Marius Müller,de GER,GK,Wolfsburg,31,1993,5.3,0,0,0,0,0,0,0,,0,0,0,0,0,0,0,0,Matches
286,Thomas Müller,de GER,"MF,FW",Bayern Munich,34,1989,13.6,8,5,2,3,3,4,16,25.0,12,10,0,10,2,10,14,0,Matches
287,Jamal Musiala,de GER,MF,Bayern Munich,21,2003,20.0,36,21,7,16,13,12,29,41.4,17,30,0,30,8,44,5,1,Matches
288,Florent Muslija,xk KVX,"FW,MF",Freiburg,26,1998,1.9,5,4,3,1,1,2,2,100.0,0,0,0,0,1,6,1,0,Matches
289,Phillipp Mwene,at AUT,DF,Mainz 05,30,1994,29.0,51,29,23,22,6,19,46,41.3,27,27,6,21,24,75,51,1,Matches
290,Joakim Mæhle,dk DEN,DF,Wolfsburg,27,1997,24.3,34,15,26,6,2,17,45,37.8,28,24,3,21,25,59,57,2,Matches
291,Nathan N'Goumou,cm CMR,FW,Gladbach,24,2000,9.2,17,11,11,4,2,6,11,54.5,5,8,2,6,4,21,16,0,Matches
292,Stanley N'Soki,fr FRA,DF,Hoffenheim,25,1999,14.5,22,16,13,7,2,12,23,52.2,11,22,7,15,26,48,58,3,Matches
293,Nikolas Nartey,dk DEN,MF,Stuttgart,24,2000,0.2,0,0,0,0,0,0,0,,0,0,0,0,0,0,4,0,Matches
294,Paul Nebel,de GER,MF,Mainz 05,21,2002,26.1,38,24,11,18,9,11,35,31.4,24,54,4,50,13,51,30,2,Matches
295,Kosta Nedeljković,rs SRB,DF,RB Leipzig,18,2005,5.3,11,8,5,6,0,6,10,60.0,4,6,4,2,2,13,14,0,Matches
296,Ivan Nekić,hr CRO,DF,Holstein Kiel,23,2000,0.8,1,1,1,0,0,1,2,50.0,1,1,0,1,3,4,2,0,Matches
297,David Nemeth,at AUT,DF,St. Pauli,23,2001,23.7,43,29,25,16,2,25,43,58.1,18,29,11,18,18,61,94,2,Matches
298,Luca Netz,de GER,DF,Gladbach,21,2003,10.8,24,14,14,8,2,13,19,68.4,6,17,4,13,10,34,36,0,Matches
299,Manuel Neuer,de GER,GK,Bayern Munich,38,1986,22.0,1,0,1,0,0,1,1,100.0,0,0,0,0,0,1,9,1,Matches
300,Florian Neuhaus,de GER,MF,Gladbach,27,1997,4.2,10,3,7,3,0,7,17,41.2,10,9,2,7,6,16,5,1,Matches
301,Moritz Nicolas,de GER,GK,Gladbach,26,1997,18.2,0,0,0,0,0,0,0,,0,1,0,1,1,1,8,1,Matches
302,Julian Niehues,de GER,MF,Heidenheim,23,2001,1.7,3,1,3,0,0,1,5,20.0,4,1,0,1,0,3,8,0,Matches
303,Justin Njinmah,de GER,"FW,MF",Werder Bremen,23,2000,10.6,6,2,1,4,1,3,5,60.0,2,5,0,5,3,9,1,0,Matches
304,Niels Nkounkou,fr FRA,"DF,MF",Eint Frankfurt,23,2000,4.2,13,10,7,3,3,4,7,57.1,3,5,2,3,7,20,15,0,Matches
305,Felix Nmecha,de GER,MF,Dortmund,23,2000,16.8,34,22,6,19,9,12,22,54.5,10,20,5,15,23,57,30,1,Matches
306,Lukas Nmecha,de GER,"FW,MF",Wolfsburg,25,1998,5.2,2,0,1,1,0,0,1,0.0,1,3,0,3,2,4,4,0,Matches
307,Arnaud Nordin,fr FRA,"DF,MF",Mainz 05,26,1998,0.9,2,0,0,2,0,1,1,100.0,0,2,1,1,0,2,2,0,Matches
308,Alexander Nübel,de GER,GK,Stuttgart,27,1996,34.0,0,0,0,0,0,0,1,0.0,1,0,0,0,0,0,18,3,Matches
309,Antonio Nusa,no NOR,"MF,DF",RB Leipzig,19,2005,17.3,30,17,16,9,5,18,36,50.0,18,22,2,20,8,38,11,0,Matches
310,David Odogu,de GER,DF,Wolfsburg,18,2006,2.2,6,4,4,2,0,3,5,60.0,2,2,2,0,2,8,25,1,Matches
311,Tim Oermann,de GER,DF,Bochum,20,2003,24.6,50,31,25,21,4,26,43,60.5,17,32,16,16,22,72,64,0,Matches
312,Ifechukwu Ogbus,ch SUI,DF,Freiburg,18,2005,0.2,1,1,0,0,1,0,1,0.0,1,0,0,0,1,2,2,0,Matches
313,Finn Ole Becker,de GER,MF,Hoffenheim,24,2000,7.4,11,5,4,6,1,1,4,25.0,3,7,3,4,10,21,20,0,Matches
314,Michael Olise,fr FRA,"FW,MF",Bayern Munich,22,2001,25.9,36,23,10,21,5,17,38,44.7,21,23,1,22,8,44,16,2,Matches
315,Jonas Omlin,ch SUI,GK,Gladbach,30,1994,10.9,0,0,0,0,0,0,1,0.0,1,0,0,0,0,0,5,1,Matches
316,Karim Onisiwo,at AUT,"MF,FW",Mainz 05,32,1992,1.2,1,1,0,0,1,0,0,,0,0,0,0,0,1,0,0,Matches
317,Frank Onyeka,ng NGA,MF,Augsburg,26,1998,28.7,58,45,22,28,8,22,40,55.0,18,36,9,27,36,94,36,2,Matches
318,Loïs Openda,be BEL,"FW,MF",RB Leipzig,24,2000,27.3,9,4,3,4,2,3,11,27.3,8,19,1,18,5,14,12,0,Matches
319,Gift Orban,ng NGA,FW,Hoffenheim,22,2002,7.6,3,1,2,1,0,1,6,16.7,5,7,0,7,0,3,3,0,Matches
320,Willi Orban,hu HUN,DF,RB Leipzig,31,1992,24.7,38,21,23,14,1,23,32,71.9,9,45,31,14,21,59,169,4,Matches
321,Ivan Ordets,ua UKR,DF,Bochum,32,1992,20.7,18,8,13,5,0,10,13,76.9,3,29,16,13,41,59,139,3,Matches
322,Patrick Osterhage,de GER,MF,Freiburg,24,2000,25.2,45,29,16,27,2,14,30,46.7,16,27,3,24,18,63,37,0,Matches
323,Assan Ouedraogo,de GER,MF,RB Leipzig,18,2006,0.6,0,0,0,0,0,0,0,,0,1,0,1,0,0,0,0,Matches
324,Salih Özcan,tr TUR,MF,Wolfsburg,26,1998,3.9,2,2,1,0,1,1,5,20.0,4,5,1,4,7,9,5,0,Matches
325,Salih Özcan,tr TUR,MF,Dortmund,26,1998,4.3,11,7,6,4,1,7,13,53.8,6,7,0,7,11,22,10,0,Matches
326,Exequiel Palacios,ar ARG,MF,Leverkusen,25,1998,12.8,22,15,8,10,4,10,18,55.6,8,14,1,13,13,35,15,1,Matches
327,João Palhinha,pt POR,MF,Bayern Munich,29,1995,7.5,20,14,6,11,3,11,16,68.8,5,13,1,12,4,24,9,1,Matches
328,Mats Pannewig,de GER,MF,Bochum,19,2004,3.0,10,6,7,3,0,3,12,25.0,9,8,1,7,2,12,8,0,Matches
329,Kevin Paredes,us USA,DF,Wolfsburg,21,2003,1.4,3,1,3,0,0,2,3,66.7,1,2,2,0,1,4,0,0,Matches
330,Felix Passlack,de GER,"DF,MF",Bochum,26,1998,25.9,53,23,32,13,8,30,55,54.5,25,42,11,31,18,71,63,1,Matches
331,Aleksandar Pavlovic,de GER,MF,Bayern Munich,20,2004,16.1,38,21,13,15,10,22,32,68.8,10,18,3,15,5,43,14,0,Matches
332,Mads Pedersen,dk DEN,DF,Augsburg,27,1996,2.6,8,7,5,2,1,4,5,80.0,1,4,0,4,2,10,6,0,Matches
333,Jordan Pefok,us USA,FW,Union Berlin,28,1996,10.1,11,6,6,0,5,3,7,42.9,4,9,2,7,4,15,18,0,Matches
334,Daniel Peretz,il ISR,GK,Bayern Munich,24,2000,3.0,0,0,0,0,0,0,1,0.0,1,0,0,0,0,0,2,0,Matches
335,Noah Pesch,hr CRO,FW,Gladbach,19,2005,0.1,1,0,0,0,1,0,0,,0,0,0,0,0,1,0,0,Matches
336,Luca Philipp,de GER,GK,Hoffenheim,23,2000,6.0,1,0,1,0,0,1,1,100.0,0,0,0,0,0,1,1,0,Matches
337,Maximilian Philipp,de GER,"MF,FW",Freiburg,30,1994,0.2,0,0,0,0,0,0,0,,0,0,0,0,0,0,0,0,Matches
338,Benedikt Pichler,at AUT,FW,Holstein Kiel,27,1997,8.7,5,2,1,0,4,2,4,50.0,2,4,2,2,2,7,11,0,Matches
339,Amos Pieper,de GER,DF,Werder Bremen,26,1998,16.6,32,17,16,11,5,21,33,63.6,12,28,17,11,24,56,98,1,Matches
340,Marvin Pieringer,de GER,"FW,MF",Heidenheim,24,1999,24.5,23,13,5,12,6,5,10,50.0,5,21,2,19,8,31,32,0,Matches
341,Alassane Pléa,fr FRA,"MF,FW",Gladbach,31,1993,21.1,7,3,0,2,5,4,13,30.8,9,11,0,11,2,9,7,1,Matches
342,Finn Porath,de GER,"DF,MF",Holstein Kiel,27,1997,21.9,45,26,24,14,7,26,53,49.1,27,27,9,18,21,66,67,0,Matches
343,Yussuf Poulsen,dk DEN,"FW,MF",RB Leipzig,30,1994,4.2,10,5,2,6,2,4,8,50.0,4,7,2,5,0,10,14,0,Matches
344,Alexander Prass,at AUT,DF,Hoffenheim,23,2001,17.4,42,23,24,15,3,24,59,40.7,35,33,6,27,9,51,53,4,Matches
345,David Preu,de GER,"MF,DF",Union Berlin,19,2004,1.3,1,1,0,1,0,0,2,0.0,2,4,2,2,0,1,2,0,Matches
346,Grischa Prömel,de GER,MF,Hoffenheim,29,1995,1.9,0,0,0,0,0,0,1,0.0,1,1,1,0,2,2,4,0,Matches
347,Ivan Prtajin,hr CRO,FW,Union Berlin,28,1996,1.8,3,2,0,1,2,0,0,,0,2,0,2,0,3,3,0,Matches
348,Tymoteusz Puchacz,pl POL,DF,Holstein Kiel,25,1999,4.4,9,4,6,3,0,5,7,71.4,2,4,1,3,3,12,11,0,Matches
349,Leopold Querfeld,at AUT,DF,Union Berlin,20,2003,19.4,25,12,21,4,0,13,18,72.2,5,25,10,15,19,44,144,2,Matches
350,Grant Ranos,am ARM,FW,Gladbach,21,2003,0.2,1,0,0,1,0,0,1,0.0,1,2,0,2,0,1,0,0,Matches
351,David Raum,de GER,DF,RB Leipzig,26,1998,19.8,38,28,16,14,8,20,35,57.1,15,25,8,17,9,47,47,4,Matches
352,Rocco Reitz,de GER,MF,Gladbach,22,2002,20.3,52,24,24,24,4,24,43,55.8,19,39,16,23,53,105,59,2,Matches
353,Nicolai Remberg,de GER,MF,Holstein Kiel,24,2000,26.9,45,25,24,17,4,19,41,46.3,22,46,20,26,29,74,100,0,Matches
354,Elvis Rexhbeçaj,xk KVX,MF,Augsburg,26,1997,19.8,27,19,9,14,4,15,35,42.9,20,40,9,31,16,43,22,1,Matches
355,Gio Reyna,us USA,MF,Dortmund,21,2002,3.9,7,0,3,0,4,4,5,80.0,1,3,1,2,0,7,9,0,Matches
356,Fabian Rieder,ch SUI,"MF,FW",Stuttgart,22,2002,9.6,17,14,4,9,4,7,23,30.4,16,10,1,9,10,27,7,1,Matches
357,Lasse Rieß,de GER,GK,Mainz 05,23,2001,2.0,0,0,0,0,0,0,0,,0,0,0,0,0,0,5,0,Matches
358,Lars Ritzka,de GER,"DF,MF",St. Pauli,26,1998,10.2,49,29,28,16,5,25,41,61.0,16,16,2,14,11,60,41,0,Matches
359,Mads Roerslev,dk DEN,DF,Wolfsburg,25,1999,3.3,10,9,8,1,1,6,9,66.7,3,2,2,0,5,15,16,0,Matches
360,Merlin Röhl,de GER,"MF,FW",Freiburg,22,2002,10.7,16,10,4,10,2,9,11,81.8,2,9,1,8,6,22,2,0,Matches
361,Lasse Rosenboom,de GER,DF,Holstein Kiel,22,2002,19.3,47,35,25,16,6,32,47,68.1,15,28,9,19,19,66,71,3,Matches
362,Max Rosenfelder,de GER,DF,Freiburg,21,2003,13.9,27,17,17,10,0,14,19,73.7,5,17,9,8,7,34,65,0,Matches
363,Tom Rothe,de GER,"DF,MF",Union Berlin,19,2004,18.6,45,28,27,15,3,29,51,56.9,22,41,5,36,18,63,57,1,Matches
364,Anthony Rouault,fr FRA,DF,Stuttgart,23,2001,13.5,15,11,10,3,2,10,15,66.7,5,18,9,9,19,34,63,1,Matches
365,Jérôme Roussillon,fr FRA,"DF,MF",Union Berlin,31,1993,1.5,0,0,0,0,0,0,2,0.0,2,0,0,0,2,2,7,0,Matches
366,Julian Ryerson,no NOR,DF,Dortmund,26,1997,25.1,46,30,26,13,7,25,44,56.8,19,29,2,27,22,68,26,1,Matches
367,Frederik Rønnow,dk DEN,GK,Union Berlin,31,1992,28.0,0,0,0,0,0,0,1,0.0,1,0,0,0,0,0,22,2,Matches
368,Elias Saad,tn TUN,"FW,MF",St. Pauli,24,1999,10.0,20,13,7,8,5,10,20,50.0,10,14,0,14,3,23,1,0,Matches
369,Marcel Sabitzer,at AUT,MF,Dortmund,30,1994,18.0,29,19,7,15,7,16,27,59.3,11,19,6,13,10,39,29,1,Matches
370,Faik Sakar,de GER,MF,RB Leipzig,16,2008,0.0,0,0,0,0,0,0,0,,0,0,0,0,0,0,0,0,Matches
371,Manolis Saliakas,gr GRE,"MF,DF",St. Pauli,27,1996,25.7,46,22,24,18,4,25,49,51.0,24,38,8,30,20,66,62,0,Matches
372,Roland Sallai,hu HUN,"FW,MF",Freiburg,27,1997,0.5,2,1,1,1,0,0,0,,0,0,0,0,1,3,0,0,Matches
373,Diadie Samassékou,ml MLI,MF,Hoffenheim,28,1996,3.2,5,5,1,2,2,2,4,50.0,2,4,2,2,5,10,5,0,Matches
374,Philipp Sander,de GER,MF,Gladbach,26,1998,15.6,33,17,16,15,2,10,23,43.5,13,16,7,9,23,56,44,3,Matches
375,James Sands,us USA,"MF,DF",St. Pauli,24,2000,5.0,15,6,5,8,2,4,4,100.0,0,5,1,4,5,20,8,0,Matches
376,Leroy Sané,de GER,FW,Bayern Munich,28,1996,18.2,23,15,4,8,11,12,23,52.2,11,8,0,8,7,30,3,0,Matches
377,Kaishu Sano,jp JPN,MF,Mainz 05,23,2000,33.8,61,36,22,31,8,25,52,48.1,27,66,14,52,65,126,56,1,Matches
378,Kauã Santos,br BRA,GK,Eint Frankfurt,21,2003,8.5,0,0,0,0,0,0,0,,0,0,0,0,0,0,10,2,Matches
379,Joe Scally,us USA,DF,Gladbach,21,2002,28.6,45,32,25,18,2,27,46,58.7,19,35,11,24,16,61,86,2,Matches
380,András Schäfer,hu HUN,MF,Union Berlin,25,1999,17.0,52,26,23,24,5,25,41,61.0,16,33,6,27,22,74,36,0,Matches
381,Patrik Schick,cz CZE,FW,Leverkusen,28,1996,18.7,6,5,1,3,2,1,5,20.0,4,9,1,8,4,10,17,1,Matches
382,Stefan Schimmer,de GER,"FW,MF",Heidenheim,30,1994,2.7,2,0,1,1,0,1,2,50.0,1,1,0,1,0,2,4,0,Matches
383,Xaver Schlager,at AUT,MF,RB Leipzig,26,1997,2.0,4,2,2,1,1,3,7,42.9,4,7,0,7,0,4,3,0,Matches
384,Keven Schlotterbeck,de GER,DF,Augsburg,27,1997,14.4,19,17,9,9,1,12,16,75.0,4,13,6,7,15,34,73,1,Matches
385,Nico Schlotterbeck,de GER,DF,Dortmund,24,1999,22.0,38,24,21,16,1,27,45,60.0,18,31,15,16,22,60,79,1,Matches
386,Romano Schmid,at AUT,MF,Werder Bremen,24,2000,31.5,43,25,10,22,11,24,51,47.1,27,42,3,39,11,54,9,2,Matches
387,Jan Schöppner,de GER,MF,Heidenheim,25,1999,29.8,56,30,19,27,10,20,58,34.5,38,38,6,32,43,99,95,1,Matches
388,Marvin Schulz,de GER,"MF,DF",Holstein Kiel,29,1995,3.4,6,5,2,2,2,2,8,25.0,6,12,8,4,0,6,17,0,Matches
389,Alexander Schwolow,de GER,GK,Union Berlin,32,1992,6.0,0,0,0,0,0,0,0,,0,0,0,0,0,0,2,1,Matches
390,Léo Scienza,br BRA,"FW,MF",Heidenheim,25,1998,12.8,17,12,10,5,2,7,18,38.9,11,13,1,12,5,22,9,1,Matches
391,Nicolas Seiwald,at AUT,"MF,DF",RB Leipzig,23,2001,23.2,53,31,19,29,5,25,50,50.0,25,43,10,33,31,84,76,2,Matches
392,Benjamin Šeško,si SVN,"FW,MF",RB Leipzig,21,2003,26.4,7,3,0,4,3,3,11,27.3,8,15,4,11,5,12,20,0,Matches
393,Armindo Sieb,de GER,"FW,MF",Mainz 05,21,2003,8.5,10,4,4,5,1,3,10,30.0,7,4,0,4,1,11,7,0,Matches
394,Tim Siersleben,de GER,DF,Heidenheim,24,2000,13.1,21,14,12,8,1,7,17,41.2,10,19,6,13,20,41,66,0,Matches
395,Kiliann Sildillia,fr FRA,DF,Freiburg,22,2002,8.9,17,10,8,6,3,7,13,53.8,6,16,5,11,11,28,38,0,Matches
396,André Silva,pt POR,FW,Werder Bremen,28,1995,4.2,2,2,1,1,0,0,1,0.0,1,3,1,2,0,2,3,0,Matches
397,André Silva,pt POR,"FW,MF",RB Leipzig,28,1995,1.5,1,1,1,0,0,0,1,0.0,1,1,0,1,1,2,2,0,Matches
398,Mohamed Simakan,fr FRA,DF,RB Leipzig,24,2000,0.6,0,0,0,0,0,0,0,,0,0,0,0,2,2,0,0,Matches
399,Xavi Simons,nl NED,MF,RB Leipzig,21,2003,23.9,28,21,5,15,8,12,26,46.2,14,19,3,16,12,40,19,1,Matches
400,Danel Sinani,lu LUX,"FW,MF",St. Pauli,27,1997,13.9,14,11,2,7,5,6,14,42.9,8,12,1,11,1,15,13,0,Matches
401,Tobias Sippel,de GER,GK,Gladbach,36,1988,0.7,0,0,0,0,0,0,0,,0,0,0,0,0,0,0,0,Matches
402,Ibrahima Sissoko,ml MLI,MF,Bochum,26,1997,29.0,66,44,30,31,5,24,45,53.3,21,39,11,28,36,102,61,0,Matches
403,Tim Skarke,de GER,"FW,MF",Union Berlin,27,1996,12.9,14,11,5,8,1,10,19,52.6,9,7,0,7,5,19,17,0,Matches
404,Ellyes Skhiri,tn TUN,MF,Eint Frankfurt,29,1995,24.8,40,22,15,21,4,18,44,40.9,26,30,7,23,31,71,45,4,Matches
405,Leo Skiri Østigård,no NOR,DF,Hoffenheim,24,1999,10.3,9,7,5,4,0,4,6,66.7,2,17,9,8,9,18,111,0,Matches
406,Andreas Skov Olsen,dk DEN,"FW,MF",Wolfsburg,24,1999,5.9,8,6,5,3,0,4,4,100.0,0,4,0,4,2,10,12,0,Matches
407,Robert Skov,dk DEN,"DF,MF",Union Berlin,28,1996,9.5,15,11,8,7,0,10,20,50.0,10,8,1,7,8,23,9,0,Matches
408,Steven Skrzybski,de GER,"MF,FW",Holstein Kiel,31,1992,14.7,19,6,7,6,6,7,24,29.2,17,16,0,16,11,30,11,0,Matches
409,Eric Smith,se SWE,"DF,MF",St. Pauli,27,1997,31.4,46,29,26,17,3,23,40,57.5,17,37,10,27,37,83,104,4,Matches
410,Anton Stach,de GER,"MF,DF",Hoffenheim,25,1998,28.7,66,46,25,37,4,32,47,68.1,15,47,13,34,46,112,101,2,Matches
411,Jens Stage,dk DEN,MF,Werder Bremen,27,1996,24.5,49,30,22,24,3,25,46,54.3,21,44,10,34,18,67,42,2,Matches
412,Josip Stanišić,hr CRO,DF,Bayern Munich,24,2000,9.7,13,11,6,4,3,7,15,46.7,8,10,6,4,6,19,29,1,Matches
413,Niklas Stark,de GER,DF,Werder Bremen,29,1995,23.4,33,21,20,11,2,14,21,66.7,7,41,27,14,36,69,129,1,Matches
414,Pascal Stenzel,de GER,DF,Stuttgart,28,1996,3.2,3,2,1,0,2,2,5,40.0,3,5,1,4,2,5,6,0,Matches
415,Leonidas Stergiou,ch SUI,DF,Stuttgart,22,2002,9.5,24,13,9,11,4,16,19,84.2,3,16,5,11,14,38,39,0,Matches
416,Finley Stevens,wls WAL,DF,St. Pauli,21,2003,0.0,0,0,0,0,0,0,0,,0,0,0,0,0,0,0,0,Matches
417,Angelo Stiller,de GER,MF,Stuttgart,23,2001,30.5,49,27,18,25,6,14,30,46.7,16,29,9,20,26,75,50,4,Matches
418,Kevin Stöger,at AUT,MF,Gladbach,30,1993,17.2,37,21,23,10,4,16,39,41.0,23,24,3,21,16,53,26,3,Matches
419,Niklas Süle,de GER,DF,Dortmund,28,1995,11.7,14,12,9,5,0,10,14,71.4,4,11,6,5,4,18,46,1,Matches
420,Mattias Svanberg,se SWE,MF,Wolfsburg,25,1999,13.5,20,10,6,11,3,9,19,47.4,10,11,4,7,15,35,26,0,Matches
421,Daniel Svensson,se SWE,"DF,FW",Dortmund,22,2002,8.7,15,11,5,6,4,7,11,63.6,4,10,4,6,5,20,30,0,Matches
422,Haris Tabakovic,ba BIH,FW,Hoffenheim,30,1994,9.1,3,1,1,0,2,0,3,0.0,3,4,2,2,1,4,16,0,Matches
423,Jonathan Tah,de GER,DF,Leverkusen,28,1996,33.0,19,12,12,6,1,10,16,62.5,6,22,16,6,36,55,157,2,Matches
424,Edmond Tapsoba,bf BFA,DF,Leverkusen,25,1999,27.9,39,24,19,16,4,22,39,56.4,17,21,14,7,24,63,89,3,Matches
425,Mathys Tel,fr FRA,"FW,MF",Bayern Munich,19,2005,2.8,2,2,0,2,0,0,0,,0,0,0,0,1,3,1,0,Matches
426,Nathan Tella,ng NGA,"MF,FW",Leverkusen,25,1999,15.1,16,11,4,7,5,5,13,38.5,8,15,1,14,4,20,10,0,Matches
427,Martin Terrier,fr FRA,"MF,FW",Leverkusen,27,1997,6.5,4,2,1,0,3,1,4,25.0,3,3,0,3,1,5,1,0,Matches
428,Arthur Theate,be BEL,DF,Eint Frankfurt,24,2000,30.0,36,25,19,16,1,22,44,50.0,22,42,19,23,39,75,170,3,Matches
429,Norman Theuerkauf,de GER,MF,Heidenheim,37,1987,0.2,0,0,0,0,0,0,0,,0,0,0,0,0,0,0,0,Matches
430,Denis Thomalla,de GER,MF,Heidenheim,31,1992,0.0,0,0,0,0,0,0,0,,0,0,0,0,0,0,0,0,Matches
431,Phillip Tietz,de GER,FW,Augsburg,27,1997,18.7,11,6,2,7,2,5,8,62.5,3,10,1,9,5,16,26,1,Matches
432,Umut Tohumcu,de GER,"MF,FW",Hoffenheim,19,2004,4.2,9,5,3,5,1,5,7,71.4,2,5,0,5,3,12,6,0,Matches
433,John Tolkin,us USA,"DF,MF",Holstein Kiel,22,2002,8.2,18,11,11,7,0,12,14,85.7,2,10,2,8,8,26,54,0,Matches
434,Tiago Tomás,pt POR,"FW,MF",Wolfsburg,22,2002,20.9,33,19,15,11,7,15,35,42.9,20,17,4,13,9,42,19,0,Matches
435,Keke Topp,de GER,"FW,MF",Werder Bremen,20,2004,2.8,3,1,0,2,1,1,2,50.0,1,0,0,0,1,4,4,0,Matches
436,Bazoumana Touré,ci CIV,"FW,MF",Hoffenheim,18,2006,6.8,12,10,2,7,3,2,8,25.0,6,4,0,4,3,15,2,0,Matches
437,Lucas Tousart,fr FRA,MF,Union Berlin,27,1997,6.2,17,9,6,9,2,5,12,41.7,7,11,4,7,7,24,27,0,Matches
438,Omar Traoré,de GER,DF,Heidenheim,26,1998,29.1,50,26,31,16,3,25,41,61.0,16,35,6,29,21,71,66,0,Matches
439,Kevin Trapp,de GER,GK,Eint Frankfurt,34,1990,25.5,0,0,0,0,0,0,0,,0,0,0,0,0,0,13,3,Matches
440,Philipp Treu,de GER,"MF,DF",St. Pauli,23,2000,32.0,61,42,35,17,9,39,68,57.4,29,52,12,40,19,80,87,2,Matches
441,Christopher Trimmel,at AUT,"DF,MF",Union Berlin,37,1987,19.3,38,25,23,14,1,28,42,66.7,14,14,6,8,18,56,92,0,Matches
442,Tuta,br BRA,"DF,MF",Eint Frankfurt,25,1999,25.3,44,27,25,17,2,28,40,70.0,12,42,21,21,40,84,135,1,Matches
443,Lukas Ullrich,de GER,DF,Gladbach,20,2004,21.1,25,16,18,6,1,15,42,35.7,27,26,9,17,23,48,74,1,Matches
444,Sven Ulreich,de GER,GK,Bayern Munich,35,1988,1.0,0,0,0,0,0,0,0,,0,0,0,0,0,0,0,0,Matches
445,Deniz Undav,de GER,"FW,MF",Stuttgart,28,1996,19.2,11,10,2,3,6,1,17,5.9,16,15,2,13,3,14,10,0,Matches
446,Dayot Upamecano,fr FRA,DF,Bayern Munich,25,1998,19.5,36,22,18,16,2,16,29,55.2,13,17,7,10,34,70,45,1,Matches
447,Jonas Urbig,de GER,GK,Bayern Munich,20,2003,8.0,0,0,0,0,0,0,0,,0,0,0,0,0,0,9,2,Matches
448,Can Uzun,tr TUR,"MF,FW",Eint Frankfurt,18,2005,7.5,10,4,1,4,5,5,10,50.0,5,9,0,9,1,11,3,0,Matches
449,Josha Vagnoman,de GER,"DF,MF",Stuttgart,23,2000,20.4,26,14,11,13,2,17,34,50.0,17,16,2,14,14,40,57,1,Matches
450,Siebe Van Der Heyden,be BEL,"DF,MF",St. Pauli,26,1998,9.7,17,10,10,7,0,8,18,44.4,10,8,4,4,17,34,43,2,Matches
451,Maarten Vandevoordt,be BEL,GK,RB Leipzig,22,2002,4.8,1,0,1,0,0,1,1,100.0,0,0,0,0,0,1,4,0,Matches
452,Ruben Vargas,ch SUI,"MF,FW",Augsburg,25,1998,3.4,2,1,1,1,0,1,4,25.0,3,1,0,1,2,4,1,1,Matches
453,Nikola Vasilj,ba BIH,GK,St. Pauli,28,1995,33.0,0,0,0,0,0,0,2,0.0,2,0,0,0,0,0,22,3,Matches
454,Denis Vavro,sk SVK,DF,Wolfsburg,28,1996,27.3,21,13,16,5,0,11,23,47.8,12,48,32,16,37,58,234,3,Matches
455,Miloš Veljković,rs SRB,DF,Werder Bremen,28,1995,11.4,10,5,6,3,1,7,15,46.7,8,14,9,5,2,12,47,1,Matches
456,Nikolas Veratschnig,at AUT,"DF,MF",Mainz 05,21,2003,4.0,9,6,1,4,4,2,3,66.7,1,4,0,4,5,14,8,0,Matches
457,Arthur Vermeeren,be BEL,MF,RB Leipzig,19,2005,17.5,32,19,14,13,5,14,47,29.8,33,34,12,22,23,55,25,2,Matches
458,Yorbe Vertessen,be BEL,"MF,FW",Union Berlin,23,2001,8.0,6,3,3,2,1,2,8,25.0,6,6,0,6,3,9,6,0,Matches
459,Gabriel Vidovic,hr CRO,MF,Bayern Munich,20,2003,0.3,0,0,0,0,0,0,0,,0,2,0,2,0,0,0,0,Matches
460,Gabriel Vidovic,hr CRO,MF,Mainz 05,20,2003,0.0,0,0,0,0,0,0,0,,0,0,0,0,0,0,0,0,Matches
461,Kevin Vogt,de GER,DF,Union Berlin,32,1991,15.2,12,8,7,5,0,8,13,61.5,5,16,8,8,9,21,75,1,Matches
462,Kevin Volland,de GER,"FW,MF",Union Berlin,32,1992,0.7,0,0,0,0,0,0,0,,0,1,0,1,0,0,1,0,Matches
463,Aster Vranckx,be BEL,MF,Wolfsburg,21,2002,6.2,11,6,3,8,0,3,9,33.3,6,14,3,11,10,21,13,0,Matches
464,Robert Wagner,de GER,MF,St. Pauli,21,2003,4.5,8,3,2,6,0,4,13,30.8,9,8,0,8,2,10,12,0,Matches
465,Elye Wahi,fr FRA,"FW,MF",Eint Frankfurt,21,2003,2.2,0,0,0,0,0,0,1,0.0,1,1,0,1,0,0,1,0,Matches
466,Hauke Wahl,de GER,DF,St. Pauli,30,1994,33.0,36,27,21,13,2,23,38,60.5,15,44,25,19,31,67,170,4,Matches
467,Paul Wanner,de GER,"MF,FW",Heidenheim,18,2005,19.7,40,27,16,21,3,15,32,46.9,17,15,0,15,4,44,20,0,Matches
468,Kjell-Arik Wätjen,de GER,MF,Dortmund,18,2006,0.2,0,0,0,0,0,0,0,,0,0,0,0,0,0,2,0,Matches
469,Julian Weigl,de GER,MF,Gladbach,28,1995,32.0,53,25,24,24,5,28,46,60.9,18,54,27,27,48,101,86,3,Matches
470,Timon Weiner,de GER,GK,Holstein Kiel,25,1999,25.0,0,0,0,0,0,0,1,0.0,1,0,0,0,0,0,17,3,Matches
471,Nelson Weiper,de GER,"FW,MF",Mainz 05,19,2005,7.8,5,4,2,3,0,2,4,50.0,2,5,0,5,2,7,5,1,Matches
472,Mitchell Weiser,de GER,"DF,MF",Werder Bremen,30,1994,31.9,61,40,19,34,8,28,56,50.0,28,33,3,30,22,83,61,3,Matches
473,Noah Weißhaupt,de GER,"FW,MF",St. Pauli,22,2001,12.9,6,4,3,0,3,3,8,37.5,5,7,0,7,2,8,8,1,Matches
474,Noah Weißhaupt,de GER,FW,Freiburg,22,2001,0.9,0,0,0,0,0,0,1,0.0,1,0,0,0,0,0,1,0,Matches
475,Silvan Widmer,ch SUI,DF,Mainz 05,31,1993,5.6,11,5,3,6,2,8,12,66.7,4,7,1,6,5,16,27,0,Matches
476,Patrick Wimmer,at AUT,"MF,FW",Wolfsburg,23,2001,19.7,47,35,19,21,7,15,46,32.6,31,31,4,27,32,79,15,2,Matches
477,Jonas Wind,dk DEN,"FW,MF",Wolfsburg,25,1999,21.8,10,6,1,8,1,4,8,50.0,4,17,3,14,6,16,15,0,Matches
478,Florian Wirtz,de GER,"MF,FW",Leverkusen,21,2003,26.1,32,20,10,12,10,9,22,40.9,13,32,3,29,10,42,6,1,Matches
479,Dani de Wit,nl NED,"MF,FW",Bochum,26,1998,12.8,29,17,11,15,3,18,31,58.1,13,17,4,13,12,41,23,1,Matches
480,Maximilian Wittek,de GER,DF,Bochum,28,1995,30.1,65,42,40,19,6,38,54,70.4,16,54,8,46,27,92,89,3,Matches
481,Marius Wolf,de GER,DF,Augsburg,29,1995,23.8,27,16,13,11,3,16,43,37.2,27,29,5,24,24,51,51,1,Matches
482,Nick Woltemade,de GER,"FW,MF",Stuttgart,22,2002,18.0,10,7,2,4,4,6,10,60.0,4,23,2,21,1,11,15,1,Matches
483,Jeong Woo-yeong,kr KOR,"MF,FW",Union Berlin,24,1999,14.0,10,7,5,5,0,3,11,27.3,8,10,1,9,11,21,11,0,Matches
484,Granit Xhaka,ch SUI,MF,Leverkusen,31,1992,32.1,48,26,15,27,6,24,42,57.1,18,30,7,23,12,60,52,6,Matches
485,Erencan Yardimci,tr TUR,"FW,MF",Hoffenheim,22,2002,3.5,4,3,1,3,0,1,2,50.0,1,2,0,2,1,5,2,0,Matches
486,Dan-Axel Zagadou,fr FRA,"DF,MF",Stuttgart,25,1999,0.3,0,0,0,0,0,0,0,,0,0,0,0,1,1,1,0,Matches
487,David Zec,si SVN,DF,Holstein Kiel,24,2000,17.1,23,10,17,6,0,13,20,65.0,7,32,18,14,17,40,93,3,Matches
488,Robin Zentner,de GER,GK,Mainz 05,29,1994,32.0,2,1,2,0,0,1,2,50.0,1,0,0,0,0,2,31,4,Matches
489,Cedric Zesiger,ch SUI,DF,Augsburg,26,1998,13.6,13,7,7,6,0,8,13,61.5,5,17,10,7,21,34,96,1,Matches
490,Cedric Zesiger,ch SUI,DF,Wolfsburg,26,1998,5.8,13,8,6,5,2,6,12,50.0,6,6,5,1,3,16,28,0,Matches
491,Michael Zetterer,de GER,GK,Werder Bremen,29,1995,34.0,0,0,0,0,0,0,1,0.0,1,1,0,1,1,1,10,7,Matches
492,Budu Zivzivadze,ge GEO,FW,Heidenheim,30,1994,10.6,17,11,1,9,7,4,8,50.0,4,9,0,9,3,20,7,0,Matches
