Unnamed: 0_level_0_Rk,Unnamed: 1_level_0_Player,Unnamed: 2_level_0_Nation,Unnamed: 3_level_0_Pos,Unnamed: 4_level_0_Squad,Unnamed: 5_level_0_Age,Unnamed: 6_level_0_Born,Unnamed: 7_level_0_90s,Performance_CrdY,Performance_CrdR,Performance_2CrdY,Performance_Fls,Performance_Fld,Performance_Off,Performance_Crs,Performance_Int,Performance_TklW,Performance_PKwon,Performance_PKcon,Performance_OG,Performance_Recov,Aerial Duels_Won,Aerial Duels_Lost,Aerial Duels_Won%,Unnamed: 24_level_0_Matches
1,Junior Adamu,at AUT,FW,Freiburg,23,2001,17.2,5,1,0,38,22,17,5,12,3,0,0,0,52,53,108,32.9,Matches
2,Karim Adeyemi,de GER,"FW,MF",Dortmund,22,2002,15.9,4,0,0,27,18,4,26,7,14,0,0,0,48,9,13,40.9,Matches
3,Amine Adli,ma MAR,"MF,FW",Leverkusen,24,2000,8.5,3,0,0,15,9,7,33,0,9,2,0,0,30,21,26,44.7,Matches
4,Oladapo Afolayan,eng ENG,"FW,MF",St. Pauli,26,1998,18.2,3,0,0,21,42,9,53,8,8,1,0,0,72,19,45,29.7,Matches
5,Felix Agu,ng NGA,DF,Werder Bremen,24,1999,19.5,1,0,0,11,43,4,49,21,14,0,0,1,67,21,30,41.2,Matches
6,Erik Ahlstrand,se SWE,"FW,MF",St. Pauli,22,2001,0.5,0,0,0,0,0,1,0,1,0,0,0,0,0,0,3,0.0,Matches
7,Kevin Akpoguma,ng NGA,DF,Hoffenheim,29,1995,24.7,3,0,0,25,23,1,12,29,27,0,4,0,107,48,47,50.5,Matches
8,Andreas Albers,dk DEN,FW,St. Pauli,34,1990,0.7,0,0,0,3,2,0,0,0,1,0,0,0,3,10,12,45.5,Matches
9,Ben Alexander Voll,de GER,GK,St. Pauli,23,2000,1.0,1,0,0,0,0,0,0,0,0,0,0,0,0,0,0,,Matches
10,Skelly Alvero,fr FRA,MF,Werder Bremen,22,2002,2.6,1,0,0,7,5,0,0,2,6,0,0,0,13,5,3,62.5,Matches
11,Aurele Amenda,ch SUI,DF,Eint Frankfurt,21,2003,1.1,1,0,0,3,2,0,0,2,0,0,0,0,2,8,3,72.7,Matches
12,Nadiem Amiri,de GER,MF,Mainz 05,27,1996,27.5,9,2,1,44,51,2,166,16,23,0,0,0,207,16,17,48.5,Matches
13,Mohamed Amoura,dz ALG,FW,Wolfsburg,24,2000,27.4,6,0,0,30,20,24,35,9,22,1,0,0,92,19,45,29.7,Matches
14,Robert Andrich,de GER,"MF,DF",Leverkusen,29,1994,17.8,7,0,0,29,17,0,12,29,12,0,1,0,73,21,12,63.6,Matches
15,Waldemar Anton,de GER,DF,Dortmund,28,1996,21.7,4,0,0,20,20,1,24,30,21,0,0,1,122,46,27,63.0,Matches
16,Maximilian Arnold,de GER,MF,Wolfsburg,30,1994,26.2,7,1,0,30,52,0,152,24,20,0,0,0,154,14,23,37.8,Matches
17,Jann-Fiete Arp,de GER,"FW,MF",Holstein Kiel,24,2000,7.9,8,1,1,20,18,2,24,3,10,0,0,0,21,2,13,13.3,Matches
18,Arthur,br BRA,DF,Leverkusen,21,2003,8.4,1,0,0,20,6,0,16,9,11,0,1,0,31,10,12,45.5,Matches
19,Noah Atubolu,de GER,GK,Freiburg,22,2002,25.6,2,0,0,0,0,0,0,0,0,0,0,0,53,10,1,90.9,Matches
20,Ayman Azhil,ma MAR,MF,Dortmund,23,2001,0.3,1,0,0,2,0,1,0,0,1,0,0,0,2,0,0,,Matches
21,Adam Aznou,ma MAR,DF,Bayern Munich,18,2006,0.2,0,0,0,0,0,0,1,0,0,0,0,0,1,0,1,0.0,Matches
22,Aliou Badara Baldé,gn GUI,"MF,FW",Bochum,21,2002,1.0,1,0,0,1,0,2,4,0,1,0,0,0,3,0,2,0.0,Matches
23,Ridle Baku,de GER,"FW,MF",Wolfsburg,26,1998,13.0,2,0,0,13,10,1,37,15,15,0,0,0,68,5,16,23.8,Matches
24,Ridle Baku,de GER,"DF,MF",RB Leipzig,26,1998,14.2,1,0,0,13,14,3,34,9,19,0,0,0,45,10,17,37.0,Matches
25,Samuel Bamba,de GER,"FW,MF",Bochum,20,2004,0.3,0,0,0,0,1,1,5,0,1,0,0,0,2,1,2,33.3,Matches
26,Noahkai Banks,us USA,DF,Augsburg,17,2006,3.1,2,0,0,2,1,0,2,5,5,0,0,1,13,8,8,50.0,Matches
27,Scott Banks,sct SCO,"FW,MF",St. Pauli,22,2001,1.3,1,0,0,2,4,0,5,2,1,0,0,0,4,1,6,14.3,Matches
28,Aymen Barkok,ma MAR,MF,Mainz 05,26,1998,0.8,0,0,0,2,1,0,5,2,1,0,0,0,4,2,5,28.6,Matches
29,Michy Batshuayi,be BEL,FW,Eint Frankfurt,30,1993,3.3,2,0,0,6,2,4,1,1,1,0,0,0,10,3,8,27.3,Matches
30,Maximilian Bauer,de GER,DF,Augsburg,24,2000,7.3,1,0,0,7,13,0,4,6,8,0,0,0,20,19,12,61.3,Matches
31,Oliver Baumann,de GER,GK,Hoffenheim,34,1990,28.0,1,0,0,0,6,0,0,0,2,0,0,0,53,8,0,100.0,Matches
32,Christoph Baumgartner,at AUT,MF,RB Leipzig,24,1999,17.9,5,0,0,44,29,4,14,12,28,0,0,0,86,41,39,51.3,Matches
33,Ihlas Bebou,tg TOG,MF,Hoffenheim,30,1994,0.1,0,0,0,0,0,0,0,0,0,0,0,0,0,0,0,,Matches
34,Adrian Beck,de GER,"MF,FW",Heidenheim,27,1997,17.8,1,0,0,16,14,2,32,9,17,0,0,0,131,29,20,59.2,Matches
35,Timo Becker,de GER,DF,Holstein Kiel,27,1997,27.2,2,0,0,9,9,0,22,17,33,0,0,0,98,31,38,44.9,Matches
36,Hannes Behrens,de GER,DF,Hoffenheim,19,2005,0.3,0,0,0,0,1,0,0,2,1,0,0,0,3,1,0,100.0,Matches
37,Kevin Behrens,de GER,FW,Wolfsburg,33,1991,1.9,2,0,0,4,1,1,0,1,1,0,0,0,9,14,16,46.7,Matches
38,Maximilian Beier,de GER,"FW,MF",Dortmund,21,2002,17.7,2,0,0,17,16,9,16,7,16,0,0,0,49,23,20,53.5,Matches
39,Stefan Bell,de GER,DF,Mainz 05,32,1991,16.0,4,0,0,24,10,3,0,28,12,0,0,0,65,83,37,69.2,Matches
40,Jeanuël Belocian,fr FRA,"DF,MF",Leverkusen,19,2005,0.8,1,0,0,1,4,0,0,0,1,0,0,0,2,1,2,33.3,Matches
41,László Bénes,sk SVK,"MF,FW",Union Berlin,26,1997,6.5,4,0,0,9,4,1,48,3,2,0,0,0,32,7,9,43.8,Matches
42,Ramy Bensebaini,dz ALG,DF,Dortmund,29,1995,22.5,6,0,0,28,24,0,36,33,25,0,0,0,100,41,25,62.1,Matches
43,Mergim Berisha,de GER,"FW,MF",Hoffenheim,26,1998,3.7,1,0,0,5,5,3,3,0,3,0,0,0,10,3,14,17.6,Matches
44,Mergim Berisha,de GER,FW,Augsburg,26,1998,0.4,1,0,0,2,0,0,1,0,0,0,0,0,1,0,1,0.0,Matches
45,Bernardo,br BRA,DF,Bochum,29,1995,19.8,5,0,0,24,11,0,14,26,28,0,0,0,83,90,43,67.7,Matches
46,Alexander Bernhardsson,se SWE,"FW,MF",Holstein Kiel,25,1998,14.0,3,0,0,21,15,2,34,5,15,1,0,0,45,19,34,35.8,Matches
47,Matúš Bero,sk SVK,MF,Bochum,28,1995,28.5,11,0,0,50,34,1,124,17,35,0,0,0,164,22,43,33.8,Matches
48,Jan-Niklas Beste,de GER,"FW,MF",Freiburg,25,1999,2.4,0,0,0,3,6,1,20,1,1,0,0,0,16,1,4,20.0,Matches
49,El Bilal Touré,ml MLI,"FW,MF",Stuttgart,22,2001,4.0,0,0,0,9,3,1,0,0,1,0,0,0,8,19,14,57.6,Matches
50,Tom Bischof,de GER,"MF,FW",Hoffenheim,19,2005,28.4,5,0,0,45,33,1,145,30,53,0,0,0,156,14,19,42.4,Matches
51,Leonardo Bittencourt,de GER,MF,Werder Bremen,30,1993,10.9,3,0,0,15,19,2,22,15,9,0,0,0,44,5,15,25.0,Matches
52,Myron Boadu,nl NED,FW,Bochum,23,2001,11.6,2,0,0,11,6,12,3,1,1,0,0,0,20,19,20,48.7,Matches
53,Sacha Boey,fr FRA,DF,Bayern Munich,23,2000,6.6,1,0,0,7,7,0,11,2,5,0,1,0,38,6,9,40.0,Matches
54,Victor Boniface,ng NGA,FW,Leverkusen,23,2000,11.2,2,0,0,14,8,7,6,0,4,0,0,0,28,32,22,59.3,Matches
55,Sebastiaan Bornauw,be BEL,DF,Wolfsburg,25,1999,8.8,2,0,0,12,2,0,1,12,6,0,1,0,28,36,21,63.2,Matches
56,Carlo Boukhalfa,ma MAR,MF,St. Pauli,25,1999,18.3,1,0,0,18,17,2,10,12,11,0,0,0,60,23,42,35.4,Matches
57,Julian Brandt,de GER,MF,Dortmund,28,1996,25.6,1,0,0,8,9,5,71,14,11,0,0,0,119,11,29,27.5,Matches
58,Tim Breithaupt,de GER,MF,Augsburg,22,2002,1.3,0,0,0,2,3,0,1,2,1,0,0,0,9,4,5,44.4,Matches
59,Maximilian Breunig,de GER,"FW,MF",Heidenheim,23,2000,3.9,0,0,0,8,5,1,1,1,3,0,0,0,13,9,31,22.5,Matches
60,Moritz Broschinski,de GER,"FW,MF",Bochum,23,2000,15.4,1,0,0,27,18,5,28,1,14,0,0,0,64,31,42,42.5,Matches
61,Nathaniel Brown,de GER,"DF,MF",Eint Frankfurt,21,2003,21.6,2,0,0,15,22,0,92,15,42,0,0,0,81,5,18,21.7,Matches
62,Jacob Bruun Larsen,dk DEN,"FW,MF",Hoffenheim,25,1998,4.4,0,0,0,2,2,3,19,1,3,0,0,0,16,5,3,62.5,Matches
63,Jacob Bruun Larsen,dk DEN,"MF,FW",Stuttgart,25,1998,4.6,1,0,0,2,2,6,18,1,1,0,0,0,11,3,6,33.3,Matches
64,Emi Buendía,ar ARG,MF,Leverkusen,27,1996,2.9,0,0,0,6,7,0,3,0,5,0,0,0,20,5,3,62.5,Matches
65,Marius Bülter,de GER,"FW,DF",Hoffenheim,31,1993,19.2,4,0,0,11,36,6,84,4,10,1,0,0,63,18,28,39.1,Matches
66,Jonathan Burkardt,de GER,FW,Mainz 05,24,2000,23.4,0,0,0,23,24,11,27,1,8,1,0,0,73,20,85,19.0,Matches
67,Oliver Burke,sct SCO,FW,Werder Bremen,27,1997,10.1,4,0,0,12,2,8,20,2,4,0,0,0,26,40,21,65.6,Matches
68,Marnon Busch,de GER,"DF,MF",Heidenheim,29,1994,15.5,1,0,0,8,7,0,52,13,17,0,1,0,62,13,15,46.4,Matches
69,Anthony Caci,fr FRA,DF,Mainz 05,27,1997,29.8,6,0,0,37,11,15,133,27,40,0,0,0,131,35,33,51.5,Matches
70,Cole Campbell,us USA,"MF,FW",Dortmund,18,2006,0.2,0,0,0,1,1,0,1,0,0,0,0,0,3,0,2,0.0,Matches
71,Emre Can,de GER,"DF,MF",Dortmund,30,1994,23.4,4,1,0,25,19,0,11,20,28,0,0,0,113,45,25,64.3,Matches
72,Tiago Cardoso,lu LUX,GK,Gladbach,18,2006,4.2,0,0,0,0,0,0,0,0,0,0,0,0,4,4,0,100.0,Matches
73,Abdoulie Ceesay,gm GAM,FW,St. Pauli,20,2004,0.7,1,0,0,2,3,0,0,0,3,0,0,0,4,0,6,0.0,Matches
74,Julian Chabot,de GER,DF,Stuttgart,26,1998,25.2,11,1,1,35,28,5,2,38,24,0,0,0,98,78,42,65.0,Matches
75,El Chadaille Bitshiabu,fr FRA,DF,RB Leipzig,19,2005,12.6,2,1,0,8,2,0,4,13,18,0,0,0,55,22,18,55.0,Matches
76,Fares Chaïbi,dz ALG,"MF,FW",Eint Frankfurt,21,2002,11.3,2,0,0,5,7,1,72,10,9,0,0,0,30,16,21,43.2,Matches
77,Timothy Chandler,us USA,DF,Eint Frankfurt,34,1990,0.3,0,0,0,0,2,0,1,3,0,0,0,0,1,4,1,80.0,Matches
78,Anrie Chase,jp JPN,DF,Stuttgart,20,2004,8.2,1,0,0,12,2,0,3,9,4,0,1,0,21,17,12,58.6,Matches
79,Arthur Chaves,br BRA,DF,Hoffenheim,23,2001,24.3,8,0,0,38,19,1,8,37,36,0,0,0,93,67,62,51.9,Matches
80,Fabio Chiarodia,it ITA,DF,Gladbach,19,2005,4.2,0,0,0,7,0,0,0,9,4,0,0,0,9,7,2,77.8,Matches
81,Carney Chukwuemeka,eng ENG,MF,Dortmund,20,2003,2.8,1,0,0,4,5,1,1,1,5,0,0,0,12,6,8,42.9,Matches
82,Alexis Claude-Maurice,fr FRA,"MF,FW",Augsburg,26,1998,23.4,4,0,0,26,42,3,21,15,26,1,0,0,72,14,23,37.8,Matches
83,Nnamdi Collins,de GER,DF,Eint Frankfurt,20,2004,16.5,4,0,0,26,22,0,17,16,24,0,0,0,78,13,13,50.0,Matches
84,Kingsley Coman,fr FRA,FW,Bayern Munich,28,1996,14.2,0,0,0,9,12,8,45,8,12,0,0,0,59,11,16,40.7,Matches
85,Sirlord Conteh,de GER,"FW,MF",Heidenheim,28,1996,9.9,2,0,0,8,11,4,20,1,5,0,0,0,17,16,20,44.4,Matches
86,Danny da Costa,de GER,DF,Mainz 05,31,1993,22.3,0,0,0,19,4,0,22,27,23,0,0,0,98,33,38,46.5,Matches
87,Yan Couto,br BRA,"DF,FW",Dortmund,22,2002,9.9,5,0,0,12,7,0,53,10,16,0,0,0,55,1,7,12.5,Matches
88,Tomáš Čvančara,cz CZE,FW,Gladbach,23,2000,9.2,5,1,1,11,6,1,15,5,1,0,0,0,23,13,16,44.8,Matches
89,Finn Dahmen,de GER,GK,Augsburg,26,1998,19.0,0,0,0,0,1,0,0,0,0,0,0,0,33,5,0,100.0,Matches
90,Thomas Dähne,de GER,GK,Holstein Kiel,30,1994,9.0,0,0,0,1,1,0,0,0,0,0,1,0,15,6,0,100.0,Matches
91,Mahmoud Dahoud,de GER,MF,Eint Frankfurt,28,1996,4.0,2,0,0,10,2,0,4,2,4,0,0,0,20,1,2,33.3,Matches
92,Ameen Al-Dakhil,be BEL,DF,Stuttgart,22,2002,4.8,0,1,0,4,5,0,0,9,6,0,0,0,17,8,9,47.1,Matches
93,Bence Dárdai,hu HUN,MF,Wolfsburg,18,2006,14.5,0,0,0,9,16,0,10,12,14,1,0,0,52,10,15,40.0,Matches
94,Lukas Daschner,de GER,"MF,FW",Bochum,25,1998,4.6,0,0,0,4,2,0,19,0,2,0,0,0,17,4,8,33.3,Matches
95,Alphonso Davies,ca CAN,DF,Bayern Munich,23,2000,17.3,0,0,0,8,26,3,22,13,17,0,0,0,115,9,8,52.9,Matches
96,Olivier Deman,be BEL,DF,Werder Bremen,24,2000,0.7,1,0,0,1,2,0,6,3,3,0,0,0,5,4,0,100.0,Matches
97,Ermedin Demirović,ba BIH,FW,Stuttgart,26,1998,20.6,2,0,0,24,27,17,3,3,7,0,0,0,33,34,47,42.0,Matches
98,Justin Diehl,de GER,"FW,DF",Stuttgart,19,2004,1.2,0,0,0,2,0,0,10,0,0,0,0,0,8,0,1,0.0,Matches
99,Eric Dier,eng ENG,DF,Bayern Munich,30,1994,16.3,1,0,0,16,4,1,2,20,11,0,0,0,80,52,43,54.7,Matches
100,Junior Dina Ebimbe,fr FRA,"MF,FW",Eint Frankfurt,23,2000,3.3,0,0,0,10,4,1,8,7,2,0,1,0,11,8,4,66.7,Matches
101,Eren Dinkçi,de GER,"MF,FW",Freiburg,22,2001,13.3,1,0,0,9,6,1,15,7,13,1,0,0,55,6,14,30.0,Matches
102,Ritsu Doan,jp JPN,"FW,MF",Freiburg,26,1998,31.8,2,0,0,27,56,8,80,14,42,1,1,0,133,16,36,30.8,Matches
103,Danilho Doekhi,nl NED,DF,Union Berlin,26,1998,34.0,4,0,0,36,14,2,10,44,24,0,1,0,97,93,75,55.4,Matches
104,Niklas Dorsch,de GER,MF,Augsburg,26,1998,0.4,0,0,0,0,2,0,1,0,0,0,0,0,2,0,0,,Matches
105,Niklas Dorsch,de GER,MF,Heidenheim,26,1998,14.8,5,1,0,15,20,0,37,17,16,0,0,0,74,7,9,43.8,Matches
106,Patrick Drewes,de GER,GK,Bochum,31,1993,21.0,2,0,0,1,3,0,0,0,0,0,1,0,36,3,0,100.0,Matches
107,Tim Drexler,de GER,DF,Hoffenheim,19,2005,4.0,2,0,0,8,2,0,1,1,7,0,0,0,10,2,12,14.3,Matches
108,Marvin Ducksch,de GER,FW,Werder Bremen,30,1994,26.9,3,0,0,6,17,14,167,8,7,0,0,0,65,19,29,39.6,Matches
109,Julien Duranville,be BEL,"FW,MF",Dortmund,18,2006,3.1,3,0,0,10,7,2,13,0,0,1,0,0,5,0,1,0.0,Matches
110,Adam Dźwigała,pl POL,"DF,MF",St. Pauli,28,1995,4.1,2,1,0,5,3,0,3,4,10,0,0,0,13,13,4,76.5,Matches
111,Johannes Eggestein,de GER,FW,St. Pauli,26,1998,20.6,3,0,0,11,12,14,35,0,3,0,0,0,58,28,85,24.8,Matches
112,Maximilian Eggestein,de GER,MF,Freiburg,27,1996,31.6,4,0,0,22,24,1,9,39,32,0,0,0,154,60,56,51.7,Matches
113,Hugo Ekitike,fr FRA,FW,Eint Frankfurt,22,2002,28.5,1,0,0,39,17,19,17,7,12,1,0,0,87,52,59,46.8,Matches
114,Elif Elmas,mk MKD,MF,RB Leipzig,24,1999,0.5,1,0,0,2,0,1,0,0,1,0,0,0,3,0,1,0.0,Matches
115,Nico Elvedi,ch SUI,DF,Gladbach,27,1996,23.7,1,0,0,9,14,1,1,30,23,0,0,1,89,46,44,51.1,Matches
116,Arne Engels,be BEL,"MF,FW",Augsburg,20,2003,0.9,1,0,0,3,1,0,4,0,0,0,0,0,0,1,0,100.0,Matches
117,Patrick Erras,de GER,DF,Holstein Kiel,29,1995,9.2,2,0,0,11,0,0,0,9,5,0,0,0,24,27,16,62.8,Matches
118,Samuel Essende,cd COD,FW,Augsburg,26,1998,18.2,4,2,0,45,34,13,5,0,6,0,0,0,42,57,73,43.8,Matches
119,Frank Feller,de GER,GK,Heidenheim,20,2004,1.3,0,0,0,0,0,0,0,0,0,0,0,0,2,0,0,,Matches
120,Kilian Fischer,de GER,DF,Wolfsburg,23,2000,25.5,7,0,0,34,7,0,39,19,44,0,0,0,84,21,36,36.8,Matches
121,Jonas Föhrenbach,de GER,DF,Heidenheim,28,1996,20.4,3,0,0,14,4,1,59,16,24,0,0,0,67,14,17,45.2,Matches
122,Marco Friedl,at AUT,DF,Werder Bremen,26,1998,24.0,10,2,1,26,16,3,2,34,42,0,0,2,141,46,43,51.7,Matches
123,Marvin Friedrich,de GER,DF,Gladbach,28,1995,11.0,0,0,0,5,4,0,0,5,9,0,0,0,42,34,19,64.2,Matches
124,Jeremie Frimpong,nl NED,"DF,MF",Leverkusen,23,2000,25.7,4,0,0,20,31,9,116,8,25,0,1,0,84,13,26,33.3,Matches
125,Chris Führich,de GER,"MF,FW",Stuttgart,26,1998,22.0,1,0,0,9,6,2,82,6,10,0,0,0,64,5,8,38.5,Matches
126,Shiō Fukuda,jp JPN,FW,Gladbach,20,2004,0.7,0,0,0,2,0,1,1,0,0,0,0,0,1,3,3,50.0,Matches
127,Cristian Gamboa,cr CRC,DF,Bochum,34,1989,2.5,1,0,0,1,3,0,7,2,3,0,0,0,11,0,1,0.0,Matches
128,Aleix García,es ESP,MF,Leverkusen,27,1997,16.2,3,0,0,8,9,1,92,11,7,0,0,0,69,3,8,27.3,Matches
129,Viggo Gebel,de GER,MF,RB Leipzig,16,2007,0.2,0,0,0,0,1,0,0,0,0,0,0,0,0,1,0,100.0,Matches
130,Lutsharel Geertruida,nl NED,DF,RB Leipzig,24,2000,17.3,2,0,0,17,6,1,13,16,24,0,1,0,83,12,6,66.7,Matches
131,Dennis Geiger,de GER,"MF,FW",Hoffenheim,26,1998,8.2,4,0,0,26,10,0,5,7,11,0,1,0,35,2,4,33.3,Matches
132,Valentin Gendrey,fr FRA,DF,Hoffenheim,24,2000,15.7,1,0,0,12,27,2,51,15,12,0,0,0,52,26,24,52.0,Matches
133,Yannick Gerhardt,de GER,"MF,DF",Wolfsburg,30,1994,16.9,5,1,0,20,13,2,24,17,16,0,0,0,49,21,29,42.0,Matches
134,Max Geschwill,de GER,DF,Holstein Kiel,23,2001,14.2,2,0,0,13,8,1,10,30,21,0,0,1,53,14,21,40.0,Matches
135,Dimitris Giannoulis,gr GRE,DF,Augsburg,28,1995,29.4,8,0,0,17,20,1,120,47,32,1,0,0,136,9,23,28.1,Matches
136,Armin Gigovic,ba BIH,MF,Holstein Kiel,22,2002,21.1,5,0,0,22,28,2,14,21,13,1,1,0,117,18,19,48.6,Matches
137,Benedikt Gimber,de GER,DF,Heidenheim,27,1997,29.7,9,0,0,61,49,1,3,31,46,0,2,0,98,66,52,55.9,Matches
138,Matthias Ginter,de GER,DF,Freiburg,30,1994,28.5,5,0,0,13,26,1,13,19,17,1,0,0,93,98,61,61.6,Matches
139,Jamie Gittens,eng ENG,"FW,MF",Dortmund,19,2004,19.7,4,0,0,25,44,3,49,10,19,1,0,0,63,5,7,41.7,Matches
140,Serge Gnabry,de GER,"FW,MF",Bayern Munich,29,1995,13.8,0,0,0,19,6,8,22,6,11,0,0,0,47,4,10,28.6,Matches
141,Tidiam Gomis,fr FRA,"MF,FW",RB Leipzig,17,2006,1.7,2,0,0,3,2,2,4,1,0,0,0,0,5,1,3,25.0,Matches
142,Leon Goretzka,de GER,"MF,DF",Bayern Munich,29,1995,14.7,2,0,0,12,11,0,5,20,11,0,0,0,77,31,26,54.4,Matches
143,Robin Gosens,de GER,DF,Union Berlin,30,1994,1.0,1,0,0,5,0,0,1,1,0,0,0,0,1,7,4,63.6,Matches
144,Mario Götze,de GER,"MF,FW",Eint Frankfurt,32,1992,17.1,1,0,0,15,15,1,39,7,28,0,0,0,104,3,10,23.1,Matches
145,Jeffrey Gouweleeuw,nl NED,DF,Augsburg,33,1991,32.7,9,0,0,22,13,2,17,35,28,0,1,0,141,62,35,63.9,Matches
146,Kamil Grabara,pl POL,GK,Wolfsburg,25,1999,28.7,2,0,0,0,3,0,0,0,0,0,0,0,43,8,0,100.0,Matches
147,Michael Gregoritsch,at AUT,FW,Freiburg,30,1994,7.1,2,0,0,7,5,4,1,1,2,0,0,0,18,31,34,47.7,Matches
148,Vincenzo Grifo,it ITA,"FW,MF",Freiburg,31,1993,27.0,2,0,0,15,12,2,155,9,22,0,0,0,134,15,16,48.4,Matches
149,Florian Grillitsch,at AUT,MF,Hoffenheim,28,1995,6.7,1,0,0,4,11,0,4,8,9,0,0,0,31,7,15,31.8,Matches
150,Álex Grimaldo,es ESP,DF,Leverkusen,28,1995,29.3,6,1,1,15,25,8,217,16,14,1,0,0,142,16,17,48.5,Matches
151,Pascal Groß,de GER,"MF,DF",Dortmund,33,1991,25.9,5,1,0,18,12,0,174,9,28,0,1,0,96,24,32,42.9,Matches
152,Marco Grüll,at AUT,"FW,MF",Werder Bremen,26,1998,13.1,1,0,0,22,31,6,21,3,9,1,0,0,43,5,19,20.8,Matches
153,Raphaël Guerreiro,pt POR,"DF,MF",Bayern Munich,30,1993,17.5,2,0,0,9,7,0,27,10,12,0,0,0,94,8,13,38.1,Matches
154,Morgan Guilavogui,gn GUI,"FW,MF",St. Pauli,26,1998,20.1,6,0,0,48,34,11,13,13,17,0,0,0,71,66,75,46.8,Matches
155,Serhou Guirassy,gn GUI,FW,Dortmund,28,1996,28.9,4,0,0,16,53,12,1,4,6,2,0,0,45,109,97,52.9,Matches
156,Péter Gulácsi,hu HUN,GK,RB Leipzig,34,1990,29.2,0,0,0,0,1,0,0,0,1,0,0,0,41,11,1,91.7,Matches
157,Robert Gumny,pl POL,DF,Augsburg,26,1998,3.0,2,0,0,4,4,0,5,1,3,0,0,0,11,3,3,50.0,Matches
158,Christian Günter,de GER,DF,Freiburg,31,1993,25.7,0,0,0,14,4,5,121,8,21,0,0,1,61,7,15,31.8,Matches
159,Janik Haberer,de GER,"MF,DF",Union Berlin,30,1994,18.8,1,0,0,22,15,3,15,17,29,0,0,0,83,15,29,34.1,Matches
160,Robin Hack,de GER,"FW,MF",Gladbach,25,1998,24.1,4,0,0,19,21,9,61,9,17,1,0,0,123,19,27,41.3,Matches
161,Amadou Haidara,ml MLI,MF,RB Leipzig,26,1998,14.7,7,0,0,23,8,0,12,18,17,0,0,0,88,30,28,51.7,Matches
162,Andreas Hanche-Olsen,no NOR,DF,Mainz 05,27,1997,14.3,4,1,1,20,9,0,1,12,13,0,1,0,44,49,28,63.6,Matches
163,Phil Harres,de GER,FW,Holstein Kiel,22,2002,17.2,3,0,0,35,20,5,6,5,10,0,0,0,40,54,65,45.4,Matches
164,Ramon Hendriks,nl NED,DF,Stuttgart,23,2001,12.8,3,0,0,12,14,0,12,19,9,0,0,0,40,29,19,60.4,Matches
165,Paul Hennrich,de GER,MF,Hoffenheim,19,2005,0.1,0,0,0,0,0,0,0,0,0,0,0,0,2,0,1,0.0,Matches
166,Benjamin Henrichs,de GER,DF,RB Leipzig,27,1997,10.4,3,0,0,13,9,0,19,15,16,0,0,0,60,8,5,61.5,Matches
167,Mario Hermoso,es ESP,DF,Leverkusen,29,1995,3.3,0,0,0,2,1,0,5,9,0,0,0,0,15,9,7,56.3,Matches
168,Piero Hincapié,ec ECU,DF,Leverkusen,22,2002,29.7,8,0,0,26,43,0,37,32,40,0,0,1,105,65,43,60.2,Matches
169,Adam Hložek,cz CZE,"FW,MF",Hoffenheim,22,2002,20.8,2,0,0,15,30,6,20,4,10,0,0,0,66,40,39,50.6,Matches
170,Nicolas Höfler,de GER,MF,Freiburg,34,1990,8.8,3,0,0,12,5,0,1,14,23,0,0,0,27,28,15,65.1,Matches
171,Jonas Hofmann,de GER,"MF,DF",Leverkusen,32,1992,4.0,1,0,0,1,9,0,5,0,0,0,0,0,11,0,4,0.0,Matches
172,Philipp Hofmann,de GER,FW,Bochum,31,1993,25.3,4,0,0,36,31,4,10,4,12,0,1,0,52,164,126,56.6,Matches
173,Lucas Höler,de GER,"FW,MF",Freiburg,30,1994,20.7,3,0,0,30,30,8,14,7,24,0,0,0,68,80,61,56.7,Matches
174,Benedict Hollerbach,de GER,"FW,MF",Union Berlin,23,2001,28.2,3,0,0,42,45,17,73,2,22,2,1,0,111,29,65,30.9,Matches
175,Lewis Holtby,de GER,MF,Holstein Kiel,33,1990,13.8,1,1,0,13,23,0,46,21,20,2,1,0,72,8,12,40.0,Matches
176,Gerrit Holtmann,ph PHI,"DF,FW",Bochum,29,1995,12.6,2,0,0,26,7,4,91,16,19,0,0,0,49,12,16,42.9,Matches
177,Franck Honorat,fr FRA,FW,Gladbach,27,1996,16.0,0,0,0,7,5,8,125,5,7,0,0,0,72,9,12,42.9,Matches
178,Mathias Honsak,at AUT,"FW,DF",Heidenheim,27,1996,13.1,1,0,0,14,13,2,50,10,8,0,0,0,55,22,21,51.2,Matches
179,Timo Horn,de GER,GK,Bochum,31,1993,13.0,2,0,0,0,2,0,0,0,0,0,0,0,25,3,0,100.0,Matches
180,Lukáš Hrádecký,fi FIN,GK,Leverkusen,34,1989,29.0,1,0,0,0,2,0,0,0,0,0,0,0,70,1,1,50.0,Matches
181,Robin Hranáč,cz CZE,DF,Hoffenheim,24,2000,2.4,0,0,0,5,0,0,0,5,0,0,0,0,12,5,9,35.7,Matches
182,Hong Hyunseok,kr KOR,MF,Mainz 05,25,1999,5.9,0,0,0,3,8,1,5,7,3,0,0,0,25,3,9,25.0,Matches
183,Oscar Højlund,dk DEN,MF,Eint Frankfurt,19,2005,8.0,0,0,0,12,3,0,1,5,12,0,0,0,40,7,17,29.2,Matches
184,Arijon Ibrahimović,de GER,FW,Bayern Munich,18,2005,0.0,0,0,0,0,0,0,0,0,0,0,0,0,0,0,0,,Matches
185,Andrej Ilic,rs SRB,FW,Union Berlin,24,2000,10.4,1,0,0,14,8,8,3,5,2,0,0,0,16,52,56,48.1,Matches
186,Jackson Irvine,au AUS,MF,St. Pauli,31,1993,29.0,2,0,0,38,16,2,18,36,28,0,1,0,125,85,65,56.7,Matches
187,Ko Itakura,jp JPN,DF,Gladbach,27,1997,31.0,5,0,0,28,12,1,9,28,29,0,1,0,95,65,35,65.0,Matches
188,Hiroki Ito,jp JPN,DF,Bayern Munich,25,1999,2.8,1,0,0,2,3,0,2,6,0,0,0,0,13,5,1,83.3,Matches
189,Marko Ivezić,rs SRB,DF,Holstein Kiel,22,2001,18.4,5,0,0,27,5,1,1,27,19,0,0,0,71,34,30,53.1,Matches
190,Lee Jae-sung,kr KOR,MF,Mainz 05,31,1992,29.4,4,0,0,23,40,9,31,35,21,2,1,0,119,50,72,41.0,Matches
191,Kristijan Jakić,hr CRO,MF,Augsburg,27,1997,25.6,2,0,0,23,28,3,13,28,23,0,0,0,133,35,30,53.8,Matches
192,Luca Jaquez,ch SUI,DF,Stuttgart,21,2003,2.8,0,0,0,4,0,0,1,3,0,0,0,0,11,4,2,66.7,Matches
193,Dominik Javorček,sk SVK,"DF,MF",Holstein Kiel,21,2002,4.3,2,0,0,7,6,1,20,5,0,0,0,0,7,3,7,30.0,Matches
194,Finn Jeltsch,de GER,DF,Stuttgart,18,2006,8.7,2,0,0,7,5,0,3,13,13,0,0,0,34,12,8,60.0,Matches
195,Fredrik Jensen,fi FIN,MF,Augsburg,26,1997,8.5,0,0,0,5,5,3,20,4,7,0,0,0,15,6,13,31.6,Matches
196,Moritz Jenz,de GER,DF,Mainz 05,25,1999,17.8,4,0,0,27,6,1,0,30,20,0,0,0,73,73,41,64.0,Matches
197,Carl Johansson,se SWE,DF,Holstein Kiel,30,1994,6.3,0,1,0,5,4,0,0,10,2,0,1,0,18,29,21,58.0,Matches
198,Anthony Jung,de GER,DF,Werder Bremen,32,1991,21.1,1,0,0,9,15,2,4,25,22,0,2,0,81,34,20,63.0,Matches
199,Josip Juranović,hr CRO,"DF,MF",Union Berlin,28,1995,12.9,4,0,0,8,6,1,78,7,13,0,0,0,62,4,5,44.4,Matches
200,David Jurásek,cz CZE,DF,Hoffenheim,23,2000,6.9,0,0,0,1,2,1,55,6,3,0,0,0,40,3,2,60.0,Matches
201,Yusuf Kabadayı,de GER,"FW,MF",Augsburg,20,2004,0.8,0,0,0,1,1,1,1,0,0,0,0,0,6,0,2,0.0,Matches
202,Almugera Kabar,de GER,DF,Dortmund,18,2006,1.5,2,1,1,2,2,0,1,1,3,0,0,0,4,2,3,40.0,Matches
203,Issa Kaboré,bf BFA,"DF,FW",Werder Bremen,23,2001,3.4,0,0,0,4,8,1,19,2,4,1,0,0,20,6,3,66.7,Matches
204,Pavel Kadeřábek,cz CZE,DF,Hoffenheim,32,1992,17.5,6,0,0,21,8,4,74,20,14,0,0,0,25,57,44,56.4,Matches
205,Jakub Kamiński,pl POL,"DF,MF",Wolfsburg,22,2002,12.6,2,0,0,10,3,0,50,13,8,1,0,1,52,7,19,26.9,Matches
206,Kevin Kampl,si SVN,MF,RB Leipzig,33,1990,17.7,5,0,0,20,7,1,29,24,18,0,0,0,100,3,13,18.8,Matches
207,Harry Kane,eng ENG,FW,Bayern Munich,31,1993,26.5,5,0,0,9,21,16,13,2,11,2,0,0,61,29,20,59.2,Matches
208,Atakan Karazor,tr TUR,MF,Stuttgart,27,1996,29.1,10,1,1,38,59,2,4,32,29,0,0,0,171,57,44,56.4,Matches
209,Mikkel Kaufmann,dk DEN,FW,Heidenheim,23,2001,4.1,2,0,0,5,14,0,1,2,4,1,0,0,13,17,19,47.2,Matches
210,Yannik Keitel,de GER,MF,Stuttgart,24,2000,3.0,1,0,0,2,6,0,2,4,6,0,0,0,7,4,4,50.0,Matches
211,Andu Kelati,de GER,"MF,DF",Holstein Kiel,21,2002,3.2,2,1,1,4,5,0,6,3,4,0,0,0,19,0,2,0.0,Matches
212,Thomas Keller,de GER,"DF,MF",Heidenheim,24,1999,1.6,2,0,0,6,4,0,0,4,5,0,0,0,3,4,4,50.0,Matches
213,Aljoscha Kemlein,de GER,MF,Union Berlin,19,2004,10.2,3,0,0,15,2,1,5,6,4,0,1,0,58,19,14,57.6,Matches
214,Luca Kerber,de GER,"MF,DF",Heidenheim,22,2002,8.7,4,0,0,22,8,0,3,5,16,0,0,0,27,11,17,39.3,Matches
215,Rani Khedira,de GER,MF,Union Berlin,30,1994,30.3,7,0,0,45,18,1,22,44,40,0,1,0,108,42,42,50.0,Matches
216,Joshua Kimmich,de GER,MF,Bayern Munich,29,1995,31.6,4,0,0,15,27,2,176,25,29,0,0,0,190,12,9,57.1,Matches
217,Tim Kleindienst,de GER,FW,Gladbach,28,1995,30.4,5,1,1,75,25,23,16,12,15,2,1,0,74,149,123,54.8,Matches
218,Lukas Klostermann,de GER,DF,RB Leipzig,28,1996,20.4,5,0,0,13,7,0,11,24,14,0,0,0,74,20,30,40.0,Matches
219,Ansgar Knauff,de GER,"MF,DF",Eint Frankfurt,22,2002,17.7,3,0,0,27,28,11,32,12,22,0,0,0,76,19,27,41.3,Matches
220,Magnus Knudsen,no NOR,MF,Holstein Kiel,23,2001,20.6,7,0,0,28,10,0,8,12,29,0,0,0,79,10,28,26.3,Matches
221,Gregor Kobel,ch SUI,GK,Dortmund,26,1997,32.0,1,0,0,0,2,0,0,1,0,0,0,0,61,5,0,100.0,Matches
222,Robin Koch,de GER,DF,Eint Frankfurt,28,1996,28.7,3,0,0,24,13,1,1,25,11,0,1,0,112,102,48,68.0,Matches
223,Derrick Köhn,gh GHA,"DF,FW",Werder Bremen,25,1999,14.9,2,0,0,14,19,4,58,10,10,0,0,0,57,8,13,38.1,Matches
224,Dominik Kohr,de GER,"DF,MF",Mainz 05,30,1994,25.5,11,1,0,46,36,1,16,42,46,0,2,0,99,38,34,52.8,Matches
225,Marco Komenda,hr CRO,DF,Holstein Kiel,27,1996,14.5,3,0,0,16,13,0,16,6,17,0,0,0,37,15,31,32.6,Matches
226,Mert Kömür,de GER,MF,Augsburg,19,2005,7.3,1,0,0,7,12,3,26,3,2,0,0,0,32,11,18,37.9,Matches
227,Kacper Koscierski,de GER,DF,Bochum,17,2007,0.1,0,0,0,0,0,0,0,0,0,0,0,0,0,0,0,,Matches
228,Henri Koudossou,de GER,DF,Augsburg,24,1999,8.3,1,0,0,7,5,2,24,15,10,0,0,0,39,8,7,53.3,Matches
229,Konstantinos Koulierakis,gr GRE,DF,Wolfsburg,20,2003,27.4,4,0,0,24,13,2,13,33,20,0,0,0,93,59,39,60.2,Matches
230,Matej Kovar,cz CZE,GK,Leverkusen,24,2000,5.0,0,0,0,0,1,0,0,0,0,0,0,0,6,1,1,50.0,Matches
231,Andrej Kramarić,hr CRO,"MF,FW",Hoffenheim,33,1991,30.7,4,0,0,12,28,9,116,7,8,0,0,0,136,8,23,25.8,Matches
232,Frans Krätzig,de GER,"DF,MF",Heidenheim,21,2003,13.5,1,0,0,7,4,4,38,17,18,0,1,0,60,3,4,42.9,Matches
233,Frans Krätzig,de GER,DF,Stuttgart,21,2003,0.6,0,0,0,1,0,0,1,0,1,0,0,0,3,1,0,100.0,Matches
234,Tom Krauß,de GER,MF,Bochum,23,2001,12.0,2,0,0,14,16,0,10,11,18,0,0,0,78,9,8,52.9,Matches
235,Rasmus Kristensen,dk DEN,DF,Eint Frankfurt,27,1997,27.9,4,0,0,24,12,0,59,20,33,0,0,0,121,44,30,59.5,Matches
236,Lukas Kübler,de GER,DF,Freiburg,31,1992,20.5,5,0,0,25,23,1,30,53,21,0,0,0,73,42,22,65.6,Matches
237,Jonah Kusi-Asare,se SWE,FW,Bayern Munich,17,2007,0.0,0,0,0,0,0,0,0,0,0,0,0,0,0,1,1,50.0,Matches
238,Moritz-Broni Kwarteng,gh GHA,"MF,FW",Bochum,26,1998,1.9,1,0,0,3,1,0,1,0,3,0,0,0,8,0,1,0.0,Matches
239,Nediljko Labrović,hr CRO,GK,Augsburg,24,1999,15.0,0,0,0,0,2,0,0,0,0,0,0,0,14,6,1,85.7,Matches
240,Konrad Laimer,at AUT,DF,Bayern Munich,27,1997,18.9,8,0,0,35,12,1,21,8,27,0,0,0,81,15,13,53.6,Matches
241,Stefan Lainer,at AUT,DF,Gladbach,31,1992,8.4,2,0,0,11,6,3,29,12,13,0,0,1,24,5,9,35.7,Matches
242,Hugo Larsson,se SWE,MF,Eint Frankfurt,20,2004,26.6,2,0,0,21,5,2,8,30,27,0,1,0,121,13,14,48.1,Matches
243,Diogo Leite,pt POR,DF,Union Berlin,25,1999,28.3,3,0,0,25,37,2,10,57,32,0,0,1,104,78,63,55.3,Matches
244,Maxim Leitsch,de GER,DF,Mainz 05,26,1998,7.5,2,0,0,10,4,0,3,10,4,0,0,0,36,19,30,38.8,Matches
245,Jamie Leweling,de GER,"MF,FW",Stuttgart,23,2001,18.5,4,0,0,17,29,4,58,11,6,2,0,0,73,6,4,60.0,Matches
246,Philipp Lienhart,at AUT,DF,Freiburg,28,1996,30.8,5,0,0,22,19,3,9,36,13,0,0,0,113,57,36,61.3,Matches
247,Marin Ljubicic,hr CRO,"FW,MF",Union Berlin,22,2002,3.1,1,0,0,9,8,1,1,0,1,0,0,0,12,3,11,21.4,Matches
248,Anthony Losilla,fr FRA,MF,Bochum,38,1986,12.6,1,0,0,18,9,1,4,18,16,0,0,0,45,29,23,55.8,Matches
249,Yannik Lührs,de GER,DF,Dortmund,20,2003,1.4,0,0,0,2,0,0,0,2,1,0,0,0,5,4,1,80.0,Matches
250,Castello Lukeba,fr FRA,DF,RB Leipzig,21,2002,17.5,2,0,0,12,15,0,11,17,17,0,0,0,74,26,13,66.7,Matches
251,Senne Lynen,be BEL,MF,Werder Bremen,25,1999,30.4,9,0,0,38,25,0,5,65,39,0,0,0,191,25,28,47.2,Matches
252,Shuto Machino,jp JPN,"FW,MF",Holstein Kiel,24,1999,21.7,2,0,0,19,25,9,35,7,5,0,0,0,50,27,42,39.1,Matches
253,Arne Maier,de GER,MF,Augsburg,25,1999,10.4,0,1,0,9,7,0,67,6,7,0,0,0,72,4,7,36.4,Matches
254,Patrick Mainka,de GER,DF,Heidenheim,29,1994,34.0,3,0,0,17,21,2,4,68,30,0,0,0,152,109,62,63.7,Matches
255,Lovro Majer,hr CRO,MF,Wolfsburg,26,1998,3.4,1,0,0,6,6,0,17,1,1,0,0,0,12,3,4,42.9,Matches
256,Jordy Makengo,fr FRA,DF,Freiburg,22,2001,8.3,1,0,0,5,6,2,25,7,9,0,0,0,26,5,6,45.5,Matches
257,Jarzinho Malanga,de GER,DF,Stuttgart,18,2006,0.0,0,0,0,0,0,0,0,0,0,0,0,0,0,0,0,,Matches
258,Julián Malatini,ar ARG,DF,Werder Bremen,23,2001,5.0,1,0,0,9,5,0,3,7,9,0,0,0,19,10,5,66.7,Matches
259,Donyell Malen,nl NED,"FW,MF",Dortmund,25,1999,6.8,1,0,0,2,7,3,13,3,0,0,0,0,15,1,3,25.0,Matches
260,Lennard Maloney,us USA,MF,Heidenheim,24,1999,8.4,1,0,0,11,4,1,1,14,11,0,0,0,40,16,12,57.1,Matches
261,Lennard Maloney,us USA,MF,Mainz 05,24,1999,0.3,1,0,0,2,0,0,0,0,1,0,0,0,1,2,0,100.0,Matches
262,Johan Manzambi,ch SUI,"FW,MF",Freiburg,18,2005,3.7,2,0,0,7,7,0,5,4,2,0,0,0,14,9,5,64.3,Matches
263,Omar Marmoush,eg EGY,FW,Eint Frankfurt,25,1999,16.1,2,0,0,8,55,7,78,2,8,1,0,0,51,7,14,33.3,Matches
264,Giorgos Masouras,gr GRE,"FW,MF",Bochum,30,1994,11.7,1,0,0,12,10,15,26,4,10,0,0,0,44,26,36,41.9,Matches
265,Erhan Mašović,rs SRB,DF,Bochum,25,1998,10.1,2,0,0,12,4,0,0,12,10,0,0,0,32,22,15,59.5,Matches
266,Igor Matanovic,hr CRO,FW,Eint Frankfurt,21,2003,3.5,0,0,0,6,11,1,0,1,0,0,0,0,8,10,15,40.0,Matches
267,Chrislain Matsima,fr FRA,DF,Augsburg,22,2002,28.3,4,0,0,10,10,1,3,52,20,0,1,1,143,68,28,70.8,Matches
268,Jean Mattéo Bahoya,fr FRA,"MF,FW",Eint Frankfurt,19,2005,10.2,3,0,0,9,7,2,31,4,18,0,0,0,51,13,7,65.0,Matches
269,Maurides,br BRA,FW,St. Pauli,30,1994,0.0,0,0,0,0,0,0,0,0,0,0,0,0,0,0,0,,Matches
270,Jakov Medić,hr CRO,DF,Bochum,25,1998,17.8,2,0,0,10,7,2,1,22,11,0,1,0,73,30,27,52.6,Matches
271,Connor Metcalfe,au AUS,"MF,FW",St. Pauli,24,1999,4.0,2,1,1,5,4,0,7,3,0,0,0,0,9,13,11,54.2,Matches
272,Karol Mets,ee EST,DF,St. Pauli,31,1993,10.0,1,0,0,7,5,0,3,12,8,0,1,0,35,24,10,70.6,Matches
273,Alexander Meyer,de GER,GK,Dortmund,33,1991,2.0,0,0,0,0,0,0,0,0,0,0,0,0,5,0,0,,Matches
274,Florian Micheler,at AUT,MF,Hoffenheim,19,2005,0.4,1,0,0,1,0,0,0,0,0,0,0,0,1,0,0,,Matches
275,Enzo Millot,fr FRA,"MF,FW",Stuttgart,22,2002,20.5,9,0,0,25,37,3,41,13,13,0,1,0,99,8,19,29.6,Matches
276,Kim Min-jae,kr KOR,DF,Bayern Munich,27,1996,25.4,2,0,0,25,4,0,0,37,20,0,0,0,153,82,43,65.6,Matches
277,Maximilian Mittelstädt,de GER,DF,Stuttgart,27,1997,27.4,5,0,0,24,38,2,164,47,54,0,0,0,119,24,19,55.8,Matches
278,Koji Miyoshi,jp JPN,"FW,MF",Bochum,27,1997,5.2,0,1,0,10,4,2,9,2,5,0,0,0,22,2,13,13.3,Matches
279,Max Moerstedt,de GER,FW,Hoffenheim,18,2006,5.0,2,0,0,6,10,1,1,0,5,0,0,0,11,16,22,42.1,Matches
280,David Mokwa,fr FRA,"DF,FW",Hoffenheim,20,2004,0.2,0,0,0,1,0,0,0,0,0,0,0,0,1,2,2,50.0,Matches
281,Steve Mounié,bj BEN,"FW,MF",Augsburg,29,1994,3.9,2,0,0,9,5,1,3,1,4,0,0,0,8,26,25,51.0,Matches
282,Nordi Mukiele,fr FRA,DF,Leverkusen,26,1997,10.0,4,0,0,6,14,1,13,16,16,0,0,1,46,16,17,48.5,Matches
283,Florian Müller,de GER,GK,Freiburg,26,1997,8.4,0,0,0,0,1,0,0,0,0,0,0,0,14,0,0,,Matches
284,Kevin Müller,de GER,GK,Heidenheim,33,1991,32.7,0,0,0,0,3,0,0,0,2,0,0,0,50,8,1,88.9,Matches
285,Marius Müller,de GER,GK,Wolfsburg,31,1993,5.3,0,0,0,0,0,0,0,0,0,0,0,0,7,4,0,100.0,Matches
286,Thomas Müller,de GER,"MF,FW",Bayern Munich,34,1989,13.6,3,0,0,14,12,3,46,2,5,0,0,0,24,19,29,39.6,Matches
287,Jamal Musiala,de GER,MF,Bayern Munich,21,2003,20.0,3,0,0,20,55,2,8,8,21,1,0,0,75,7,14,33.3,Matches
288,Florent Muslija,xk KVX,"FW,MF",Freiburg,26,1998,1.9,0,0,0,0,2,0,14,1,4,0,0,0,12,0,1,0.0,Matches
289,Phillipp Mwene,at AUT,DF,Mainz 05,30,1994,29.0,7,0,0,24,24,3,85,24,29,0,0,0,110,20,34,37.0,Matches
290,Joakim Mæhle,dk DEN,DF,Wolfsburg,27,1997,24.3,6,0,0,9,16,0,25,25,15,0,1,0,122,17,12,58.6,Matches
291,Nathan N'Goumou,cm CMR,FW,Gladbach,24,2000,9.2,0,0,0,7,12,7,22,4,11,1,0,0,21,9,17,34.6,Matches
292,Stanley N'Soki,fr FRA,DF,Hoffenheim,25,1999,14.5,3,1,0,12,6,0,1,26,16,0,0,2,79,22,14,61.1,Matches
293,Nikolas Nartey,dk DEN,MF,Stuttgart,24,2000,0.2,0,0,0,0,0,0,0,0,0,0,0,0,2,1,0,100.0,Matches
294,Paul Nebel,de GER,MF,Mainz 05,21,2002,26.1,5,1,1,37,36,5,111,13,24,0,0,0,124,17,58,22.7,Matches
295,Kosta Nedeljković,rs SRB,DF,RB Leipzig,18,2005,5.3,1,0,0,7,1,1,17,2,8,0,0,0,11,0,3,0.0,Matches
296,Ivan Nekić,hr CRO,DF,Holstein Kiel,23,2000,0.8,0,0,0,1,0,0,0,3,1,0,1,0,1,0,0,,Matches
297,David Nemeth,at AUT,DF,St. Pauli,23,2001,23.7,3,0,0,21,14,0,7,18,29,0,0,0,87,37,31,54.4,Matches
298,Luca Netz,de GER,DF,Gladbach,21,2003,10.8,2,0,0,8,6,1,16,10,14,0,0,0,42,11,14,44.0,Matches
299,Manuel Neuer,de GER,GK,Bayern Munich,38,1986,22.0,0,0,0,0,1,0,0,0,0,0,0,0,54,4,0,100.0,Matches
300,Florian Neuhaus,de GER,MF,Gladbach,27,1997,4.2,1,0,0,4,7,0,9,6,3,0,0,0,24,0,2,0.0,Matches
301,Moritz Nicolas,de GER,GK,Gladbach,26,1997,18.2,0,0,0,0,0,0,0,1,0,0,0,0,23,7,1,87.5,Matches
302,Julian Niehues,de GER,MF,Heidenheim,23,2001,1.7,1,0,0,1,2,0,0,0,1,0,0,0,4,3,4,42.9,Matches
303,Justin Njinmah,de GER,"FW,MF",Werder Bremen,23,2000,10.6,1,0,0,7,17,12,19,3,2,1,0,0,20,15,20,42.9,Matches
304,Niels Nkounkou,fr FRA,"DF,MF",Eint Frankfurt,23,2000,4.2,1,0,0,5,2,0,23,7,10,0,0,0,24,3,5,37.5,Matches
305,Felix Nmecha,de GER,MF,Dortmund,23,2000,16.8,3,0,0,22,26,0,6,23,22,1,1,0,85,23,20,53.5,Matches
306,Lukas Nmecha,de GER,"FW,MF",Wolfsburg,25,1998,5.2,1,0,0,7,17,0,6,2,0,0,0,0,15,16,12,57.1,Matches
307,Arnaud Nordin,fr FRA,"DF,MF",Mainz 05,26,1998,0.9,0,0,0,1,3,0,9,0,0,0,0,0,5,1,3,25.0,Matches
308,Alexander Nübel,de GER,GK,Stuttgart,27,1996,34.0,0,0,0,0,4,0,0,0,0,0,0,0,72,4,1,80.0,Matches
309,Antonio Nusa,no NOR,"MF,DF",RB Leipzig,19,2005,17.3,0,0,0,14,28,9,35,8,17,0,1,0,78,6,15,28.6,Matches
310,David Odogu,de GER,DF,Wolfsburg,18,2006,2.2,0,0,0,2,0,1,0,2,4,0,0,0,4,9,3,75.0,Matches
311,Tim Oermann,de GER,DF,Bochum,20,2003,24.6,0,0,0,16,8,0,14,22,31,0,0,0,99,27,37,42.2,Matches
312,Ifechukwu Ogbus,ch SUI,DF,Freiburg,18,2005,0.2,0,0,0,1,0,0,0,1,1,0,0,0,1,0,0,,Matches
313,Finn Ole Becker,de GER,MF,Hoffenheim,24,2000,7.4,1,0,0,5,7,0,8,10,5,0,0,0,50,7,2,77.8,Matches
314,Michael Olise,fr FRA,"FW,MF",Bayern Munich,22,2001,25.9,3,0,0,22,65,5,131,8,23,2,0,0,105,11,12,47.8,Matches
315,Jonas Omlin,ch SUI,GK,Gladbach,30,1994,10.9,0,1,0,1,1,0,0,0,0,0,0,0,21,2,0,100.0,Matches
316,Karim Onisiwo,at AUT,"MF,FW",Mainz 05,32,1992,1.2,0,0,0,3,2,1,2,0,1,0,0,0,4,3,6,33.3,Matches
317,Frank Onyeka,ng NGA,MF,Augsburg,26,1998,28.7,8,0,0,47,74,3,20,36,45,0,0,0,147,16,21,43.2,Matches
318,Loïs Openda,be BEL,"FW,MF",RB Leipzig,24,2000,27.3,5,1,1,29,77,27,27,5,4,4,0,0,54,19,31,38.0,Matches
319,Gift Orban,ng NGA,FW,Hoffenheim,22,2002,7.6,2,0,0,15,7,8,6,0,1,0,0,0,18,10,17,37.0,Matches
320,Willi Orban,hu HUN,DF,RB Leipzig,31,1992,24.7,4,2,0,23,14,4,5,21,21,0,1,0,122,104,46,69.3,Matches
321,Ivan Ordets,ua UKR,DF,Bochum,32,1992,20.7,6,0,0,22,19,2,0,41,8,0,0,0,77,95,45,67.9,Matches
322,Patrick Osterhage,de GER,MF,Freiburg,24,2000,25.2,6,1,1,25,22,5,20,18,29,0,0,0,106,31,36,46.3,Matches
323,Assan Ouedraogo,de GER,MF,RB Leipzig,18,2006,0.6,0,0,0,1,3,0,1,0,0,0,0,0,6,0,0,,Matches
324,Salih Özcan,tr TUR,MF,Wolfsburg,26,1998,3.9,0,0,0,5,6,0,8,7,2,0,0,0,27,5,4,55.6,Matches
325,Salih Özcan,tr TUR,MF,Dortmund,26,1998,4.3,0,0,0,11,7,1,3,11,7,0,0,0,33,15,8,65.2,Matches
326,Exequiel Palacios,ar ARG,MF,Leverkusen,25,1998,12.8,2,0,0,9,18,0,4,13,15,0,0,0,76,1,8,11.1,Matches
327,João Palhinha,pt POR,MF,Bayern Munich,29,1995,7.5,2,1,0,13,10,0,2,4,14,0,1,0,17,20,11,64.5,Matches
328,Mats Pannewig,de GER,MF,Bochum,19,2004,3.0,1,0,0,5,1,0,3,2,6,0,0,0,24,5,10,33.3,Matches
329,Kevin Paredes,us USA,DF,Wolfsburg,21,2003,1.4,1,0,0,1,4,0,1,1,1,0,0,0,7,1,1,50.0,Matches
330,Felix Passlack,de GER,"DF,MF",Bochum,26,1998,25.9,4,0,0,29,21,2,113,18,23,0,2,0,114,10,22,31.3,Matches
331,Aleksandar Pavlovic,de GER,MF,Bayern Munich,20,2004,16.1,2,0,0,17,9,0,5,5,21,0,0,0,72,12,10,54.5,Matches
332,Mads Pedersen,dk DEN,DF,Augsburg,27,1996,2.6,0,0,0,5,1,1,5,2,7,0,1,0,11,1,2,33.3,Matches
333,Jordan Pefok,us USA,FW,Union Berlin,28,1996,10.1,2,0,0,22,15,7,0,4,6,0,0,0,31,44,35,55.7,Matches
334,Daniel Peretz,il ISR,GK,Bayern Munich,24,2000,3.0,1,0,0,0,2,0,0,0,0,0,0,0,10,0,0,,Matches
335,Noah Pesch,hr CRO,FW,Gladbach,19,2005,0.1,0,0,0,1,0,0,0,0,0,0,0,0,1,0,0,,Matches
336,Luca Philipp,de GER,GK,Hoffenheim,23,2000,6.0,0,0,0,0,0,0,0,0,0,0,0,0,7,0,0,,Matches
337,Maximilian Philipp,de GER,"MF,FW",Freiburg,30,1994,0.2,0,0,0,0,0,0,0,0,0,0,0,0,0,0,2,0.0,Matches
338,Benedikt Pichler,at AUT,FW,Holstein Kiel,27,1997,8.7,1,0,0,14,16,13,11,2,2,0,0,0,15,41,31,56.9,Matches
339,Amos Pieper,de GER,DF,Werder Bremen,26,1998,16.6,3,0,0,11,11,0,4,24,17,0,0,0,56,40,40,50.0,Matches
340,Marvin Pieringer,de GER,"FW,MF",Heidenheim,24,1999,24.5,7,0,0,50,46,15,11,8,13,2,0,0,63,73,124,37.1,Matches
341,Alassane Pléa,fr FRA,"MF,FW",Gladbach,31,1993,21.1,3,0,0,17,33,8,45,2,3,1,0,0,66,15,32,31.9,Matches
342,Finn Porath,de GER,"DF,MF",Holstein Kiel,27,1997,21.9,3,0,0,31,37,0,84,21,26,0,0,0,79,26,25,51.0,Matches
343,Yussuf Poulsen,dk DEN,"FW,MF",RB Leipzig,30,1994,4.2,1,0,0,8,14,1,2,0,5,0,0,0,16,27,11,71.1,Matches
344,Alexander Prass,at AUT,DF,Hoffenheim,23,2001,17.4,1,0,0,17,25,0,54,9,23,1,0,0,92,15,19,44.1,Matches
345,David Preu,de GER,"MF,DF",Union Berlin,19,2004,1.3,1,0,0,1,1,1,4,0,1,0,0,0,4,0,3,0.0,Matches
346,Grischa Prömel,de GER,MF,Hoffenheim,29,1995,1.9,0,0,0,0,3,0,2,2,0,0,0,0,7,1,3,25.0,Matches
347,Ivan Prtajin,hr CRO,FW,Union Berlin,28,1996,1.8,0,0,0,1,1,2,3,0,2,0,0,0,4,10,17,37.0,Matches
348,Tymoteusz Puchacz,pl POL,DF,Holstein Kiel,25,1999,4.4,0,0,0,2,7,1,37,3,4,0,0,0,32,4,4,50.0,Matches
349,Leopold Querfeld,at AUT,DF,Union Berlin,20,2003,19.4,8,0,0,20,13,0,0,19,12,0,1,0,66,65,54,54.6,Matches
350,Grant Ranos,am ARM,FW,Gladbach,21,2003,0.2,1,0,0,1,0,0,0,0,0,0,0,0,0,0,1,0.0,Matches
351,David Raum,de GER,DF,RB Leipzig,26,1998,19.8,5,0,0,23,10,6,188,9,28,0,0,0,92,13,20,39.4,Matches
352,Rocco Reitz,de GER,MF,Gladbach,22,2002,20.3,1,0,0,20,38,0,22,53,24,0,0,0,94,18,16,52.9,Matches
353,Nicolai Remberg,de GER,MF,Holstein Kiel,24,2000,26.9,11,0,0,43,46,2,8,29,25,0,0,2,101,86,52,62.3,Matches
354,Elvis Rexhbeçaj,xk KVX,MF,Augsburg,26,1997,19.8,8,0,0,13,42,1,71,16,19,0,0,0,85,10,19,34.5,Matches
355,Gio Reyna,us USA,MF,Dortmund,21,2002,3.9,3,0,0,8,3,0,15,0,0,0,0,0,19,7,6,53.8,Matches
356,Fabian Rieder,ch SUI,"MF,FW",Stuttgart,22,2002,9.6,1,0,0,14,11,0,39,10,14,1,0,0,45,4,13,23.5,Matches
357,Lasse Rieß,de GER,GK,Mainz 05,23,2001,2.0,0,0,0,0,0,0,0,0,0,0,0,0,4,0,0,,Matches
358,Lars Ritzka,de GER,"DF,MF",St. Pauli,26,1998,10.2,1,0,0,10,6,1,19,11,29,0,0,0,35,7,22,24.1,Matches
359,Mads Roerslev,dk DEN,DF,Wolfsburg,25,1999,3.3,0,0,0,2,3,0,7,5,9,0,0,0,8,2,7,22.2,Matches
360,Merlin Röhl,de GER,"MF,FW",Freiburg,22,2002,10.7,2,0,0,21,19,0,12,6,10,0,0,0,49,14,34,29.2,Matches
361,Lasse Rosenboom,de GER,DF,Holstein Kiel,22,2002,19.3,3,0,0,19,12,0,18,19,35,0,0,0,57,30,39,43.5,Matches
362,Max Rosenfelder,de GER,DF,Freiburg,21,2003,13.9,2,0,0,9,14,1,9,7,17,0,2,0,60,12,22,35.3,Matches
363,Tom Rothe,de GER,"DF,MF",Union Berlin,19,2004,18.6,4,1,0,25,11,2,46,18,28,1,0,0,77,43,44,49.4,Matches
364,Anthony Rouault,fr FRA,DF,Stuttgart,23,2001,13.5,1,0,0,18,8,0,1,19,11,0,0,0,63,33,21,61.1,Matches
365,Jérôme Roussillon,fr FRA,"DF,MF",Union Berlin,31,1993,1.5,0,0,0,1,3,0,10,2,0,0,0,0,2,2,2,50.0,Matches
366,Julian Ryerson,no NOR,DF,Dortmund,26,1997,25.1,6,1,1,31,23,0,110,22,30,0,0,0,120,10,23,30.3,Matches
367,Frederik Rønnow,dk DEN,GK,Union Berlin,31,1992,28.0,2,0,0,0,4,0,0,0,0,0,0,0,32,15,0,100.0,Matches
368,Elias Saad,tn TUN,"FW,MF",St. Pauli,24,1999,10.0,1,0,0,17,24,7,14,3,13,0,0,0,43,8,22,26.7,Matches
369,Marcel Sabitzer,at AUT,MF,Dortmund,30,1994,18.0,3,0,0,12,9,0,23,10,19,0,0,0,58,17,13,56.7,Matches
370,Faik Sakar,de GER,MF,RB Leipzig,16,2008,0.0,0,0,0,0,0,0,0,0,0,0,0,0,0,0,0,,Matches
371,Manolis Saliakas,gr GRE,"MF,DF",St. Pauli,27,1996,25.7,4,0,0,16,15,0,82,20,22,1,0,0,84,14,11,56.0,Matches
372,Roland Sallai,hu HUN,"FW,MF",Freiburg,27,1997,0.5,0,0,0,0,1,0,4,1,1,0,0,0,0,0,1,0.0,Matches
373,Diadie Samassékou,ml MLI,MF,Hoffenheim,28,1996,3.2,0,0,0,5,4,0,0,5,5,0,0,0,18,3,6,33.3,Matches
374,Philipp Sander,de GER,MF,Gladbach,26,1998,15.6,2,0,0,16,7,0,22,23,17,0,0,0,82,32,19,62.7,Matches
375,James Sands,us USA,"MF,DF",St. Pauli,24,2000,5.0,1,0,0,11,5,1,2,5,6,0,0,0,21,17,8,68.0,Matches
376,Leroy Sané,de GER,FW,Bayern Munich,28,1996,18.2,2,0,0,16,25,6,51,7,15,1,0,0,82,7,6,53.8,Matches
377,Kaishu Sano,jp JPN,MF,Mainz 05,23,2000,33.8,3,0,0,16,33,2,11,65,36,0,0,0,190,83,74,52.9,Matches
378,Kauã Santos,br BRA,GK,Eint Frankfurt,21,2003,8.5,0,0,0,0,2,0,0,0,0,0,0,1,19,7,0,100.0,Matches
379,Joe Scally,us USA,DF,Gladbach,21,2002,28.6,6,0,0,23,48,1,50,16,32,0,1,0,97,24,28,46.2,Matches
380,András Schäfer,hu HUN,MF,Union Berlin,25,1999,17.0,3,0,0,27,33,0,17,22,26,0,0,0,72,28,19,59.6,Matches
381,Patrik Schick,cz CZE,FW,Leverkusen,28,1996,18.7,4,0,0,24,23,7,1,4,5,1,0,0,29,45,55,45.0,Matches
382,Stefan Schimmer,de GER,"FW,MF",Heidenheim,30,1994,2.7,1,0,0,2,1,2,3,0,0,0,0,0,9,3,15,16.7,Matches
383,Xaver Schlager,at AUT,MF,RB Leipzig,26,1997,2.0,1,0,0,4,3,0,1,0,2,0,0,0,8,0,4,0.0,Matches
384,Keven Schlotterbeck,de GER,DF,Augsburg,27,1997,14.4,4,1,1,10,11,1,3,15,17,0,2,0,55,40,18,69.0,Matches
385,Nico Schlotterbeck,de GER,DF,Dortmund,24,1999,22.0,7,2,1,18,19,0,14,22,24,0,1,0,157,52,27,65.8,Matches
386,Romano Schmid,at AUT,MF,Werder Bremen,24,2000,31.5,4,0,0,28,42,3,145,11,25,1,0,0,167,23,28,45.1,Matches
387,Jan Schöppner,de GER,MF,Heidenheim,25,1999,29.8,8,0,0,32,20,2,12,43,30,0,0,0,130,57,60,48.7,Matches
388,Marvin Schulz,de GER,"MF,DF",Holstein Kiel,29,1995,3.4,3,0,0,6,1,0,12,0,5,0,1,0,18,2,4,33.3,Matches
389,Alexander Schwolow,de GER,GK,Union Berlin,32,1992,6.0,0,0,0,0,0,0,0,0,0,0,0,0,10,1,0,100.0,Matches
390,Léo Scienza,br BRA,"FW,MF",Heidenheim,25,1998,12.8,1,0,0,16,63,5,81,5,12,0,0,0,53,3,13,18.8,Matches
391,Nicolas Seiwald,at AUT,"MF,DF",RB Leipzig,23,2001,23.2,2,0,0,27,2,0,46,31,31,0,0,0,125,24,34,41.4,Matches
392,Benjamin Šeško,si SVN,"FW,MF",RB Leipzig,21,2003,26.4,2,1,1,26,20,18,7,5,3,0,0,0,62,70,49,58.8,Matches
393,Armindo Sieb,de GER,"FW,MF",Mainz 05,21,2003,8.5,2,0,0,13,13,10,6,1,4,0,0,0,29,15,25,37.5,Matches
394,Tim Siersleben,de GER,DF,Heidenheim,24,2000,13.1,4,0,0,16,7,0,10,20,14,0,1,0,37,20,21,48.8,Matches
395,Kiliann Sildillia,fr FRA,DF,Freiburg,22,2002,8.9,2,0,0,10,9,1,19,11,10,0,1,0,33,21,22,48.8,Matches
396,André Silva,pt POR,FW,Werder Bremen,28,1995,4.2,1,0,0,4,7,2,4,0,2,0,0,0,10,12,12,50.0,Matches
397,André Silva,pt POR,"FW,MF",RB Leipzig,28,1995,1.5,0,0,0,0,2,0,0,1,1,0,0,0,7,1,5,16.7,Matches
398,Mohamed Simakan,fr FRA,DF,RB Leipzig,24,2000,0.6,0,0,0,0,1,0,1,2,0,0,0,0,3,3,1,75.0,Matches
399,Xavi Simons,nl NED,MF,RB Leipzig,21,2003,23.9,5,0,0,24,56,5,79,12,21,0,0,0,128,19,26,42.2,Matches
400,Danel Sinani,lu LUX,"FW,MF",St. Pauli,27,1997,13.9,3,0,0,25,14,4,67,1,11,0,0,0,52,10,32,23.8,Matches
401,Tobias Sippel,de GER,GK,Gladbach,36,1988,0.7,0,0,0,0,0,0,0,0,0,0,0,0,0,0,0,,Matches
402,Ibrahima Sissoko,ml MLI,MF,Bochum,26,1997,29.0,11,1,1,75,29,2,21,36,44,1,1,0,154,76,54,58.5,Matches
403,Tim Skarke,de GER,"FW,MF",Union Berlin,27,1996,12.9,1,0,0,10,15,10,29,5,11,0,0,0,56,10,40,20.0,Matches
404,Ellyes Skhiri,tn TUN,MF,Eint Frankfurt,29,1995,24.8,6,0,0,22,19,2,3,31,22,0,0,0,105,19,19,50.0,Matches
405,Leo Skiri Østigård,no NOR,DF,Hoffenheim,24,1999,10.3,0,1,0,19,5,1,2,9,7,0,1,1,44,60,32,65.2,Matches
406,Andreas Skov Olsen,dk DEN,"FW,MF",Wolfsburg,24,1999,5.9,0,0,0,2,3,2,29,2,6,0,0,0,18,3,3,50.0,Matches
407,Robert Skov,dk DEN,"DF,MF",Union Berlin,28,1996,9.5,1,0,0,14,10,1,61,8,11,0,0,0,43,9,9,50.0,Matches
408,Steven Skrzybski,de GER,"MF,FW",Holstein Kiel,31,1992,14.7,0,0,0,16,22,2,31,11,6,0,0,0,58,6,19,24.0,Matches
409,Eric Smith,se SWE,"DF,MF",St. Pauli,27,1997,31.4,7,0,0,27,24,3,102,37,29,0,0,0,139,30,37,44.8,Matches
410,Anton Stach,de GER,"MF,DF",Hoffenheim,25,1998,28.7,8,0,0,38,34,0,24,46,46,0,0,0,171,53,41,56.4,Matches
411,Jens Stage,dk DEN,MF,Werder Bremen,27,1996,24.5,10,0,0,38,30,4,23,18,30,0,0,0,114,34,26,56.7,Matches
412,Josip Stanišić,hr CRO,DF,Bayern Munich,24,2000,9.7,0,0,0,2,4,0,11,6,11,0,0,0,64,11,6,64.7,Matches
413,Niklas Stark,de GER,DF,Werder Bremen,29,1995,23.4,6,1,1,30,28,2,3,36,21,0,0,0,73,48,31,60.8,Matches
414,Pascal Stenzel,de GER,DF,Stuttgart,28,1996,3.2,0,0,0,4,2,0,25,2,2,0,0,0,11,3,6,33.3,Matches
415,Leonidas Stergiou,ch SUI,DF,Stuttgart,22,2002,9.5,0,1,0,6,0,1,13,14,13,0,0,0,35,6,8,42.9,Matches
416,Finley Stevens,wls WAL,DF,St. Pauli,21,2003,0.0,0,0,0,0,0,0,0,0,0,0,0,0,0,0,0,,Matches
417,Angelo Stiller,de GER,MF,Stuttgart,23,2001,30.5,6,0,0,21,48,1,95,26,27,1,0,1,140,18,28,39.1,Matches
418,Kevin Stöger,at AUT,MF,Gladbach,30,1993,17.2,3,0,0,22,40,1,116,16,21,0,0,0,75,5,15,25.0,Matches
419,Niklas Süle,de GER,DF,Dortmund,28,1995,11.7,1,0,0,5,2,0,1,4,12,0,1,0,53,12,6,66.7,Matches
420,Mattias Svanberg,se SWE,MF,Wolfsburg,25,1999,13.5,4,0,0,16,22,0,35,15,10,0,0,0,48,12,20,37.5,Matches
421,Daniel Svensson,se SWE,"DF,FW",Dortmund,22,2002,8.7,0,0,0,4,7,1,36,5,11,0,0,0,31,6,15,28.6,Matches
422,Haris Tabakovic,ba BIH,FW,Hoffenheim,30,1994,9.1,0,0,0,15,8,11,4,1,1,0,0,0,13,45,37,54.9,Matches
423,Jonathan Tah,de GER,DF,Leverkusen,28,1996,33.0,3,0,0,16,5,0,6,36,12,0,0,0,165,77,23,77.0,Matches
424,Edmond Tapsoba,bf BFA,DF,Leverkusen,25,1999,27.9,4,0,0,34,6,1,8,24,24,0,1,1,124,54,32,62.8,Matches
425,Mathys Tel,fr FRA,"FW,MF",Bayern Munich,19,2005,2.8,0,0,0,5,6,1,5,1,2,0,0,0,10,1,0,100.0,Matches
426,Nathan Tella,ng NGA,"MF,FW",Leverkusen,25,1999,15.1,1,0,0,22,32,10,25,4,11,0,0,0,37,11,25,30.6,Matches
427,Martin Terrier,fr FRA,"MF,FW",Leverkusen,27,1997,6.5,1,0,0,2,9,2,5,1,2,0,0,0,8,11,13,45.8,Matches
428,Arthur Theate,be BEL,DF,Eint Frankfurt,24,2000,30.0,6,1,1,14,23,1,26,39,25,0,0,0,123,54,44,55.1,Matches
429,Norman Theuerkauf,de GER,MF,Heidenheim,37,1987,0.2,0,0,0,1,0,0,0,0,0,0,0,0,0,0,0,,Matches
430,Denis Thomalla,de GER,MF,Heidenheim,31,1992,0.0,0,0,0,0,0,0,0,0,0,0,0,0,1,0,0,,Matches
431,Phillip Tietz,de GER,FW,Augsburg,27,1997,18.7,4,0,0,36,12,16,1,5,6,0,0,0,48,78,85,47.9,Matches
432,Umut Tohumcu,de GER,"MF,FW",Hoffenheim,19,2004,4.2,3,0,0,6,6,0,8,3,5,0,0,0,13,0,1,0.0,Matches
433,John Tolkin,us USA,"DF,MF",Holstein Kiel,22,2002,8.2,0,0,0,2,9,0,38,8,11,0,0,0,21,8,6,57.1,Matches
434,Tiago Tomás,pt POR,"FW,MF",Wolfsburg,22,2002,20.9,7,0,0,30,48,6,22,9,19,1,0,0,74,9,30,23.1,Matches
435,Keke Topp,de GER,"FW,MF",Werder Bremen,20,2004,2.8,1,0,0,8,6,2,6,1,1,0,0,0,15,10,15,40.0,Matches
436,Bazoumana Touré,ci CIV,"FW,MF",Hoffenheim,18,2006,6.8,1,0,0,13,3,7,24,3,10,0,0,0,27,12,17,41.4,Matches
437,Lucas Tousart,fr FRA,MF,Union Berlin,27,1997,6.2,2,0,0,11,6,0,2,7,9,0,0,0,32,20,15,57.1,Matches
438,Omar Traoré,de GER,DF,Heidenheim,26,1998,29.1,7,0,0,23,37,1,107,21,26,0,1,0,136,15,24,38.5,Matches
439,Kevin Trapp,de GER,GK,Eint Frankfurt,34,1990,25.5,0,0,0,0,1,0,0,0,0,0,0,0,52,4,3,57.1,Matches
440,Philipp Treu,de GER,"MF,DF",St. Pauli,23,2000,32.0,2,0,0,20,36,3,60,19,42,0,0,1,147,21,36,36.8,Matches
441,Christopher Trimmel,at AUT,"DF,MF",Union Berlin,37,1987,19.3,5,0,0,14,5,1,111,18,25,0,0,0,63,23,13,63.9,Matches
442,Tuta,br BRA,"DF,MF",Eint Frankfurt,25,1999,25.3,8,0,0,30,9,0,3,40,27,0,0,1,120,45,44,50.6,Matches
443,Lukas Ullrich,de GER,DF,Gladbach,20,2004,21.1,4,0,0,22,17,0,47,23,16,0,2,0,73,14,19,42.4,Matches
444,Sven Ulreich,de GER,GK,Bayern Munich,35,1988,1.0,0,0,0,0,0,0,0,0,0,0,0,0,2,0,0,,Matches
445,Deniz Undav,de GER,"FW,MF",Stuttgart,28,1996,19.2,4,0,0,25,22,12,11,3,10,0,0,0,48,21,31,40.4,Matches
446,Dayot Upamecano,fr FRA,DF,Bayern Munich,25,1998,19.5,6,0,0,20,11,0,6,34,22,0,0,0,115,59,42,58.4,Matches
447,Jonas Urbig,de GER,GK,Bayern Munich,20,2003,8.0,0,0,0,0,0,0,0,0,0,0,0,0,25,2,0,100.0,Matches
448,Can Uzun,tr TUR,"MF,FW",Eint Frankfurt,18,2005,7.5,1,0,0,8,16,0,18,1,4,0,0,0,31,5,3,62.5,Matches
449,Josha Vagnoman,de GER,"DF,MF",Stuttgart,23,2000,20.4,4,0,0,18,20,0,43,14,14,0,1,0,92,22,20,52.4,Matches
450,Siebe Van Der Heyden,be BEL,"DF,MF",St. Pauli,26,1998,9.7,4,1,1,16,9,0,18,17,10,0,2,0,32,31,17,64.6,Matches
451,Maarten Vandevoordt,be BEL,GK,RB Leipzig,22,2002,4.8,0,0,0,0,0,0,0,0,0,0,0,0,13,1,0,100.0,Matches
452,Ruben Vargas,ch SUI,"MF,FW",Augsburg,25,1998,3.4,3,0,0,5,3,0,12,2,1,0,0,0,14,3,5,37.5,Matches
453,Nikola Vasilj,ba BIH,GK,St. Pauli,28,1995,33.0,2,1,1,1,1,0,0,0,0,0,1,0,54,9,0,100.0,Matches
454,Denis Vavro,sk SVK,DF,Wolfsburg,28,1996,27.3,4,0,0,7,5,0,8,37,13,0,0,0,89,80,34,70.2,Matches
455,Miloš Veljković,rs SRB,DF,Werder Bremen,28,1995,11.4,1,0,0,5,3,2,9,2,5,0,1,0,32,24,18,57.1,Matches
456,Nikolas Veratschnig,at AUT,"DF,MF",Mainz 05,21,2003,4.0,1,0,0,9,6,4,7,5,6,0,0,0,12,2,10,16.7,Matches
457,Arthur Vermeeren,be BEL,MF,RB Leipzig,19,2005,17.5,7,0,0,22,1,0,3,23,19,0,0,0,94,8,20,28.6,Matches
458,Yorbe Vertessen,be BEL,"MF,FW",Union Berlin,23,2001,8.0,2,0,0,14,17,2,23,3,3,0,0,0,32,6,11,35.3,Matches
459,Gabriel Vidovic,hr CRO,MF,Bayern Munich,20,2003,0.3,0,0,0,0,1,0,0,0,0,0,0,0,1,0,1,0.0,Matches
460,Gabriel Vidovic,hr CRO,MF,Mainz 05,20,2003,0.0,0,0,0,0,1,0,0,0,0,0,0,0,0,0,0,,Matches
461,Kevin Vogt,de GER,DF,Union Berlin,32,1991,15.2,6,0,0,10,7,0,0,9,8,0,1,0,90,14,13,51.9,Matches
462,Kevin Volland,de GER,"FW,MF",Union Berlin,32,1992,0.7,1,0,0,3,0,0,0,0,0,0,0,0,2,3,1,75.0,Matches
463,Aster Vranckx,be BEL,MF,Wolfsburg,21,2002,6.2,1,0,0,12,11,0,3,10,6,0,0,0,22,7,14,33.3,Matches
464,Robert Wagner,de GER,MF,St. Pauli,21,2003,4.5,1,0,0,6,5,0,2,2,3,0,0,0,22,5,7,41.7,Matches
465,Elye Wahi,fr FRA,"FW,MF",Eint Frankfurt,21,2003,2.2,1,0,0,2,3,4,5,0,0,0,0,0,8,2,8,20.0,Matches
466,Hauke Wahl,de GER,DF,St. Pauli,30,1994,33.0,1,0,0,13,15,2,8,31,27,0,0,0,129,47,50,48.5,Matches
467,Paul Wanner,de GER,"MF,FW",Heidenheim,18,2005,19.7,2,0,0,23,18,1,52,4,27,0,0,0,90,12,18,40.0,Matches
468,Kjell-Arik Wätjen,de GER,MF,Dortmund,18,2006,0.2,0,0,0,0,1,0,0,0,0,0,0,0,2,0,0,,Matches
469,Julian Weigl,de GER,MF,Gladbach,28,1995,32.0,8,0,0,23,24,0,11,48,25,0,3,0,133,39,19,67.2,Matches
470,Timon Weiner,de GER,GK,Holstein Kiel,25,1999,25.0,4,0,0,1,3,0,0,0,0,0,1,0,43,11,1,91.7,Matches
471,Nelson Weiper,de GER,"FW,MF",Mainz 05,19,2005,7.8,2,0,0,19,1,8,6,2,4,0,0,0,20,34,44,43.6,Matches
472,Mitchell Weiser,de GER,"DF,MF",Werder Bremen,30,1994,31.9,9,1,1,30,45,1,78,22,40,0,0,0,152,31,50,38.3,Matches
473,Noah Weißhaupt,de GER,"FW,MF",St. Pauli,22,2001,12.9,0,0,0,10,42,6,72,2,4,0,0,0,51,15,19,44.1,Matches
474,Noah Weißhaupt,de GER,FW,Freiburg,22,2001,0.9,0,0,0,1,6,0,8,0,0,0,0,0,3,0,0,,Matches
475,Silvan Widmer,ch SUI,DF,Mainz 05,31,1993,5.6,3,0,0,5,4,2,12,5,5,0,0,0,16,12,14,46.2,Matches
476,Patrick Wimmer,at AUT,"MF,FW",Wolfsburg,23,2001,19.7,5,1,0,36,40,6,42,32,35,0,0,0,92,36,49,42.4,Matches
477,Jonas Wind,dk DEN,"FW,MF",Wolfsburg,25,1999,21.8,2,0,0,15,40,4,7,6,6,0,0,0,59,98,100,49.5,Matches
478,Florian Wirtz,de GER,"MF,FW",Leverkusen,21,2003,26.1,3,0,0,22,39,11,101,10,20,1,0,0,113,9,36,20.0,Matches
479,Dani de Wit,nl NED,"MF,FW",Bochum,26,1998,12.8,1,0,0,24,12,8,8,12,17,2,0,0,36,41,48,46.1,Matches
480,Maximilian Wittek,de GER,DF,Bochum,28,1995,30.1,8,0,0,34,34,0,164,27,42,0,0,0,115,23,23,50.0,Matches
481,Marius Wolf,de GER,DF,Augsburg,29,1995,23.8,2,0,0,19,14,4,115,24,16,0,0,0,82,8,8,50.0,Matches
482,Nick Woltemade,de GER,"FW,MF",Stuttgart,22,2002,18.0,5,1,1,24,35,6,6,1,7,0,0,0,53,47,62,43.1,Matches
483,Jeong Woo-yeong,kr KOR,"MF,FW",Union Berlin,24,1999,14.0,2,0,0,16,15,4,36,11,7,0,0,0,68,14,27,34.1,Matches
484,Granit Xhaka,ch SUI,MF,Leverkusen,31,1992,32.1,3,0,0,33,34,0,30,12,26,0,0,1,179,41,26,61.2,Matches
485,Erencan Yardimci,tr TUR,"FW,MF",Hoffenheim,22,2002,3.5,2,0,0,8,5,5,1,1,3,0,0,0,4,17,29,37.0,Matches
486,Dan-Axel Zagadou,fr FRA,"DF,MF",Stuttgart,25,1999,0.3,1,0,0,1,0,0,0,1,0,0,0,0,0,0,0,,Matches
487,David Zec,si SVN,DF,Holstein Kiel,24,2000,17.1,5,0,0,21,7,3,1,17,10,0,0,0,76,35,47,42.7,Matches
488,Robin Zentner,de GER,GK,Mainz 05,29,1994,32.0,3,0,0,1,2,0,0,0,1,0,1,0,56,8,0,100.0,Matches
489,Cedric Zesiger,ch SUI,DF,Augsburg,26,1998,13.6,7,1,1,15,7,0,13,21,7,0,0,0,57,27,19,58.7,Matches
490,Cedric Zesiger,ch SUI,DF,Wolfsburg,26,1998,5.8,4,0,0,14,5,0,3,3,8,0,1,0,16,3,10,23.1,Matches
491,Michael Zetterer,de GER,GK,Werder Bremen,29,1995,34.0,2,0,0,0,6,0,0,1,0,0,0,0,42,8,1,88.9,Matches
492,Budu Zivzivadze,ge GEO,FW,Heidenheim,30,1994,10.6,0,0,0,9,15,6,4,3,11,0,0,0,33,23,63,26.7,Matches
