Unnamed: 0_level_0_Rk,Unnamed: 1_level_0_Player,Unnamed: 2_level_0_Nation,Unnamed: 3_level_0_Pos,Unnamed: 4_level_0_Squad,Unnamed: 5_level_0_Age,Unnamed: 6_level_0_Born,Unnamed: 7_level_0_90s,Tackles_Tkl,Tackles_TklW,Tackles_Def 3rd,Tackles_Mid 3rd,Tackles_Att 3rd,Challenges_Tkl,Challenges_Att,Challenges_Tkl%,Challenges_Lost,Blocks_Blocks,Blocks_Sh,Blocks_Pass,Unnamed: 20_level_0_Int,Unnamed: 21_level_0_Tkl+Int,Unnamed: 22_level_0_Clr,Unnamed: 23_level_0_Err,Unnamed: 24_level_0_Matches
1,Abner,br BRA,DF,Betis,22,2000,6.7,12,9,9,2,1,7,16,43.8,9,8,2,6,8,20,24,0,Matches
2,Álvaro Aceves,es ESP,GK,Valladolid,19,2003,0.1,0,0,0,0,0,0,0,,0,0,0,0,0,0,0,0,Matches
3,Marcos Acuña,ar ARG,DF,Sevilla,30,1991,21.2,57,36,34,17,6,30,42,71.4,12,16,5,11,23,80,36,0,Matches
4,Julen Agirrezabala,es ESP,GK,Athletic Club,21,2000,7.5,0,0,0,0,0,0,0,,0,0,0,0,0,0,2,0,Matches
5,Álvaro Aguado,es ESP,MF,Valladolid,26,1996,21.0,27,15,13,11,3,15,25,60.0,10,16,4,12,13,40,15,0,Matches
6,Joseph Aidoo,gh GHA,DF,Celta Vigo,26,1995,34.7,51,36,33,17,1,16,28,57.1,12,26,14,12,31,82,150,0,Matches
7,Sergio Akieme,es ESP,DF,Almería,24,1997,25.5,27,16,19,6,2,12,22,54.5,10,22,6,16,14,41,41,0,Matches
8,Babatunde Akinsola,ng NGA,FW,Valladolid,19,2003,0.1,1,1,0,0,1,0,0,,0,0,0,0,0,1,0,0,Matches
9,Paul Akouokou,ci CIV,"MF,DF",Betis,24,1997,5.0,16,9,13,3,0,13,20,65.0,7,2,2,0,12,28,17,1,Matches
10,David Alaba,at AUT,DF,Real Madrid,30,1992,20.4,15,11,8,4,3,9,15,60.0,6,18,9,9,14,29,37,1,Matches
11,Ángel Alarcón,es ESP,"FW,MF",Barcelona,18,2004,0.3,0,0,0,0,0,0,2,0.0,2,0,0,0,0,0,0,0,Matches
12,Tomás Alarcón,cl CHI,MF,Cádiz,23,1999,2.5,3,2,0,2,1,1,2,50.0,1,1,0,1,2,5,2,0,Matches
13,Jordi Alba,es ESP,DF,Barcelona,33,1989,15.8,25,18,13,11,1,12,28,42.9,16,12,5,7,11,36,23,0,Matches
14,Raúl Albiol,es ESP,DF,Villarreal,36,1985,23.5,25,17,17,6,2,14,18,77.8,4,17,13,4,14,39,111,0,Matches
15,Rubén Alcaraz,es ESP,MF,Cádiz,31,1991,22.7,43,31,24,18,1,19,54,35.2,35,23,8,15,19,62,37,0,Matches
16,Omar Alderete,py PAR,DF,Getafe,25,1996,22.7,35,20,21,14,0,28,40,70.0,12,23,16,7,26,61,85,0,Matches
17,Iván Alejo,es ESP,"MF,FW",Cádiz,27,1995,14.6,32,21,19,9,4,17,37,45.9,20,18,3,15,5,37,12,1,Matches
18,Carles Aleñá,es ESP,"MF,FW",Getafe,24,1998,23.5,18,10,7,5,6,5,34,14.7,29,19,1,18,4,22,18,0,Matches
19,Alejandro Alfaro,es ESP,MF,Elche,20,2002,0.2,0,0,0,0,0,0,0,,0,0,0,0,0,0,0,0,Matches
20,Ángel Algobia,es ESP,MF,Getafe,23,1999,12.6,27,13,14,13,0,22,48,45.8,26,15,5,10,3,30,11,0,Matches
21,Mohamed Ali Cho,fr FRA,"FW,MF",Real Sociedad,18,2004,6.5,13,10,6,5,2,4,10,40.0,6,9,0,9,2,15,2,0,Matches
22,Domingos André Ribeiro Almeida,pt POR,MF,Valencia,22,2000,28.2,66,42,23,32,11,26,57,45.6,31,26,0,26,20,86,16,1,Matches
23,Marcos Alonso,es ESP,DF,Barcelona,31,1990,13.0,15,10,10,5,0,9,12,75.0,3,14,10,4,11,26,32,0,Matches
24,Carlos Álvarez,es ESP,MF,Sevilla,18,2003,0.1,1,1,0,1,0,0,0,,0,0,0,0,0,1,0,0,Matches
25,Gastón Álvarez,uy URU,DF,Getafe,22,2000,16.7,38,30,24,9,5,23,42,54.8,19,15,5,10,15,53,35,0,Matches
26,Yeray Álvarez,es ESP,DF,Athletic Club,27,1995,25.9,34,23,26,7,1,24,31,77.4,7,23,13,10,48,82,101,0,Matches
27,Selim Amallah,ma MAR,"MF,FW",Valladolid,25,1996,3.0,15,9,7,8,0,5,8,62.5,3,2,0,2,5,20,2,0,Matches
28,Amath,sn SEN,"MF,FW",Mallorca,26,1996,13.6,29,19,14,8,7,14,22,63.6,8,13,1,12,5,34,5,0,Matches
29,Jordan Amavi,fr FRA,DF,Getafe,28,1994,2.2,3,2,3,0,0,1,3,33.3,2,3,0,3,4,7,7,0,Matches
30,Marcos André,br BRA,"FW,MF",Valencia,25,1996,5.0,4,1,1,1,2,1,2,50.0,1,4,1,3,0,4,0,0,Matches
31,Fabrizio Angileri,ar ARG,DF,Getafe,28,1994,6.5,12,9,8,3,1,10,17,58.8,7,8,3,5,7,19,10,0,Matches
32,Josep Antoni Gayá,es ESP,"DF,MF",Mallorca,22,2000,1.1,0,0,0,0,0,0,0,,0,4,2,2,1,1,6,0,Matches
33,José Antonio,es ESP,"MF,DF",Cádiz,18,2004,0.5,2,1,0,0,2,0,0,,0,0,0,0,0,2,0,0,Matches
34,Anuar,ma MAR,"MF,FW",Valladolid,27,1995,2.3,4,4,0,1,3,0,0,,0,5,2,3,3,7,3,0,Matches
35,Mauro Arambarri,uy URU,MF,Getafe,26,1995,11.0,14,6,9,4,1,3,17,17.6,14,17,5,12,14,28,19,0,Matches
36,Ronald Araújo,uy URU,DF,Barcelona,23,1999,20.0,26,18,12,13,1,6,9,66.7,3,15,7,8,12,38,41,1,Matches
37,Adu Ares,es ESP,"FW,MF",Athletic Club,20,2001,0.9,4,2,2,1,1,4,4,100.0,0,1,0,1,2,6,1,0,Matches
38,Sergio Arribas,es ESP,"MF,FW",Real Madrid,20,2001,0.2,0,0,0,0,0,0,0,,0,1,0,1,0,0,0,0,Matches
39,Roberto Arroyo,es ESP,MF,Valladolid,18,2003,0.2,1,1,0,1,0,1,1,100.0,0,0,0,0,0,1,0,0,Matches
40,Ricard Artero,es ESP,"MF,FW",Girona,19,2003,1.5,3,3,2,1,0,1,1,100.0,0,2,0,2,1,4,3,0,Matches
41,Santiago Arzamendia,py PAR,"DF,MF",Cádiz,24,1998,5.4,9,8,7,1,1,6,21,28.6,15,11,1,10,2,11,15,1,Matches
42,Sergio Asenjo,es ESP,GK,Valladolid,33,1989,10.0,0,0,0,0,0,0,0,,0,0,0,0,0,0,10,2,Matches
43,Marco Asensio,es ESP,"FW,MF",Real Madrid,26,1996,16.0,16,10,8,6,2,8,19,42.1,11,8,3,5,5,21,4,0,Matches
44,Iago Aspas,es ESP,FW,Celta Vigo,34,1987,31.9,8,4,0,4,4,3,22,13.6,19,10,1,9,7,15,23,0,Matches
45,Pierre-Emerick Aubameyang,ga GAB,FW,Barcelona,33,1989,0.1,0,0,0,0,0,0,0,,0,0,0,0,0,0,0,0,Matches
46,Ludwig Augustinsson,se SWE,DF,Mallorca,28,1994,1.5,2,1,2,0,0,1,3,33.3,2,1,0,1,1,3,3,0,Matches
47,Ezequiel Ávila,ar ARG,"FW,MF",Osasuna,28,1994,19.0,8,5,2,4,2,6,23,26.1,17,12,1,11,8,16,16,0,Matches
48,Iddrisu Baba,gh GHA,"MF,DF",Mallorca,26,1996,18.9,31,17,15,16,0,15,32,46.9,17,18,8,10,11,42,39,0,Matches
49,Srđan Babić,rs SRB,DF,Almería,26,1996,33.3,28,18,20,8,0,15,32,46.9,17,34,22,12,29,57,124,1,Matches
50,Loïc Bade,fr FRA,DF,Sevilla,22,2000,16.1,27,20,23,3,1,17,30,56.7,13,21,13,8,23,50,77,0,Matches
51,Édgar Badía,es ESP,GK,Elche,30,1992,36.0,1,0,1,0,0,1,2,50.0,1,0,0,0,0,1,19,3,Matches
52,Alex Baena,es ESP,"MF,FW",Villarreal,21,2001,21.6,30,17,9,15,6,15,45,33.3,30,15,3,12,7,37,16,0,Matches
53,Alejandro Balde,es ESP,DF,Barcelona,18,2003,27.5,42,30,22,16,4,24,41,58.5,17,25,3,22,12,54,17,1,Matches
54,Mikel Balenziaga,es ESP,DF,Athletic Club,34,1988,1.3,4,4,1,2,1,4,4,100.0,0,0,0,0,1,5,2,0,Matches
55,Iván Balliu,al ALB,DF,Rayo Vallecano,30,1992,35.9,52,29,26,20,6,18,30,60.0,12,26,3,23,25,77,72,1,Matches
56,Léo Baptistão,br BRA,"FW,MF",Almería,29,1992,19.2,32,20,13,16,3,13,33,39.4,20,17,2,15,19,51,12,0,Matches
57,Keidi Bare,al ALB,MF,Espanyol,24,1997,5.6,15,8,7,5,3,7,13,53.8,6,8,2,6,11,26,8,0,Matches
58,Kike Barja,es ESP,"FW,MF",Osasuna,25,1997,14.6,15,9,6,5,4,8,24,33.3,16,7,0,7,4,19,3,0,Matches
59,Ander Barrenetxea,es ESP,"FW,DF",Real Sociedad,20,2001,9.8,21,15,15,6,0,12,28,42.9,16,15,1,14,5,26,7,0,Matches
60,Pablo Barrios,es ESP,MF,Atlético Madrid,19,2003,8.0,19,10,3,10,6,8,15,53.3,7,12,2,10,9,28,6,1,Matches
61,Rodrigo Battaglia,ar ARG,MF,Mallorca,31,1991,7.6,12,5,7,5,0,6,14,42.9,8,16,7,9,5,17,18,0,Matches
62,Bebé,cv CPV,FW,Rayo Vallecano,32,1990,0.7,0,0,0,0,0,0,2,0.0,2,1,0,1,0,0,0,0,Matches
63,Héctor Bellerín,es ESP,DF,Barcelona,27,1995,1.6,2,0,0,2,0,2,3,66.7,1,2,0,2,3,5,2,0,Matches
64,Fran Beltrán,es ESP,MF,Celta Vigo,23,1999,31.7,34,22,15,14,5,14,55,25.5,41,29,5,24,53,87,35,2,Matches
65,Iker Benito,es ESP,"FW,MF",Osasuna,19,2002,2.0,4,3,0,3,1,2,4,50.0,2,0,0,0,2,6,4,0,Matches
66,Karim Benzema,fr FRA,FW,Real Madrid,34,1987,22.6,9,5,2,4,3,2,11,18.2,9,11,0,11,2,11,5,0,Matches
67,Yuri Berchiche,es ESP,DF,Athletic Club,32,1990,26.7,56,32,28,20,8,35,59,59.3,24,37,12,25,40,96,59,1,Matches
68,Álex Berenguer,es ESP,FW,Athletic Club,27,1995,25.5,58,37,17,25,16,23,60,38.3,37,37,4,33,10,68,6,0,Matches
69,Pedro Bigas,es ESP,DF,Elche,31,1990,22.4,37,20,30,7,0,18,29,62.1,11,25,14,11,33,70,95,0,Matches
70,El Bilal Touré,ml MLI,FW,Almería,20,2001,14.0,4,3,2,1,1,0,3,0.0,3,6,1,5,1,5,23,0,Matches
71,Antonio Blanco,es ESP,MF,Cádiz,22,2000,1.8,6,4,5,1,0,4,6,66.7,2,5,0,5,1,7,3,0,Matches
72,Lautaro Blanco,ar ARG,"DF,MF",Elche,23,1999,9.7,16,9,10,4,2,9,26,34.6,17,8,1,7,2,18,10,1,Matches
73,Theo Bongonda,cd COD,"MF,FW",Cádiz,26,1995,21.5,28,20,11,14,3,17,40,42.5,23,21,2,19,6,34,14,0,Matches
74,Yassine Bounou,ma MAR,GK,Sevilla,31,1991,23.9,2,1,2,0,0,1,4,25.0,3,0,0,0,2,4,11,1,Matches
75,Lucas Boyé,ar ARG,FW,Elche,26,1996,27.4,36,16,12,16,8,17,35,48.6,18,33,5,28,15,51,46,0,Matches
76,Martin Braithwaite,dk DEN,"FW,MF",Espanyol,31,1991,27.3,12,2,2,4,6,5,14,35.7,9,10,0,10,5,17,11,0,Matches
77,Darko Brašanac,rs SRB,MF,Osasuna,30,1992,11.6,29,20,12,10,7,12,23,52.2,11,14,2,12,12,41,9,0,Matches
78,Claudio Bravo,cl CHI,GK,Betis,39,1983,12.0,0,0,0,0,0,0,0,,0,0,0,0,2,2,1,1,Matches
79,Ante Budimir,hr CRO,FW,Osasuna,31,1991,20.0,19,9,0,12,7,2,10,20.0,8,10,0,10,5,24,19,0,Matches
80,Manu Bueno,es ESP,MF,Sevilla,18,2004,1.7,7,4,3,3,1,5,8,62.5,3,0,0,0,0,7,2,0,Matches
81,Santiago Bueno,uy URU,DF,Girona,23,1998,33.4,63,38,43,19,1,24,36,66.7,12,34,22,12,31,94,105,2,Matches
82,Sergio Busquets,es ESP,MF,Barcelona,34,1988,26.0,58,26,24,26,8,29,51,56.9,22,32,6,26,27,85,36,2,Matches
83,Leandro Cabrera,uy URU,DF,Espanyol,31,1991,29.7,46,24,34,12,0,28,43,65.1,15,37,23,14,43,89,114,2,Matches
84,Cala,es ESP,DF,Cádiz,32,1989,1.5,2,1,1,1,0,1,2,50.0,1,2,1,1,1,3,12,0,Matches
85,Fernando Calero,es ESP,"DF,MF",Espanyol,26,1995,17.9,46,29,27,15,4,21,34,61.8,13,31,13,18,13,59,52,0,Matches
86,Alexander Callens,pe PER,DF,Girona,30,1992,1.3,3,3,2,1,0,3,4,75.0,1,3,1,2,1,4,9,0,Matches
87,Eduardo Camavinga,fr FRA,"MF,DF",Real Madrid,19,2002,22.3,68,48,32,21,15,24,64,37.5,40,24,5,19,17,85,25,0,Matches
88,Sergio Camello,es ESP,FW,Rayo Vallecano,21,2001,26.7,16,10,3,9,4,5,17,29.4,12,9,1,8,2,18,26,0,Matches
89,Sergio Canales,es ESP,"FW,MF",Betis,31,1991,26.7,25,14,10,8,7,14,33,42.4,19,18,0,18,14,39,8,0,Matches
90,Ander Capa,es ESP,DF,Athletic Club,30,1992,1.2,1,1,1,0,0,1,5,20.0,4,5,0,5,0,1,2,0,Matches
91,Étienne Capoue,fr FRA,MF,Villarreal,34,1988,21.7,21,12,6,13,2,10,18,55.6,8,12,5,7,19,40,20,1,Matches
92,Isaac Carcelen,es ESP,DF,Cádiz,29,1993,24.4,69,51,41,22,6,41,63,65.1,22,35,11,24,19,88,80,1,Matches
93,Juan Carlos,es ESP,GK,Girona,34,1988,10.0,0,0,0,0,0,0,0,,0,0,0,0,1,1,7,1,Matches
94,José Carlos Lazo,es ESP,"MF,FW",Almería,26,1996,0.2,0,0,0,0,0,0,0,,0,0,0,0,0,0,0,0,Matches
95,José Carlos Lazo,es ESP,"MF,FW",Espanyol,26,1996,1.8,5,3,2,2,1,3,3,100.0,0,2,0,2,3,8,5,0,Matches
96,Carmona,es ESP,"MF,DF",Elche,20,2002,6.5,16,9,7,6,3,6,16,37.5,10,14,2,12,8,24,9,0,Matches
97,Carmona,es ESP,DF,Sevilla,20,2002,5.9,13,11,5,3,5,9,16,56.3,7,10,6,4,7,20,17,1,Matches
98,Yannick Carrasco,be BEL,"DF,MF",Atlético Madrid,28,1993,25.7,35,14,21,10,4,23,54,42.6,31,23,1,22,12,47,19,0,Matches
99,Dani Carvajal,es ESP,DF,Real Madrid,30,1992,19.8,32,18,15,12,5,18,35,51.4,17,24,6,18,15,47,49,0,Matches
100,William Carvalho,pt POR,MF,Betis,30,1992,27.1,43,27,18,23,2,17,44,38.6,27,27,6,21,16,59,22,0,Matches
101,Casemiro,br BRA,MF,Real Madrid,30,1992,0.1,0,0,0,0,0,0,0,,0,0,0,0,0,0,1,0,Matches
102,Valentín Castellanos,ar ARG,FW,Girona,23,1998,28.9,12,5,2,7,3,0,18,0.0,18,22,2,20,6,18,26,0,Matches
103,Samu Castillejo,es ESP,"FW,MF",Valencia,27,1995,15.1,21,12,8,9,4,8,40,20.0,32,21,2,19,9,30,2,0,Matches
104,Catena,es ESP,DF,Rayo Vallecano,27,1994,34.5,29,14,23,4,2,13,27,48.1,14,32,25,7,28,57,159,1,Matches
105,Edinson Cavani,uy URU,FW,Valencia,35,1987,16.1,7,4,3,3,1,3,15,20.0,12,10,3,7,2,9,11,0,Matches
106,Dani Ceballos,es ESP,MF,Real Madrid,25,1996,17.4,43,29,13,15,15,25,64,39.1,39,23,2,21,25,68,6,1,Matches
107,Álex Centelles,es ESP,DF,Almería,24,1997,12.5,22,14,16,3,3,16,22,72.7,6,13,2,11,11,33,40,0,Matches
108,Franco Cervi,ar ARG,"MF,DF",Celta Vigo,28,1994,21.0,76,46,29,36,11,33,66,50.0,33,33,1,32,36,112,16,0,Matches
109,Pep Chavarría,es ESP,"FW,MF",Rayo Vallecano,24,1998,4.1,6,4,2,1,3,1,5,20.0,4,8,0,8,2,8,8,0,Matches
110,Pape Cheikh Diop,sn SEN,MF,Elche,24,1997,0.4,0,0,0,0,0,0,1,0.0,1,0,0,0,0,0,0,0,Matches
111,Andreas Christensen,dk DEN,DF,Barcelona,26,1996,19.6,20,15,9,11,0,10,16,62.5,6,14,12,2,21,41,47,0,Matches
112,Samuel Chukwueze,ng NGA,"FW,MF",Villarreal,23,1999,26.0,14,7,7,2,5,7,23,30.4,16,13,0,13,12,26,16,0,Matches
113,Chumi,es ESP,DF,Almería,23,1999,16.5,29,16,18,9,2,14,23,60.9,9,20,7,13,15,44,53,0,Matches
114,Víctor Chust,es ESP,DF,Cádiz,22,2000,10.7,9,6,7,2,0,4,7,57.1,3,8,3,5,10,19,53,0,Matches
115,Pathé Ciss,sn SEN,"MF,DF",Rayo Vallecano,28,1994,14.2,39,29,11,23,5,15,34,44.1,19,23,10,13,22,61,34,0,Matches
116,Carlos Clerc,es ESP,"DF,MF",Elche,30,1992,29.3,75,51,55,16,4,31,50,62.0,19,29,7,22,28,103,94,1,Matches
117,Álex Collado,es ESP,MF,Elche,23,1999,8.0,26,14,13,11,2,8,13,61.5,5,12,1,11,2,28,4,0,Matches
118,Diego Collado,es ESP,FW,Villarreal,21,2001,0.1,0,0,0,0,0,0,0,,0,0,0,0,0,0,0,0,Matches
119,Eray Cömert,ch SUI,DF,Valencia,24,1998,18.6,35,23,24,10,1,17,33,51.5,16,23,8,15,29,64,76,1,Matches
120,Santi Comesaña,es ESP,MF,Rayo Vallecano,25,1996,27.2,71,44,24,41,6,38,82,46.3,44,39,3,36,32,103,17,0,Matches
121,Copete,es ESP,DF,Mallorca,22,1999,24.5,53,28,35,16,2,26,36,72.2,10,38,17,21,44,97,111,2,Matches
122,Francis Coquelin,fr FRA,MF,Villarreal,31,1991,8.3,18,13,7,9,2,7,7,100.0,0,8,2,6,9,27,7,0,Matches
123,Jesús Corona,mx MEX,FW,Sevilla,29,1993,1.2,1,0,1,0,0,0,1,0.0,1,0,0,0,1,2,1,0,Matches
124,Ángel Correa,ar ARG,"FW,MF",Atlético Madrid,27,1995,16.2,12,6,6,3,3,5,16,31.3,11,17,0,17,10,22,6,1,Matches
125,Thierry Correia,pt POR,DF,Valencia,23,1999,22.3,71,52,46,22,3,31,54,57.4,23,25,2,23,24,95,54,2,Matches
126,Jaume Costa,es ESP,DF,Mallorca,34,1988,28.9,50,34,26,17,7,29,51,56.9,22,13,5,8,22,72,44,1,Matches
127,Samu Costa,pt POR,MF,Almería,21,2000,22.1,61,31,35,20,6,29,61,47.5,32,29,7,22,37,98,64,4,Matches
128,Thibaut Courtois,be BEL,GK,Real Madrid,30,1992,31.0,1,0,1,0,0,1,1,100.0,0,0,0,0,3,4,7,1,Matches
129,Yan Couto,br BRA,"DF,MF",Girona,20,2002,12.9,25,18,11,11,3,12,20,60.0,8,7,2,5,5,30,10,0,Matches
130,Juan Cruz Armada,es ESP,DF,Osasuna,30,1992,22.9,24,14,17,4,3,13,23,56.5,10,21,8,13,13,37,58,0,Matches
131,Juan Cruz,es ESP,FW,Betis,22,2000,2.0,1,0,0,1,0,1,3,33.3,2,1,0,1,0,1,0,0,Matches
132,Jorge Cuenca,es ESP,DF,Villarreal,22,1999,5.6,9,7,7,2,0,4,7,57.1,3,10,8,2,6,15,44,0,Matches
133,Braian Cufré,ar ARG,DF,Mallorca,25,1996,2.4,5,2,2,1,2,2,5,40.0,3,2,1,1,2,7,1,0,Matches
134,Matheus Cunha,br BRA,"FW,MF",Atlético Madrid,23,1999,4.2,4,1,1,3,0,0,3,0.0,3,4,1,3,2,6,3,0,Matches
135,Curro,es ESP,MF,Almería,26,1996,0.5,2,0,1,1,0,1,2,50.0,1,0,0,0,0,2,0,0,Matches
136,Arnaut Danjuma,nl NED,FW,Villarreal,25,1997,5.3,3,3,1,0,2,1,2,50.0,1,0,0,0,0,3,1,1,Matches
137,Sergi Darder,es ESP,MF,Espanyol,28,1993,36.9,69,38,12,43,14,29,73,39.7,44,34,2,32,24,93,23,0,Matches
138,Rodrigo De Paul,ar ARG,MF,Atlético Madrid,28,1994,21.4,35,21,11,18,6,18,35,51.4,17,20,3,17,8,43,7,0,Matches
139,Alberto Del Moral,es ESP,MF,Villarreal,22,2000,0.1,0,0,0,0,0,0,0,,0,0,0,0,0,0,0,0,Matches
140,Thomas Delaney,dk DEN,MF,Sevilla,30,1991,3.4,4,2,0,4,0,3,5,60.0,2,3,2,1,4,8,3,0,Matches
141,Fran Delgado,es ESP,DF,Betis,21,2001,0.1,0,0,0,0,0,0,0,,0,0,0,0,0,0,0,0,Matches
142,Ousmane Dembélé,fr FRA,FW,Barcelona,25,1997,15.7,19,12,4,8,7,4,15,26.7,11,10,1,9,0,19,2,0,Matches
143,Mouctar Diakhaby,gn GUI,DF,Valencia,25,1996,27.2,30,16,19,11,0,13,20,65.0,7,30,17,13,20,50,111,2,Matches
144,Mamady Diarra,ml MLI,"MF,DF",Cádiz,22,2000,0.7,2,1,2,0,0,1,2,50.0,1,2,0,2,0,2,0,0,Matches
145,Youba Diarra,ml MLI,MF,Cádiz,24,1998,1.1,3,0,2,1,0,1,5,20.0,4,7,1,6,2,5,3,0,Matches
146,Stole Dimitrievski,mk MKD,GK,Rayo Vallecano,28,1993,36.9,1,0,1,0,0,1,2,50.0,1,2,0,2,1,2,17,3,Matches
147,Djené,tg TOG,DF,Getafe,30,1991,31.6,41,28,23,17,1,22,38,57.9,16,25,10,15,42,83,81,1,Matches
148,Marko Dmitrović,rs SRB,GK,Sevilla,30,1992,14.1,0,0,0,0,0,0,0,,0,0,0,0,0,0,6,0,Matches
149,Matt Doherty,ie IRL,DF,Atlético Madrid,30,1992,0.2,0,0,0,0,0,0,0,,0,2,0,2,0,0,0,0,Matches
150,Kasper Dolberg,dk DEN,FW,Sevilla,24,1997,2.2,1,0,0,1,0,1,3,33.3,2,0,0,0,0,1,5,0,Matches
151,Carlos Dominguez,es ESP,DF,Celta Vigo,21,2001,1.2,1,1,0,1,0,1,2,50.0,1,1,1,0,0,1,7,0,Matches
152,John Donald,es ESP,"MF,DF",Elche,21,2000,12.1,20,11,9,9,2,7,14,50.0,7,14,7,7,14,34,23,1,Matches
153,Domingos Duarte,pt POR,DF,Getafe,27,1995,29.5,26,18,21,5,0,19,26,73.1,7,29,23,6,39,65,145,0,Matches
154,Pablo Durán,es ESP,"MF,DF",Celta Vigo,21,2001,0.4,0,0,0,0,0,0,0,,0,2,1,1,1,1,2,0,Matches
155,Hugo Duro,es ESP,FW,Valencia,22,1999,15.4,15,12,2,6,7,7,17,41.2,10,11,1,10,2,17,7,1,Matches
156,Íñigo Eguaras,es ESP,MF,Almería,30,1992,10.7,11,8,4,6,1,5,18,27.8,13,9,3,6,6,17,15,0,Matches
157,Aritz Elustondo,es ESP,DF,Real Sociedad,28,1994,16.1,26,17,15,10,1,14,26,53.8,12,15,6,9,20,46,43,1,Matches
158,Rodrigo Ely,br BRA,DF,Almería,28,1993,35.1,30,21,26,4,0,18,25,72.0,7,46,33,13,31,61,203,1,Matches
159,Adri Embarba,es ESP,"FW,MF",Almería,30,1992,16.4,50,27,21,26,3,22,46,47.8,24,23,0,23,9,59,9,0,Matches
160,Adri Embarba,es ESP,FW,Espanyol,30,1992,0.4,1,0,0,1,0,1,1,100.0,0,1,0,1,0,1,0,0,Matches
161,Youssef En-Nesyri,ma MAR,FW,Sevilla,25,1997,18.5,16,8,3,7,6,4,14,28.6,10,6,2,4,4,20,16,0,Matches
162,Gonzalo Escalante,ar ARG,MF,Cádiz,29,1993,12.5,36,24,15,20,1,15,29,51.7,14,18,4,14,17,53,26,1,Matches
163,Sergio Escudero,es ESP,DF,Valladolid,32,1989,16.0,33,19,21,8,4,15,35,42.9,20,26,6,20,26,59,46,0,Matches
164,Alfonso Espino,uy URU,DF,Cádiz,30,1992,34.7,87,56,55,20,12,48,96,50.0,48,52,11,41,48,135,99,3,Matches
165,Bernardo Espinosa,co COL,DF,Girona,33,1989,13.6,6,2,2,4,0,3,9,33.3,6,17,10,7,12,18,70,2,Matches
166,Edu Expósito,es ESP,MF,Espanyol,25,1996,12.9,34,20,16,15,3,13,23,56.5,10,7,0,7,12,46,20,0,Matches
167,Nicolás Ezequiel Fernández,ar ARG,"MF,DF",Elche,22,2000,5.7,23,12,10,7,6,9,17,52.9,8,7,0,7,5,28,2,1,Matches
168,Abde Ezzalzouli,ma MAR,"FW,MF",Osasuna,20,2001,16.7,29,19,13,12,4,13,23,56.5,10,20,0,20,4,33,6,0,Matches
169,Radamel Falcao,co COL,"FW,MF",Rayo Vallecano,36,1986,6.8,4,4,1,3,0,1,8,12.5,7,5,1,4,2,6,10,0,Matches
170,Fali,es ESP,"DF,MF",Cádiz,28,1993,19.0,27,19,19,8,0,18,29,62.1,11,24,15,9,13,40,70,1,Matches
171,Mamadou Fall,sn SEN,DF,Villarreal,19,2002,0.3,0,0,0,0,0,0,0,,0,1,0,1,0,0,1,0,Matches
172,Ansu Fati,es ESP,FW,Barcelona,19,2002,15.5,16,9,8,4,4,5,18,27.8,13,19,0,19,5,21,6,0,Matches
173,Zouhair Feddal,ma MAR,DF,Valladolid,33,1989,4.2,4,2,1,3,0,3,4,75.0,1,9,9,0,5,9,27,0,Matches
174,Nabil Fekir,fr FRA,MF,Betis,29,1993,10.7,11,5,3,3,5,2,9,22.2,7,6,2,4,1,12,0,0,Matches
175,Felipe,br BRA,DF,Atlético Madrid,33,1989,2.2,3,2,1,2,0,2,4,50.0,2,2,2,0,0,3,7,0,Matches
176,Luiz Felipe,it ITA,DF,Betis,25,1997,19.6,34,23,23,11,0,18,34,52.9,16,43,24,19,28,62,106,0,Matches
177,João Félix,pt POR,"FW,MF",Atlético Madrid,22,1999,7.2,10,7,2,3,5,1,6,16.7,5,1,0,1,3,13,2,0,Matches
178,Kiko Femenía,es ESP,DF,Villarreal,31,1991,12.6,18,9,14,3,1,13,18,72.2,5,15,6,9,20,38,22,0,Matches
179,Aitor Fernández,es ESP,GK,Osasuna,31,1991,21.0,1,1,1,0,0,0,1,0.0,1,0,0,0,2,3,17,0,Matches
180,Álex Fernández,es ESP,"MF,FW",Cádiz,29,1992,17.5,13,7,6,4,3,4,14,28.6,10,14,1,13,8,21,19,0,Matches
181,Álvaro Fernández,es ESP,GK,Espanyol,24,1998,11.0,0,0,0,0,0,0,0,,0,0,0,0,0,0,7,2,Matches
182,Carlos Fernández,es ESP,FW,Real Sociedad,26,1996,7.0,6,4,1,3,2,1,15,6.7,14,1,0,1,1,7,4,0,Matches
183,Federico Fernández,ar ARG,DF,Elche,33,1989,1.0,1,1,1,0,0,1,1,100.0,0,0,0,0,2,3,12,0,Matches
184,Joaquín Fernández,es ESP,DF,Valladolid,26,1996,24.0,35,28,20,11,4,19,30,63.3,11,31,22,9,27,62,98,1,Matches
185,Valery Fernández,es ESP,"MF,DF",Girona,22,1999,10.7,12,6,4,6,2,5,9,55.6,4,8,1,7,10,22,9,1,Matches
186,Fernando,es ESP,GK,Almería,32,1990,36.5,0,0,0,0,0,0,2,0.0,2,2,0,2,1,1,20,3,Matches
187,Fernando,br BRA,"MF,DF",Sevilla,35,1987,17.5,34,23,14,17,3,18,30,60.0,12,21,10,11,24,58,29,0,Matches
188,Fidel,es ESP,"MF,FW",Elche,32,1989,19.0,15,10,8,5,2,4,38,10.5,34,9,0,9,5,20,8,0,Matches
189,Dimitri Foulquier,fr FRA,DF,Valencia,29,1993,19.3,31,19,17,8,6,20,28,71.4,8,19,3,16,14,45,40,0,Matches
190,Juan Foyth,ar ARG,DF,Villarreal,24,1998,21.8,73,48,49,22,2,41,57,71.9,16,32,11,21,20,93,68,0,Matches
191,Iván Fresneda,es ESP,DF,Valladolid,17,2004,19.4,48,34,31,13,4,29,47,61.7,18,32,8,24,15,63,60,0,Matches
192,Javi Galán,es ESP,DF,Celta Vigo,27,1994,35.1,104,72,60,40,4,48,98,49.0,50,54,5,49,41,145,63,1,Matches
193,Iñigo Ruiz de Galarreta,es ESP,MF,Mallorca,28,1993,27.2,54,38,27,23,4,20,52,38.5,32,26,9,17,30,84,19,0,Matches
194,Aleix García,es ESP,MF,Girona,25,1997,26.0,37,20,9,18,10,15,33,45.5,18,24,8,16,31,68,35,1,Matches
195,Álvaro García,es ESP,"FW,MF",Rayo Vallecano,29,1992,31.9,49,28,21,13,15,11,33,33.3,22,41,4,37,34,83,24,1,Matches
196,Borja García,es ESP,"MF,FW",Girona,31,1990,7.5,10,4,7,2,1,2,9,22.2,7,3,1,2,5,15,6,1,Matches
197,Carlos García,es ESP,DF,Cádiz,22,2000,0.3,0,0,0,0,0,0,0,,0,0,0,0,0,0,2,0,Matches
198,Dani García,es ESP,MF,Athletic Club,32,1990,16.5,46,27,17,25,4,29,47,61.7,18,21,6,15,19,65,21,1,Matches
199,David García,es ESP,DF,Osasuna,28,1994,29.8,34,20,22,12,0,19,22,86.4,3,28,13,15,45,79,151,0,Matches
200,Eric García,es ESP,"DF,MF",Barcelona,21,2001,15.7,24,16,16,5,3,9,20,45.0,11,23,10,13,19,43,36,1,Matches
201,Fran Garcia,es ESP,DF,Rayo Vallecano,22,1999,37.9,84,54,53,23,8,55,96,57.3,41,49,8,41,44,128,66,0,Matches
202,Joan García,es ESP,GK,Espanyol,21,2001,1.0,0,0,0,0,0,0,0,,0,0,0,0,0,0,0,0,Matches
203,Raúl García,es ESP,"FW,MF",Athletic Club,36,1986,10.7,12,8,3,4,5,5,15,33.3,10,13,1,12,6,18,9,0,Matches
204,Rubén García,es ESP,"FW,MF",Osasuna,29,1993,12.9,20,11,12,4,4,7,24,29.2,17,14,1,13,12,32,13,0,Matches
205,Unai García,es ESP,DF,Osasuna,30,1992,19.0,23,13,13,8,2,12,17,70.6,5,23,14,9,19,42,60,2,Matches
206,Felix Garreta,es ESP,DF,Betis,18,2004,1.0,1,0,0,1,0,0,0,,0,1,1,0,1,2,4,0,Matches
207,Aleix Garrido,es ESP,FW,Barcelona,18,2004,0.1,2,1,1,0,1,1,1,100.0,0,1,0,1,0,2,0,0,Matches
208,Sékou Gassama,sn SEN,FW,Valladolid,27,1995,0.4,0,0,0,0,0,0,0,,0,0,0,0,0,0,0,0,Matches
209,Gavi,es ESP,"MF,FW",Barcelona,17,2004,28.1,47,31,7,30,10,21,55,38.2,34,32,5,27,18,65,22,0,Matches
210,Paulo Gazzaniga,ar ARG,GK,Girona,30,1992,28.0,0,0,0,0,0,0,1,0.0,1,0,0,0,1,1,9,5,Matches
211,Bryan Gil,es ESP,"FW,DF",Sevilla,21,2001,10.2,22,11,11,7,4,10,23,43.5,13,10,0,10,8,30,10,0,Matches
212,David Gil,es ESP,GK,Cádiz,28,1994,4.0,0,0,0,0,0,0,0,,0,0,0,0,0,0,3,0,Matches
213,Óscar Gil,es ESP,DF,Espanyol,25,1997,28.4,63,37,38,16,9,32,61,52.5,29,51,18,33,31,94,55,1,Matches
214,Álvaro Giménez,es ESP,FW,Cádiz,31,1991,0.2,0,0,0,0,0,0,1,0.0,1,0,0,0,0,0,0,0,Matches
215,Dani Gómez,es ESP,"MF,FW",Espanyol,24,1998,1.0,2,1,1,1,0,1,2,50.0,1,0,0,0,1,3,0,0,Matches
216,Maxi Gómez,uy URU,FW,Valencia,25,1996,1.2,0,0,0,0,0,0,0,,0,0,0,0,0,0,2,0,Matches
217,Moi Gómez,es ESP,"MF,FW",Osasuna,28,1994,27.3,26,17,9,14,3,15,32,46.9,17,15,3,12,10,36,5,1,Matches
218,Papu Gómez,ar ARG,"FW,MF",Sevilla,34,1988,11.8,6,4,3,3,0,2,10,20.0,8,8,1,7,4,10,5,0,Matches
219,Sergi Gómez,es ESP,DF,Espanyol,30,1992,26.0,29,16,20,9,0,18,22,81.8,4,33,19,14,27,56,125,1,Matches
220,Antonio Gomis,es ESP,GK,Atlético Madrid,19,2003,0.1,0,0,0,0,0,0,0,,0,0,0,0,0,0,0,0,Matches
221,Diego González,es ESP,DF,Elche,27,1995,10.6,12,7,9,3,0,7,11,63.6,4,14,12,2,7,19,50,1,Matches
222,Édgar González,es ESP,DF,Betis,25,1997,19.7,28,19,18,7,3,14,27,51.9,13,12,9,3,21,49,120,0,Matches
223,Giovanni González,uy URU,DF,Mallorca,27,1994,10.3,16,8,11,2,3,9,22,40.9,13,8,2,6,7,23,22,0,Matches
224,Nicolás González,es ESP,MF,Valencia,20,2002,15.6,27,15,11,13,3,9,25,36.0,16,21,7,14,19,46,16,0,Matches
225,Roberto González,es ESP,"FW,MF",Betis,21,2001,0.6,0,0,0,0,0,0,1,0.0,1,0,0,0,1,1,0,0,Matches
226,Andoni Gorosabel,es ESP,DF,Real Sociedad,25,1996,19.0,41,25,23,9,9,26,43,60.5,17,21,2,19,17,58,23,0,Matches
227,José Gragera,es ESP,"MF,DF",Espanyol,21,2000,5.1,19,9,11,6,2,6,11,54.5,5,10,4,6,7,26,18,0,Matches
228,Ivo Grbić,hr CRO,GK,Atlético Madrid,26,1996,10.2,0,0,0,0,0,0,0,,0,0,0,0,0,0,9,1,Matches
229,Dominik Greif,sk SVK,GK,Mallorca,25,1997,1.0,0,0,0,0,0,0,0,,0,0,0,0,0,0,0,0,Matches
230,Clément Grenier,fr FRA,MF,Mallorca,31,1991,8.0,20,8,6,12,2,10,20,50.0,10,9,1,8,6,26,7,0,Matches
231,Antoine Griezmann,fr FRA,"FW,MF",Atlético Madrid,31,1991,31.8,49,34,15,23,11,20,66,30.3,46,34,3,31,24,73,31,0,Matches
232,Andrés Guardado,mx MEX,MF,Betis,35,1986,15.3,41,25,17,20,4,18,43,41.9,25,14,5,9,23,64,29,0,Matches
233,Sergi Guardiola,es ESP,FW,Valladolid,31,1991,5.6,12,7,6,5,1,2,4,50.0,2,6,0,6,2,14,7,0,Matches
234,Sergi Guardiola,es ESP,FW,Cádiz,31,1991,12.9,9,7,0,6,3,3,12,25.0,9,5,0,5,3,12,7,0,Matches
235,Nemanja Gudelj,rs SRB,"DF,MF",Sevilla,30,1991,30.9,43,33,22,18,3,20,33,60.6,13,39,29,10,34,77,102,1,Matches
236,Javier Guerra,es ESP,MF,Valencia,19,2003,6.7,16,13,7,4,5,9,20,45.0,11,8,1,7,11,27,9,0,Matches
237,Ander Guevara,es ESP,MF,Real Sociedad,25,1997,2.5,5,2,2,2,1,1,4,25.0,3,6,1,5,2,7,3,0,Matches
238,Pape Gueye,sn SEN,MF,Sevilla,23,1999,13.0,37,22,13,21,3,16,33,48.5,17,21,5,16,22,59,10,0,Matches
239,Hugo Guillamón,es ESP,MF,Valencia,22,2000,18.1,20,12,10,8,2,8,24,33.3,16,14,2,12,19,39,30,2,Matches
240,Gerard Gumbau,es ESP,MF,Elche,27,1994,30.4,44,25,17,23,4,18,51,35.3,33,32,8,24,28,72,40,0,Matches
241,Gorka Guruzeta,es ESP,FW,Athletic Club,25,1996,15.8,24,20,6,12,6,11,24,45.8,13,23,2,21,4,28,8,0,Matches
242,Raúl Guti,es ESP,MF,Elche,25,1996,12.4,18,12,8,9,1,8,18,44.4,10,10,3,7,8,26,6,0,Matches
243,Miguel Gutiérrez,es ESP,DF,Girona,21,2001,26.6,41,23,23,13,5,23,37,62.2,14,23,5,18,18,59,42,1,Matches
244,Munir El Haddadi,ma MAR,"MF,FW",Getafe,26,1995,12.8,12,7,3,7,2,2,10,20.0,8,23,2,21,9,21,7,0,Matches
245,Dennis Hadzikadunic,ba BIH,DF,Mallorca,24,1998,6.8,9,6,4,5,0,4,4,100.0,0,5,4,1,3,12,27,0,Matches
246,Haissem Hassan,fr FRA,"FW,MF",Villarreal,20,2002,0.6,0,0,0,0,0,0,2,0.0,2,0,0,0,1,1,0,0,Matches
247,Eden Hazard,be BEL,FW,Real Madrid,31,1991,2.2,0,0,0,0,0,0,2,0.0,2,1,0,1,1,1,0,0,Matches
248,Luiz Henrique,br BRA,FW,Betis,21,2001,20.1,48,34,27,15,6,20,44,45.5,24,22,0,22,14,62,17,0,Matches
249,Mario Hermoso,es ESP,DF,Atlético Madrid,27,1995,23.4,22,15,14,6,2,9,30,30.0,21,19,9,10,19,41,85,1,Matches
250,Javi Hernández,es ESP,DF,Girona,24,1998,12.4,21,12,12,7,2,13,21,61.9,8,10,5,5,7,28,38,0,Matches
251,Aridane Hernández,es ESP,DF,Osasuna,33,1989,19.9,21,15,17,4,0,12,25,48.0,13,34,21,13,28,49,96,1,Matches
252,Luis Hernández,es ESP,DF,Cádiz,33,1989,35.0,33,21,25,7,1,22,36,61.1,14,31,24,7,31,64,145,0,Matches
253,Mario Hernández,es ESP,DF,Rayo Vallecano,23,1999,1.1,3,2,2,1,0,3,7,42.9,4,2,0,2,2,5,0,0,Matches
254,Jorge Herrando,es ESP,DF,Osasuna,21,2001,0.3,0,0,0,0,0,0,0,,0,1,0,1,0,0,3,0,Matches
255,Ander Herrera,es ESP,MF,Athletic Club,32,1989,7.7,18,10,8,7,3,6,18,33.3,12,12,3,9,11,29,12,0,Matches
256,Sergio Herrera,es ESP,GK,Osasuna,29,1993,17.0,2,0,2,0,0,2,2,100.0,0,1,0,1,1,3,6,2,Matches
257,Yangel Herrera,ve VEN,"MF,FW",Girona,24,1998,10.7,26,9,9,14,3,6,15,40.0,9,14,1,13,4,30,12,0,Matches
258,Omar El Hilali,ma MAR,"DF,MF",Espanyol,18,2003,1.0,3,2,3,0,0,1,2,50.0,1,1,0,1,1,4,6,0,Matches
259,Martin Hongla,cm CMR,"DF,MF",Valladolid,24,1998,14.5,18,13,13,5,0,11,21,52.4,10,15,12,3,8,26,46,1,Matches
260,Pablo Ibáñez,es ESP,MF,Osasuna,23,1998,11.8,29,13,7,17,5,12,35,34.3,23,19,2,17,8,37,24,0,Matches
261,Iglesias,es ESP,"DF,MF",Getafe,24,1998,23.8,61,35,40,18,3,33,65,50.8,32,40,5,35,21,82,91,1,Matches
262,Borja Iglesias,es ESP,FW,Betis,29,1993,26.3,8,4,3,3,2,2,13,15.4,11,9,1,8,1,9,17,0,Matches
263,Asier Illarramendi,es ESP,MF,Real Sociedad,32,1990,12.0,36,18,10,22,4,16,44,36.4,28,27,8,19,18,54,20,0,Matches
264,Alexander Isak,se SWE,FW,Real Sociedad,22,1999,1.7,1,1,0,0,1,0,0,,0,0,0,0,0,1,2,0,Matches
265,Isco,es ESP,"MF,FW",Sevilla,30,1992,8.9,15,9,6,5,4,8,14,57.1,6,3,0,3,10,25,3,0,Matches
266,Diego Iturralde,es ESP,DF,Sevilla,19,2003,0.5,1,0,1,0,0,0,2,0.0,2,0,0,0,0,1,1,0,Matches
267,Nicolas Jackson,sn SEN,FW,Villarreal,21,2001,17.8,14,11,2,10,2,2,8,25.0,6,18,2,16,2,16,4,0,Matches
268,Adnan Januzaj,be BEL,FW,Sevilla,27,1995,0.5,0,0,0,0,0,0,1,0.0,1,0,0,0,1,1,0,0,Matches
269,Luis Javier Suárez,co COL,FW,Almería,24,1997,16.6,17,11,5,6,6,6,26,23.1,20,13,3,10,3,20,10,0,Matches
270,Joaquín,es ESP,"MF,FW",Betis,41,1981,5.5,3,3,2,1,0,1,3,33.3,2,7,2,5,4,7,5,0,Matches
271,Frenkie de Jong,nl NED,MF,Barcelona,25,1997,28.2,46,26,16,21,9,17,41,41.5,24,11,1,10,35,81,22,1,Matches
272,Joan Jordán,es ESP,MF,Sevilla,28,1994,17.7,32,17,13,17,2,16,38,42.1,22,14,7,7,16,48,14,2,Matches
273,Josan,es ESP,"DF,MF",Elche,32,1989,12.0,25,20,20,5,0,14,27,51.9,13,8,0,8,7,32,15,1,Matches
274,Willian José,br BRA,FW,Betis,30,1991,8.1,9,6,6,3,0,4,9,44.4,5,4,0,4,1,10,15,0,Matches
275,Joselu,es ESP,FW,Espanyol,32,1990,33.2,13,11,3,4,6,4,17,23.5,13,25,4,21,8,21,43,0,Matches
276,Juanmi,es ESP,FW,Betis,29,1993,10.3,14,10,4,7,3,7,31,22.6,24,10,0,10,4,18,4,0,Matches
277,Juanpe,es ESP,DF,Girona,31,1991,15.8,19,11,10,9,0,11,17,64.7,6,12,9,3,10,29,60,1,Matches
278,Lago Junior,ci CIV,"FW,MF",Mallorca,31,1990,0.6,1,0,0,1,0,1,1,100.0,0,0,0,0,0,1,0,0,Matches
279,Vinicius Júnior,br BRA,FW,Real Madrid,22,2000,31.4,30,21,10,12,8,14,39,35.9,25,24,1,23,6,36,1,0,Matches
280,Filip Jørgensen,dk DEN,GK,Villarreal,20,2002,2.0,0,0,0,0,0,0,1,0.0,1,0,0,0,0,0,0,0,Matches
281,Tino Kadewere,zw ZIM,"FW,MF",Mallorca,26,1996,6.0,6,3,3,3,0,4,9,44.4,5,6,2,4,2,8,1,0,Matches
282,Kaiky,br BRA,DF,Almería,18,2004,6.5,5,5,5,0,0,3,7,42.9,4,18,10,8,11,16,28,0,Matches
283,Lee Kang-in,kr KOR,"MF,FW",Mallorca,21,2001,31.4,42,24,10,22,10,18,61,29.5,43,25,2,23,11,53,7,0,Matches
284,Jon Karrikaburu,es ESP,FW,Real Sociedad,19,2002,1.0,1,0,0,1,0,0,0,,0,2,0,2,0,1,0,0,Matches
285,Kenedy,br BRA,"FW,DF",Valladolid,26,1996,3.1,6,2,3,3,0,2,4,50.0,2,2,0,2,1,7,0,0,Matches
286,Franck Kessié,ci CIV,MF,Barcelona,25,1996,11.0,15,9,6,6,3,8,18,44.4,10,10,2,8,12,27,11,2,Matches
287,Kiké,es ESP,FW,Osasuna,32,1989,11.3,6,3,0,4,2,2,5,40.0,3,6,1,5,1,7,13,0,Matches
288,Justin Kluivert,nl NED,"FW,MF",Valencia,23,1999,16.1,17,14,7,4,6,6,12,50.0,6,4,0,4,7,24,4,0,Matches
289,Koke,es ESP,MF,Atlético Madrid,30,1992,28.3,55,38,23,25,7,28,72,38.9,44,35,13,22,20,75,19,0,Matches
290,Luca Koleosho,it ITA,"FW,DF",Espanyol,17,2004,0.7,2,2,0,0,2,1,2,50.0,1,1,0,1,0,2,0,0,Matches
291,Geoffrey Kondogbia,cf CTA,MF,Atlético Madrid,29,1993,11.2,40,23,19,20,1,17,25,68.0,8,9,1,8,26,66,12,1,Matches
292,Jules Koundé,fr FRA,DF,Barcelona,23,1998,27.0,37,23,18,13,6,21,31,67.7,10,24,9,15,19,56,61,3,Matches
293,Toni Kroos,de GER,MF,Real Madrid,32,1990,23.9,51,32,16,33,2,23,69,33.3,46,23,4,19,24,75,11,0,Matches
294,Takefusa Kubo,jp JPN,"FW,MF",Real Sociedad,21,2001,27.1,44,26,18,16,10,16,38,42.1,22,29,1,28,9,53,4,0,Matches
295,César de la Hoz,es ESP,MF,Almería,30,1992,18.6,37,20,17,18,2,19,37,51.4,18,26,6,20,13,50,37,0,Matches
296,Luca de la Torre,us USA,MF,Celta Vigo,24,1998,16.5,28,19,11,14,3,12,32,37.5,20,22,1,21,9,37,6,0,Matches
297,Érik Lamela,ar ARG,"FW,MF",Sevilla,30,1992,20.5,46,27,14,16,16,12,34,35.3,22,26,2,24,7,53,3,0,Matches
298,Cyle Larin,ca CAN,FW,Valladolid,27,1995,16.3,9,3,2,4,3,3,7,42.9,4,6,3,3,0,9,15,0,Matches
299,Juanmi Latasa,es ESP,FW,Getafe,21,2001,5.0,5,4,2,0,3,1,1,100.0,0,3,1,2,1,6,8,0,Matches
300,Toni Lato,es ESP,"DF,MF",Valencia,24,1997,10.2,23,11,9,12,2,9,21,42.9,12,10,1,9,6,29,14,0,Matches
301,Lázaro,br BRA,"FW,MF",Almería,20,2002,8.0,4,3,3,0,1,3,15,20.0,12,16,1,15,2,6,1,0,Matches
302,Robin Le Normand,es ESP,DF,Real Sociedad,25,1996,31.1,36,23,25,9,2,14,27,51.9,13,22,14,8,33,69,93,0,Matches
303,Benjamin Lecomte,fr FRA,GK,Espanyol,31,1991,10.0,0,0,0,0,0,0,0,,0,0,0,0,0,0,3,2,Matches
304,Jeremías Ledesma,ar ARG,GK,Cádiz,29,1993,34.0,3,2,3,0,0,3,7,42.9,4,1,0,1,2,5,23,3,Matches
305,Florian Lejeune,fr FRA,DF,Rayo Vallecano,31,1991,28.5,28,17,19,8,1,17,25,68.0,8,24,16,8,15,43,123,0,Matches
306,Iñigo Lekue,es ESP,DF,Athletic Club,29,1993,14.7,24,17,20,4,0,12,19,63.2,7,16,2,14,13,37,31,1,Matches
307,Thomas Lemar,fr FRA,MF,Atlético Madrid,26,1995,13.9,30,18,10,13,7,10,28,35.7,18,12,3,9,7,37,12,0,Matches
308,Sergio León,es ESP,FW,Valladolid,33,1989,14.8,6,4,0,4,2,3,6,50.0,3,6,0,6,0,6,4,0,Matches
309,Robert Lewandowski,pl POL,FW,Barcelona,33,1988,31.6,17,11,2,5,10,7,14,50.0,7,20,0,20,2,19,14,0,Matches
310,Samuel Lino,br BRA,"FW,MF",Valencia,22,1999,32.1,66,43,17,37,12,26,72,36.1,46,34,0,34,18,84,16,0,Matches
311,Pol Lirola,es ESP,DF,Elche,24,1997,7.0,13,6,9,3,1,8,13,61.5,5,3,2,1,7,20,16,0,Matches
312,Javier Llabrés,es ESP,FW,Mallorca,19,2002,0.2,0,0,0,0,0,0,0,,0,0,0,0,0,0,1,0,Matches
313,Marcos Llorente,es ESP,"MF,DF",Atlético Madrid,27,1995,18.9,32,15,16,10,6,17,30,56.7,13,26,2,24,17,49,19,0,Matches
314,Giovani Lo Celso,ar ARG,"MF,FW",Villarreal,26,1996,12.5,32,28,7,15,10,12,21,57.1,9,14,2,12,6,38,5,0,Matches
315,David López,es ESP,DF,Girona,32,1989,18.4,31,18,17,13,1,19,27,70.4,8,29,19,10,14,45,64,1,Matches
316,Diego López,es ESP,GK,Rayo Vallecano,40,1981,1.1,0,0,0,0,0,0,0,,0,0,0,0,0,0,0,1,Matches
317,Diego López,es ESP,"FW,MF",Valencia,20,2002,5.0,2,2,1,1,0,2,15,13.3,13,9,0,9,3,5,5,0,Matches
318,Unai López,es ESP,MF,Rayo Vallecano,26,1995,13.9,32,20,10,17,5,13,37,35.1,24,12,1,11,15,47,6,1,Matches
319,Anthony Lozano,hn HON,FW,Cádiz,29,1993,16.0,6,4,1,4,1,1,7,14.3,6,12,1,11,3,9,17,0,Matches
320,Pol Lozano,es ESP,MF,Espanyol,22,1999,0.2,0,0,0,0,0,0,0,,0,1,0,1,0,0,1,0,Matches
321,José Luis Gayà,es ESP,DF,Valencia,27,1995,30.1,80,46,61,16,3,43,74,58.1,31,28,9,19,23,103,48,0,Matches
322,José Luis Morales,es ESP,"FW,MF",Villarreal,35,1987,13.5,7,6,1,2,4,5,17,29.4,12,12,1,11,2,9,2,0,Matches
323,Andriy Lunin,ua UKR,GK,Real Madrid,23,1999,7.0,0,0,0,0,0,0,0,,0,0,0,0,0,0,1,0,Matches
324,Awer Mabil,au AUS,"MF,FW",Cádiz,26,1995,1.8,2,0,0,1,1,1,3,33.3,2,1,1,0,0,2,1,0,Matches
325,Darwin Machís,ve VEN,FW,Valladolid,29,1993,6.7,3,2,0,2,1,1,8,12.5,7,5,0,5,3,6,4,0,Matches
326,Pablo Maffeo,es ESP,DF,Mallorca,25,1997,33.1,75,46,54,16,5,45,78,57.7,33,38,11,27,26,101,76,0,Matches
327,Lisandro Magallán,ar ARG,DF,Elche,28,1993,10.0,19,11,11,5,3,10,12,83.3,2,14,5,9,13,32,30,1,Matches
328,Jon Magunazelaia,es ESP,"MF,FW",Real Sociedad,21,2001,0.7,1,0,0,0,1,0,2,0.0,2,0,0,0,0,1,1,0,Matches
329,Nemanja Maksimović,rs SRB,MF,Getafe,27,1995,22.8,41,30,17,18,6,19,32,59.4,13,36,14,22,34,75,27,0,Matches
330,Hugo Mallo,es ESP,DF,Celta Vigo,31,1991,24.0,53,29,34,14,5,28,42,66.7,14,28,7,21,24,77,73,0,Matches
331,Mickael Malsa,mq MTQ,MF,Valladolid,26,1995,0.8,2,2,1,1,0,1,4,25.0,3,1,1,0,2,4,3,0,Matches
332,Giorgi Mamardashvili,ge GEO,GK,Valencia,21,2000,38.0,0,0,0,0,0,0,0,,0,0,0,0,1,1,11,4,Matches
333,Reinildo Mandava,mz MOZ,DF,Atlético Madrid,28,1994,20.6,66,43,46,19,1,38,49,77.6,11,27,12,15,30,96,59,0,Matches
334,Aïssa Mandi,dz ALG,DF,Villarreal,30,1991,16.2,18,10,14,3,1,6,12,50.0,6,19,14,5,21,39,58,0,Matches
335,Marcão,br BRA,DF,Sevilla,26,1996,4.2,2,2,1,1,0,1,1,100.0,0,3,3,0,6,8,14,0,Matches
336,Agustín Marchesín,ar ARG,GK,Celta Vigo,34,1988,19.0,0,0,0,0,0,0,1,0.0,1,0,0,0,0,0,7,0,Matches
337,Óscar de Marcos,es ESP,DF,Athletic Club,33,1989,31.3,67,33,34,22,11,40,76,52.6,36,42,6,36,29,96,59,0,Matches
338,Alberto Marí,es ESP,"FW,MF",Valencia,21,2001,1.0,0,0,0,0,0,0,2,0.0,2,0,0,0,0,0,1,0,Matches
339,José Mari,es ESP,MF,Cádiz,34,1987,4.4,16,7,12,3,1,10,16,62.5,6,3,1,2,5,21,9,0,Matches
340,José María Giménez,uy URU,DF,Atlético Madrid,27,1995,26.9,43,25,28,14,1,24,35,68.6,11,37,17,20,24,67,138,1,Matches
341,Mariano,do DOM,FW,Real Madrid,28,1993,1.7,1,0,0,1,0,0,0,,0,1,0,1,0,1,0,0,Matches
342,Pablo Marín,es ESP,"MF,FW",Real Sociedad,19,2003,4.0,10,5,5,4,1,2,7,28.6,5,1,0,1,4,14,2,0,Matches
343,Diego Mariño,es ESP,GK,Almería,32,1990,0.5,0,0,0,0,0,0,0,,0,0,0,0,0,0,0,0,Matches
344,Roger Martí,es ESP,FW,Elche,31,1991,7.3,5,2,3,2,0,1,5,20.0,4,4,0,4,1,6,7,0,Matches
345,Roger Martí,es ESP,FW,Cádiz,31,1991,7.1,6,4,2,3,1,1,8,12.5,7,7,0,7,2,8,7,0,Matches
346,Ander Martin,es ESP,"MF,FW",Real Sociedad,21,2000,0.5,2,2,1,1,0,1,4,25.0,3,0,0,0,0,2,1,0,Matches
347,Andrés Martín,es ESP,"FW,MF",Rayo Vallecano,23,1999,2.3,4,2,2,1,1,3,5,60.0,2,2,0,2,1,5,2,0,Matches
348,Carlos Martín,es ESP,"FW,MF",Atlético Madrid,20,2002,0.3,2,2,0,2,0,2,3,66.7,1,0,0,0,1,3,0,0,Matches
349,Iván Martín,es ESP,MF,Girona,23,1999,17.6,9,7,4,4,1,8,23,34.8,15,12,0,12,9,18,12,0,Matches
350,Arnau Martinez,es ESP,DF,Girona,19,2003,30.4,69,45,41,19,9,38,85,44.7,47,44,10,34,25,94,54,2,Matches
351,Iñigo Martínez,es ESP,DF,Athletic Club,31,1991,14.9,18,8,11,7,0,6,9,66.7,3,17,11,6,18,36,55,0,Matches
352,Roger Martínez,es ESP,DF,Espanyol,18,2004,0.1,0,0,0,0,0,0,0,,0,0,0,0,0,0,0,0,Matches
353,Omar Mascarell,gq EQG,"MF,DF",Elche,29,1993,27.2,53,26,32,19,2,31,64,48.4,33,51,19,32,45,98,54,1,Matches
354,Jordi Masip,es ESP,GK,Valladolid,33,1989,27.9,0,0,0,0,0,0,2,0.0,2,0,0,0,1,1,3,2,Matches
355,Jaime Mata,es ESP,"FW,MF",Getafe,33,1988,4.9,13,10,4,5,4,7,22,31.8,15,7,2,5,3,16,6,0,Matches
356,Borja Mayoral,es ESP,FW,Getafe,25,1997,30.7,9,4,7,2,0,5,31,16.1,26,18,0,18,3,12,10,0,Matches
357,Mamadou Mbaye,sn SEN,DF,Cádiz,24,1998,8.4,10,7,7,3,0,6,8,75.0,2,10,8,2,7,17,50,1,Matches
358,Fernando Medrano,es ESP,DF,Celta Vigo,22,2000,0.1,2,1,2,0,0,1,1,100.0,0,0,0,0,1,3,1,0,Matches
359,Gonzalo Melero,es ESP,MF,Almería,28,1994,20.6,32,16,9,18,5,11,39,28.2,28,23,2,21,7,39,19,1,Matches
360,Memphis,nl NED,FW,Atlético Madrid,28,1994,3.0,1,0,0,0,1,0,1,0.0,1,0,0,0,0,1,0,0,Matches
361,Memphis,nl NED,FW,Barcelona,28,1994,1.3,1,1,1,0,0,0,1,0.0,1,0,0,0,0,1,0,0,Matches
362,Houboulang Mendes,gw GNB,DF,Almería,24,1998,9.8,19,11,16,3,0,11,27,40.7,16,12,2,10,7,26,23,1,Matches
363,Brais Méndez,es ESP,MF,Real Sociedad,25,1997,26.7,58,34,18,30,10,24,64,37.5,40,27,3,24,12,70,14,1,Matches
364,Diego Méndez,es ESP,MF,Rayo Vallecano,18,2003,0.0,0,0,0,0,0,0,0,,0,0,0,0,1,1,0,0,Matches
365,Ferland Mendy,fr FRA,DF,Real Madrid,27,1995,15.0,21,12,14,6,1,12,20,60.0,8,7,2,5,14,35,16,0,Matches
366,Jorge Meré,es ESP,DF,Cádiz,25,1997,6.7,11,7,9,2,0,5,8,62.5,3,9,6,3,6,17,32,0,Matches
367,Mikel Merino,es ESP,MF,Real Sociedad,26,1996,27.7,77,49,28,33,16,31,62,50.0,31,38,8,30,20,97,51,1,Matches
368,Roque Mesa,es ESP,MF,Valladolid,33,1989,18.0,27,15,16,10,1,12,38,31.6,26,16,4,12,13,40,18,0,Matches
369,Éder Militão,br BRA,DF,Real Madrid,24,1998,30.0,46,32,25,18,3,26,33,78.8,7,67,39,28,42,88,104,2,Matches
370,Luis Milla,es ESP,MF,Getafe,27,1994,20.6,48,30,21,18,9,19,44,43.2,25,13,1,12,32,80,25,1,Matches
371,Pere Milla,es ESP,"FW,MF",Elche,29,1992,20.5,31,20,18,8,5,14,41,34.1,27,18,3,15,9,40,19,1,Matches
372,Marko Milovanović,rs SRB,FW,Almería,18,2003,0.2,0,0,0,0,0,0,0,,0,0,0,0,0,0,0,0,Matches
373,Óscar Mingueza,es ESP,DF,Celta Vigo,23,1999,14.3,37,21,27,9,1,25,32,78.1,7,10,4,6,12,49,25,0,Matches
374,Rafa Mir,es ESP,FW,Sevilla,25,1997,14.4,8,2,2,4,2,2,5,40.0,3,5,1,4,4,12,11,0,Matches
375,Juan Miranda,es ESP,DF,Betis,22,2000,16.4,23,16,16,6,1,14,29,48.3,15,20,7,13,20,43,63,0,Matches
376,Stefan Mitrović,rs SRB,DF,Getafe,32,1990,18.7,14,6,12,2,0,7,11,63.6,4,12,10,2,17,31,90,2,Matches
377,Luka Modrić,hr CRO,MF,Real Madrid,36,1985,19.4,19,9,6,6,7,10,25,40.0,15,15,5,10,10,29,7,0,Matches
378,Johan Mojica,co COL,DF,Villarreal,29,1992,7.1,13,9,9,3,1,5,9,55.6,4,8,3,5,4,17,14,1,Matches
379,Johan Mojica,co COL,"DF,MF",Elche,29,1992,3.0,6,3,5,1,0,2,3,66.7,1,3,2,1,4,10,5,0,Matches
380,Nahuel Molina,ar ARG,DF,Atlético Madrid,24,1998,31.9,69,43,38,18,13,39,91,42.9,52,38,7,31,18,87,63,1,Matches
381,Jon Moncayola,es ESP,"MF,DF",Osasuna,24,1998,27.2,55,39,24,22,9,30,76,39.5,46,37,5,32,17,72,32,2,Matches
382,Monchu,es ESP,MF,Valladolid,22,1999,22.6,50,29,20,21,9,19,46,41.3,27,28,11,17,18,68,22,1,Matches
383,César Montes,mx MEX,DF,Espanyol,25,1997,17.7,17,9,10,7,0,10,18,55.6,8,19,12,7,14,31,101,0,Matches
384,Gonzalo Montiel,ar ARG,DF,Sevilla,25,1997,16.9,26,15,12,14,0,15,29,51.7,14,25,7,18,19,45,38,0,Matches
385,Martín Montoya,es ESP,DF,Betis,31,1991,5.0,13,8,9,4,0,10,12,83.3,2,6,1,5,9,22,14,1,Matches
386,Álvaro Morata,es ESP,FW,Atlético Madrid,29,1992,21.1,16,11,4,8,4,3,8,37.5,5,11,3,8,0,16,23,0,Matches
387,Jon Morcillo,es ESP,"FW,MF",Athletic Club,23,1998,0.8,1,0,1,0,0,0,1,0.0,1,0,0,0,1,2,0,0,Matches
388,Alberto Moreno,es ESP,DF,Villarreal,30,1992,14.4,23,12,10,10,3,11,24,45.8,13,12,1,11,23,46,26,0,Matches
389,Álex Moreno,es ESP,DF,Betis,29,1993,15.0,29,22,19,10,0,18,36,50.0,18,17,4,13,17,46,39,0,Matches
390,Diego Moreno,es ESP,DF,Osasuna,21,2001,7.1,4,4,2,2,0,3,8,37.5,5,7,4,3,5,9,21,0,Matches
391,Gerard Moreno,es ESP,FW,Villarreal,30,1992,13.7,11,6,0,6,5,3,6,50.0,3,6,2,4,5,16,10,0,Matches
392,Tete Morente,es ESP,"MF,DF",Elche,25,1996,23.0,33,21,18,13,2,15,36,41.7,21,23,3,20,25,58,28,0,Matches
393,Ilaix Moriba,gn GUI,MF,Valencia,19,2003,11.2,35,16,14,17,4,14,24,58.3,10,11,1,10,4,39,12,0,Matches
394,Manu Morlanes,es ESP,MF,Villarreal,23,1999,1.8,3,2,2,1,0,3,3,100.0,0,3,2,1,1,4,2,0,Matches
395,Manu Morlanes,es ESP,MF,Mallorca,23,1999,7.8,22,9,12,8,2,13,24,54.2,11,10,5,5,5,27,9,0,Matches
396,Loren Morón,es ESP,FW,Betis,28,1993,0.2,2,2,0,1,1,0,0,,0,0,0,0,0,2,1,0,Matches
397,Cristhian Mosquera,es ESP,DF,Valencia,18,2004,1.6,4,2,3,1,0,4,5,80.0,1,1,0,1,1,5,5,0,Matches
398,Abdul Mumin,gh GHA,DF,Rayo Vallecano,24,1998,10.2,11,9,5,6,0,3,7,42.9,4,13,5,8,9,20,36,2,Matches
399,Iker Muniain,es ESP,"MF,FW",Athletic Club,29,1992,18.8,21,16,7,11,3,6,17,35.3,11,10,1,9,4,25,2,0,Matches
400,Aihen Muñoz,es ESP,DF,Real Sociedad,24,1997,19.5,38,23,17,17,4,22,47,46.8,25,26,5,21,9,47,38,0,Matches
401,Iker Muñoz,es ESP,MF,Osasuna,19,2002,2.8,1,0,0,1,0,0,3,0.0,3,2,1,1,3,4,8,0,Matches
402,Pablo Muñoz,es ESP,MF,Rayo Vallecano,18,2003,0.1,0,0,0,0,0,0,1,0.0,1,0,0,0,0,0,0,0,Matches
403,Vedat Muriqi,xk KVX,FW,Mallorca,28,1994,32.6,12,7,4,7,1,3,13,23.1,10,19,7,12,12,24,73,0,Matches
404,Yunus Musah,us USA,MF,Valencia,19,2002,23.4,48,35,17,23,8,20,30,66.7,10,20,1,19,11,59,16,2,Matches
405,Francisco Mwepu,zm ZAM,FW,Cádiz,22,2000,0.2,1,0,0,1,0,0,0,,0,0,0,0,0,1,0,0,Matches
406,Nacho,es ESP,DF,Real Madrid,32,1990,18.2,24,16,17,5,2,12,29,41.4,17,11,6,5,18,42,37,0,Matches
407,Juanjo Narváez,co COL,"MF,FW",Valladolid,27,1995,1.6,1,1,1,0,0,1,1,100.0,0,2,0,2,0,1,0,0,Matches
408,Matija Nastasić,rs SRB,DF,Mallorca,29,1993,10.1,10,8,7,1,2,3,6,50.0,3,11,4,7,18,28,43,1,Matches
409,Roberto Navarro,es ESP,"MF,FW",Real Sociedad,20,2002,3.9,5,4,4,0,1,1,2,50.0,1,7,0,7,2,7,2,0,Matches
410,Jesús Navas,es ESP,"DF,FW",Sevilla,36,1985,22.0,19,12,8,3,8,11,22,50.0,11,18,7,11,22,41,52,1,Matches
411,Álvaro Negredo,es ESP,FW,Cádiz,36,1985,8.4,5,4,1,2,2,2,2,100.0,0,4,1,3,0,5,8,0,Matches
412,Tanguy Nianzou,fr FRA,DF,Sevilla,20,2002,15.2,20,15,10,9,1,8,11,72.7,3,8,5,3,16,36,44,3,Matches
413,Saúl Ñíguez,es ESP,"MF,DF",Atlético Madrid,27,1994,12.2,42,27,18,18,6,22,37,59.5,15,27,5,22,15,57,29,0,Matches
414,Fernando Niño,es ESP,"MF,FW",Villarreal,21,2000,0.2,0,0,0,0,0,0,0,,0,0,0,0,0,0,0,0,Matches
415,Randy Nteka,ao ANG,"FW,MF",Elche,24,1997,8.1,15,10,7,6,2,2,11,18.2,9,15,3,12,4,19,9,0,Matches
416,Randy Nteka,ao ANG,"FW,MF",Rayo Vallecano,24,1997,1.3,4,2,2,2,0,1,1,100.0,0,2,0,2,2,6,3,0,Matches
417,Unai Núñez,es ESP,DF,Celta Vigo,25,1997,35.0,47,35,29,15,3,18,34,52.9,16,27,17,10,72,119,135,1,Matches
418,Jan Oblak,si SVN,GK,Atlético Madrid,29,1993,27.7,0,0,0,0,0,0,0,,0,0,0,0,1,1,8,0,Matches
419,Brian Ocampo,uy URU,"MF,FW",Cádiz,23,1999,12.4,18,15,12,5,1,8,21,38.1,13,13,0,13,3,21,3,0,Matches
420,Lucas Ocampos,ar ARG,"FW,MF",Sevilla,28,1994,12.9,22,14,9,9,4,8,31,25.8,23,17,2,15,8,30,5,0,Matches
421,Álvaro Odriozola,es ESP,DF,Real Madrid,26,1995,0.4,0,0,0,0,0,0,0,,0,0,0,0,0,0,0,0,Matches
422,Olasagasti,es ESP,"MF,DF",Real Sociedad,21,2000,0.7,4,4,1,2,1,1,2,50.0,1,2,0,2,0,4,1,0,Matches
423,Lucas Olaza,uy URU,DF,Valladolid,28,1994,16.6,24,14,12,10,2,17,26,65.4,9,20,8,12,14,38,34,0,Matches
424,Brian Oliván,es ESP,DF,Espanyol,28,1994,26.7,47,27,30,12,5,17,26,65.4,9,26,6,20,22,69,67,0,Matches
425,Lucas Oliveira Rosa,br BRA,DF,Valladolid,22,2000,10.3,39,18,23,10,6,12,20,60.0,8,12,2,10,15,54,24,0,Matches
426,Aimar Oroz,es ESP,"MF,FW",Osasuna,20,2001,22.4,26,14,8,10,8,8,30,26.7,22,24,1,23,24,50,6,0,Matches
427,Pedro Ortiz,es ESP,MF,Sevilla,21,2000,0.0,0,0,0,0,0,0,0,,0,0,0,0,0,0,0,0,Matches
428,Mikel Oyarzabal,es ESP,"FW,MF",Real Sociedad,25,1997,13.5,13,7,5,3,5,5,19,26.3,14,14,4,10,3,16,5,0,Matches
429,Cenk Özkacar,tr TUR,DF,Valencia,21,2000,15.2,27,20,17,10,0,14,19,73.7,5,14,2,12,12,39,47,4,Matches
430,Fernando Pacheco,es ESP,GK,Almería,30,1992,1.0,0,0,0,0,0,0,0,,0,0,0,0,0,0,1,0,Matches
431,Fernando Pacheco,es ESP,GK,Espanyol,30,1992,16.0,0,0,0,0,0,0,1,0.0,1,0,0,0,1,1,11,0,Matches
432,Jon Pacheco,es ESP,DF,Real Sociedad,21,2001,13.3,16,10,10,6,0,6,10,60.0,4,9,6,3,12,28,37,1,Matches
433,Gonçalo Paciência,pt POR,"FW,MF",Celta Vigo,27,1994,7.4,8,5,0,5,3,2,7,28.6,5,9,1,8,0,8,4,0,Matches
434,Helibelton Palacios,co COL,DF,Elche,29,1993,21.3,38,20,21,15,2,19,26,73.1,7,26,12,14,20,58,55,0,Matches
435,Isaac Palazón Camacho,es ESP,"FW,MF",Rayo Vallecano,27,1994,32.9,45,30,11,23,11,24,66,36.4,42,42,3,39,17,62,30,0,Matches
436,Aitor Paredes,es ESP,DF,Athletic Club,22,2000,9.5,7,6,4,2,1,6,11,54.5,5,11,7,4,14,21,26,0,Matches
437,Daniel Parejo,es ESP,MF,Villarreal,33,1989,36.5,71,40,32,23,16,30,75,40.0,45,40,12,28,29,100,31,2,Matches
438,Moises Parra Gutierrez,es ESP,FW,Getafe,20,2002,0.1,1,0,0,1,0,0,0,,0,0,0,0,0,1,0,0,Matches
439,Raúl Parra,es ESP,DF,Cádiz,22,1999,3.4,4,2,4,0,0,4,9,44.4,5,5,3,2,1,5,9,0,Matches
440,Pascu,es ESP,"DF,FW",Villarreal,19,2003,0.1,0,0,0,0,0,0,0,,0,0,0,0,0,0,0,0,Matches
441,Javier Pastore,ar ARG,MF,Elche,33,1989,0.1,0,0,0,0,0,0,0,,0,0,0,0,0,0,0,0,Matches
442,Gabriel Paulista,br BRA,DF,Valencia,31,1990,16.7,17,9,13,4,0,13,19,68.4,6,22,14,8,32,49,79,2,Matches
443,Alfonso Pedraza,es ESP,DF,Villarreal,26,1996,18.1,35,26,20,10,5,19,29,65.5,10,19,1,18,18,53,31,0,Matches
444,Pedri,es ESP,MF,Barcelona,19,2002,22.0,39,22,15,17,7,13,45,28.9,32,27,0,27,13,52,8,1,Matches
445,Adrià Pedrosa,es ESP,"DF,MF",Espanyol,24,1998,2.5,5,1,5,0,0,4,7,57.1,3,1,1,0,5,10,3,0,Matches
446,Iñaki Peña,es ESP,GK,Barcelona,23,1999,0.8,0,0,0,0,0,0,0,,0,0,0,0,0,0,0,1,Matches
447,Rubén Peña,es ESP,"DF,MF",Osasuna,31,1991,14.2,32,18,10,18,4,20,41,48.8,21,23,8,15,17,49,31,0,Matches
448,Alberto Perea,es ESP,MF,Cádiz,31,1990,0.5,2,0,2,0,0,0,0,,0,2,0,2,0,2,0,0,Matches
449,Ayoze Pérez,es ESP,"FW,MF",Betis,29,1993,15.4,31,15,9,16,6,10,40,25.0,30,22,0,22,13,44,5,0,Matches
450,Carles Pérez,es ESP,"MF,FW",Celta Vigo,24,1998,23.8,39,23,12,17,10,22,66,33.3,44,29,3,26,6,45,9,0,Matches
451,Francisco Perez,es ESP,"FW,MF",Valencia,19,2002,1.6,1,1,1,0,0,0,3,0.0,3,0,0,0,0,1,1,0,Matches
452,Kike Pérez,es ESP,MF,Valladolid,25,1997,25.6,67,33,30,32,5,25,68,36.8,43,26,7,19,20,87,28,0,Matches
453,Lucas Pérez,es ESP,FW,Cádiz,33,1988,7.0,3,2,2,1,0,1,3,33.3,2,2,0,2,1,4,3,0,Matches
454,Luis Pérez,es ESP,DF,Valladolid,27,1995,13.5,44,24,26,12,6,27,38,71.1,11,13,4,9,16,60,29,0,Matches
455,Germán Pezzella,ar ARG,DF,Betis,31,1991,27.9,41,28,32,9,0,26,38,68.4,12,32,15,17,50,91,129,1,Matches
456,Ronaël Pierre-Gabriel,fr FRA,DF,Espanyol,24,1998,2.6,17,9,12,4,1,5,11,45.5,6,5,2,3,9,26,11,0,Matches
457,Yeremi Pino,es ESP,"FW,MF",Villarreal,19,2002,27.2,62,38,25,20,17,21,56,37.5,35,41,4,37,15,77,36,0,Matches
458,Gerard Piqué,es ESP,DF,Barcelona,35,1987,4.3,5,4,1,4,0,4,4,100.0,0,2,1,1,2,7,19,0,Matches
459,Óscar Plano,es ESP,"FW,MF",Valladolid,31,1991,22.6,40,25,9,17,14,12,37,32.4,25,26,2,24,29,69,23,0,Matches
460,Gonzalo Plata,ec ECU,FW,Valladolid,21,2000,25.6,66,35,31,24,11,23,70,32.9,47,40,0,40,12,78,10,1,Matches
461,Ezequiel Ponce,ar ARG,"FW,MF",Elche,25,1997,12.5,9,7,0,6,3,0,7,0.0,7,6,1,5,1,10,13,0,Matches
462,Francisco Portillo,es ESP,"MF,FW",Almería,32,1990,8.0,13,6,4,5,4,3,16,18.8,13,7,1,6,7,20,8,0,Matches
463,Portu,es ESP,"MF,DF",Getafe,30,1992,19.7,28,21,14,10,4,18,42,42.9,24,23,3,20,17,45,20,1,Matches
464,José Pozo,es ESP,"MF,FW",Rayo Vallecano,26,1996,1.0,2,2,0,2,0,0,0,,0,0,0,0,1,3,1,0,Matches
465,Manuel Pozo,es ESP,FW,Valladolid,20,2001,0.2,0,0,0,0,0,0,0,,0,2,0,2,2,2,0,0,Matches
466,Alejandro Pozo Pozo,es ESP,DF,Almería,23,1999,20.9,37,19,17,17,3,27,53,50.9,26,30,5,25,26,63,45,1,Matches
467,Abdón Prats,es ESP,"FW,MF",Mallorca,29,1992,4.6,1,0,1,0,0,0,0,,0,5,0,5,0,1,2,0,Matches
468,Javi Puado,es ESP,"FW,MF",Espanyol,24,1998,26.0,20,11,12,5,3,12,28,42.9,16,12,2,10,10,30,14,0,Matches
469,Arnau Puigmal,es ESP,"MF,FW",Almería,21,2001,8.5,22,14,10,7,5,12,17,70.6,5,7,0,7,11,33,6,0,Matches
470,Domingos Quina,pt POR,MF,Elche,22,1999,3.1,3,2,2,1,0,1,3,33.3,2,5,0,5,3,6,1,0,Matches
471,Rubén Quintanilla,es ESP,DF,Mallorca,20,2002,0.0,0,0,0,0,0,0,0,,0,1,0,1,0,0,0,0,Matches
472,Antonio Raillo,es ESP,DF,Mallorca,30,1991,30.7,34,21,23,11,0,10,15,66.7,5,38,29,9,31,65,158,1,Matches
473,Predrag Rajković,rs SRB,GK,Mallorca,26,1995,36.0,0,0,0,0,0,0,2,0.0,2,0,0,0,0,0,16,1,Matches
474,Ivan Rakitić,hr CRO,MF,Sevilla,34,1988,19.9,37,26,10,18,9,19,40,47.5,21,21,1,20,27,64,20,0,Matches
475,Largie Ramazani,be BEL,"FW,MF",Almería,21,2001,15.6,15,9,6,3,6,8,27,29.6,19,11,0,11,15,30,10,0,Matches
476,Chris Ramos,es ESP,FW,Cádiz,25,1997,7.9,12,9,2,7,3,4,11,36.4,7,8,3,5,1,13,19,0,Matches
477,Raphinha,br BRA,FW,Barcelona,25,1996,23.0,29,19,10,7,12,11,31,35.5,20,33,1,32,14,43,11,1,Matches
478,Sergio Reguilón,es ESP,DF,Atlético Madrid,25,1996,3.4,7,5,5,2,0,5,7,71.4,2,3,0,3,2,9,4,0,Matches
479,Pepe Reina,es ESP,GK,Villarreal,39,1982,22.0,0,0,0,0,0,0,1,0.0,1,0,0,0,1,1,4,4,Matches
480,Reinier,br BRA,"MF,FW",Girona,20,2002,7.2,12,10,7,3,2,2,8,25.0,6,6,0,6,5,17,4,0,Matches
481,Karim Rekik,nl NED,DF,Sevilla,27,1994,13.1,11,5,8,3,0,4,5,80.0,1,12,5,7,10,21,24,0,Matches
482,Álex Remiro,es ESP,GK,Real Sociedad,27,1995,38.0,1,1,1,0,0,1,3,33.3,2,0,0,0,0,1,17,3,Matches
483,Alejandro Revuelta Montero,es ESP,DF,Getafe,22,2000,0.0,0,0,0,0,0,0,0,,0,0,0,0,0,0,1,0,Matches
484,Chadi Riad,ma MAR,MF,Barcelona,19,2003,0.0,0,0,0,0,0,0,0,,0,0,0,0,0,0,0,0,Matches
485,Nico Ribaudo,es ESP,"MF,FW",Espanyol,21,2001,13.9,18,13,5,9,4,11,30,36.7,19,19,1,18,5,23,1,0,Matches
486,Diego Rico,es ESP,DF,Real Sociedad,29,1993,18.3,35,21,17,11,7,12,27,44.4,15,18,5,13,20,55,51,1,Matches
487,Rodrigo Riquelme,es ESP,"MF,FW",Girona,22,2000,24.2,20,8,8,8,4,9,35,25.7,26,16,0,16,11,31,5,0,Matches
488,Sergi Roberto,es ESP,"DF,MF",Barcelona,30,1992,14.5,22,15,12,6,4,7,18,38.9,11,15,7,8,11,33,16,0,Matches
489,Lucas Robertone,ar ARG,MF,Almería,25,1997,31.6,50,28,20,21,9,28,64,43.8,36,45,7,38,46,96,46,1,Matches
490,Joel Roca,es ESP,"MF,FW",Girona,17,2005,0.9,2,2,2,0,0,2,5,40.0,3,1,1,0,0,2,1,0,Matches
491,Enzo Roco,cl CHI,DF,Elche,29,1992,18.4,33,13,23,10,0,15,24,62.5,9,22,15,7,17,50,63,1,Matches
492,Rodri,es ESP,"FW,MF",Betis,22,2000,17.8,16,11,5,9,2,8,17,47.1,9,10,0,10,13,29,2,0,Matches
493,Álvaro Rodríguez,uy URU,FW,Real Madrid,18,2004,0.9,2,1,1,0,1,1,1,100.0,0,0,0,0,0,2,1,0,Matches
494,Ángel Rodríguez,es ESP,"FW,MF",Mallorca,35,1987,4.4,1,1,0,1,0,0,2,0.0,2,3,0,3,1,2,1,0,Matches
495,Óscar Rodríguez Arnaiz,es ESP,MF,Celta Vigo,24,1998,19.7,32,25,12,15,5,13,28,46.4,15,16,2,14,24,56,15,0,Matches
496,Dani Rodríguez,es ESP,MF,Mallorca,34,1988,23.3,42,23,18,22,2,21,46,45.7,25,31,8,23,21,63,14,0,Matches
497,Guido Rodríguez,ar ARG,MF,Betis,28,1994,31.9,115,75,59,50,6,54,101,53.5,47,58,14,44,42,157,76,1,Matches
498,Miguel Rodríguez,es ESP,"MF,FW",Celta Vigo,19,2003,2.8,7,5,4,3,0,4,11,36.4,7,6,0,6,1,8,3,0,Matches
499,Rodrygo,br BRA,"FW,MF",Real Madrid,21,2001,26.4,17,10,3,7,7,4,23,17.4,19,23,0,23,8,25,5,0,Matches
500,Leo Román,es ESP,GK,Mallorca,22,2000,1.0,0,0,0,0,0,0,0,,0,0,0,0,0,0,0,0,Matches
501,Iván Romero,es ESP,MF,Sevilla,21,2001,0.1,0,0,0,0,0,0,0,,0,0,0,0,0,0,0,0,Matches
502,Oriol Romeu,es ESP,MF,Girona,30,1991,32.8,70,38,36,26,8,26,51,51.0,25,48,10,38,37,107,54,0,Matches
503,Rubén,es ESP,"DF,MF",Espanyol,21,2001,9.9,30,15,18,9,3,20,29,69.0,9,14,4,10,18,48,18,0,Matches
504,Antonio Rüdiger,de GER,DF,Real Madrid,29,1993,26.8,18,16,12,5,1,14,23,60.9,9,23,13,10,19,37,74,0,Matches
505,Aitor Ruibal,es ESP,"DF,FW",Betis,26,1996,16.2,47,29,35,9,3,31,58,53.4,27,17,2,15,24,71,41,0,Matches
506,Víctor Ruiz,es ESP,DF,Betis,33,1989,6.2,5,3,3,2,0,3,3,100.0,0,10,7,3,6,11,34,0,Matches
507,Gerónimo Rulli,ar ARG,GK,Villarreal,30,1992,14.0,0,0,0,0,0,0,0,,0,1,0,1,1,1,6,2,Matches
508,Franco Russo,ar ARG,DF,Mallorca,27,1994,1.6,2,1,2,0,0,0,1,0.0,1,5,0,5,3,5,5,0,Matches
509,Youssouf Sabaly,sn SEN,DF,Betis,29,1993,18.7,45,23,29,14,2,22,33,66.7,11,35,8,27,19,64,52,1,Matches
510,Umar Sadiq,ng NGA,FW,Almería,25,1997,2.7,0,0,0,0,0,0,1,0.0,1,2,0,2,0,0,3,0,Matches
511,Umar Sadiq,ng NGA,FW,Real Sociedad,25,1997,0.9,1,1,0,0,1,0,1,0.0,1,2,0,2,0,1,0,0,Matches
512,Samuel Sáiz,es ESP,MF,Girona,31,1991,2.7,2,2,0,2,0,1,2,50.0,1,3,0,3,0,2,1,1,Matches
513,Kike Salas,es ESP,DF,Sevilla,20,2002,4.1,1,1,1,0,0,0,0,,0,4,3,1,5,6,23,0,Matches
514,Salvi,es ESP,"FW,MF",Rayo Vallecano,31,1991,5.4,13,8,5,5,3,2,8,25.0,6,0,0,0,2,15,2,0,Matches
515,Fede San Emeterio,es ESP,MF,Cádiz,25,1997,20.5,41,22,23,16,2,22,46,47.8,24,34,14,20,17,58,28,0,Matches
516,Oihan Sancet,es ESP,MF,Athletic Club,22,2000,28.1,27,16,2,19,6,11,37,29.7,26,10,0,10,4,31,9,1,Matches
517,Antonio Sánchez,es ESP,"MF,DF",Mallorca,25,1997,12.0,19,8,13,4,2,10,34,29.4,24,18,0,18,22,41,14,1,Matches
518,Iván Sánchez,es ESP,"MF,FW",Valladolid,29,1992,12.8,20,14,8,8,4,10,27,37.0,17,14,1,13,8,28,4,0,Matches
519,Javi Sánchez,es ESP,DF,Valladolid,25,1997,26.6,43,26,27,15,1,17,26,65.4,9,32,22,10,46,89,116,0,Matches
520,Manu Sánchez,es ESP,DF,Osasuna,21,2000,23.6,51,35,35,9,7,33,63,52.4,30,33,5,28,14,65,51,0,Matches
521,Esteban Saveljich,me MNE,FW,Rayo Vallecano,31,1991,0.0,0,0,0,0,0,0,0,,0,0,0,0,0,0,0,0,Matches
522,Stefan Savić,me MNE,DF,Atlético Madrid,31,1991,21.6,39,26,29,7,3,26,39,66.7,13,17,8,9,33,72,67,2,Matches
523,Haris Seferović,ch SUI,FW,Celta Vigo,30,1992,9.9,6,3,1,4,1,3,8,37.5,5,7,1,6,1,7,6,1,Matches
524,Jaime Seoane,es ESP,"MF,FW",Getafe,25,1997,3.6,10,4,3,4,3,2,8,25.0,6,7,3,4,1,11,2,0,Matches
525,David Silva,es ESP,MF,Real Sociedad,36,1986,21.5,36,21,11,18,7,11,19,57.9,8,17,2,15,15,51,16,0,Matches
526,Rui Silva,pt POR,GK,Betis,28,1994,26.0,4,1,4,0,0,4,4,100.0,0,0,0,0,0,4,12,1,Matches
527,Simo,es ESP,DF,Espanyol,17,2005,1.6,3,1,3,0,0,2,3,66.7,1,5,4,1,0,3,3,0,Matches
528,Unai Simón,es ESP,GK,Athletic Club,25,1997,30.5,2,0,2,0,0,1,1,100.0,0,1,0,1,0,2,9,3,Matches
529,Rubén Sobrino,es ESP,"MF,FW",Cádiz,30,1992,27.4,55,37,29,17,9,23,56,41.1,33,33,3,30,24,79,20,1,Matches
530,Alex Sola,es ESP,DF,Real Sociedad,23,1999,3.9,18,9,14,3,1,7,10,70.0,3,7,2,5,7,25,10,0,Matches
531,Augusto Solari,ar ARG,MF,Celta Vigo,30,1992,2.9,10,6,6,3,1,3,11,27.3,8,5,0,5,4,14,3,0,Matches
532,Carlos Soler,es ESP,MF,Valencia,25,1997,2.7,2,0,0,1,1,2,3,66.7,1,1,0,1,0,2,2,0,Matches
533,David Soria,es ESP,GK,Getafe,29,1993,38.0,0,0,0,0,0,0,1,0.0,1,0,0,0,1,1,20,4,Matches
534,Hugo Sotelo,es ESP,MF,Celta Vigo,18,2003,0.2,0,0,0,0,0,0,0,,0,0,0,0,0,0,0,0,Matches
535,Dyego Sousa,pt POR,FW,Almería,32,1989,5.9,10,6,5,4,1,4,5,80.0,1,4,2,2,1,11,14,0,Matches
536,Vinicius Souza,br BRA,MF,Espanyol,23,1999,27.0,99,66,41,45,13,33,59,55.9,26,31,14,17,48,147,50,1,Matches
537,Jørgen Strand Larsen,no NOR,FW,Celta Vigo,22,2000,18.9,15,7,3,5,7,7,30,23.3,23,14,5,9,3,18,24,0,Matches
538,Cristhian Stuani,uy URU,FW,Girona,35,1986,12.1,13,6,2,7,4,5,14,35.7,9,10,0,10,2,15,5,0,Matches
539,Damián Suárez,uy URU,"DF,MF",Getafe,34,1988,21.6,49,33,23,19,7,26,48,54.2,22,40,0,40,15,64,36,0,Matches
540,Denis Suárez,es ESP,"MF,FW",Espanyol,28,1994,10.5,26,20,12,12,2,13,45,28.9,32,11,1,10,5,31,4,0,Matches
541,Mario Suárez,es ESP,"MF,DF",Rayo Vallecano,35,1987,0.1,0,0,0,0,0,0,0,,0,1,0,1,0,0,0,0,Matches
542,Suso,es ESP,"MF,FW",Sevilla,28,1993,11.8,16,10,5,7,4,10,22,45.5,12,7,1,6,2,18,3,0,Matches
543,Williot Swedberg,se SWE,MF,Celta Vigo,18,2004,0.6,3,1,1,0,2,0,0,,0,2,0,2,0,3,1,0,Matches
544,Alexander Sørloth,no NOR,FW,Real Sociedad,26,1995,26.5,18,9,3,6,9,7,14,50.0,7,15,1,14,2,20,26,1,Matches
545,Renato Tapia,pe PER,"MF,DF",Celta Vigo,27,1995,16.1,47,25,21,21,5,18,37,48.6,19,29,11,18,19,66,37,0,Matches
546,Aurélien Tchouaméni,fr FRA,MF,Real Madrid,22,2000,23.5,64,40,23,36,5,23,38,60.5,15,20,6,14,49,113,50,0,Matches
547,Alex Telles,br BRA,DF,Sevilla,29,1992,15.9,21,13,15,6,0,13,25,52.0,12,17,5,12,20,41,38,0,Matches
548,Marc-André ter Stegen,de GER,GK,Barcelona,30,1992,37.2,0,0,0,0,0,0,0,,0,0,0,0,1,1,7,3,Matches
549,Ramón Terrats,es ESP,MF,Villarreal,21,2000,9.1,15,10,3,8,4,9,17,52.9,8,11,4,7,8,23,6,2,Matches
550,Ramón Terrats,es ESP,MF,Girona,21,2000,2.4,4,2,1,3,0,2,6,33.3,4,6,2,4,3,7,3,1,Matches
551,Raúl de Tomás,es ESP,FW,Rayo Vallecano,27,1994,8.9,3,2,0,1,2,2,6,33.3,4,4,0,4,0,3,6,0,Matches
552,Pablo Torre,es ESP,"FW,MF",Barcelona,19,2003,1.6,2,1,0,1,1,2,4,50.0,2,1,0,1,2,4,1,0,Matches
553,David Torres,es ESP,DF,Valladolid,19,2003,4.3,1,1,0,1,0,1,1,100.0,0,4,2,2,3,4,8,0,Matches
554,Ferrán Torres,es ESP,"FW,MF",Barcelona,22,2000,15.5,13,7,4,5,4,5,20,25.0,15,11,2,9,3,16,5,0,Matches
555,Óliver Torres,es ESP,"MF,FW",Sevilla,27,1994,23.7,39,23,12,13,14,18,59,30.5,41,26,5,21,10,49,10,0,Matches
556,Pau Torres,es ESP,DF,Villarreal,25,1997,33.9,43,25,25,13,5,23,36,63.9,13,36,27,9,13,56,146,3,Matches
557,Roberto Torres,es ESP,"FW,MF",Osasuna,33,1989,0.1,0,0,0,0,0,0,0,,0,0,0,0,0,0,0,0,Matches
558,Lucas Torró,es ESP,MF,Osasuna,28,1994,27.5,48,32,28,15,5,18,42,42.9,24,24,3,21,42,90,64,1,Matches
559,Nabil Touaizi,ma MAR,MF,Espanyol,21,2001,0.0,0,0,0,0,0,0,0,,0,0,0,0,0,0,0,0,Matches
560,Óscar Trejo,ar ARG,"MF,FW",Rayo Vallecano,34,1988,23.8,48,32,12,23,13,9,44,20.5,35,31,3,28,8,56,8,1,Matches
561,Manu Trigueros,es ESP,MF,Villarreal,30,1991,9.2,20,14,9,5,6,9,22,40.9,13,9,2,7,5,25,4,0,Matches
562,Viktor Tsyhankov,ua UKR,MF,Girona,24,1997,16.5,8,8,5,1,2,1,14,7.1,13,13,2,11,7,15,12,0,Matches
563,Beñat Turrientes,es ESP,"MF,FW",Real Sociedad,20,2002,1.2,3,3,3,0,0,1,5,20.0,4,2,0,2,0,3,3,0,Matches
564,Enes Ünal,tr TUR,FW,Getafe,25,1997,33.0,26,14,5,19,2,7,25,28.0,18,19,2,17,6,32,35,0,Matches
565,Oscar Ureña,do DOM,MF,Girona,19,2003,1.1,4,2,2,2,0,2,3,66.7,1,2,0,2,1,5,0,0,Matches
566,Óscar Valentín,es ESP,MF,Rayo Vallecano,27,1994,28.4,92,51,29,50,13,46,121,38.0,75,60,9,51,44,136,30,0,Matches
567,Martin Valjent,sk SVK,DF,Mallorca,26,1995,29.5,35,27,22,12,1,19,28,67.9,9,39,21,18,29,64,137,0,Matches
568,Jesús Vallejo,es ESP,DF,Real Madrid,25,1997,0.2,0,0,0,0,0,0,0,,0,0,0,0,0,0,0,0,Matches
569,Manu Vallejo,es ESP,"FW,MF",Girona,25,1997,2.3,4,1,1,2,1,1,6,16.7,5,2,0,2,1,5,3,0,Matches
570,Federico Valverde,uy URU,"MF,FW",Real Madrid,24,1998,27.8,31,20,14,11,6,13,26,50.0,13,31,4,27,17,48,15,0,Matches
571,Jesus Vazquez,es ESP,"DF,MF",Valencia,19,2003,3.4,13,8,9,1,3,6,11,54.5,5,4,0,4,1,14,8,0,Matches
572,Kevin Vázquez,es ESP,"DF,MF",Celta Vigo,29,1993,4.9,13,8,5,7,1,8,12,66.7,4,4,1,3,2,15,8,0,Matches
573,Lucas Vázquez,es ESP,DF,Real Madrid,31,1991,12.7,34,23,22,10,2,20,28,71.4,8,10,0,10,7,41,13,0,Matches
574,Gabriel Veiga,es ESP,MF,Celta Vigo,20,2002,25.5,43,19,14,25,4,16,52,30.8,36,30,3,27,21,64,6,0,Matches
575,Unai Vencedor Paris,es ESP,MF,Athletic Club,21,2000,2.1,3,1,0,3,0,1,6,16.7,5,5,0,5,1,4,1,0,Matches
576,Gonzalo Verdú,es ESP,DF,Elche,33,1988,7.8,10,5,8,2,0,4,8,50.0,4,8,6,2,10,20,33,0,Matches
577,Mikel Vesga,es ESP,MF,Athletic Club,29,1993,28.6,57,35,21,31,5,25,68,36.8,43,39,8,31,36,93,39,3,Matches
578,Aleix Vidal,es ESP,"MF,FW",Espanyol,32,1989,11.4,11,5,6,3,2,4,22,18.2,18,21,2,19,15,26,14,0,Matches
579,Nacho Vidal,es ESP,DF,Osasuna,27,1995,13.9,27,14,16,6,5,17,32,53.1,15,17,4,13,19,46,33,1,Matches
580,Toni Villa,es ESP,MF,Valladolid,27,1995,1.0,6,3,2,3,1,4,9,44.4,5,0,0,0,0,6,0,0,Matches
581,Toni Villa,es ESP,"MF,FW",Girona,27,1995,9.9,25,18,9,11,5,10,23,43.5,13,8,0,8,8,33,3,0,Matches
582,Asier Villalibre,es ESP,FW,Athletic Club,24,1997,1.1,0,0,0,0,0,0,0,,0,0,0,0,0,0,1,0,Matches
583,Gonzalo Villar,es ESP,MF,Getafe,24,1998,5.1,10,5,1,6,3,6,14,42.9,8,9,2,7,6,16,5,0,Matches
584,Iván Villar,es ESP,GK,Celta Vigo,25,1997,19.0,0,0,0,0,0,0,1,0.0,1,0,0,0,0,0,7,0,Matches
585,Daniel Vivian,es ESP,DF,Athletic Club,23,1999,26.4,57,32,36,16,5,36,45,80.0,9,27,14,13,24,81,90,3,Matches
586,Shon Weissman,il ISR,FW,Valladolid,26,1996,8.3,2,1,1,1,0,0,4,0.0,4,8,0,8,1,3,7,0,Matches
587,Axel Werner,ar ARG,GK,Elche,26,1996,2.0,0,0,0,0,0,0,1,0.0,1,0,0,0,0,0,0,0,Matches
588,Iñaki Williams,gh GHA,FW,Athletic Club,28,1994,31.5,22,16,5,14,3,9,24,37.5,15,18,3,15,7,29,34,0,Matches
589,Nico Williams,es ESP,FW,Athletic Club,20,2002,29.5,31,16,10,15,6,19,41,46.3,22,40,2,38,8,39,14,1,Matches
590,Axel Witsel,be BEL,"DF,MF",Atlético Madrid,33,1989,25.1,36,22,22,11,3,17,31,54.8,14,20,11,9,23,59,76,0,Matches
591,Lamine Yamal,es ESP,FW,Barcelona,15,2007,0.1,0,0,0,0,0,0,0,,0,0,0,0,0,0,0,0,Matches
592,Jawad El Yamiq,ma MAR,DF,Valladolid,30,1992,17.9,17,11,10,7,0,6,11,54.5,5,27,19,8,37,54,101,0,Matches
593,Joseba Zaldúa,es ESP,DF,Cádiz,30,1992,7.1,15,8,10,4,1,7,10,70.0,3,4,2,2,11,26,22,0,Matches
594,Oier Zarraga,es ESP,MF,Athletic Club,23,1999,9.5,14,9,5,7,2,8,20,40.0,12,7,0,7,10,24,5,0,Matches
595,Igor Zubeldia,es ESP,DF,Real Sociedad,25,1997,28.2,35,18,28,7,0,25,35,71.4,10,23,17,6,21,56,93,0,Matches
596,Martín Zubimendi,es ESP,MF,Real Sociedad,23,1999,34.5,59,33,23,30,6,24,45,53.3,21,44,17,27,37,96,55,4,Matches
