Unnamed: 0_level_0_Rk,Unnamed: 1_level_0_Player,Unnamed: 2_level_0_Nation,Unnamed: 3_level_0_Pos,Unnamed: 4_level_0_Squad,Unnamed: 5_level_0_Age,Unnamed: 6_level_0_Born,Unnamed: 7_level_0_90s,Performance_CrdY,Performance_CrdR,Performance_2CrdY,Performance_Fls,Performance_Fld,Performance_Off,Performance_Crs,Performance_Int,Performance_TklW,Performance_PKwon,Performance_PKcon,Performance_OG,Performance_Recov,Aerial Duels_Won,Aerial Duels_Lost,Aerial Duels_Won%,Unnamed: 24_level_0_Matches
1,Abner,br BRA,DF,Betis,22,2000,6.7,2,0,0,8,2,0,13,8,9,0,1,0,43,9,16,36.0,Matches
2,Álvaro Aceves,es ESP,GK,Valladolid,19,2003,0.1,0,0,0,0,0,0,0,0,0,0,0,0,2,1,1,50.0,Matches
3,Marcos Acuña,ar ARG,DF,Sevilla,30,1991,21.2,10,3,0,32,34,1,147,23,36,0,1,0,141,30,18,62.5,Matches
4,Julen Agirrezabala,es ESP,GK,Athletic Club,21,2000,7.5,0,0,0,0,0,0,0,0,0,0,0,0,14,1,0,100.0,Matches
5,Álvaro Aguado,es ESP,MF,Valladolid,26,1996,21.0,4,0,0,13,33,0,57,13,15,0,1,0,130,15,17,46.9,Matches
6,Joseph Aidoo,gh GHA,DF,Celta Vigo,26,1995,34.7,6,1,1,18,18,0,2,31,36,0,1,0,214,63,63,50.0,Matches
7,Sergio Akieme,es ESP,DF,Almería,24,1997,25.5,5,0,0,20,18,0,70,14,16,0,0,0,127,14,15,48.3,Matches
8,Babatunde Akinsola,ng NGA,FW,Valladolid,19,2003,0.1,0,0,0,0,1,0,0,0,1,0,0,0,1,0,0,,Matches
9,Paul Akouokou,ci CIV,"MF,DF",Betis,24,1997,5.0,3,0,0,7,4,0,0,12,9,0,0,0,27,6,7,46.2,Matches
10,David Alaba,at AUT,DF,Real Madrid,30,1992,20.4,3,0,0,9,3,0,26,14,11,0,1,0,94,11,8,57.9,Matches
11,Ángel Alarcón,es ESP,"FW,MF",Barcelona,18,2004,0.3,0,0,0,2,1,0,1,0,0,0,0,0,1,0,1,0.0,Matches
12,Tomás Alarcón,cl CHI,MF,Cádiz,23,1999,2.5,2,1,1,4,3,0,6,2,2,0,0,0,14,3,1,75.0,Matches
13,Jordi Alba,es ESP,DF,Barcelona,33,1989,15.8,6,1,1,11,4,10,91,11,18,0,0,0,118,8,15,34.8,Matches
14,Raúl Albiol,es ESP,DF,Villarreal,36,1985,23.5,6,0,0,17,13,1,1,14,17,0,0,0,108,38,25,60.3,Matches
15,Rubén Alcaraz,es ESP,MF,Cádiz,31,1991,22.7,11,1,1,45,33,0,44,19,31,0,1,0,159,30,29,50.8,Matches
16,Omar Alderete,py PAR,DF,Getafe,25,1996,22.7,9,0,0,35,10,0,7,26,20,0,0,0,141,61,31,66.3,Matches
17,Iván Alejo,es ESP,"MF,FW",Cádiz,27,1995,14.6,13,1,1,38,44,2,108,5,21,0,1,0,76,25,17,59.5,Matches
18,Carles Aleñá,es ESP,"MF,FW",Getafe,24,1998,23.5,12,1,1,60,50,3,43,4,10,0,1,0,120,15,38,28.3,Matches
19,Alejandro Alfaro,es ESP,MF,Elche,20,2002,0.2,0,0,0,2,0,0,0,0,0,0,0,0,0,0,0,,Matches
20,Ángel Algobia,es ESP,MF,Getafe,23,1999,12.6,3,0,0,31,10,0,11,3,13,0,0,0,68,7,21,25.0,Matches
21,Mohamed Ali Cho,fr FRA,"FW,MF",Real Sociedad,18,2004,6.5,1,0,0,11,12,3,30,2,10,1,0,0,34,5,15,25.0,Matches
22,Domingos André Ribeiro Almeida,pt POR,MF,Valencia,22,2000,28.2,3,0,0,31,40,1,127,20,42,0,0,0,161,14,29,32.6,Matches
23,Marcos Alonso,es ESP,DF,Barcelona,31,1990,13.0,3,0,0,10,8,0,23,11,10,0,1,0,85,26,10,72.2,Matches
24,Carlos Álvarez,es ESP,MF,Sevilla,18,2003,0.1,1,0,0,1,0,0,0,0,1,0,0,0,0,0,0,,Matches
25,Gastón Álvarez,uy URU,DF,Getafe,22,2000,16.7,7,1,0,27,12,0,23,15,30,0,1,0,53,31,31,50.0,Matches
26,Yeray Álvarez,es ESP,DF,Athletic Club,27,1995,25.9,7,1,0,22,22,1,9,48,23,0,2,0,194,55,39,58.5,Matches
27,Selim Amallah,ma MAR,"MF,FW",Valladolid,25,1996,3.0,2,1,0,10,8,1,2,5,9,0,0,0,10,7,8,46.7,Matches
28,Amath,sn SEN,"MF,FW",Mallorca,26,1996,13.6,2,1,0,35,24,7,16,5,19,1,0,0,62,8,19,29.6,Matches
29,Jordan Amavi,fr FRA,DF,Getafe,28,1994,2.2,2,1,1,3,2,1,6,4,2,0,0,0,15,8,3,72.7,Matches
30,Marcos André,br BRA,"FW,MF",Valencia,25,1996,5.0,2,1,0,9,12,1,1,0,1,0,0,0,9,10,15,40.0,Matches
31,Fabrizio Angileri,ar ARG,DF,Getafe,28,1994,6.5,2,1,0,7,1,0,12,7,9,0,1,0,19,17,10,63.0,Matches
32,Josep Antoni Gayá,es ESP,"DF,MF",Mallorca,22,2000,1.1,0,0,0,0,0,0,0,1,0,0,0,0,5,1,1,50.0,Matches
33,José Antonio,es ESP,"MF,DF",Cádiz,18,2004,0.5,0,0,0,0,4,0,1,0,1,0,0,0,2,0,0,,Matches
34,Anuar,ma MAR,"MF,FW",Valladolid,27,1995,2.3,1,0,0,3,6,1,1,3,4,0,0,0,10,2,5,28.6,Matches
35,Mauro Arambarri,uy URU,MF,Getafe,26,1995,11.0,5,1,1,21,11,0,42,14,6,0,0,1,63,15,12,55.6,Matches
36,Ronald Araújo,uy URU,DF,Barcelona,23,1999,20.0,5,1,0,16,17,1,5,12,18,0,0,1,94,46,27,63.0,Matches
37,Adu Ares,es ESP,"FW,MF",Athletic Club,20,2001,0.9,0,0,0,2,8,0,8,2,2,0,0,0,7,3,0,100.0,Matches
38,Sergio Arribas,es ESP,"MF,FW",Real Madrid,20,2001,0.2,0,0,0,0,0,0,1,0,0,0,0,0,2,0,0,,Matches
39,Roberto Arroyo,es ESP,MF,Valladolid,18,2003,0.2,0,0,0,0,0,0,1,0,1,0,0,0,0,0,0,,Matches
40,Ricard Artero,es ESP,"MF,FW",Girona,19,2003,1.5,0,0,0,2,1,0,0,1,3,0,0,0,8,2,2,50.0,Matches
41,Santiago Arzamendia,py PAR,"DF,MF",Cádiz,24,1998,5.4,0,0,0,4,2,1,14,2,8,0,0,0,46,6,6,50.0,Matches
42,Sergio Asenjo,es ESP,GK,Valladolid,33,1989,10.0,0,0,0,0,4,0,0,0,0,0,0,0,22,0,0,,Matches
43,Marco Asensio,es ESP,"FW,MF",Real Madrid,26,1996,16.0,1,0,0,10,16,4,82,5,10,1,1,0,45,3,2,60.0,Matches
44,Iago Aspas,es ESP,FW,Celta Vigo,34,1987,31.9,6,0,0,16,59,12,45,7,4,0,0,0,103,31,45,40.8,Matches
45,Pierre-Emerick Aubameyang,ga GAB,FW,Barcelona,33,1989,0.1,0,0,0,0,0,0,0,0,0,0,0,0,1,0,0,,Matches
46,Ludwig Augustinsson,se SWE,DF,Mallorca,28,1994,1.5,0,0,0,1,1,0,6,1,1,0,0,0,13,4,1,80.0,Matches
47,Ezequiel Ávila,ar ARG,"FW,MF",Osasuna,28,1994,19.0,7,1,0,25,35,14,81,8,5,0,0,0,54,35,50,41.2,Matches
48,Iddrisu Baba,gh GHA,"MF,DF",Mallorca,26,1996,18.9,5,0,0,31,30,0,0,11,17,0,0,0,122,37,28,56.9,Matches
49,Srđan Babić,rs SRB,DF,Almería,26,1996,33.3,5,0,0,24,9,2,2,29,18,0,0,0,136,71,46,60.7,Matches
50,Loïc Bade,fr FRA,DF,Sevilla,22,2000,16.1,4,0,0,13,4,0,4,23,20,0,0,0,97,34,27,55.7,Matches
51,Édgar Badía,es ESP,GK,Elche,30,1992,36.0,2,0,0,1,6,0,0,0,0,0,1,0,33,8,1,88.9,Matches
52,Alex Baena,es ESP,"MF,FW",Villarreal,21,2001,21.6,13,1,1,58,56,3,26,7,17,1,1,0,100,1,26,3.7,Matches
53,Alejandro Balde,es ESP,DF,Barcelona,18,2003,27.5,4,0,0,27,29,5,67,12,30,0,0,0,145,19,18,51.4,Matches
54,Mikel Balenziaga,es ESP,DF,Athletic Club,34,1988,1.3,0,0,0,3,0,0,3,1,4,0,0,0,6,0,0,,Matches
55,Iván Balliu,al ALB,DF,Rayo Vallecano,30,1992,35.9,6,0,0,42,34,7,105,25,29,0,2,2,145,29,37,43.9,Matches
56,Léo Baptistão,br BRA,"FW,MF",Almería,29,1992,19.2,7,0,0,30,23,10,18,19,20,0,0,0,104,27,40,40.3,Matches
57,Keidi Bare,al ALB,MF,Espanyol,24,1997,5.6,0,0,0,11,13,0,6,11,8,0,0,0,25,5,9,35.7,Matches
58,Kike Barja,es ESP,"FW,MF",Osasuna,25,1997,14.6,1,0,0,18,15,7,110,4,9,0,0,0,65,8,11,42.1,Matches
59,Ander Barrenetxea,es ESP,"FW,DF",Real Sociedad,20,2001,9.8,4,0,0,23,14,0,13,5,15,0,0,0,74,11,15,42.3,Matches
60,Pablo Barrios,es ESP,MF,Atlético Madrid,19,2003,8.0,4,0,0,7,12,0,6,9,10,0,0,0,49,6,9,40.0,Matches
61,Rodrigo Battaglia,ar ARG,MF,Mallorca,31,1991,7.6,5,0,0,11,11,0,1,5,5,0,2,0,29,11,8,57.9,Matches
62,Bebé,cv CPV,FW,Rayo Vallecano,32,1990,0.7,1,0,0,2,2,0,16,0,0,0,0,0,6,0,1,0.0,Matches
63,Héctor Bellerín,es ESP,DF,Barcelona,27,1995,1.6,0,0,0,2,0,0,3,3,0,0,0,0,10,3,0,100.0,Matches
64,Fran Beltrán,es ESP,MF,Celta Vigo,23,1999,31.7,4,0,0,26,16,2,51,53,22,0,1,0,196,18,48,27.3,Matches
65,Iker Benito,es ESP,"FW,MF",Osasuna,19,2002,2.0,0,0,0,2,2,1,6,2,3,0,0,0,14,1,4,20.0,Matches
66,Karim Benzema,fr FRA,FW,Real Madrid,34,1987,22.6,1,0,0,10,6,22,3,2,5,2,0,0,35,14,13,51.9,Matches
67,Yuri Berchiche,es ESP,DF,Athletic Club,32,1990,26.7,9,1,1,31,33,5,66,40,32,1,1,0,173,51,26,66.2,Matches
68,Álex Berenguer,es ESP,FW,Athletic Club,27,1995,25.5,2,0,0,48,25,19,162,10,37,0,0,0,114,35,42,45.5,Matches
69,Pedro Bigas,es ESP,DF,Elche,31,1990,22.4,4,2,0,17,16,0,5,33,20,1,1,0,123,42,19,68.9,Matches
70,El Bilal Touré,ml MLI,FW,Almería,20,2001,14.0,0,0,0,25,7,13,4,1,3,0,0,0,46,44,46,48.9,Matches
71,Antonio Blanco,es ESP,MF,Cádiz,22,2000,1.8,0,0,0,2,1,0,0,1,4,0,0,0,7,3,0,100.0,Matches
72,Lautaro Blanco,ar ARG,"DF,MF",Elche,23,1999,9.7,2,0,0,7,2,2,86,2,9,0,0,0,49,0,8,0.0,Matches
73,Theo Bongonda,cd COD,"MF,FW",Cádiz,26,1995,21.5,2,0,0,15,37,6,68,6,20,0,0,0,96,14,13,51.9,Matches
74,Yassine Bounou,ma MAR,GK,Sevilla,31,1991,23.9,2,0,0,0,1,0,0,2,1,0,0,0,34,4,2,66.7,Matches
75,Lucas Boyé,ar ARG,FW,Elche,26,1996,27.4,7,1,0,61,45,14,15,15,16,0,0,0,104,49,57,46.2,Matches
76,Martin Braithwaite,dk DEN,"FW,MF",Espanyol,31,1991,27.3,5,1,0,20,42,13,20,5,2,0,0,0,58,48,59,44.9,Matches
77,Darko Brašanac,rs SRB,MF,Osasuna,30,1992,11.6,5,0,0,16,14,3,7,12,20,0,1,0,50,15,15,50.0,Matches
78,Claudio Bravo,cl CHI,GK,Betis,39,1983,12.0,2,0,0,0,0,0,0,2,0,0,0,0,14,3,0,100.0,Matches
79,Ante Budimir,hr CRO,FW,Osasuna,31,1991,20.0,5,0,0,48,23,12,3,5,9,1,0,0,37,97,104,48.3,Matches
80,Manu Bueno,es ESP,MF,Sevilla,18,2004,1.7,0,0,0,1,2,0,0,0,4,0,0,0,12,1,3,25.0,Matches
81,Santiago Bueno,uy URU,DF,Girona,23,1998,33.4,7,1,1,37,34,2,4,31,38,2,1,0,144,74,41,64.3,Matches
82,Sergio Busquets,es ESP,MF,Barcelona,34,1988,26.0,8,1,1,31,40,0,7,27,26,0,0,0,187,53,59,47.3,Matches
83,Leandro Cabrera,uy URU,DF,Espanyol,31,1991,29.7,10,2,1,29,20,1,14,43,24,0,1,1,138,62,37,62.6,Matches
84,Cala,es ESP,DF,Cádiz,32,1989,1.5,0,0,0,1,5,0,0,1,1,0,0,0,3,3,4,42.9,Matches
85,Fernando Calero,es ESP,"DF,MF",Espanyol,26,1995,17.9,6,0,0,22,9,1,4,13,29,0,0,0,86,35,29,54.7,Matches
86,Alexander Callens,pe PER,DF,Girona,30,1992,1.3,1,0,0,3,1,0,0,1,3,0,0,0,9,0,1,0.0,Matches
87,Eduardo Camavinga,fr FRA,"MF,DF",Real Madrid,19,2002,22.3,6,0,0,39,69,3,6,17,48,0,0,0,136,22,11,66.7,Matches
88,Sergio Camello,es ESP,FW,Rayo Vallecano,21,2001,26.7,1,0,0,12,19,11,4,2,10,0,0,0,63,27,49,35.5,Matches
89,Sergio Canales,es ESP,"FW,MF",Betis,31,1991,26.7,4,2,1,9,32,4,135,14,14,0,0,0,121,13,24,35.1,Matches
90,Ander Capa,es ESP,DF,Athletic Club,30,1992,1.2,1,0,0,4,0,0,4,0,1,0,0,0,10,4,0,100.0,Matches
91,Étienne Capoue,fr FRA,MF,Villarreal,34,1988,21.7,4,0,0,18,41,0,9,19,12,0,0,0,113,25,19,56.8,Matches
92,Isaac Carcelen,es ESP,DF,Cádiz,29,1993,24.4,4,3,0,16,27,2,73,19,51,0,1,0,135,21,32,39.6,Matches
93,Juan Carlos,es ESP,GK,Girona,34,1988,10.0,0,0,0,0,0,0,0,1,0,0,0,0,16,1,0,100.0,Matches
94,José Carlos Lazo,es ESP,"MF,FW",Almería,26,1996,0.2,0,0,0,1,1,0,0,0,0,0,0,0,1,0,0,,Matches
95,José Carlos Lazo,es ESP,"MF,FW",Espanyol,26,1996,1.8,0,0,0,2,5,0,4,3,3,0,0,0,9,0,3,0.0,Matches
96,Carmona,es ESP,"MF,DF",Elche,20,2002,6.5,5,1,1,19,7,2,12,8,9,0,0,0,44,6,11,35.3,Matches
97,Carmona,es ESP,DF,Sevilla,20,2002,5.9,6,1,1,14,6,0,11,7,11,0,0,0,34,3,8,27.3,Matches
98,Yannick Carrasco,be BEL,"DF,MF",Atlético Madrid,28,1993,25.7,2,0,0,24,21,6,107,12,14,0,0,0,134,5,9,35.7,Matches
99,Dani Carvajal,es ESP,DF,Real Madrid,30,1992,19.8,8,1,1,22,15,5,49,15,18,0,1,0,109,10,9,52.6,Matches
100,William Carvalho,pt POR,MF,Betis,30,1992,27.1,6,1,0,29,40,2,5,16,27,0,0,0,159,32,27,54.2,Matches
101,Casemiro,br BRA,MF,Real Madrid,30,1992,0.1,0,0,0,1,0,0,0,0,0,0,0,0,1,0,0,,Matches
102,Valentín Castellanos,ar ARG,FW,Girona,23,1998,28.9,11,0,0,43,46,31,10,6,5,0,0,0,56,51,70,42.1,Matches
103,Samu Castillejo,es ESP,"FW,MF",Valencia,27,1995,15.1,7,0,0,32,40,7,87,9,12,0,0,0,66,7,19,26.9,Matches
104,Catena,es ESP,DF,Rayo Vallecano,27,1994,34.5,14,1,1,32,15,3,1,28,14,0,0,0,181,80,37,68.4,Matches
105,Edinson Cavani,uy URU,FW,Valencia,35,1987,16.1,6,0,0,18,8,15,3,2,4,0,0,0,37,20,28,41.7,Matches
106,Dani Ceballos,es ESP,MF,Real Madrid,25,1996,17.4,8,0,0,17,41,1,16,25,29,0,0,0,132,4,8,33.3,Matches
107,Álex Centelles,es ESP,DF,Almería,24,1997,12.5,0,1,0,7,5,0,46,11,14,0,0,0,66,7,17,29.2,Matches
108,Franco Cervi,ar ARG,"MF,DF",Celta Vigo,28,1994,21.0,2,1,0,27,42,2,113,36,46,0,0,0,145,12,25,32.4,Matches
109,Pep Chavarría,es ESP,"FW,MF",Rayo Vallecano,24,1998,4.1,1,0,0,11,4,1,13,2,4,0,0,0,27,8,3,72.7,Matches
110,Pape Cheikh Diop,sn SEN,MF,Elche,24,1997,0.4,1,1,0,3,0,0,0,0,0,0,0,0,3,0,1,0.0,Matches
111,Andreas Christensen,dk DEN,DF,Barcelona,26,1996,19.6,2,0,0,18,7,0,1,21,15,0,0,1,107,42,19,68.9,Matches
112,Samuel Chukwueze,ng NGA,"FW,MF",Villarreal,23,1999,26.0,1,0,0,19,34,11,28,12,7,1,0,0,110,14,20,41.2,Matches
113,Chumi,es ESP,DF,Almería,23,1999,16.5,5,0,0,10,3,0,8,15,16,0,0,0,87,11,12,47.8,Matches
114,Víctor Chust,es ESP,DF,Cádiz,22,2000,10.7,3,0,0,11,4,1,0,10,6,0,1,0,46,16,17,48.5,Matches
115,Pathé Ciss,sn SEN,"MF,DF",Rayo Vallecano,28,1994,14.2,4,0,0,38,13,1,3,22,29,0,0,1,101,34,28,54.8,Matches
116,Carlos Clerc,es ESP,"DF,MF",Elche,30,1992,29.3,5,0,0,32,31,2,89,28,51,0,0,0,151,20,22,47.6,Matches
117,Álex Collado,es ESP,MF,Elche,23,1999,8.0,1,0,0,9,10,1,18,2,14,0,0,0,33,4,8,33.3,Matches
118,Diego Collado,es ESP,FW,Villarreal,21,2001,0.1,0,0,0,0,0,0,2,0,0,0,0,0,0,0,0,,Matches
119,Eray Cömert,ch SUI,DF,Valencia,24,1998,18.6,5,1,0,22,11,1,1,29,23,0,0,0,106,44,31,58.7,Matches
120,Santi Comesaña,es ESP,MF,Rayo Vallecano,25,1996,27.2,6,0,0,49,28,4,17,32,44,0,0,0,173,32,44,42.1,Matches
121,Copete,es ESP,DF,Mallorca,22,1999,24.5,7,1,0,47,24,2,9,44,28,0,1,0,113,39,16,70.9,Matches
122,Francis Coquelin,fr FRA,MF,Villarreal,31,1991,8.3,2,0,0,11,7,0,5,9,13,0,0,0,36,6,4,60.0,Matches
123,Jesús Corona,mx MEX,FW,Sevilla,29,1993,1.2,0,0,0,2,5,1,3,1,0,0,0,0,5,0,2,0.0,Matches
124,Ángel Correa,ar ARG,"FW,MF",Atlético Madrid,27,1995,16.2,3,1,0,19,20,14,22,10,6,0,0,0,63,5,16,23.8,Matches
125,Thierry Correia,pt POR,DF,Valencia,23,1999,22.3,5,0,0,39,44,1,87,24,52,2,0,0,149,24,20,54.5,Matches
126,Jaume Costa,es ESP,DF,Mallorca,34,1988,28.9,10,0,0,44,32,7,75,22,34,0,0,0,122,30,26,53.6,Matches
127,Samu Costa,pt POR,MF,Almería,21,2000,22.1,5,0,0,51,44,4,8,37,31,0,0,0,143,48,24,66.7,Matches
128,Thibaut Courtois,be BEL,GK,Real Madrid,30,1992,31.0,0,0,0,0,3,0,0,3,0,0,0,0,59,9,0,100.0,Matches
129,Yan Couto,br BRA,"DF,MF",Girona,20,2002,12.9,3,0,0,12,15,2,63,5,18,0,0,0,78,1,7,12.5,Matches
130,Juan Cruz Armada,es ESP,DF,Osasuna,30,1992,22.9,7,0,0,17,9,1,35,13,14,0,0,0,94,18,22,45.0,Matches
131,Juan Cruz,es ESP,FW,Betis,22,2000,2.0,1,0,0,4,2,1,6,0,0,0,0,0,8,1,2,33.3,Matches
132,Jorge Cuenca,es ESP,DF,Villarreal,22,1999,5.6,1,0,0,4,1,0,1,6,7,0,1,0,28,15,7,68.2,Matches
133,Braian Cufré,ar ARG,DF,Mallorca,25,1996,2.4,0,0,0,5,3,2,1,2,2,0,0,0,13,0,1,0.0,Matches
134,Matheus Cunha,br BRA,"FW,MF",Atlético Madrid,23,1999,4.2,2,0,0,7,6,1,3,2,1,0,0,0,16,3,14,17.6,Matches
135,Curro,es ESP,MF,Almería,26,1996,0.5,1,0,0,1,0,0,1,0,0,0,0,0,3,0,2,0.0,Matches
136,Arnaut Danjuma,nl NED,FW,Villarreal,25,1997,5.3,0,0,0,2,7,3,6,0,3,0,0,0,10,0,3,0.0,Matches
137,Sergi Darder,es ESP,MF,Espanyol,28,1993,36.9,4,0,0,31,78,2,181,24,38,0,0,0,205,12,13,48.0,Matches
138,Rodrigo De Paul,ar ARG,MF,Atlético Madrid,28,1994,21.4,5,0,0,33,49,0,47,8,21,0,0,0,127,6,8,42.9,Matches
139,Alberto Del Moral,es ESP,MF,Villarreal,22,2000,0.1,0,0,0,0,0,0,0,0,0,0,0,0,0,0,0,,Matches
140,Thomas Delaney,dk DEN,MF,Sevilla,30,1991,3.4,3,0,0,4,5,1,4,4,2,0,0,0,8,9,2,81.8,Matches
141,Fran Delgado,es ESP,DF,Betis,21,2001,0.1,0,0,0,0,0,0,1,0,0,0,0,0,0,0,0,,Matches
142,Ousmane Dembélé,fr FRA,FW,Barcelona,25,1997,15.7,4,0,0,16,19,5,106,0,12,0,0,0,60,4,12,25.0,Matches
143,Mouctar Diakhaby,gn GUI,DF,Valencia,25,1996,27.2,7,1,1,23,13,4,1,20,16,0,0,0,149,48,40,54.5,Matches
144,Mamady Diarra,ml MLI,"MF,DF",Cádiz,22,2000,0.7,0,0,0,1,1,0,0,0,1,0,0,0,5,0,0,,Matches
145,Youba Diarra,ml MLI,MF,Cádiz,24,1998,1.1,2,0,0,3,0,0,0,2,0,0,0,0,12,0,2,0.0,Matches
146,Stole Dimitrievski,mk MKD,GK,Rayo Vallecano,28,1993,36.9,4,0,0,0,3,0,0,1,0,0,0,0,40,9,1,90.0,Matches
147,Djené,tg TOG,DF,Getafe,30,1991,31.6,10,1,0,49,38,1,23,42,28,0,2,0,204,53,30,63.9,Matches
148,Marko Dmitrović,rs SRB,GK,Sevilla,30,1992,14.1,1,0,0,0,1,0,0,0,0,0,0,0,23,4,0,100.0,Matches
149,Matt Doherty,ie IRL,DF,Atlético Madrid,30,1992,0.2,0,0,0,1,0,0,0,0,0,0,0,0,0,0,0,,Matches
150,Kasper Dolberg,dk DEN,FW,Sevilla,24,1997,2.2,0,0,0,2,4,0,0,0,0,0,0,0,3,3,4,42.9,Matches
151,Carlos Dominguez,es ESP,DF,Celta Vigo,21,2001,1.2,0,0,0,0,0,0,0,0,1,0,0,0,9,1,0,100.0,Matches
152,John Donald,es ESP,"MF,DF",Elche,21,2000,12.1,3,1,0,23,8,0,0,14,11,0,0,0,52,28,17,62.2,Matches
153,Domingos Duarte,pt POR,DF,Getafe,27,1995,29.5,11,1,1,32,21,2,0,39,18,0,2,1,126,47,30,61.0,Matches
154,Pablo Durán,es ESP,"MF,DF",Celta Vigo,21,2001,0.4,0,0,0,1,0,1,1,1,0,0,0,0,3,1,1,50.0,Matches
155,Hugo Duro,es ESP,FW,Valencia,22,1999,15.4,5,0,0,20,35,3,2,2,12,0,0,0,37,32,61,34.4,Matches
156,Íñigo Eguaras,es ESP,MF,Almería,30,1992,10.7,6,0,0,7,8,0,3,6,8,0,0,0,67,3,5,37.5,Matches
157,Aritz Elustondo,es ESP,DF,Real Sociedad,28,1994,16.1,5,1,0,21,9,1,9,20,17,0,0,0,58,18,23,43.9,Matches
158,Rodrigo Ely,br BRA,DF,Almería,28,1993,35.1,10,1,1,25,14,2,3,31,21,0,0,1,142,79,38,67.5,Matches
159,Adri Embarba,es ESP,"FW,MF",Almería,30,1992,16.4,5,1,1,22,30,10,127,9,27,0,0,0,100,8,30,21.1,Matches
160,Adri Embarba,es ESP,FW,Espanyol,30,1992,0.4,0,0,0,1,1,0,2,0,0,0,0,0,2,0,1,0.0,Matches
161,Youssef En-Nesyri,ma MAR,FW,Sevilla,25,1997,18.5,4,0,0,10,11,21,4,4,8,0,0,0,28,60,90,40.0,Matches
162,Gonzalo Escalante,ar ARG,MF,Cádiz,29,1993,12.5,4,0,0,14,17,0,4,17,24,0,1,0,86,27,28,49.1,Matches
163,Sergio Escudero,es ESP,DF,Valladolid,32,1989,16.0,3,0,0,19,20,1,56,26,19,0,0,0,89,24,24,50.0,Matches
164,Alfonso Espino,uy URU,DF,Cádiz,30,1992,34.7,7,0,0,49,36,3,110,48,56,0,3,0,253,33,43,43.4,Matches
165,Bernardo Espinosa,co COL,DF,Girona,33,1989,13.6,5,0,0,12,10,0,0,12,2,0,1,0,66,53,28,65.4,Matches
166,Edu Expósito,es ESP,MF,Espanyol,25,1996,12.9,3,1,0,14,29,0,48,12,20,0,0,0,69,14,12,53.8,Matches
167,Nicolás Ezequiel Fernández,ar ARG,"MF,DF",Elche,22,2000,5.7,2,0,0,11,9,3,33,5,12,0,0,1,39,1,6,14.3,Matches
168,Abde Ezzalzouli,ma MAR,"FW,MF",Osasuna,20,2001,16.7,4,2,1,27,34,2,76,4,19,0,0,0,71,3,17,15.0,Matches
169,Radamel Falcao,co COL,"FW,MF",Rayo Vallecano,36,1986,6.8,4,0,0,16,14,12,0,2,4,0,0,0,19,23,26,46.9,Matches
170,Fali,es ESP,"DF,MF",Cádiz,28,1993,19.0,6,0,0,16,18,1,2,13,19,0,0,0,95,26,26,50.0,Matches
171,Mamadou Fall,sn SEN,DF,Villarreal,19,2002,0.3,0,0,0,1,0,0,1,0,0,0,0,0,4,0,0,,Matches
172,Ansu Fati,es ESP,FW,Barcelona,19,2002,15.5,3,0,0,18,13,10,9,5,9,0,0,0,65,7,14,33.3,Matches
173,Zouhair Feddal,ma MAR,DF,Valladolid,33,1989,4.2,1,0,0,4,2,0,1,5,2,0,1,0,19,6,7,46.2,Matches
174,Nabil Fekir,fr FRA,MF,Betis,29,1993,10.7,4,1,0,21,39,7,48,1,5,1,0,0,31,8,11,42.1,Matches
175,Felipe,br BRA,DF,Atlético Madrid,33,1989,2.2,0,0,0,4,3,0,0,0,2,0,0,0,16,6,6,50.0,Matches
176,Luiz Felipe,it ITA,DF,Betis,25,1997,19.6,3,3,0,10,10,0,2,28,23,0,0,0,80,31,36,46.3,Matches
177,João Félix,pt POR,"FW,MF",Atlético Madrid,22,1999,7.2,5,0,0,16,23,3,8,3,7,0,0,0,18,7,8,46.7,Matches
178,Kiko Femenía,es ESP,DF,Villarreal,31,1991,12.6,0,0,0,6,8,0,31,20,9,0,0,0,61,9,6,60.0,Matches
179,Aitor Fernández,es ESP,GK,Osasuna,31,1991,21.0,1,0,0,0,0,0,0,2,1,0,0,0,27,3,1,75.0,Matches
180,Álex Fernández,es ESP,"MF,FW",Cádiz,29,1992,17.5,0,0,0,7,14,0,37,8,7,0,0,0,77,12,30,28.6,Matches
181,Álvaro Fernández,es ESP,GK,Espanyol,24,1998,11.0,1,0,0,0,2,0,0,0,0,0,0,0,15,2,1,66.7,Matches
182,Carlos Fernández,es ESP,FW,Real Sociedad,26,1996,7.0,6,0,0,17,15,9,0,1,4,0,0,0,35,25,23,52.1,Matches
183,Federico Fernández,ar ARG,DF,Elche,33,1989,1.0,0,0,0,0,0,0,0,2,1,0,0,0,3,1,2,33.3,Matches
184,Joaquín Fernández,es ESP,DF,Valladolid,26,1996,24.0,4,0,0,16,11,3,1,27,28,0,1,1,93,52,29,64.2,Matches
185,Valery Fernández,es ESP,"MF,DF",Girona,22,1999,10.7,1,0,0,6,16,4,23,10,6,1,1,0,49,10,5,66.7,Matches
186,Fernando,es ESP,GK,Almería,32,1990,36.5,3,0,0,0,6,0,0,1,0,0,0,0,35,2,1,66.7,Matches
187,Fernando,br BRA,"MF,DF",Sevilla,35,1987,17.5,3,1,0,17,9,0,2,24,23,0,0,1,99,20,13,60.6,Matches
188,Fidel,es ESP,"MF,FW",Elche,32,1989,19.0,5,0,0,10,19,9,57,5,10,0,0,0,101,3,9,25.0,Matches
189,Dimitri Foulquier,fr FRA,DF,Valencia,29,1993,19.3,4,0,0,28,14,1,86,14,19,0,0,0,111,18,19,48.6,Matches
190,Juan Foyth,ar ARG,DF,Villarreal,24,1998,21.8,6,0,0,40,9,0,10,20,48,0,1,0,125,36,22,62.1,Matches
191,Iván Fresneda,es ESP,DF,Valladolid,17,2004,19.4,3,0,0,13,25,0,59,15,34,0,0,0,103,8,18,30.8,Matches
192,Javi Galán,es ESP,DF,Celta Vigo,27,1994,35.1,6,0,0,50,73,8,162,41,72,0,1,0,211,33,24,57.9,Matches
193,Iñigo Ruiz de Galarreta,es ESP,MF,Mallorca,28,1993,27.2,12,0,0,60,46,0,54,30,38,0,1,0,195,20,24,45.5,Matches
194,Aleix García,es ESP,MF,Girona,25,1997,26.0,1,0,0,14,29,1,179,31,20,0,0,0,132,13,6,68.4,Matches
195,Álvaro García,es ESP,"FW,MF",Rayo Vallecano,29,1992,31.9,7,0,0,36,32,12,159,34,28,2,0,0,184,12,8,60.0,Matches
196,Borja García,es ESP,"MF,FW",Girona,31,1990,7.5,1,0,0,4,20,3,17,5,4,0,0,0,33,6,7,46.2,Matches
197,Carlos García,es ESP,DF,Cádiz,22,2000,0.3,0,0,0,0,0,0,0,0,0,0,0,0,1,1,0,100.0,Matches
198,Dani García,es ESP,MF,Athletic Club,32,1990,16.5,6,0,0,34,14,0,5,19,27,0,0,0,97,21,17,55.3,Matches
199,David García,es ESP,DF,Osasuna,28,1994,29.8,8,1,0,54,15,0,2,45,20,0,1,0,162,84,36,70.0,Matches
200,Eric García,es ESP,"DF,MF",Barcelona,21,2001,15.7,3,0,0,18,8,0,0,19,16,0,2,0,90,23,15,60.5,Matches
201,Fran Garcia,es ESP,DF,Rayo Vallecano,22,1999,37.9,1,0,0,22,26,3,156,44,54,0,2,0,229,7,20,25.9,Matches
202,Joan García,es ESP,GK,Espanyol,21,2001,1.0,0,0,0,0,0,0,0,0,0,0,0,0,3,0,0,,Matches
203,Raúl García,es ESP,"FW,MF",Athletic Club,36,1986,10.7,4,0,0,14,19,8,13,6,8,0,0,0,31,40,38,51.3,Matches
204,Rubén García,es ESP,"FW,MF",Osasuna,29,1993,12.9,2,0,0,14,17,1,79,12,11,0,0,0,71,12,35,25.5,Matches
205,Unai García,es ESP,DF,Osasuna,30,1992,19.0,6,1,0,22,4,0,3,19,13,0,1,0,90,38,29,56.7,Matches
206,Felix Garreta,es ESP,DF,Betis,18,2004,1.0,0,0,0,2,1,0,0,1,0,0,0,0,3,1,1,50.0,Matches
207,Aleix Garrido,es ESP,FW,Barcelona,18,2004,0.1,0,0,0,0,0,0,1,0,1,0,0,0,1,0,0,,Matches
208,Sékou Gassama,sn SEN,FW,Valladolid,27,1995,0.4,0,0,0,1,0,0,0,0,0,0,0,0,2,2,2,50.0,Matches
209,Gavi,es ESP,"MF,FW",Barcelona,17,2004,28.1,10,0,0,74,72,9,38,18,31,0,0,0,113,39,33,54.2,Matches
210,Paulo Gazzaniga,ar ARG,GK,Girona,30,1992,28.0,4,0,0,0,6,0,0,1,0,0,0,0,36,4,0,100.0,Matches
211,Bryan Gil,es ESP,"FW,DF",Sevilla,21,2001,10.2,4,0,0,18,21,3,29,8,11,0,0,0,63,4,9,30.8,Matches
212,David Gil,es ESP,GK,Cádiz,28,1994,4.0,0,0,0,0,0,0,0,0,0,0,0,0,5,0,0,,Matches
213,Óscar Gil,es ESP,DF,Espanyol,25,1997,28.4,14,0,0,54,39,0,38,31,37,0,1,0,124,13,39,25.0,Matches
214,Álvaro Giménez,es ESP,FW,Cádiz,31,1991,0.2,0,0,0,1,1,1,0,0,0,0,0,0,0,0,0,,Matches
215,Dani Gómez,es ESP,"MF,FW",Espanyol,24,1998,1.0,2,0,0,3,2,4,2,1,1,0,0,0,5,1,0,100.0,Matches
216,Maxi Gómez,uy URU,FW,Valencia,25,1996,1.2,0,0,0,4,3,1,0,0,0,0,0,0,0,2,6,25.0,Matches
217,Moi Gómez,es ESP,"MF,FW",Osasuna,28,1994,27.3,5,0,0,14,26,1,115,10,17,0,0,0,176,7,25,21.9,Matches
218,Papu Gómez,ar ARG,"FW,MF",Sevilla,34,1988,11.8,4,0,0,6,22,3,40,4,4,0,1,0,44,3,6,33.3,Matches
219,Sergi Gómez,es ESP,DF,Espanyol,30,1992,26.0,1,2,0,9,8,0,3,27,16,0,0,0,113,43,36,54.4,Matches
220,Antonio Gomis,es ESP,GK,Atlético Madrid,19,2003,0.1,0,0,0,0,0,0,0,0,0,0,0,0,0,0,0,,Matches
221,Diego González,es ESP,DF,Elche,27,1995,10.6,4,0,0,17,5,0,1,7,7,0,1,0,47,19,8,70.4,Matches
222,Édgar González,es ESP,DF,Betis,25,1997,19.7,8,2,2,23,13,0,0,21,19,0,0,0,83,48,33,59.3,Matches
223,Giovanni González,uy URU,DF,Mallorca,27,1994,10.3,5,0,0,16,17,1,20,7,8,0,0,0,48,12,11,52.2,Matches
224,Nicolás González,es ESP,MF,Valencia,20,2002,15.6,2,0,0,33,13,0,3,19,15,0,1,1,95,27,15,64.3,Matches
225,Roberto González,es ESP,"FW,MF",Betis,21,2001,0.6,1,0,0,1,4,0,5,1,0,0,0,0,0,0,0,,Matches
226,Andoni Gorosabel,es ESP,DF,Real Sociedad,25,1996,19.0,3,0,0,25,17,0,41,17,25,0,0,0,82,19,33,36.5,Matches
227,José Gragera,es ESP,"MF,DF",Espanyol,21,2000,5.1,2,0,0,14,6,0,0,7,9,0,0,0,17,12,9,57.1,Matches
228,Ivo Grbić,hr CRO,GK,Atlético Madrid,26,1996,10.2,3,0,0,1,1,0,0,0,0,0,1,0,9,4,1,80.0,Matches
229,Dominik Greif,sk SVK,GK,Mallorca,25,1997,1.0,0,0,0,0,0,0,0,0,0,0,0,0,0,0,0,,Matches
230,Clément Grenier,fr FRA,MF,Mallorca,31,1991,8.0,7,0,0,21,13,0,34,6,8,0,0,0,46,3,9,25.0,Matches
231,Antoine Griezmann,fr FRA,"FW,MF",Atlético Madrid,31,1991,31.8,2,0,0,22,41,11,131,24,34,0,0,0,150,28,34,45.2,Matches
232,Andrés Guardado,mx MEX,MF,Betis,35,1986,15.3,7,0,0,16,10,0,9,23,25,0,0,0,121,17,29,37.0,Matches
233,Sergi Guardiola,es ESP,FW,Valladolid,31,1991,5.6,1,0,0,14,9,4,3,2,7,0,0,0,14,9,14,39.1,Matches
234,Sergi Guardiola,es ESP,FW,Cádiz,31,1991,12.9,2,0,0,7,21,11,14,3,7,0,0,0,39,11,31,26.2,Matches
235,Nemanja Gudelj,rs SRB,"DF,MF",Sevilla,30,1991,30.9,8,0,0,26,21,1,3,34,33,0,0,0,119,47,23,67.1,Matches
236,Javier Guerra,es ESP,MF,Valencia,19,2003,6.7,0,0,0,13,7,0,8,11,13,0,0,0,43,6,8,42.9,Matches
237,Ander Guevara,es ESP,MF,Real Sociedad,25,1997,2.5,2,0,0,5,3,0,0,2,2,0,0,0,19,3,2,60.0,Matches
238,Pape Gueye,sn SEN,MF,Sevilla,23,1999,13.0,6,3,2,30,34,1,18,22,22,2,0,0,81,19,17,52.8,Matches
239,Hugo Guillamón,es ESP,MF,Valencia,22,2000,18.1,5,0,0,35,34,0,32,19,12,0,2,1,96,20,20,50.0,Matches
240,Gerard Gumbau,es ESP,MF,Elche,27,1994,30.4,11,0,0,51,21,2,164,28,25,0,0,0,165,22,30,42.3,Matches
241,Gorka Guruzeta,es ESP,FW,Athletic Club,25,1996,15.8,2,0,0,28,14,16,4,4,20,0,0,0,49,29,47,38.2,Matches
242,Raúl Guti,es ESP,MF,Elche,25,1996,12.4,1,0,0,8,22,1,9,8,12,0,0,0,64,6,10,37.5,Matches
243,Miguel Gutiérrez,es ESP,DF,Girona,21,2001,26.6,6,0,0,23,24,3,104,18,23,0,0,0,157,9,16,36.0,Matches
244,Munir El Haddadi,ma MAR,"MF,FW",Getafe,26,1995,12.8,4,0,0,14,34,13,70,9,7,0,0,0,64,28,28,50.0,Matches
245,Dennis Hadzikadunic,ba BIH,DF,Mallorca,24,1998,6.8,1,0,0,6,2,0,0,3,6,0,0,0,28,16,13,55.2,Matches
246,Haissem Hassan,fr FRA,"FW,MF",Villarreal,20,2002,0.6,0,0,0,0,1,0,1,1,0,0,0,0,2,1,1,50.0,Matches
247,Eden Hazard,be BEL,FW,Real Madrid,31,1991,2.2,0,0,0,2,9,0,0,1,0,0,0,0,5,1,0,100.0,Matches
248,Luiz Henrique,br BRA,FW,Betis,21,2001,20.1,6,0,0,25,41,5,31,14,34,0,0,0,127,27,41,39.7,Matches
249,Mario Hermoso,es ESP,DF,Atlético Madrid,27,1995,23.4,7,2,2,27,13,2,16,19,15,0,1,0,137,35,27,56.5,Matches
250,Javi Hernández,es ESP,DF,Girona,24,1998,12.4,3,0,0,9,21,1,16,7,12,0,1,0,67,10,10,50.0,Matches
251,Aridane Hernández,es ESP,DF,Osasuna,33,1989,19.9,1,0,0,14,12,0,0,28,15,0,0,1,107,30,15,66.7,Matches
252,Luis Hernández,es ESP,DF,Cádiz,33,1989,35.0,8,1,1,27,7,2,18,31,21,0,0,0,148,40,23,63.5,Matches
253,Mario Hernández,es ESP,DF,Rayo Vallecano,23,1999,1.1,1,0,0,1,1,0,1,2,2,0,0,0,3,0,1,0.0,Matches
254,Jorge Herrando,es ESP,DF,Osasuna,21,2001,0.3,0,1,0,1,0,0,0,0,0,0,0,0,0,3,0,100.0,Matches
255,Ander Herrera,es ESP,MF,Athletic Club,32,1989,7.7,4,1,0,20,11,0,7,11,10,0,0,0,53,7,5,58.3,Matches
256,Sergio Herrera,es ESP,GK,Osasuna,29,1993,17.0,3,0,0,1,4,0,0,1,0,0,1,1,12,2,1,66.7,Matches
257,Yangel Herrera,ve VEN,"MF,FW",Girona,24,1998,10.7,4,0,0,34,22,2,19,4,9,0,0,0,45,18,31,36.7,Matches
258,Omar El Hilali,ma MAR,"DF,MF",Espanyol,18,2003,1.0,1,0,0,0,2,0,2,1,2,0,0,0,10,2,1,66.7,Matches
259,Martin Hongla,cm CMR,"DF,MF",Valladolid,24,1998,14.5,7,2,1,21,3,2,7,8,13,0,1,0,98,7,16,30.4,Matches
260,Pablo Ibáñez,es ESP,MF,Osasuna,23,1998,11.8,1,0,0,22,16,4,6,8,13,0,0,0,61,24,37,39.3,Matches
261,Iglesias,es ESP,"DF,MF",Getafe,24,1998,23.8,7,0,0,44,21,2,86,21,35,0,0,0,127,15,19,44.1,Matches
262,Borja Iglesias,es ESP,FW,Betis,29,1993,26.3,2,1,0,40,52,22,0,1,4,0,0,0,46,24,44,35.3,Matches
263,Asier Illarramendi,es ESP,MF,Real Sociedad,32,1990,12.0,5,0,0,25,13,0,6,18,18,0,0,0,67,16,20,44.4,Matches
264,Alexander Isak,se SWE,FW,Real Sociedad,22,1999,1.7,0,0,0,1,0,0,2,0,1,0,0,0,2,0,0,,Matches
265,Isco,es ESP,"MF,FW",Sevilla,30,1992,8.9,5,0,0,11,34,6,18,10,9,0,0,0,48,5,14,26.3,Matches
266,Diego Iturralde,es ESP,DF,Sevilla,19,2003,0.5,1,0,0,2,1,0,1,0,0,0,0,0,1,1,1,50.0,Matches
267,Nicolas Jackson,sn SEN,FW,Villarreal,21,2001,17.8,6,1,1,32,26,13,5,2,11,0,0,0,46,13,30,30.2,Matches
268,Adnan Januzaj,be BEL,FW,Sevilla,27,1995,0.5,0,0,0,1,2,0,1,1,0,0,0,0,5,0,0,,Matches
269,Luis Javier Suárez,co COL,FW,Almería,24,1997,16.6,4,1,0,36,22,5,11,3,11,1,0,0,46,36,55,39.6,Matches
270,Joaquín,es ESP,"MF,FW",Betis,41,1981,5.5,2,0,0,1,8,1,31,4,3,0,0,0,25,1,5,16.7,Matches
271,Frenkie de Jong,nl NED,MF,Barcelona,25,1997,28.2,3,0,0,33,34,1,37,35,26,0,0,0,182,32,15,68.1,Matches
272,Joan Jordán,es ESP,MF,Sevilla,28,1994,17.7,8,0,0,34,12,0,8,16,17,0,0,0,113,11,12,47.8,Matches
273,Josan,es ESP,"DF,MF",Elche,32,1989,12.0,3,0,0,10,18,5,48,7,20,0,1,0,67,5,7,41.7,Matches
274,Willian José,br BRA,FW,Betis,30,1991,8.1,1,0,0,9,6,3,4,1,6,0,0,0,31,16,20,44.4,Matches
275,Joselu,es ESP,FW,Espanyol,32,1990,33.2,2,0,0,23,70,26,17,8,11,2,0,0,69,174,107,61.9,Matches
276,Juanmi,es ESP,FW,Betis,29,1993,10.3,3,0,0,15,22,15,0,4,10,0,0,0,45,9,16,36.0,Matches
277,Juanpe,es ESP,DF,Girona,31,1991,15.8,3,0,0,11,2,0,3,10,11,0,1,0,59,18,9,66.7,Matches
278,Lago Junior,ci CIV,"FW,MF",Mallorca,31,1990,0.6,0,0,0,3,1,0,2,0,0,0,0,0,7,4,1,80.0,Matches
279,Vinicius Júnior,br BRA,FW,Real Madrid,22,2000,31.4,10,1,0,47,122,23,64,6,21,1,0,0,98,2,6,25.0,Matches
280,Filip Jørgensen,dk DEN,GK,Villarreal,20,2002,2.0,0,0,0,0,0,0,0,0,0,0,0,0,2,0,0,,Matches
281,Tino Kadewere,zw ZIM,"FW,MF",Mallorca,26,1996,6.0,1,0,0,6,3,5,7,2,3,0,0,0,17,30,20,60.0,Matches
282,Kaiky,br BRA,DF,Almería,18,2004,6.5,5,0,0,7,3,0,1,11,5,0,1,0,22,6,10,37.5,Matches
283,Lee Kang-in,kr KOR,"MF,FW",Mallorca,21,2001,31.4,10,0,0,51,61,2,201,11,24,0,0,0,146,23,57,28.8,Matches
284,Jon Karrikaburu,es ESP,FW,Real Sociedad,19,2002,1.0,1,0,0,3,4,3,1,0,0,0,0,0,5,4,4,50.0,Matches
285,Kenedy,br BRA,"FW,DF",Valladolid,26,1996,3.1,3,0,0,9,2,0,5,1,2,0,0,0,14,2,3,40.0,Matches
286,Franck Kessié,ci CIV,MF,Barcelona,25,1996,11.0,4,0,0,17,16,3,5,12,9,0,0,0,61,7,8,46.7,Matches
287,Kiké,es ESP,FW,Osasuna,32,1989,11.3,5,0,0,26,26,6,7,1,3,2,0,0,33,44,57,43.6,Matches
288,Justin Kluivert,nl NED,"FW,MF",Valencia,23,1999,16.1,4,0,0,24,19,10,64,7,14,1,0,0,69,8,22,26.7,Matches
289,Koke,es ESP,MF,Atlético Madrid,30,1992,28.3,4,0,0,20,27,1,24,20,38,0,0,0,170,11,14,44.0,Matches
290,Luca Koleosho,it ITA,"FW,DF",Espanyol,17,2004,0.7,0,0,0,1,0,1,3,0,2,0,0,0,5,0,0,,Matches
291,Geoffrey Kondogbia,cf CTA,MF,Atlético Madrid,29,1993,11.2,5,0,0,17,19,2,0,26,23,0,0,0,101,12,10,54.5,Matches
292,Jules Koundé,fr FRA,DF,Barcelona,23,1998,27.0,2,0,0,22,12,2,36,19,23,0,0,1,157,43,22,66.2,Matches
293,Toni Kroos,de GER,MF,Real Madrid,32,1990,23.9,2,1,1,28,36,0,122,24,32,0,1,0,154,7,4,63.6,Matches
294,Takefusa Kubo,jp JPN,"FW,MF",Real Sociedad,21,2001,27.1,3,0,0,35,48,21,72,9,26,2,0,0,107,16,25,39.0,Matches
295,César de la Hoz,es ESP,MF,Almería,30,1992,18.6,6,0,0,21,12,0,3,13,20,0,1,0,83,24,29,45.3,Matches
296,Luca de la Torre,us USA,MF,Celta Vigo,24,1998,16.5,6,0,0,33,12,4,21,9,19,0,0,0,98,5,23,17.9,Matches
297,Érik Lamela,ar ARG,"FW,MF",Sevilla,30,1992,20.5,10,1,1,59,21,8,33,7,27,0,0,0,105,16,30,34.8,Matches
298,Cyle Larin,ca CAN,FW,Valladolid,27,1995,16.3,4,0,0,23,25,29,6,0,3,0,1,0,41,43,60,41.7,Matches
299,Juanmi Latasa,es ESP,FW,Getafe,21,2001,5.0,2,0,0,21,11,1,2,1,4,0,0,0,17,68,54,55.7,Matches
300,Toni Lato,es ESP,"DF,MF",Valencia,24,1997,10.2,1,0,0,12,9,4,32,6,11,0,0,0,50,4,19,17.4,Matches
301,Lázaro,br BRA,"FW,MF",Almería,20,2002,8.0,1,0,0,7,12,3,9,2,3,0,0,0,32,6,14,30.0,Matches
302,Robin Le Normand,es ESP,DF,Real Sociedad,25,1996,31.1,6,0,0,44,29,2,1,33,23,0,0,1,147,108,37,74.5,Matches
303,Benjamin Lecomte,fr FRA,GK,Espanyol,31,1991,10.0,1,1,0,1,0,0,0,0,0,0,0,1,16,0,0,,Matches
304,Jeremías Ledesma,ar ARG,GK,Cádiz,29,1993,34.0,2,0,0,1,7,0,0,2,2,0,1,0,39,8,3,72.7,Matches
305,Florian Lejeune,fr FRA,DF,Rayo Vallecano,31,1991,28.5,6,3,1,23,9,5,9,15,17,0,1,1,123,59,32,64.8,Matches
306,Iñigo Lekue,es ESP,DF,Athletic Club,29,1993,14.7,1,0,0,15,6,1,43,13,17,0,0,0,118,17,8,68.0,Matches
307,Thomas Lemar,fr FRA,MF,Atlético Madrid,26,1995,13.9,1,0,0,7,17,2,44,7,18,0,0,0,75,5,7,41.7,Matches
308,Sergio León,es ESP,FW,Valladolid,33,1989,14.8,0,1,0,8,22,20,9,0,4,0,0,0,45,18,47,27.7,Matches
309,Robert Lewandowski,pl POL,FW,Barcelona,33,1988,31.6,4,1,1,39,46,22,19,2,11,0,0,0,58,52,45,53.6,Matches
310,Samuel Lino,br BRA,"FW,MF",Valencia,22,1999,32.1,4,0,0,35,60,15,82,18,43,2,0,0,170,17,41,29.3,Matches
311,Pol Lirola,es ESP,DF,Elche,24,1997,7.0,1,0,0,4,3,0,32,7,6,0,0,0,45,8,6,57.1,Matches
312,Javier Llabrés,es ESP,FW,Mallorca,19,2002,0.2,0,0,0,0,0,2,0,0,0,0,0,0,1,0,1,0.0,Matches
313,Marcos Llorente,es ESP,"MF,DF",Atlético Madrid,27,1995,18.9,5,0,0,30,13,3,44,17,15,0,1,0,108,10,19,34.5,Matches
314,Giovani Lo Celso,ar ARG,"MF,FW",Villarreal,26,1996,12.5,3,0,0,15,31,4,31,6,28,0,0,0,61,2,5,28.6,Matches
315,David López,es ESP,DF,Girona,32,1989,18.4,5,0,0,16,16,3,0,14,18,0,0,0,106,29,32,47.5,Matches
316,Diego López,es ESP,GK,Rayo Vallecano,40,1981,1.1,0,0,0,0,0,0,0,0,0,0,0,0,3,0,0,,Matches
317,Diego López,es ESP,"FW,MF",Valencia,20,2002,5.0,0,0,0,6,7,1,12,3,2,0,0,0,29,7,8,46.7,Matches
318,Unai López,es ESP,MF,Rayo Vallecano,26,1995,13.9,2,0,0,22,17,2,55,15,20,0,0,0,98,7,17,29.2,Matches
319,Anthony Lozano,hn HON,FW,Cádiz,29,1993,16.0,6,0,0,43,35,8,7,3,4,1,0,0,47,60,79,43.2,Matches
320,Pol Lozano,es ESP,MF,Espanyol,22,1999,0.2,1,0,0,1,0,0,1,0,0,0,0,0,1,1,1,50.0,Matches
321,José Luis Gayà,es ESP,DF,Valencia,27,1995,30.1,4,0,0,13,27,7,213,23,46,1,0,0,166,24,21,53.3,Matches
322,José Luis Morales,es ESP,"FW,MF",Villarreal,35,1987,13.5,2,0,0,6,10,11,13,2,6,0,0,0,29,8,16,33.3,Matches
323,Andriy Lunin,ua UKR,GK,Real Madrid,23,1999,7.0,0,0,0,0,0,0,0,0,0,0,0,0,14,0,0,,Matches
324,Awer Mabil,au AUS,"MF,FW",Cádiz,26,1995,1.8,0,0,0,0,3,0,9,0,0,0,0,0,6,1,5,16.7,Matches
325,Darwin Machís,ve VEN,FW,Valladolid,29,1993,6.7,1,0,0,10,12,2,37,3,2,0,0,0,26,2,6,25.0,Matches
326,Pablo Maffeo,es ESP,DF,Mallorca,25,1997,33.1,6,1,0,32,45,5,123,26,46,0,0,0,161,47,32,59.5,Matches
327,Lisandro Magallán,ar ARG,DF,Elche,28,1993,10.0,0,1,0,15,5,0,1,13,11,0,0,0,53,17,19,47.2,Matches
328,Jon Magunazelaia,es ESP,"MF,FW",Real Sociedad,21,2001,0.7,0,0,0,1,1,0,2,0,0,0,0,0,4,0,2,0.0,Matches
329,Nemanja Maksimović,rs SRB,MF,Getafe,27,1995,22.8,3,0,0,25,8,0,9,34,30,0,0,0,93,45,30,60.0,Matches
330,Hugo Mallo,es ESP,DF,Celta Vigo,31,1991,24.0,6,1,1,44,23,6,67,24,29,0,1,0,124,52,46,53.1,Matches
331,Mickael Malsa,mq MTQ,MF,Valladolid,26,1995,0.8,0,0,0,2,0,0,0,2,2,0,0,0,5,1,1,50.0,Matches
332,Giorgi Mamardashvili,ge GEO,GK,Valencia,21,2000,38.0,3,0,0,1,3,0,0,1,0,0,1,0,61,8,1,88.9,Matches
333,Reinildo Mandava,mz MOZ,DF,Atlético Madrid,28,1994,20.6,4,0,0,32,30,0,16,30,43,0,0,0,129,29,20,59.2,Matches
334,Aïssa Mandi,dz ALG,DF,Villarreal,30,1991,16.2,1,0,0,16,10,4,2,21,10,0,0,0,62,20,19,51.3,Matches
335,Marcão,br BRA,DF,Sevilla,26,1996,4.2,2,0,0,5,6,0,0,6,2,0,0,0,16,8,4,66.7,Matches
336,Agustín Marchesín,ar ARG,GK,Celta Vigo,34,1988,19.0,2,0,0,0,4,0,0,0,0,0,0,0,22,3,0,100.0,Matches
337,Óscar de Marcos,es ESP,DF,Athletic Club,33,1989,31.3,7,0,0,43,16,2,130,29,33,0,0,1,198,25,23,52.1,Matches
338,Alberto Marí,es ESP,"FW,MF",Valencia,21,2001,1.0,1,0,0,3,2,2,0,0,0,0,0,0,4,2,3,40.0,Matches
339,José Mari,es ESP,MF,Cádiz,34,1987,4.4,4,0,0,6,7,0,1,5,7,0,0,0,38,5,7,41.7,Matches
340,José María Giménez,uy URU,DF,Atlético Madrid,27,1995,26.9,9,0,0,19,8,0,0,24,25,0,1,0,141,49,24,67.1,Matches
341,Mariano,do DOM,FW,Real Madrid,28,1993,1.7,2,0,0,3,0,1,0,0,0,0,0,0,4,5,3,62.5,Matches
342,Pablo Marín,es ESP,"MF,FW",Real Sociedad,19,2003,4.0,1,0,0,12,2,0,3,4,5,0,0,0,20,4,7,36.4,Matches
343,Diego Mariño,es ESP,GK,Almería,32,1990,0.5,0,0,0,0,0,0,0,0,0,0,0,0,0,0,0,,Matches
344,Roger Martí,es ESP,FW,Elche,31,1991,7.3,2,0,0,16,11,4,5,1,2,0,0,0,27,6,12,33.3,Matches
345,Roger Martí,es ESP,FW,Cádiz,31,1991,7.1,1,0,0,26,15,8,0,2,4,0,0,0,22,10,23,30.3,Matches
346,Ander Martin,es ESP,"MF,FW",Real Sociedad,21,2000,0.5,0,0,0,2,0,0,4,0,2,0,0,0,5,1,3,25.0,Matches
347,Andrés Martín,es ESP,"FW,MF",Rayo Vallecano,23,1999,2.3,1,0,0,5,3,0,11,1,2,0,0,0,16,5,2,71.4,Matches
348,Carlos Martín,es ESP,"FW,MF",Atlético Madrid,20,2002,0.3,1,0,0,2,0,1,2,1,2,0,0,0,3,0,0,,Matches
349,Iván Martín,es ESP,MF,Girona,23,1999,17.6,2,0,0,18,13,3,18,9,7,1,0,0,81,12,16,42.9,Matches
350,Arnau Martinez,es ESP,DF,Girona,19,2003,30.4,11,0,0,36,66,6,60,25,45,0,1,0,171,32,25,56.1,Matches
351,Iñigo Martínez,es ESP,DF,Athletic Club,31,1991,14.9,1,0,0,13,10,3,5,18,8,0,0,0,92,26,19,57.8,Matches
352,Roger Martínez,es ESP,DF,Espanyol,18,2004,0.1,0,0,0,0,0,0,0,0,0,0,0,0,1,0,0,,Matches
353,Omar Mascarell,gq EQG,"MF,DF",Elche,29,1993,27.2,6,0,0,21,17,0,22,45,26,0,0,0,157,27,21,56.3,Matches
354,Jordi Masip,es ESP,GK,Valladolid,33,1989,27.9,4,0,0,0,5,0,0,1,0,0,0,0,31,6,2,75.0,Matches
355,Jaime Mata,es ESP,"FW,MF",Getafe,33,1988,4.9,5,0,0,17,7,4,9,3,10,0,0,0,27,10,15,40.0,Matches
356,Borja Mayoral,es ESP,FW,Getafe,25,1997,30.7,4,0,0,16,38,11,37,3,4,1,0,0,105,36,84,30.0,Matches
357,Mamadou Mbaye,sn SEN,DF,Cádiz,24,1998,8.4,2,0,0,6,2,4,0,7,7,0,1,0,31,26,20,56.5,Matches
358,Fernando Medrano,es ESP,DF,Celta Vigo,22,2000,0.1,0,0,0,1,0,0,0,1,1,0,0,0,1,0,0,,Matches
359,Gonzalo Melero,es ESP,MF,Almería,28,1994,20.6,5,0,0,24,30,3,2,7,16,0,0,0,96,14,17,45.2,Matches
360,Memphis,nl NED,FW,Atlético Madrid,28,1994,3.0,1,0,0,2,6,0,5,0,0,0,0,0,3,1,5,16.7,Matches
361,Memphis,nl NED,FW,Barcelona,28,1994,1.3,0,0,0,2,2,1,4,0,1,0,0,0,7,1,2,33.3,Matches
362,Houboulang Mendes,gw GNB,DF,Almería,24,1998,9.8,2,0,0,13,4,0,31,7,11,0,1,0,37,1,1,50.0,Matches
363,Brais Méndez,es ESP,MF,Real Sociedad,25,1997,26.7,6,0,0,60,54,2,125,12,34,0,0,0,127,25,29,46.3,Matches
364,Diego Méndez,es ESP,MF,Rayo Vallecano,18,2003,0.0,0,0,0,0,0,0,0,1,0,0,0,0,0,1,0,100.0,Matches
365,Ferland Mendy,fr FRA,DF,Real Madrid,27,1995,15.0,2,0,0,4,18,0,7,14,12,0,0,0,77,7,8,46.7,Matches
366,Jorge Meré,es ESP,DF,Cádiz,25,1997,6.7,0,0,0,1,3,0,0,6,7,0,0,0,27,15,8,65.2,Matches
367,Mikel Merino,es ESP,MF,Real Sociedad,26,1996,27.7,5,1,0,74,48,4,25,20,49,0,0,0,218,112,59,65.5,Matches
368,Roque Mesa,es ESP,MF,Valladolid,33,1989,18.0,11,1,1,38,25,1,12,13,15,0,1,0,145,11,23,32.4,Matches
369,Éder Militão,br BRA,DF,Real Madrid,24,1998,30.0,4,0,0,35,38,1,12,42,32,1,1,0,159,64,34,65.3,Matches
370,Luis Milla,es ESP,MF,Getafe,27,1994,20.6,6,1,1,29,22,1,75,32,30,0,1,0,149,17,19,47.2,Matches
371,Pere Milla,es ESP,"FW,MF",Elche,29,1992,20.5,7,0,0,19,44,13,14,9,20,1,0,0,97,28,33,45.9,Matches
372,Marko Milovanović,rs SRB,FW,Almería,18,2003,0.2,1,0,0,2,0,0,0,0,0,0,0,0,0,5,3,62.5,Matches
373,Óscar Mingueza,es ESP,DF,Celta Vigo,23,1999,14.3,2,0,0,19,8,1,29,12,21,0,2,0,90,8,8,50.0,Matches
374,Rafa Mir,es ESP,FW,Sevilla,25,1997,14.4,1,0,0,23,11,18,6,4,2,0,0,0,42,37,42,46.8,Matches
375,Juan Miranda,es ESP,DF,Betis,22,2000,16.4,1,1,0,15,20,1,73,20,16,0,1,0,78,21,17,55.3,Matches
376,Stefan Mitrović,rs SRB,DF,Getafe,32,1990,18.7,5,0,0,13,3,0,0,17,6,0,0,0,63,38,16,70.4,Matches
377,Luka Modrić,hr CRO,MF,Real Madrid,36,1985,19.4,7,0,0,21,16,3,62,10,9,0,0,0,86,11,14,44.0,Matches
378,Johan Mojica,co COL,DF,Villarreal,29,1992,7.1,0,0,0,3,14,0,40,4,9,0,0,0,49,7,4,63.6,Matches
379,Johan Mojica,co COL,"DF,MF",Elche,29,1992,3.0,2,0,0,4,3,0,14,4,3,0,1,0,33,4,1,80.0,Matches
380,Nahuel Molina,ar ARG,DF,Atlético Madrid,24,1998,31.9,7,1,0,22,16,3,120,18,43,0,0,0,158,22,32,40.7,Matches
381,Jon Moncayola,es ESP,"MF,DF",Osasuna,24,1998,27.2,6,0,0,35,17,3,78,17,39,1,0,0,186,17,15,53.1,Matches
382,Monchu,es ESP,MF,Valladolid,22,1999,22.6,10,0,0,46,28,1,76,18,29,0,1,0,119,18,31,36.7,Matches
383,César Montes,mx MEX,DF,Espanyol,25,1997,17.7,6,0,0,18,6,1,1,14,9,0,1,0,91,68,38,64.2,Matches
384,Gonzalo Montiel,ar ARG,DF,Sevilla,25,1997,16.9,8,1,0,19,10,11,39,19,15,0,0,0,100,13,16,44.8,Matches
385,Martín Montoya,es ESP,DF,Betis,31,1991,5.0,1,0,0,4,6,0,10,9,8,0,0,0,24,8,3,72.7,Matches
386,Álvaro Morata,es ESP,FW,Atlético Madrid,29,1992,21.1,4,0,0,39,56,26,4,0,11,0,0,0,57,53,38,58.2,Matches
387,Jon Morcillo,es ESP,"FW,MF",Athletic Club,23,1998,0.8,0,0,0,1,1,0,6,1,0,0,0,0,7,1,1,50.0,Matches
388,Alberto Moreno,es ESP,DF,Villarreal,30,1992,14.4,7,0,0,26,9,3,36,23,12,0,0,0,62,12,10,54.5,Matches
389,Álex Moreno,es ESP,DF,Betis,29,1993,15.0,1,0,0,17,19,1,28,17,22,0,1,0,78,9,18,33.3,Matches
390,Diego Moreno,es ESP,DF,Osasuna,21,2001,7.1,1,0,0,3,4,1,20,5,4,0,0,0,33,5,8,38.5,Matches
391,Gerard Moreno,es ESP,FW,Villarreal,30,1992,13.7,4,0,0,11,14,13,8,5,6,0,0,0,38,19,17,52.8,Matches
392,Tete Morente,es ESP,"MF,DF",Elche,25,1996,23.0,5,0,0,32,21,12,99,25,21,1,1,0,98,35,21,62.5,Matches
393,Ilaix Moriba,gn GUI,MF,Valencia,19,2003,11.2,6,2,1,32,33,0,4,4,16,0,0,0,75,25,26,49.0,Matches
394,Manu Morlanes,es ESP,MF,Villarreal,23,1999,1.8,0,1,0,1,1,0,0,1,2,0,0,0,5,1,2,33.3,Matches
395,Manu Morlanes,es ESP,MF,Mallorca,23,1999,7.8,3,0,0,6,8,0,2,5,9,0,0,0,40,6,16,27.3,Matches
396,Loren Morón,es ESP,FW,Betis,28,1993,0.2,1,0,0,2,0,0,0,0,2,0,0,0,1,0,2,0.0,Matches
397,Cristhian Mosquera,es ESP,DF,Valencia,18,2004,1.6,0,0,0,0,1,0,1,1,2,0,0,0,8,3,2,60.0,Matches
398,Abdul Mumin,gh GHA,DF,Rayo Vallecano,24,1998,10.2,2,0,0,7,8,0,3,9,9,0,0,0,54,13,18,41.9,Matches
399,Iker Muniain,es ESP,"MF,FW",Athletic Club,29,1992,18.8,2,0,0,13,62,1,113,4,16,0,0,0,81,3,13,18.8,Matches
400,Aihen Muñoz,es ESP,DF,Real Sociedad,24,1997,19.5,2,0,0,29,16,0,54,9,23,0,0,0,102,21,25,45.7,Matches
401,Iker Muñoz,es ESP,MF,Osasuna,19,2002,2.8,0,0,0,5,4,0,0,3,0,0,0,0,15,6,3,66.7,Matches
402,Pablo Muñoz,es ESP,MF,Rayo Vallecano,18,2003,0.1,0,0,0,2,1,0,0,0,0,0,0,0,0,0,0,,Matches
403,Vedat Muriqi,xk KVX,FW,Mallorca,28,1994,32.6,6,1,0,59,39,29,11,12,7,1,0,0,88,198,156,55.9,Matches
404,Yunus Musah,us USA,MF,Valencia,19,2002,23.4,10,1,0,42,42,3,40,11,35,0,0,0,97,28,36,43.8,Matches
405,Francisco Mwepu,zm ZAM,FW,Cádiz,22,2000,0.2,0,0,0,0,0,0,0,0,0,0,0,0,0,0,0,,Matches
406,Nacho,es ESP,DF,Real Madrid,32,1990,18.2,7,0,0,16,14,3,14,18,16,0,0,1,88,36,21,63.2,Matches
407,Juanjo Narváez,co COL,"MF,FW",Valladolid,27,1995,1.6,0,0,0,1,9,1,1,0,1,0,0,0,5,3,6,33.3,Matches
408,Matija Nastasić,rs SRB,DF,Mallorca,29,1993,10.1,3,0,0,12,0,1,1,18,8,0,0,0,31,9,6,60.0,Matches
409,Roberto Navarro,es ESP,"MF,FW",Real Sociedad,20,2002,3.9,2,0,0,8,6,5,16,2,4,0,0,0,22,7,5,58.3,Matches
410,Jesús Navas,es ESP,"DF,FW",Sevilla,36,1985,22.0,5,0,0,7,33,7,135,22,12,0,0,1,130,15,28,34.9,Matches
411,Álvaro Negredo,es ESP,FW,Cádiz,36,1985,8.4,0,0,0,5,8,7,2,0,4,0,0,0,9,31,26,54.4,Matches
412,Tanguy Nianzou,fr FRA,DF,Sevilla,20,2002,15.2,1,1,0,13,14,0,1,16,15,0,0,0,73,32,11,74.4,Matches
413,Saúl Ñíguez,es ESP,"MF,DF",Atlético Madrid,27,1994,12.2,8,0,0,34,5,2,15,15,27,0,1,0,51,41,27,60.3,Matches
414,Fernando Niño,es ESP,"MF,FW",Villarreal,21,2000,0.2,0,0,0,1,0,0,0,0,0,0,0,0,0,0,1,0.0,Matches
415,Randy Nteka,ao ANG,"FW,MF",Elche,24,1997,8.1,1,0,0,21,17,3,0,4,10,0,0,0,38,15,31,32.6,Matches
416,Randy Nteka,ao ANG,"FW,MF",Rayo Vallecano,24,1997,1.3,0,1,0,4,5,0,0,2,2,0,0,0,11,5,4,55.6,Matches
417,Unai Núñez,es ESP,DF,Celta Vigo,25,1997,35.0,8,0,0,25,31,1,3,72,35,0,0,1,205,70,53,56.9,Matches
418,Jan Oblak,si SVN,GK,Atlético Madrid,29,1993,27.7,1,0,0,0,3,0,0,1,0,0,0,0,24,2,0,100.0,Matches
419,Brian Ocampo,uy URU,"MF,FW",Cádiz,23,1999,12.4,2,0,0,32,27,2,34,3,15,0,0,0,92,7,13,35.0,Matches
420,Lucas Ocampos,ar ARG,"FW,MF",Sevilla,28,1994,12.9,7,0,0,15,24,6,26,8,14,1,0,0,74,30,16,65.2,Matches
421,Álvaro Odriozola,es ESP,DF,Real Madrid,26,1995,0.4,0,0,0,0,2,0,3,0,0,0,0,0,1,0,1,0.0,Matches
422,Olasagasti,es ESP,"MF,DF",Real Sociedad,21,2000,0.7,0,0,0,1,4,0,0,0,4,0,0,0,6,2,0,100.0,Matches
423,Lucas Olaza,uy URU,DF,Valladolid,28,1994,16.6,3,0,0,12,20,2,71,14,14,0,0,0,72,27,30,47.4,Matches
424,Brian Oliván,es ESP,DF,Espanyol,28,1994,26.7,7,0,0,32,15,3,140,22,27,0,0,0,147,17,37,31.5,Matches
425,Lucas Oliveira Rosa,br BRA,DF,Valladolid,22,2000,10.3,3,0,0,19,11,1,37,15,18,0,0,0,55,15,12,55.6,Matches
426,Aimar Oroz,es ESP,"MF,FW",Osasuna,20,2001,22.4,6,0,0,36,61,2,7,24,14,0,0,0,106,17,39,30.4,Matches
427,Pedro Ortiz,es ESP,MF,Sevilla,21,2000,0.0,0,0,0,0,0,0,0,0,0,0,0,0,1,0,0,,Matches
428,Mikel Oyarzabal,es ESP,"FW,MF",Real Sociedad,25,1997,13.5,1,0,0,15,16,12,28,3,7,1,0,0,56,15,29,34.1,Matches
429,Cenk Özkacar,tr TUR,DF,Valencia,21,2000,15.2,1,0,0,7,10,0,3,12,20,0,0,0,106,49,34,59.0,Matches
430,Fernando Pacheco,es ESP,GK,Almería,30,1992,1.0,0,0,0,0,0,0,0,0,0,0,0,0,0,0,0,,Matches
431,Fernando Pacheco,es ESP,GK,Espanyol,30,1992,16.0,0,0,0,0,4,0,0,1,0,0,0,0,13,4,1,80.0,Matches
432,Jon Pacheco,es ESP,DF,Real Sociedad,21,2001,13.3,2,0,0,18,11,1,0,12,10,0,1,0,55,30,23,56.6,Matches
433,Gonçalo Paciência,pt POR,"FW,MF",Celta Vigo,27,1994,7.4,2,1,0,19,17,0,6,0,5,0,0,0,20,29,23,55.8,Matches
434,Helibelton Palacios,co COL,DF,Elche,29,1993,21.3,6,0,0,30,19,0,18,20,20,0,0,0,118,21,25,45.7,Matches
435,Isaac Palazón Camacho,es ESP,"FW,MF",Rayo Vallecano,27,1994,32.9,4,0,0,37,104,9,192,17,30,0,0,0,210,30,83,26.5,Matches
436,Aitor Paredes,es ESP,DF,Athletic Club,22,2000,9.5,3,0,0,12,2,0,2,14,6,0,0,1,59,21,7,75.0,Matches
437,Daniel Parejo,es ESP,MF,Villarreal,33,1989,36.5,6,0,0,30,75,0,144,29,40,0,1,0,257,17,21,44.7,Matches
438,Moises Parra Gutierrez,es ESP,FW,Getafe,20,2002,0.1,0,0,0,0,0,0,0,0,0,0,0,0,1,0,0,,Matches
439,Raúl Parra,es ESP,DF,Cádiz,22,1999,3.4,1,0,0,6,3,0,6,1,2,0,0,0,17,3,1,75.0,Matches
440,Pascu,es ESP,"DF,FW",Villarreal,19,2003,0.1,0,0,0,1,0,0,0,0,0,0,0,0,2,0,0,,Matches
441,Javier Pastore,ar ARG,MF,Elche,33,1989,0.1,0,0,0,1,0,0,0,0,0,0,0,0,1,0,0,,Matches
442,Gabriel Paulista,br BRA,DF,Valencia,31,1990,16.7,4,2,1,12,11,0,0,32,9,0,1,0,83,42,30,58.3,Matches
443,Alfonso Pedraza,es ESP,DF,Villarreal,26,1996,18.1,5,0,0,20,15,2,76,18,26,0,0,0,88,12,12,50.0,Matches
444,Pedri,es ESP,MF,Barcelona,19,2002,22.0,2,0,0,8,43,4,25,13,22,0,0,0,134,3,5,37.5,Matches
445,Adrià Pedrosa,es ESP,"DF,MF",Espanyol,24,1998,2.5,0,0,0,3,4,1,9,5,1,0,0,0,18,1,1,50.0,Matches
446,Iñaki Peña,es ESP,GK,Barcelona,23,1999,0.8,0,0,0,0,0,0,0,0,0,0,0,0,2,0,0,,Matches
447,Rubén Peña,es ESP,"DF,MF",Osasuna,31,1991,14.2,2,1,0,26,14,0,54,17,18,0,0,0,94,14,19,42.4,Matches
448,Alberto Perea,es ESP,MF,Cádiz,31,1990,0.5,0,0,0,0,2,0,1,0,0,0,0,0,2,0,2,0.0,Matches
449,Ayoze Pérez,es ESP,"FW,MF",Betis,29,1993,15.4,3,0,0,32,29,2,7,13,15,2,0,0,67,8,24,25.0,Matches
450,Carles Pérez,es ESP,"MF,FW",Celta Vigo,24,1998,23.8,5,0,0,35,37,9,36,6,23,1,0,0,110,6,40,13.0,Matches
451,Francisco Perez,es ESP,"FW,MF",Valencia,19,2002,1.6,2,0,0,4,3,3,8,0,1,0,0,0,12,0,2,0.0,Matches
452,Kike Pérez,es ESP,MF,Valladolid,25,1997,25.6,9,0,0,57,57,4,58,20,33,0,0,0,186,31,31,50.0,Matches
453,Lucas Pérez,es ESP,FW,Cádiz,33,1988,7.0,3,0,0,5,4,6,40,1,2,0,0,0,21,2,8,20.0,Matches
454,Luis Pérez,es ESP,DF,Valladolid,27,1995,13.5,2,0,0,12,16,4,54,16,24,0,0,0,55,7,16,30.4,Matches
455,Germán Pezzella,ar ARG,DF,Betis,31,1991,27.9,4,3,0,27,17,1,2,50,28,0,0,0,108,73,31,70.2,Matches
456,Ronaël Pierre-Gabriel,fr FRA,DF,Espanyol,24,1998,2.6,2,1,1,4,4,0,10,9,9,0,0,0,18,4,2,66.7,Matches
457,Yeremi Pino,es ESP,"FW,MF",Villarreal,19,2002,27.2,8,0,0,65,53,18,20,15,38,1,0,0,107,24,37,39.3,Matches
458,Gerard Piqué,es ESP,DF,Barcelona,35,1987,4.3,2,1,0,7,2,0,0,2,4,0,0,0,26,20,6,76.9,Matches
459,Óscar Plano,es ESP,"FW,MF",Valladolid,31,1991,22.6,3,0,0,23,49,7,23,29,25,1,0,0,108,34,50,40.5,Matches
460,Gonzalo Plata,ec ECU,FW,Valladolid,21,2000,25.6,1,0,0,22,41,4,54,12,35,3,0,0,123,17,44,27.9,Matches
461,Ezequiel Ponce,ar ARG,"FW,MF",Elche,25,1997,12.5,2,1,0,32,9,8,1,1,7,1,0,0,36,35,44,44.3,Matches
462,Francisco Portillo,es ESP,"MF,FW",Almería,32,1990,8.0,1,0,0,2,3,2,12,7,6,0,0,0,54,5,5,50.0,Matches
463,Portu,es ESP,"MF,DF",Getafe,30,1992,19.7,7,1,1,25,25,10,91,17,21,0,0,0,91,20,34,37.0,Matches
464,José Pozo,es ESP,"MF,FW",Rayo Vallecano,26,1996,1.0,0,0,0,2,4,0,4,1,2,0,0,0,5,2,3,40.0,Matches
465,Manuel Pozo,es ESP,FW,Valladolid,20,2001,0.2,0,0,0,0,0,0,1,2,0,0,0,0,4,0,0,,Matches
466,Alejandro Pozo Pozo,es ESP,DF,Almería,23,1999,20.9,2,0,0,15,14,1,70,26,19,0,1,0,138,12,23,34.3,Matches
467,Abdón Prats,es ESP,"FW,MF",Mallorca,29,1992,4.6,1,0,0,5,6,2,0,0,0,0,0,0,12,14,38,26.9,Matches
468,Javi Puado,es ESP,"FW,MF",Espanyol,24,1998,26.0,4,0,0,16,25,4,36,10,11,1,0,0,135,21,41,33.9,Matches
469,Arnau Puigmal,es ESP,"MF,FW",Almería,21,2001,8.5,4,0,0,10,15,2,18,11,14,0,1,0,36,3,8,27.3,Matches
470,Domingos Quina,pt POR,MF,Elche,22,1999,3.1,3,1,1,5,11,0,6,3,2,0,0,0,27,0,1,0.0,Matches
471,Rubén Quintanilla,es ESP,DF,Mallorca,20,2002,0.0,0,0,0,0,0,0,0,0,0,0,0,0,0,0,0,,Matches
472,Antonio Raillo,es ESP,DF,Mallorca,30,1991,30.7,11,1,0,42,21,5,0,31,21,1,0,0,140,92,51,64.3,Matches
473,Predrag Rajković,rs SRB,GK,Mallorca,26,1995,36.0,3,0,0,1,3,0,0,0,0,0,1,0,23,5,1,83.3,Matches
474,Ivan Rakitić,hr CRO,MF,Sevilla,34,1988,19.9,3,1,0,16,27,3,74,27,26,0,0,0,111,20,20,50.0,Matches
475,Largie Ramazani,be BEL,"FW,MF",Almería,21,2001,15.6,6,0,0,31,15,12,20,15,9,1,1,0,57,5,18,21.7,Matches
476,Chris Ramos,es ESP,FW,Cádiz,25,1997,7.9,2,0,0,21,12,0,6,1,9,1,0,0,23,65,48,57.5,Matches
477,Raphinha,br BRA,FW,Barcelona,25,1996,23.0,9,0,0,22,37,15,172,14,19,0,0,0,98,14,9,60.9,Matches
478,Sergio Reguilón,es ESP,DF,Atlético Madrid,25,1996,3.4,3,1,1,4,6,1,9,2,5,0,0,0,15,8,5,61.5,Matches
479,Pepe Reina,es ESP,GK,Villarreal,39,1982,22.0,2,0,0,0,1,0,0,1,0,0,0,0,23,3,0,100.0,Matches
480,Reinier,br BRA,"MF,FW",Girona,20,2002,7.2,1,1,0,4,15,2,2,5,10,0,0,0,29,6,12,33.3,Matches
481,Karim Rekik,nl NED,DF,Sevilla,27,1994,13.1,2,0,0,20,5,0,1,10,5,0,0,1,71,22,10,68.8,Matches
482,Álex Remiro,es ESP,GK,Real Sociedad,27,1995,38.0,1,0,0,0,4,0,0,0,1,0,0,0,58,7,1,87.5,Matches
483,Alejandro Revuelta Montero,es ESP,DF,Getafe,22,2000,0.0,0,0,0,0,0,0,0,0,0,0,0,0,0,0,0,,Matches
484,Chadi Riad,ma MAR,MF,Barcelona,19,2003,0.0,0,0,0,0,0,0,0,0,0,0,0,0,0,0,0,,Matches
485,Nico Ribaudo,es ESP,"MF,FW",Espanyol,21,2001,13.9,4,0,0,24,33,3,44,5,13,0,0,0,65,12,28,30.0,Matches
486,Diego Rico,es ESP,DF,Real Sociedad,29,1993,18.3,3,0,0,27,26,2,55,20,21,0,0,0,96,18,17,51.4,Matches
487,Rodrigo Riquelme,es ESP,"MF,FW",Girona,22,2000,24.2,1,0,0,27,36,5,78,11,8,0,1,0,111,9,13,40.9,Matches
488,Sergi Roberto,es ESP,"DF,MF",Barcelona,30,1992,14.5,3,0,0,19,12,2,25,11,15,0,0,0,62,7,12,36.8,Matches
489,Lucas Robertone,ar ARG,MF,Almería,25,1997,31.6,7,0,0,33,89,3,137,46,28,0,0,0,207,20,36,35.7,Matches
490,Joel Roca,es ESP,"MF,FW",Girona,17,2005,0.9,1,0,0,2,5,0,0,0,2,0,0,0,5,0,0,,Matches
491,Enzo Roco,cl CHI,DF,Elche,29,1992,18.4,7,1,1,34,10,0,1,17,13,0,4,0,83,46,20,69.7,Matches
492,Rodri,es ESP,"FW,MF",Betis,22,2000,17.8,0,0,0,6,39,2,47,13,11,1,0,0,102,2,12,14.3,Matches
493,Álvaro Rodríguez,uy URU,FW,Real Madrid,18,2004,0.9,0,0,0,3,0,3,0,0,1,0,0,0,4,2,4,33.3,Matches
494,Ángel Rodríguez,es ESP,"FW,MF",Mallorca,35,1987,4.4,1,0,0,9,6,2,2,1,1,0,0,0,12,10,9,52.6,Matches
495,Óscar Rodríguez Arnaiz,es ESP,MF,Celta Vigo,24,1998,19.7,6,0,0,22,26,2,83,24,25,0,1,0,115,11,20,35.5,Matches
496,Dani Rodríguez,es ESP,MF,Mallorca,34,1988,23.3,8,0,0,49,33,4,32,21,23,0,0,0,133,11,37,22.9,Matches
497,Guido Rodríguez,ar ARG,MF,Betis,28,1994,31.9,8,0,0,45,64,1,9,42,75,0,0,1,213,44,46,48.9,Matches
498,Miguel Rodríguez,es ESP,"MF,FW",Celta Vigo,19,2003,2.8,0,0,0,6,8,1,13,1,5,0,0,0,16,1,8,11.1,Matches
499,Rodrygo,br BRA,"FW,MF",Real Madrid,21,2001,26.4,4,0,0,18,49,10,22,8,10,2,0,0,63,14,23,37.8,Matches
500,Leo Román,es ESP,GK,Mallorca,22,2000,1.0,0,0,0,0,0,0,0,0,0,0,0,0,4,0,0,,Matches
501,Iván Romero,es ESP,MF,Sevilla,21,2001,0.1,1,0,0,1,1,0,0,0,0,0,0,0,0,1,0,100.0,Matches
502,Oriol Romeu,es ESP,MF,Girona,30,1991,32.8,10,1,1,59,33,0,13,37,38,0,1,0,195,39,46,45.9,Matches
503,Rubén,es ESP,"DF,MF",Espanyol,21,2001,9.9,1,0,0,18,7,0,48,18,15,0,0,0,64,15,4,78.9,Matches
504,Antonio Rüdiger,de GER,DF,Real Madrid,29,1993,26.8,1,0,0,13,7,2,5,19,16,0,0,0,158,37,22,62.7,Matches
505,Aitor Ruibal,es ESP,"DF,FW",Betis,26,1996,16.2,4,1,0,22,18,3,31,24,29,0,0,0,102,14,18,43.8,Matches
506,Víctor Ruiz,es ESP,DF,Betis,33,1989,6.2,0,0,0,4,2,1,0,6,3,0,0,0,29,17,7,70.8,Matches
507,Gerónimo Rulli,ar ARG,GK,Villarreal,30,1992,14.0,1,0,0,0,1,0,0,1,0,0,0,0,20,3,0,100.0,Matches
508,Franco Russo,ar ARG,DF,Mallorca,27,1994,1.6,0,0,0,0,2,0,0,3,1,0,0,0,12,3,2,60.0,Matches
509,Youssouf Sabaly,sn SEN,DF,Betis,29,1993,18.7,2,0,0,20,33,2,17,19,23,0,0,0,109,5,11,31.3,Matches
510,Umar Sadiq,ng NGA,FW,Almería,25,1997,2.7,1,0,0,9,2,7,0,0,0,0,0,0,8,4,10,28.6,Matches
511,Umar Sadiq,ng NGA,FW,Real Sociedad,25,1997,0.9,0,0,0,3,1,4,0,0,1,0,0,0,1,2,2,50.0,Matches
512,Samuel Sáiz,es ESP,MF,Girona,31,1991,2.7,1,0,0,3,4,2,6,0,2,0,0,0,15,2,3,40.0,Matches
513,Kike Salas,es ESP,DF,Sevilla,20,2002,4.1,1,1,0,4,1,0,0,5,1,0,1,0,14,9,6,60.0,Matches
514,Salvi,es ESP,"FW,MF",Rayo Vallecano,31,1991,5.4,2,0,0,8,10,2,37,2,8,0,0,0,30,4,11,26.7,Matches
515,Fede San Emeterio,es ESP,MF,Cádiz,25,1997,20.5,14,0,0,58,22,0,4,17,22,0,0,0,87,23,30,43.4,Matches
516,Oihan Sancet,es ESP,MF,Athletic Club,22,2000,28.1,6,1,0,41,54,2,17,4,16,0,0,0,140,24,22,52.2,Matches
517,Antonio Sánchez,es ESP,"MF,DF",Mallorca,25,1997,12.0,5,0,0,26,15,0,32,22,8,1,1,0,96,7,16,30.4,Matches
518,Iván Sánchez,es ESP,"MF,FW",Valladolid,29,1992,12.8,0,0,0,9,43,1,38,8,14,0,0,0,62,2,12,14.3,Matches
519,Javi Sánchez,es ESP,DF,Valladolid,25,1997,26.6,11,0,0,34,9,0,5,46,26,0,2,0,115,46,45,50.5,Matches
520,Manu Sánchez,es ESP,DF,Osasuna,21,2000,23.6,3,0,0,26,10,2,71,14,35,1,0,0,126,15,22,40.5,Matches
521,Esteban Saveljich,me MNE,FW,Rayo Vallecano,31,1991,0.0,1,0,0,0,0,0,0,0,0,0,0,0,0,0,0,,Matches
522,Stefan Savić,me MNE,DF,Atlético Madrid,31,1991,21.6,4,2,0,31,8,1,0,33,26,0,0,0,104,56,30,65.1,Matches
523,Haris Seferović,ch SUI,FW,Celta Vigo,30,1992,9.9,3,0,0,4,7,14,21,1,3,0,0,0,24,19,19,50.0,Matches
524,Jaime Seoane,es ESP,"MF,FW",Getafe,25,1997,3.6,1,0,0,6,4,0,2,1,4,0,0,0,17,2,5,28.6,Matches
525,David Silva,es ESP,MF,Real Sociedad,36,1986,21.5,3,0,0,30,33,3,20,15,21,0,0,0,137,10,12,45.5,Matches
526,Rui Silva,pt POR,GK,Betis,28,1994,26.0,2,0,0,0,2,0,0,0,1,0,0,0,43,6,1,85.7,Matches
527,Simo,es ESP,DF,Espanyol,17,2005,1.6,0,0,0,2,0,0,0,0,1,0,1,0,6,2,4,33.3,Matches
528,Unai Simón,es ESP,GK,Athletic Club,25,1997,30.5,2,0,0,0,1,0,0,0,0,0,0,0,36,0,0,,Matches
529,Rubén Sobrino,es ESP,"MF,FW",Cádiz,30,1992,27.4,11,0,0,50,53,8,12,24,37,0,0,0,164,60,64,48.4,Matches
530,Alex Sola,es ESP,DF,Real Sociedad,23,1999,3.9,1,0,0,3,8,0,12,7,9,0,0,0,17,7,3,70.0,Matches
531,Augusto Solari,ar ARG,MF,Celta Vigo,30,1992,2.9,0,0,0,9,4,0,3,4,6,0,0,0,18,4,3,57.1,Matches
532,Carlos Soler,es ESP,MF,Valencia,25,1997,2.7,0,0,0,2,4,0,16,0,0,0,0,0,4,1,1,50.0,Matches
533,David Soria,es ESP,GK,Getafe,29,1993,38.0,2,0,0,1,3,0,0,1,0,0,0,0,39,4,0,100.0,Matches
534,Hugo Sotelo,es ESP,MF,Celta Vigo,18,2003,0.2,0,0,0,0,0,0,0,0,0,0,0,0,0,0,1,0.0,Matches
535,Dyego Sousa,pt POR,FW,Almería,32,1989,5.9,1,0,0,10,12,4,1,1,6,0,0,0,17,27,25,51.9,Matches
536,Vinicius Souza,br BRA,MF,Espanyol,23,1999,27.0,10,1,1,65,38,0,4,48,66,0,2,0,151,72,63,53.3,Matches
537,Jørgen Strand Larsen,no NOR,FW,Celta Vigo,22,2000,18.9,4,0,0,34,43,13,4,3,7,1,0,0,42,42,47,47.2,Matches
538,Cristhian Stuani,uy URU,FW,Girona,35,1986,12.1,8,0,0,39,23,7,3,2,6,0,0,0,26,21,24,46.7,Matches
539,Damián Suárez,uy URU,"DF,MF",Getafe,34,1988,21.6,7,0,0,43,17,2,78,15,33,0,0,0,132,14,16,46.7,Matches
540,Denis Suárez,es ESP,"MF,FW",Espanyol,28,1994,10.5,2,0,0,16,14,1,37,5,20,0,0,0,49,4,12,25.0,Matches
541,Mario Suárez,es ESP,"MF,DF",Rayo Vallecano,35,1987,0.1,0,1,0,0,0,0,0,0,0,0,0,0,0,0,1,0.0,Matches
542,Suso,es ESP,"MF,FW",Sevilla,28,1993,11.8,1,0,0,13,19,7,79,2,10,0,0,0,55,3,7,30.0,Matches
543,Williot Swedberg,se SWE,MF,Celta Vigo,18,2004,0.6,1,0,0,1,1,0,0,0,1,0,0,0,2,0,0,,Matches
544,Alexander Sørloth,no NOR,FW,Real Sociedad,26,1995,26.5,4,0,0,32,16,17,8,2,9,0,0,0,74,60,54,52.6,Matches
545,Renato Tapia,pe PER,"MF,DF",Celta Vigo,27,1995,16.1,8,1,1,29,16,0,11,19,25,0,1,0,80,26,18,59.1,Matches
546,Aurélien Tchouaméni,fr FRA,MF,Real Madrid,22,2000,23.5,2,0,0,35,35,0,12,49,40,0,0,0,123,48,24,66.7,Matches
547,Alex Telles,br BRA,DF,Sevilla,29,1992,15.9,6,0,0,25,14,1,83,20,13,1,0,0,78,26,16,61.9,Matches
548,Marc-André ter Stegen,de GER,GK,Barcelona,30,1992,37.2,0,0,0,0,2,0,0,1,0,0,0,0,69,6,1,85.7,Matches
549,Ramón Terrats,es ESP,MF,Villarreal,21,2000,9.1,1,0,0,14,18,0,16,8,10,0,0,0,43,6,7,46.2,Matches
550,Ramón Terrats,es ESP,MF,Girona,21,2000,2.4,0,0,0,3,3,0,2,3,2,0,0,0,9,0,7,0.0,Matches
551,Raúl de Tomás,es ESP,FW,Rayo Vallecano,27,1994,8.9,2,0,0,21,23,20,8,0,2,0,0,0,21,12,20,37.5,Matches
552,Pablo Torre,es ESP,"FW,MF",Barcelona,19,2003,1.6,0,0,0,4,3,0,8,2,1,0,0,0,9,1,1,50.0,Matches
553,David Torres,es ESP,DF,Valladolid,19,2003,4.3,1,0,0,3,2,0,1,3,1,0,0,0,14,9,9,50.0,Matches
554,Ferrán Torres,es ESP,"FW,MF",Barcelona,22,2000,15.5,5,1,0,17,25,8,60,3,7,0,0,0,53,11,9,55.0,Matches
555,Óliver Torres,es ESP,"MF,FW",Sevilla,27,1994,23.7,2,0,0,30,45,7,57,10,23,0,0,0,145,7,18,28.0,Matches
556,Pau Torres,es ESP,DF,Villarreal,25,1997,33.9,10,0,0,20,17,0,4,13,25,2,0,1,195,59,48,55.1,Matches
557,Roberto Torres,es ESP,"FW,MF",Osasuna,33,1989,0.1,0,0,0,0,0,0,2,0,0,0,0,0,1,0,0,,Matches
558,Lucas Torró,es ESP,MF,Osasuna,28,1994,27.5,10,0,0,64,31,0,1,42,32,0,0,0,184,86,50,63.2,Matches
559,Nabil Touaizi,ma MAR,MF,Espanyol,21,2001,0.0,0,0,0,0,0,0,0,0,0,0,0,0,0,0,1,0.0,Matches
560,Óscar Trejo,ar ARG,"MF,FW",Rayo Vallecano,34,1988,23.8,9,0,0,77,65,5,35,8,32,0,0,0,139,11,36,23.4,Matches
561,Manu Trigueros,es ESP,MF,Villarreal,30,1991,9.2,2,1,0,13,10,1,4,5,14,0,0,0,33,6,13,31.6,Matches
562,Viktor Tsyhankov,ua UKR,MF,Girona,24,1997,16.5,0,0,0,8,21,2,55,7,8,1,0,0,70,7,13,35.0,Matches
563,Beñat Turrientes,es ESP,"MF,FW",Real Sociedad,20,2002,1.2,0,0,0,2,1,0,4,0,3,0,0,0,7,0,2,0.0,Matches
564,Enes Ünal,tr TUR,FW,Getafe,25,1997,33.0,6,0,0,61,77,28,17,6,14,2,0,0,87,156,164,48.8,Matches
565,Oscar Ureña,do DOM,MF,Girona,19,2003,1.1,0,0,0,2,1,0,4,1,2,0,0,0,3,0,1,0.0,Matches
566,Óscar Valentín,es ESP,MF,Rayo Vallecano,27,1994,28.4,11,0,0,75,50,1,3,44,51,0,0,0,204,27,45,37.5,Matches
567,Martin Valjent,sk SVK,DF,Mallorca,26,1995,29.5,8,0,0,33,11,1,6,29,27,0,1,0,114,34,29,54.0,Matches
568,Jesús Vallejo,es ESP,DF,Real Madrid,25,1997,0.2,0,0,0,0,0,0,0,0,0,0,0,0,1,0,0,,Matches
569,Manu Vallejo,es ESP,"FW,MF",Girona,25,1997,2.3,0,0,0,1,6,1,7,1,1,2,0,0,8,0,5,0.0,Matches
570,Federico Valverde,uy URU,"MF,FW",Real Madrid,24,1998,27.8,2,0,0,11,15,5,27,17,20,0,0,0,132,31,11,73.8,Matches
571,Jesus Vazquez,es ESP,"DF,MF",Valencia,19,2003,3.4,1,0,0,4,5,0,11,1,8,0,0,0,22,2,4,33.3,Matches
572,Kevin Vázquez,es ESP,"DF,MF",Celta Vigo,29,1993,4.9,2,0,0,8,5,1,7,2,8,0,0,0,28,2,6,25.0,Matches
573,Lucas Vázquez,es ESP,DF,Real Madrid,31,1991,12.7,2,0,0,23,16,3,41,7,23,1,0,0,63,1,5,16.7,Matches
574,Gabriel Veiga,es ESP,MF,Celta Vigo,20,2002,25.5,6,1,0,42,41,4,27,21,19,0,0,0,132,19,17,52.8,Matches
575,Unai Vencedor Paris,es ESP,MF,Athletic Club,21,2000,2.1,2,0,0,12,2,0,2,1,1,0,0,0,19,1,0,100.0,Matches
576,Gonzalo Verdú,es ESP,DF,Elche,33,1988,7.8,1,2,0,10,5,0,0,10,5,0,0,1,33,28,15,65.1,Matches
577,Mikel Vesga,es ESP,MF,Athletic Club,29,1993,28.6,5,0,0,44,21,0,12,36,35,1,0,1,201,65,48,57.5,Matches
578,Aleix Vidal,es ESP,"MF,FW",Espanyol,32,1989,11.4,10,1,1,23,17,1,39,15,5,0,0,0,63,3,7,30.0,Matches
579,Nacho Vidal,es ESP,DF,Osasuna,27,1995,13.9,4,0,0,28,17,0,31,19,14,0,0,0,61,29,13,69.0,Matches
580,Toni Villa,es ESP,MF,Valladolid,27,1995,1.0,0,0,0,0,1,1,5,0,3,0,0,0,6,0,0,,Matches
581,Toni Villa,es ESP,"MF,FW",Girona,27,1995,9.9,2,0,0,12,18,7,27,8,18,0,0,0,52,1,5,16.7,Matches
582,Asier Villalibre,es ESP,FW,Athletic Club,24,1997,1.1,0,0,0,3,1,0,0,0,0,0,0,0,2,2,2,50.0,Matches
583,Gonzalo Villar,es ESP,MF,Getafe,24,1998,5.1,5,0,0,20,12,0,6,6,5,0,0,0,50,7,7,50.0,Matches
584,Iván Villar,es ESP,GK,Celta Vigo,25,1997,19.0,0,0,0,0,2,0,0,0,0,0,0,0,23,2,1,66.7,Matches
585,Daniel Vivian,es ESP,DF,Athletic Club,23,1999,26.4,7,1,0,38,21,2,6,24,32,0,0,0,214,40,55,42.1,Matches
586,Shon Weissman,il ISR,FW,Valladolid,26,1996,8.3,1,0,0,5,8,7,2,1,1,0,0,0,24,4,23,14.8,Matches
587,Axel Werner,ar ARG,GK,Elche,26,1996,2.0,0,0,0,0,0,0,0,0,0,0,0,0,0,0,0,,Matches
588,Iñaki Williams,gh GHA,FW,Athletic Club,28,1994,31.5,2,0,0,31,31,22,98,7,16,0,0,0,76,32,36,47.1,Matches
589,Nico Williams,es ESP,FW,Athletic Club,20,2002,29.5,3,0,0,23,35,14,174,8,16,1,0,0,147,20,27,42.6,Matches
590,Axel Witsel,be BEL,"DF,MF",Atlético Madrid,33,1989,25.1,2,1,0,20,15,0,2,23,22,0,0,0,119,41,36,53.2,Matches
591,Lamine Yamal,es ESP,FW,Barcelona,15,2007,0.1,0,0,0,0,0,0,1,0,0,0,0,0,0,0,1,0.0,Matches
592,Jawad El Yamiq,ma MAR,DF,Valladolid,30,1992,17.9,1,1,0,13,9,1,0,37,11,0,1,0,118,42,25,62.7,Matches
593,Joseba Zaldúa,es ESP,DF,Cádiz,30,1992,7.1,4,0,0,11,4,2,12,11,8,0,0,0,23,19,12,61.3,Matches
594,Oier Zarraga,es ESP,MF,Athletic Club,23,1999,9.5,5,0,0,17,12,0,29,10,9,0,0,0,56,9,12,42.9,Matches
595,Igor Zubeldia,es ESP,DF,Real Sociedad,25,1997,28.2,11,0,0,44,10,1,3,21,18,0,0,1,165,60,53,53.1,Matches
596,Martín Zubimendi,es ESP,MF,Real Sociedad,23,1999,34.5,12,0,0,50,31,1,4,37,33,0,1,0,218,58,34,63.0,Matches
