Unnamed: 0_level_0_Rk,Unnamed: 1_level_0_Player,Unnamed: 2_level_0_Nation,Unnamed: 3_level_0_Pos,Unnamed: 4_level_0_Squad,Unnamed: 5_level_0_Age,Unnamed: 6_level_0_Born,Unnamed: 7_level_0_90s,Tackles_Tkl,Tackles_TklW,Tackles_Def 3rd,Tackles_Mid 3rd,Tackles_Att 3rd,Challenges_Tkl,Challenges_Att,Challenges_Tkl%,Challenges_Lost,Blocks_Blocks,Blocks_Sh,Blocks_Pass,Unnamed: 20_level_0_Int,Unnamed: 21_level_0_Tkl+Int,Unnamed: 22_level_0_Clr,Unnamed: 23_level_0_Err,Unnamed: 24_level_0_Matches
1,Keyliane Abdallah,fr FRA,FW,Marseille,18,2006,0.0,1,1,1,0,0,1,1,100.0,0,0,0,0,0,1,0,0,Matches
2,Yunis Abdelhamid,ma MAR,DF,Saint-Étienne,36,1987,11.5,17,11,15,2,0,10,16,62.5,6,26,18,8,14,31,57,1,Matches
3,Himad Abdelli,dz ALG,"MF,FW",Angers,24,1999,31.6,48,32,13,20,15,15,48,31.3,33,24,1,23,26,74,28,2,Matches
4,Mohamed Abdelmoneim,eg EGY,DF,Nice,25,1999,9.5,21,14,12,6,3,13,22,59.1,9,11,5,6,15,36,56,1,Matches
5,Ali Abdi,tn TUN,"DF,MF",Nice,30,1993,15.5,43,25,18,14,11,28,43,65.1,15,20,6,14,20,63,37,0,Matches
6,Matthis Abline,fr FRA,FW,Nantes,21,2003,30.8,11,5,2,4,5,3,9,33.3,6,15,1,14,4,15,36,1,Matches
7,Abner,br BRA,DF,Lyon,24,2000,12.1,29,20,12,10,7,21,32,65.6,11,15,2,13,5,34,41,0,Matches
8,Zakaria Aboukhlal,ma MAR,"MF,FW",Toulouse,24,2000,21.1,22,13,7,8,7,4,23,17.4,19,16,1,15,6,28,9,0,Matches
9,Martin Adeline,fr FRA,MF,Reims,20,2003,0.3,1,1,0,1,0,1,2,50.0,1,0,0,0,0,1,2,0,Matches
10,Adryelson,br BRA,DF,Lyon,26,1998,0.0,0,0,0,0,0,0,0,,0,0,0,0,1,1,1,0,Matches
11,Emmanuel Agbadou,ci CIV,DF,Reims,27,1997,14.0,25,17,19,3,3,19,26,73.1,7,22,13,9,19,44,64,1,Matches
12,Jeremy Agbonifo,se SWE,"FW,MF",Lens,18,2005,3.3,7,6,6,0,1,3,7,42.9,4,2,1,1,1,8,0,1,Matches
13,Ruben Aguilar,fr FRA,"DF,MF",Lens,31,1993,12.5,34,18,17,12,5,24,39,61.5,15,25,3,22,13,47,23,0,Matches
14,Naouirou Ahamada,fr FRA,"MF,FW",Rennes,22,2002,0.6,0,0,0,0,0,0,0,,0,0,0,0,2,2,2,0,Matches
15,Jean-Eudes Aholou,ci CIV,MF,Angers,30,1994,21.8,56,36,26,20,10,22,48,45.8,26,34,14,20,33,89,32,0,Matches
16,Ayman Aiki,fr FRA,"FW,MF",Saint-Étienne,19,2005,1.4,3,3,1,2,0,1,1,100.0,0,1,0,1,1,4,0,0,Matches
17,Ludovic Ajorque,fr FRA,FW,Brest,30,1994,27.7,26,19,3,12,11,10,32,31.3,22,20,5,15,6,32,26,0,Matches
18,Ümit Akdag,ro ROU,DF,Toulouse,20,2003,5.6,8,4,3,4,1,5,12,41.7,7,10,8,2,11,19,19,0,Matches
19,Sergio Akieme,es ESP,DF,Reims,26,1997,28.0,34,23,30,3,1,22,36,61.1,14,26,9,17,17,51,97,4,Matches
20,Maghnes Akliouche,fr FRA,"FW,MF",Monaco,22,2002,26.7,51,31,12,24,15,19,41,46.3,22,21,0,21,15,66,13,0,Matches
21,Adams Akor,ng NGA,FW,Montpellier,24,2000,11.9,4,3,1,2,1,3,4,75.0,1,2,1,1,1,5,5,1,Matches
22,Paul Akouokou,ci CIV,MF,Lyon,26,1997,0.2,1,0,0,1,0,0,0,,0,0,0,0,1,2,0,1,Matches
23,Clément Akpa,ci CIV,DF,Auxerre,22,2001,27.6,55,34,36,12,7,31,46,67.4,15,38,14,24,42,97,141,2,Matches
24,Chuba Akpom,eng ENG,FW,Lille,28,1995,7.1,8,5,0,4,4,2,6,33.3,4,9,0,9,0,8,3,0,Matches
25,Mohamed Ali Cho,fr FRA,"FW,MF",Nice,20,2004,18.0,13,9,4,5,4,4,12,33.3,8,17,1,16,5,18,8,0,Matches
26,Jim Allevinah,ga GAB,FW,Angers,29,1995,19.4,19,11,6,9,4,5,28,17.9,23,10,0,10,12,31,17,0,Matches
27,Thiago Almada,ar ARG,"MF,FW",Lyon,23,2001,10.6,14,8,7,5,2,7,21,33.3,14,2,0,2,7,21,6,3,Matches
28,Jordan Amavi,fr FRA,DF,Brest,30,1994,8.8,24,17,10,11,3,15,21,71.4,6,10,2,8,7,31,18,0,Matches
29,Kelvin Amian,fr FRA,DF,Nantes,26,1998,24.1,55,31,40,14,1,29,35,82.9,6,18,11,7,13,68,85,0,Matches
30,Michael Amir Murillo,pa PAN,DF,Marseille,28,1996,27.1,49,31,30,13,6,32,46,69.6,14,21,8,13,18,67,70,4,Matches
31,Samuel Amo-Ameyaw,eng ENG,"DF,MF",Strasbourg,18,2006,3.6,5,3,3,2,0,2,9,22.2,7,3,0,3,3,8,2,0,Matches
32,Mathis Amougou,fr FRA,MF,Saint-Étienne,18,2006,9.5,21,15,15,5,1,10,19,52.6,9,10,0,10,12,33,4,0,Matches
33,Benjamin André,fr FRA,MF,Lille,33,1990,29.9,103,57,31,60,12,54,96,56.3,42,42,6,36,48,151,56,0,Matches
34,Kyllian Antonio,fr FRA,"DF,MF",Lens,16,2008,1.5,3,2,2,0,1,1,3,33.3,2,3,0,3,3,6,3,1,Matches
35,Dennis Appiah,fr FRA,DF,Saint-Étienne,32,1992,23.6,71,43,42,22,7,41,71,57.7,30,36,8,28,29,100,89,2,Matches
36,Carlens Arcus,ht HAI,DF,Angers,28,1996,22.7,52,35,32,15,5,34,56,60.7,22,24,4,20,27,79,83,3,Matches
37,Hákon Arnar Haraldsson,is ISL,"MF,FW",Lille,21,2003,19.5,36,16,9,17,10,16,33,48.5,17,10,2,8,8,44,6,0,Matches
38,Marco Asensio,es ESP,"FW,MF",Paris S-G,28,1996,6.9,4,3,1,3,0,0,6,0.0,6,1,0,1,0,4,1,0,Matches
39,Lorenz Assignon,tg TOG,"DF,MF",Rennes,24,2000,26.2,49,27,25,22,2,19,43,44.2,24,20,3,17,25,74,74,0,Matches
40,Dehmaine Assoumani,fr FRA,"MF,FW",Nantes,19,2005,1.1,6,3,0,4,2,4,5,80.0,1,1,0,1,1,7,4,0,Matches
41,Valentin Atangana Edoa,fr FRA,MF,Reims,18,2005,31.7,69,50,32,30,7,28,38,73.7,10,31,15,16,37,106,64,0,Matches
42,Florian Ayé,fr FRA,FW,Auxerre,27,1997,6.4,2,2,0,0,2,0,2,0.0,2,7,0,7,7,9,6,0,Matches
43,André Ayew,gh GHA,FW,Le Havre,34,1989,16.1,18,10,3,7,8,7,13,53.8,6,9,2,7,3,21,21,1,Matches
44,Neil El Aynaoui,ma MAR,MF,Lens,23,2001,17.6,39,21,18,15,6,12,34,35.3,22,34,8,26,30,69,29,0,Matches
45,Shavy Babicka,ga GAB,"MF,FW",Toulouse,24,2000,13.2,21,12,6,11,4,10,21,47.6,11,14,0,14,3,24,4,3,Matches
46,Theo Bair,ca CAN,FW,Auxerre,24,1999,10.4,4,3,1,2,1,0,2,0.0,2,6,2,4,3,7,10,0,Matches
47,Mitchel Bakker,nl NED,"FW,DF",Lille,24,2000,12.7,23,13,6,11,6,10,19,52.6,9,10,1,9,12,35,15,0,Matches
48,Darryl Bakola,fr FRA,"DF,MF",Marseille,16,2007,0.2,1,1,0,1,0,0,0,,0,0,0,0,0,1,0,0,Matches
49,Dilane Bakwa,fr FRA,"MF,DF",Strasbourg,21,2002,27.7,26,14,11,8,7,12,24,50.0,12,21,1,20,15,41,27,0,Matches
50,Leonardo Balerdi,ar ARG,DF,Marseille,25,1999,25.3,54,39,32,17,5,27,47,57.4,20,25,14,11,38,92,72,4,Matches
51,Fodé Ballo-Touré,sn SEN,"DF,MF",Le Havre,27,1997,6.5,8,7,3,4,1,5,9,55.6,4,8,3,5,4,12,27,0,Matches
52,Folarin Balogun,us USA,FW,Monaco,23,2001,6.8,1,1,0,0,1,0,4,0.0,4,0,0,0,1,2,0,0,Matches
53,Abdoulaye Bamba,ci CIV,DF,Angers,34,1990,16.8,22,12,17,4,1,14,19,73.7,5,14,8,6,19,41,79,0,Matches
54,Mohamed Bamba,ci CIV,MF,Reims,19,2004,0.1,0,0,0,0,0,0,1,0.0,1,2,1,1,0,0,1,0,Matches
55,Valentín Barco,ar ARG,"MF,DF",Strasbourg,20,2004,12.9,36,22,24,10,2,22,30,73.3,8,8,3,5,13,49,28,1,Matches
56,Bradley Barcola,fr FRA,FW,Paris S-G,21,2002,24.2,27,17,10,8,9,8,31,25.8,23,25,2,23,19,46,12,0,Matches
57,Melvin Bard,fr FRA,"DF,MF",Nice,23,2000,21.5,53,36,35,13,5,24,42,57.1,18,38,13,25,29,82,60,3,Matches
58,Gabriel Bares,ch SUI,"MF,DF",Montpellier,23,2000,0.6,2,2,2,0,0,1,2,50.0,1,0,0,0,1,3,3,0,Matches
59,Téo Barisic,hr CRO,DF,Lyon,19,2004,0.0,0,0,0,0,0,0,0,,0,0,0,0,0,0,1,0,Matches
60,Dylan Batubinsika,cd COD,DF,Saint-Étienne,28,1996,22.4,26,13,19,6,1,13,22,59.1,9,23,14,9,39,65,140,3,Matches
61,Haris Belkebla,dz ALG,MF,Angers,30,1994,19.9,56,38,38,15,3,26,45,57.8,19,30,9,21,35,91,46,1,Matches
62,Yassin Belkhdim,fr FRA,MF,Angers,22,2002,16.9,53,27,26,21,6,27,58,46.6,31,23,6,17,21,74,41,1,Matches
63,Eliesse Ben Seghir,ma MAR,"MF,FW",Monaco,19,2005,19.4,31,22,12,12,7,18,32,56.3,14,20,0,20,13,44,4,0,Matches
64,Ismaël Bennacer,dz ALG,MF,Marseille,26,1997,7.2,21,10,8,12,1,12,18,66.7,6,6,0,6,10,31,2,1,Matches
65,Saïd Benrahma,dz ALG,"FW,MF",Lyon,28,1995,8.2,9,5,4,4,1,3,10,30.0,7,6,0,6,3,12,2,0,Matches
66,Nabil Bentaleb,dz ALG,MF,Lille,29,1994,3.7,4,3,2,0,2,3,7,42.9,4,5,0,5,5,9,7,2,Matches
67,Lucas Beraldo,br BRA,DF,Paris S-G,20,2003,22.3,38,31,30,8,0,23,37,62.2,14,16,8,8,21,59,63,3,Matches
68,Maxime Bernauer,fr FRA,DF,Saint-Étienne,26,1998,8.5,9,9,5,2,2,5,8,62.5,3,7,3,4,5,14,44,1,Matches
69,Dimitry Bertaud,cd COD,GK,Montpellier,26,1998,4.0,0,0,0,0,0,0,0,,0,0,0,0,0,0,2,0,Matches
70,Mika Biereth,dk DEN,FW,Monaco,21,2003,13.6,5,5,0,3,2,3,7,42.9,4,11,0,11,4,9,7,0,Matches
71,Emmanuel Biumla,fr FRA,DF,Angers,19,2005,14.8,19,12,14,5,0,12,18,66.7,6,18,8,10,8,27,84,1,Matches
72,Marco Bizot,nl NED,GK,Brest,33,1991,32.0,2,1,2,0,0,1,2,50.0,1,0,0,0,0,2,33,0,Matches
73,Ludovic Blas,fr FRA,"MF,FW",Rennes,26,1997,25.5,38,25,9,12,17,23,42,54.8,19,16,2,14,13,51,11,0,Matches
74,Augustine Boakye,gh GHA,"FW,MF",Saint-Étienne,23,2000,8.1,7,3,3,4,0,3,11,27.3,8,5,0,5,6,13,4,0,Matches
75,Mathéo Bodmer,fr FRA,MF,Le Havre,20,2004,0.1,0,0,0,0,0,0,0,,0,0,0,0,0,0,1,0,Matches
76,Jeremie Boga,ci CIV,"MF,FW",Nice,27,1997,11.7,10,5,2,5,3,4,8,50.0,4,13,0,13,3,13,2,1,Matches
77,Moïse Bombito,ca CAN,DF,Nice,24,2000,24.4,37,25,22,12,3,24,35,68.6,11,35,19,16,18,55,121,7,Matches
78,Saïmon Bouabré,fr FRA,"MF,FW",Monaco,18,2006,1.1,1,0,0,1,0,0,3,0.0,3,1,0,1,0,1,0,0,Matches
79,Ayyoub Bouaddi,fr FRA,MF,Lille,16,2007,12.8,50,31,21,21,8,19,32,59.4,13,12,3,9,10,60,12,1,Matches
80,Badredine Bouanani,dz ALG,"MF,FW",Nice,19,2004,12.2,11,4,4,4,3,6,18,33.3,12,16,3,13,11,22,4,0,Matches
81,Benjamin Bouchouari,ma MAR,MF,Saint-Étienne,22,2001,19.7,33,27,15,13,5,16,46,34.8,30,21,1,20,17,50,15,2,Matches
82,Hicham Boudaoui,dz ALG,MF,Nice,24,1999,27.1,76,52,28,37,11,31,53,58.5,22,40,11,29,22,98,45,1,Matches
83,Justin Bourgault,fr FRA,DF,Brest,18,2005,1.4,2,1,1,1,0,0,0,,0,0,0,0,0,2,1,0,Matches
84,Benjamin Bourigeaud,fr FRA,MF,Rennes,30,1994,0.9,1,0,0,1,0,0,2,0.0,2,2,1,1,2,3,1,0,Matches
85,Bilal Brahimi,dz ALG,MF,Nice,24,2000,0.8,0,0,0,0,0,0,0,,0,1,0,1,0,0,2,0,Matches
86,Lilian Brassier,fr FRA,DF,Marseille,24,1999,8.7,8,6,8,0,0,5,6,83.3,1,8,3,5,9,17,28,2,Matches
87,Lilian Brassier,fr FRA,DF,Rennes,24,1999,13.7,15,12,11,4,0,9,11,81.8,2,17,10,7,22,37,62,1,Matches
88,Anthony Briançon,fr FRA,DF,Saint-Étienne,29,1994,0.0,0,0,0,0,0,0,0,,0,0,0,0,0,0,0,0,Matches
89,Aurélio Buta,pt POR,DF,Reims,27,1997,21.9,37,24,22,11,4,21,42,50.0,21,19,5,14,22,59,59,0,Matches
90,Marcin Bułka,pl POL,GK,Nice,24,1999,34.0,0,0,0,0,0,0,1,0.0,1,0,0,0,0,0,16,6,Matches
91,Rémy Cabella,fr FRA,"FW,MF",Lille,34,1990,11.2,39,19,16,13,10,19,33,57.6,14,10,1,9,8,47,5,0,Matches
92,Mathieu Cafaro,fr FRA,"MF,FW",Saint-Étienne,27,1997,8.1,10,7,4,4,2,4,15,26.7,11,7,1,6,7,17,3,0,Matches
93,Duje Ćaleta-Car,hr CRO,DF,Lyon,27,1996,17.6,20,12,11,9,0,10,19,52.6,9,33,25,8,17,37,97,2,Matches
94,Issiaga Camara,gn GUI,MF,Nice,19,2005,0.2,2,1,0,2,0,0,1,0.0,1,0,0,0,3,5,0,0,Matches
95,Lamine Camara,sn SEN,MF,Monaco,20,2004,22.8,66,41,22,34,10,26,48,54.2,22,30,4,26,31,97,32,1,Matches
96,Mahdi Camara,fr FRA,"MF,FW",Brest,26,1998,29.5,71,40,16,38,17,24,46,52.2,22,40,5,35,33,104,29,0,Matches
97,Ousmane Camara,ml MLI,DF,Angers,21,2003,2.8,4,3,3,1,0,1,2,50.0,1,1,1,0,0,4,18,0,Matches
98,Axel Camblan,fr FRA,"MF,FW",Brest,20,2003,0.3,1,1,0,0,1,1,2,50.0,1,1,0,1,0,1,0,0,Matches
99,Jaydee Canvot,fr FRA,"DF,MF",Toulouse,18,2006,12.3,23,11,16,5,2,12,18,66.7,6,10,2,8,11,34,54,1,Matches
100,Pierrick Capelle,fr FRA,MF,Angers,37,1987,5.4,24,17,10,9,5,9,18,50.0,9,4,1,3,11,35,5,1,Matches
101,Gabin Capuano,fr FRA,FW,Lens,18,2006,0.1,0,0,0,0,0,0,0,,0,0,0,0,0,0,0,0,Matches
102,Maxence Caqueret,fr FRA,MF,Lyon,24,2000,6.4,21,11,5,11,5,4,22,18.2,18,12,2,10,7,28,2,0,Matches
103,Simon Cara,fr FRA,"MF,FW",Montpellier,19,2005,0.1,0,0,0,0,0,0,0,,0,0,0,0,0,0,0,0,Matches
104,Valentin Carboni,ar ARG,"MF,FW",Marseille,19,2005,1.1,2,2,0,1,1,0,1,0.0,1,1,0,1,1,3,1,0,Matches
105,Irvin Cardona,mt MLT,FW,Saint-Étienne,26,1997,11.8,6,5,3,3,0,2,14,14.3,12,16,3,13,4,10,6,2,Matches
106,Patrik Carlgren,se SWE,GK,Nantes,32,1992,4.6,0,0,0,0,0,0,0,,0,0,0,0,0,0,0,0,Matches
107,Josué Casimir,ht HAI,"FW,MF",Le Havre,22,2001,22.2,37,26,15,15,7,9,18,50.0,9,19,0,19,7,44,35,1,Matches
108,Cristian Cásseres Jr.,ve VEN,MF,Toulouse,24,2000,30.0,96,61,41,43,12,46,88,52.3,42,35,9,26,42,138,36,1,Matches
109,Jean-Charles Castelletto,cm CMR,"DF,MF",Nantes,29,1995,29.1,34,17,17,15,2,17,27,63.0,10,27,18,9,25,59,151,0,Matches
110,Enzo Caumont,fr FRA,MF,Angers,20,2004,0.4,1,1,0,1,0,1,2,50.0,1,1,1,0,1,2,1,0,Matches
111,Fabien Centonze,fr FRA,DF,Nantes,28,1996,2.9,8,4,5,2,1,4,6,66.7,2,4,1,3,2,10,17,0,Matches
112,Brendan Chardonnet,fr FRA,DF,Brest,29,1994,26.8,45,33,28,14,3,25,40,62.5,15,45,28,17,29,74,169,2,Matches
113,Jhoanner Chávez,ec ECU,"DF,MF",Lens,22,2002,6.6,9,5,4,4,1,2,7,28.6,5,10,1,9,6,15,13,0,Matches
114,Théo Chennahi,fr FRA,DF,Montpellier,19,2005,2.0,6,3,3,3,0,4,7,57.1,3,3,0,3,2,8,6,0,Matches
115,Sidiki Cherif,fr FRA,FW,Angers,17,2006,3.6,5,5,1,3,1,3,4,75.0,1,4,1,3,0,5,0,1,Matches
116,Rayan Cherki,fr FRA,"FW,MF",Lyon,20,2003,22.7,15,12,3,8,4,6,28,21.4,22,6,0,6,7,22,6,0,Matches
117,Lucas Chevalier,fr FRA,GK,Lille,22,2001,34.0,3,2,3,0,0,3,4,75.0,1,0,0,0,0,3,13,4,Matches
118,Pedro Chirivella,es ESP,MF,Nantes,27,1997,26.1,44,29,23,16,5,19,42,45.2,23,25,4,21,19,63,45,0,Matches
119,Joris Chotard,fr FRA,MF,Montpellier,22,2001,21.0,39,27,17,20,2,20,46,43.5,26,28,10,18,19,58,52,1,Matches
120,Djaoui Cissé,fr FRA,MF,Rennes,20,2004,12.5,33,18,12,15,6,16,26,61.5,10,29,4,25,13,46,11,1,Matches
121,Yoann Cissé,fr FRA,MF,Auxerre,19,2004,0.1,0,0,0,0,0,0,0,,0,0,0,0,1,1,0,0,Matches
122,Jonathan Clauss,fr FRA,"DF,MF",Nice,31,1992,25.6,52,35,27,19,6,28,56,50.0,28,25,2,23,48,100,68,3,Matches
123,Marcus Coco,fr FRA,DF,Nantes,28,1996,10.6,27,21,15,9,3,16,31,51.6,15,16,5,11,11,38,46,0,Matches
124,Alois Confais,fr FRA,MF,Le Havre,27,1996,0.0,0,0,0,0,0,0,0,,0,0,0,0,0,0,0,0,Matches
125,Francis Coquelin,fr FRA,MF,Nantes,33,1991,2.5,9,5,5,3,1,3,4,75.0,1,3,1,2,6,15,3,0,Matches
126,Derek Cornelius,ca CAN,DF,Marseille,26,1997,15.8,24,17,15,8,1,17,22,77.3,5,16,10,6,14,38,51,0,Matches
127,Pierre Cornud,fr FRA,DF,Saint-Étienne,27,1996,6.4,12,10,6,4,2,8,17,47.1,9,9,4,5,9,21,28,1,Matches
128,David Costa,pt POR,"MF,FW",Lens,23,2001,3.9,2,0,1,1,0,1,4,25.0,3,5,1,4,1,3,0,0,Matches
129,Logan Costa,cv CPV,DF,Toulouse,23,2001,1.0,2,1,0,2,0,1,1,100.0,0,2,2,0,2,4,4,0,Matches
130,Grégoire Coudert,fr FRA,GK,Brest,25,1999,2.0,0,0,0,0,0,0,0,,0,0,0,0,0,0,1,0,Matches
131,Lasso Coulibaly,ci CIV,"FW,MF",Auxerre,21,2002,0.5,1,1,0,0,1,0,0,,0,0,0,0,0,1,0,0,Matches
132,Mamadou Coulibaly,fr FRA,MF,Monaco,20,2004,0.1,1,0,0,1,0,0,0,,0,0,0,0,0,1,0,0,Matches
133,Soumaïla Coulibaly,fr FRA,DF,Brest,20,2003,4.9,4,2,2,2,0,1,1,100.0,0,7,2,5,5,9,26,0,Matches
134,Tanguy Coulibaly,fr FRA,"FW,MF",Montpellier,23,2001,16.5,32,24,13,15,4,14,33,42.4,19,18,2,16,11,43,3,1,Matches
135,Marius Courcoul,fr FRA,"MF,DF",Angers,17,2007,3.4,5,2,3,2,0,2,5,40.0,3,4,0,4,5,10,9,0,Matches
136,Nicolas Cozza,fr FRA,"DF,MF",Nantes,25,1999,22.8,59,41,35,18,6,31,47,66.0,16,25,10,15,25,84,69,0,Matches
137,Charlie Cresswell,eng ENG,DF,Toulouse,21,2002,28.8,35,23,19,15,1,28,46,60.9,18,44,28,16,28,63,191,3,Matches
138,Kévin Danois,fr FRA,MF,Auxerre,20,2004,16.2,49,30,20,22,7,20,46,43.5,26,17,3,14,20,69,20,0,Matches
139,Kevin Danso,at AUT,DF,Lens,25,1998,12.0,19,7,12,5,2,12,16,75.0,4,25,19,6,20,39,62,1,Matches
140,Dante,br BRA,DF,Nice,40,1983,21.8,32,15,17,13,2,15,29,51.7,14,29,14,15,34,66,74,1,Matches
141,Pape Daouda Diongue,sn SEN,"MF,FW",Strasbourg,,,0.9,2,0,1,1,0,1,2,50.0,1,0,0,0,3,5,2,0,Matches
142,Mohamed Daramy,dk DEN,FW,Reims,22,2002,0.2,0,0,0,0,0,0,0,,0,0,0,0,0,0,1,0,Matches
143,Jonathan David,ca CAN,FW,Lille,24,2000,28.4,24,8,3,12,9,9,21,42.9,12,13,2,11,7,31,10,1,Matches
144,Zuriko Davitashvili,ge GEO,"FW,MF",Saint-Étienne,23,2001,30.9,22,14,9,7,6,15,49,30.6,34,20,0,20,14,36,14,0,Matches
145,Théo De Percin,mq MTQ,GK,Auxerre,23,2001,2.0,0,0,0,0,0,0,1,0.0,1,0,0,0,0,0,3,0,Matches
146,Thibault De Smet,be BEL,DF,Reims,26,1998,2.1,6,4,5,1,0,4,4,100.0,0,5,3,2,4,10,12,0,Matches
147,Amar Dedić,ba BIH,DF,Marseille,21,2002,3.5,5,4,2,2,1,3,10,30.0,7,0,0,0,3,8,12,1,Matches
148,Romain Del Castillo,fr FRA,FW,Brest,28,1996,14.0,31,22,9,13,9,19,32,59.4,13,16,0,16,6,37,5,0,Matches
149,Thomas Delaine,fr FRA,DF,Strasbourg,32,1992,0.1,1,1,1,0,0,1,1,100.0,0,0,0,0,1,2,1,0,Matches
150,Andy Delort,dz ALG,FW,Montpellier,32,1991,6.7,4,3,1,2,1,1,2,50.0,1,3,1,2,0,4,3,0,Matches
151,Ousmane Dembélé,fr FRA,FW,Paris S-G,27,1997,19.2,11,5,0,7,4,4,12,33.3,8,3,0,3,9,20,2,1,Matches
152,Rémy Descamps,fr FRA,GK,Lyon,28,1996,1.0,0,0,0,0,0,0,0,,0,0,0,0,0,0,0,0,Matches
153,Arthur Desmas,fr FRA,GK,Le Havre,30,1994,18.0,0,0,0,0,0,0,1,0.0,1,0,0,0,0,0,9,1,Matches
154,Mamadou Diakhon,fr FRA,"FW,MF",Reims,18,2005,9.5,12,8,4,3,5,9,18,50.0,9,5,1,4,4,16,5,0,Matches
155,Bafodé Diakité,fr FRA,DF,Lille,23,2001,30.7,31,18,17,11,3,18,26,69.2,8,30,17,13,27,58,99,5,Matches
156,Oumar Diakité,ci CIV,FW,Reims,20,2003,18.1,20,13,7,8,5,9,19,47.4,10,13,2,11,3,23,9,0,Matches
157,Habib Diarra,sn SEN,"MF,FW",Strasbourg,20,2004,26.1,22,13,6,13,3,8,20,40.0,12,22,6,16,13,35,46,3,Matches
158,Krépin Diatta,sn SEN,"DF,FW",Monaco,25,1999,5.6,18,12,13,2,3,14,24,58.3,10,5,1,4,9,27,12,2,Matches
159,Kandet Diawara,gn GUI,FW,Le Havre,24,2000,0.0,0,0,0,0,0,0,0,,0,1,0,1,0,0,1,0,Matches
160,Mahamadou Diawara,fr FRA,MF,Le Havre,19,2005,6.5,20,12,10,8,2,8,13,61.5,5,13,6,7,13,33,11,1,Matches
161,Mahamadou Diawara,fr FRA,MF,Lyon,19,2005,0.2,1,0,0,1,0,1,3,33.3,2,2,0,2,0,1,0,0,Matches
162,Bamba Dieng,sn SEN,FW,Angers,24,2000,5.9,4,1,1,2,1,0,2,0.0,2,2,0,2,0,4,3,0,Matches
163,Kembo Diliwidi,fr FRA,DF,Lens,18,2006,0.0,0,0,0,0,0,0,0,,0,0,0,0,0,0,0,0,Matches
164,Sinaly Diomande,ci CIV,DF,Auxerre,23,2001,21.6,39,19,20,18,1,28,40,70.0,12,37,18,19,30,69,100,2,Matches
165,Lois Diony,fr FRA,FW,Angers,31,1992,0.2,0,0,0,0,0,0,0,,0,0,0,0,0,0,0,0,Matches
166,Sérigné Diop,sn SEN,FW,Brest,19,2005,0.0,1,0,0,1,0,0,0,,0,1,0,1,0,1,0,0,Matches
167,Sofiane Diop,ma MAR,"MF,FW",Nice,24,2000,11.8,23,16,16,3,4,9,22,40.9,13,19,2,17,17,40,7,1,Matches
168,Andy Diouf,fr FRA,MF,Lens,21,2003,24.7,37,26,10,22,5,16,40,40.0,24,24,1,23,15,52,18,2,Matches
169,Yehvann Diouf,sn SEN,GK,Reims,24,1999,34.0,2,1,2,0,0,1,3,33.3,2,0,0,0,1,3,22,4,Matches
170,Assane Dioussé,sn SEN,MF,Auxerre,26,1997,7.4,15,7,9,5,1,5,14,35.7,9,6,2,4,12,27,15,0,Matches
171,Álex Domínguez,es ESP,GK,Toulouse,26,1998,0.2,0,0,0,0,0,0,0,,0,0,0,0,0,0,0,0,Matches
172,Gianluigi Donnarumma,it ITA,GK,Paris S-G,25,1999,23.2,1,1,1,0,0,1,2,50.0,1,0,0,0,0,1,14,0,Matches
173,Sékou Doucoure,fr FRA,DF,Nantes,19,2005,0.1,0,0,0,0,0,0,0,,0,0,0,0,0,0,3,0,Matches
174,Désiré Doué,fr FRA,"FW,MF",Paris S-G,19,2005,19.2,48,30,15,19,14,24,51,47.1,27,26,0,26,13,61,7,0,Matches
175,Guela Doué,ci CIV,DF,Strasbourg,21,2002,30.2,65,45,40,15,10,37,54,68.5,17,38,6,32,34,99,154,1,Matches
176,Douglas,br BRA,MF,Nantes,27,1997,25.6,69,42,29,31,9,26,44,59.1,18,51,11,40,32,101,47,0,Matches
177,Ismaël Doukouré,fr FRA,"DF,MF",Strasbourg,21,2003,29.3,40,22,19,18,3,17,25,68.0,8,31,14,17,25,65,102,3,Matches
178,Kamory Doumbia,ml MLI,"MF,FW",Brest,21,2003,14.7,41,29,17,17,7,14,31,45.2,17,17,1,16,28,69,13,1,Matches
179,Amidou Doumbouya,fr FRA,DF,Nice,16,2007,0.5,1,1,0,0,1,1,1,100.0,0,3,1,2,1,2,1,0,Matches
180,Jean-Kevin Duverne,ht HAI,DF,Nantes,27,1997,6.0,21,12,13,4,4,15,27,55.6,12,10,3,7,8,29,23,0,Matches
181,Stefan Džodić,rs SRB,"DF,MF",Montpellier,19,2005,2.7,8,5,3,5,0,5,8,62.5,3,5,4,1,5,13,10,1,Matches
182,Aron Dønnum,no NOR,"DF,MF",Toulouse,26,1998,29.9,56,35,25,24,7,31,55,56.4,24,29,4,25,28,84,37,1,Matches
183,Noah Edjouma,fr FRA,"MF,FW",Toulouse,18,2005,1.9,2,2,0,1,1,1,2,50.0,1,1,1,0,2,4,2,0,Matches
184,Jacques Ekomie,ga GAB,"DF,FW",Angers,20,2003,7.7,22,14,9,10,3,8,12,66.7,4,16,5,11,4,26,14,0,Matches
185,Pierre Ekwah Elimby,fr FRA,MF,Saint-Étienne,22,2002,28.6,54,33,18,30,6,34,56,60.7,22,26,12,14,47,101,72,1,Matches
186,Meschak Elia,cd COD,FW,Nantes,26,1997,1.9,7,5,3,2,2,1,1,100.0,0,3,0,3,0,7,2,0,Matches
187,Breel Embolo,ch SUI,"FW,MF",Monaco,27,1997,20.5,22,17,7,7,8,5,16,31.3,11,11,0,11,3,25,10,1,Matches
188,Emanuel Emegha,nl NED,FW,Strasbourg,21,2003,25.5,6,6,1,2,3,2,6,33.3,4,18,5,13,1,7,30,0,Matches
189,Romain Faivre,fr FRA,"MF,FW",Brest,26,1998,10.0,13,10,4,5,4,5,10,50.0,5,8,0,8,4,17,3,1,Matches
190,Khalil Fayad,fr FRA,"MF,FW",Montpellier,20,2004,11.4,31,16,12,17,2,15,28,53.6,13,18,1,17,10,41,15,1,Matches
191,Luiz Felipe,it ITA,DF,Marseille,27,1997,1.4,4,3,3,1,0,1,2,50.0,1,3,2,1,3,7,5,0,Matches
192,Zinedine Ferhat,dz ALG,"FW,MF",Angers,31,1993,9.4,9,7,1,5,3,4,13,30.8,9,9,0,9,10,19,12,0,Matches
193,Edimilson Fernandes,ch SUI,"MF,DF",Brest,28,1996,12.3,9,7,3,6,0,7,13,53.8,6,14,6,8,20,29,38,1,Matches
194,Matias Fernandez-Pardo,be BEL,"FW,MF",Lille,19,2005,11.8,12,9,3,6,3,6,12,50.0,6,9,0,9,3,15,6,0,Matches
195,Jordan Ferri,fr FRA,MF,Montpellier,32,1992,19.7,42,23,18,22,2,18,44,40.9,26,20,3,17,9,51,20,0,Matches
196,Karol Fila,pl POL,MF,Strasbourg,26,1998,0.1,0,0,0,0,0,0,0,,0,0,0,0,0,0,0,0,Matches
197,Malick Fofana,be BEL,FW,Lyon,19,2005,17.7,22,11,8,11,3,8,17,47.1,9,12,0,12,8,30,6,0,Matches
198,Rayan Fofana,fr FRA,"FW,MF",Lens,18,2006,0.3,2,2,1,1,0,0,0,,0,0,0,0,0,2,0,0,Matches
199,Seko Fofana,ci CIV,MF,Rennes,29,1995,9.4,11,7,4,6,1,2,7,28.6,5,7,1,6,7,18,7,0,Matches
200,Yahia Fofana,ci CIV,GK,Angers,23,2000,33.0,0,0,0,0,0,0,2,0.0,2,0,0,0,1,1,25,2,Matches
201,Lamine Fomba,fr FRA,MF,Saint-Étienne,26,1998,2.4,8,6,2,5,1,2,7,28.6,5,7,1,6,4,12,5,1,Matches
202,Przemysław Frankowski,pl POL,DF,Lens,29,1995,15.4,32,21,17,10,5,19,30,63.3,11,10,2,8,19,51,28,0,Matches
203,Angelo Fulgini,fr FRA,"MF,FW",Lens,27,1996,11.6,14,10,6,4,4,6,16,37.5,10,11,1,10,2,16,3,0,Matches
204,Kyogo Furuhashi,jp JPN,FW,Rennes,29,1995,1.4,2,2,1,1,0,1,1,100.0,0,0,0,0,0,2,0,0,Matches
205,Gauthier Gallon,fr FRA,GK,Rennes,31,1993,0.5,0,0,0,0,0,0,0,,0,0,0,0,0,0,0,0,Matches
206,Ignatius Ganago,cm CMR,"FW,MF",Nantes,25,1999,2.7,1,1,0,1,0,1,2,50.0,1,3,1,2,4,5,2,0,Matches
207,Ulisses Garcia,ch SUI,DF,Marseille,28,1996,10.3,14,11,7,5,2,4,14,28.6,10,5,1,4,8,22,18,0,Matches
208,Jean-Philippe Gbamin,ci CIV,MF,Nantes,28,1995,2.4,2,1,0,2,0,1,4,25.0,3,5,2,3,3,5,2,0,Matches
209,Mory Gbane,ci CIV,"DF,MF",Reims,23,2000,12.5,20,11,16,4,0,13,24,54.2,11,12,10,2,18,38,90,1,Matches
210,Yann Gboho,fr FRA,"MF,FW",Toulouse,23,2001,25.9,31,18,7,15,9,14,35,40.0,21,20,0,20,6,37,4,1,Matches
211,Denis Genreau,au AUS,MF,Toulouse,25,1999,2.5,7,5,4,1,2,4,8,50.0,4,3,0,3,3,10,4,0,Matches
212,Aleksandr Golovin,ru RUS,"MF,FW",Monaco,28,1996,12.8,38,24,9,20,9,17,39,43.6,22,16,4,12,12,50,7,0,Matches
213,André Gomes,pt POR,MF,Lille,31,1993,14.2,27,13,9,11,7,11,31,35.5,20,7,1,6,6,33,11,2,Matches
214,Angel Gomes,eng ENG,MF,Lille,23,2000,8.2,10,6,4,4,2,2,12,16.7,10,0,0,0,0,10,2,0,Matches
215,Carlos Gómez,co COL,"MF,DF",Rennes,21,2002,4.2,8,6,3,4,1,3,9,33.3,6,6,0,6,2,10,2,0,Matches
216,Mathieu Gorgelin,fr FRA,GK,Le Havre,33,1990,16.0,2,2,2,0,0,2,3,66.7,1,0,0,0,0,2,8,2,Matches
217,Amine Gouiri,dz ALG,"FW,MF",Marseille,24,2000,11.6,5,5,0,1,4,2,3,66.7,1,9,0,9,1,6,1,0,Matches
218,Amine Gouiri,dz ALG,"MF,FW",Rennes,24,2000,11.5,9,6,4,4,1,2,8,25.0,6,8,0,8,2,11,5,0,Matches
219,Jonathan Gradit,fr FRA,DF,Lens,31,1992,23.5,44,23,22,19,3,23,40,57.5,17,27,12,15,25,69,122,2,Matches
220,Samuel Grandsir,fr FRA,"MF,FW",Le Havre,27,1996,0.9,5,5,0,3,2,2,3,66.7,1,2,0,2,0,5,0,0,Matches
221,Mason Greenwood,eng ENG,"FW,MF",Marseille,22,2001,31.2,35,18,10,14,11,16,39,41.0,23,7,0,7,12,47,5,2,Matches
222,Albert Grønbaek,dk DEN,"MF,FW",Rennes,23,2001,9.0,21,11,10,7,4,10,28,35.7,18,9,1,8,4,25,6,0,Matches
223,Gabriel Gudmundsson,se SWE,DF,Lille,25,1999,19.8,36,25,15,15,6,23,36,63.9,13,19,7,12,17,53,41,3,Matches
224,Axel Gueguin,fr FRA,FW,Montpellier,19,2005,0.3,1,1,0,1,0,1,1,100.0,0,0,0,0,0,1,0,0,Matches
225,Evann Guessand,ci CIV,"FW,MF",Nice,23,2001,28.5,44,29,12,15,17,6,14,42.9,8,27,3,24,15,59,16,0,Matches
226,Bahereba Guirassy,fr FRA,"FW,MF",Nantes,17,2006,3.9,12,8,6,3,3,7,13,53.8,6,10,0,10,1,13,4,0,Matches
227,Massadio Haïdara,ml MLI,DF,Brest,31,1992,18.6,27,16,16,9,2,13,29,44.8,16,18,2,16,26,53,73,0,Matches
228,Achraf Hakimi,ma MAR,DF,Paris S-G,25,1998,23.0,48,36,18,20,10,27,55,49.1,28,25,2,23,31,79,18,3,Matches
229,Florent Hanin,dz ALG,DF,Angers,34,1990,29.7,69,48,45,17,7,39,71,54.9,32,31,10,21,47,116,99,2,Matches
230,Amine Harit,ma MAR,MF,Marseille,27,1997,5.8,8,7,0,6,2,1,2,50.0,1,6,0,6,3,11,1,1,Matches
231,Hans Hateboer,nl NED,DF,Rennes,30,1994,18.7,31,16,14,12,5,18,36,50.0,18,19,6,13,29,60,64,2,Matches
232,Kjetil Haug,no NOR,GK,Toulouse,26,1998,5.5,0,0,0,0,0,0,0,,0,0,0,0,0,0,3,0,Matches
233,Luis Henrique,br BRA,"DF,FW",Marseille,22,2001,29.0,16,9,7,6,3,9,10,90.0,1,15,2,13,10,26,30,0,Matches
234,Lucas Hernández,fr FRA,DF,Paris S-G,28,1996,9.7,24,18,13,9,2,14,23,60.9,9,12,5,7,7,31,37,2,Matches
235,Ki-Jana Hoever,nl NED,DF,Auxerre,22,2002,23.6,51,38,26,16,9,30,54,55.6,24,33,3,30,21,72,70,1,Matches
236,Cédric Hountondji,bj BEN,DF,Angers,30,1994,3.0,6,4,4,2,0,3,7,42.9,4,3,3,0,4,10,14,0,Matches
237,Ilyes Housni,fr FRA,"FW,MF",Le Havre,19,2005,2.6,7,5,2,3,2,2,4,50.0,2,2,0,2,1,8,2,0,Matches
238,Pierre Højbjerg,dk DEN,MF,Marseille,28,1995,29.6,64,45,25,32,7,37,69,53.6,32,28,4,24,42,106,33,2,Matches
239,Hafiz Ibrahim,ng NGA,FW,Reims,18,2005,4.3,3,2,0,1,2,0,5,0.0,5,4,2,2,2,5,6,0,Matches
240,George Ilenikhena,ng NGA,FW,Monaco,17,2006,8.0,4,2,0,3,1,1,2,50.0,1,0,0,0,2,6,0,0,Matches
241,Rareş Ilie,ro ROU,MF,Nice,21,2003,0.1,1,1,1,0,0,1,1,100.0,0,0,0,0,0,1,0,0,Matches
242,Ismaily,br BRA,DF,Lille,34,1990,10.0,33,17,17,12,4,17,26,65.4,9,15,1,14,13,46,49,0,Matches
243,Yanis Issoufou,fr FRA,"MF,FW",Montpellier,17,2006,0.9,6,4,4,1,1,3,5,60.0,2,1,0,1,0,6,1,0,Matches
244,Junya Ito,jp JPN,"FW,MF",Reims,31,1993,29.9,45,30,19,16,10,17,60,28.3,43,33,3,30,13,58,15,2,Matches
245,Jérémy Jacquet,fr FRA,DF,Rennes,19,2005,10.3,26,17,11,8,7,14,22,63.6,8,9,3,6,27,53,45,1,Matches
246,Ismail Jakobs,sn SEN,DF,Monaco,24,1999,2.0,5,5,3,0,2,3,5,60.0,2,0,0,0,2,7,6,0,Matches
247,Jordan James,wls WAL,MF,Rennes,20,2004,13.1,30,19,8,18,4,16,30,53.3,14,14,1,13,14,44,17,1,Matches
248,Malcolm Jeng,se SWE,DF,Reims,19,2005,1.2,0,0,0,0,0,0,0,,0,1,0,1,3,3,10,0,Matches
249,John Joe,ie IRL,MF,Reims,20,2003,6.1,24,15,11,10,3,7,19,36.8,12,11,2,9,6,30,9,0,Matches
250,Karl-Johan Johnsson,se SWE,GK,Strasbourg,34,1990,3.0,0,0,0,0,0,0,1,0.0,1,0,0,0,0,0,3,0,Matches
251,Paul Joly,fr FRA,DF,Auxerre,24,2000,11.2,49,32,30,17,2,27,45,60.0,18,19,1,18,25,74,32,5,Matches
252,Jota,pt POR,"FW,MF",Rennes,25,1999,3.7,5,2,2,3,0,4,7,57.1,3,1,0,1,3,8,2,0,Matches
253,Antoine Joujou,fr FRA,"MF,FW",Le Havre,21,2003,10.5,16,11,10,4,2,9,15,60.0,6,15,3,12,9,25,19,0,Matches
254,Jubal,br BRA,DF,Auxerre,30,1993,29.3,60,39,46,13,1,28,40,70.0,12,61,36,25,25,85,201,1,Matches
255,Abdulai Juma Bah,sl SLE,DF,Lens,18,2006,7.6,16,10,6,10,0,5,7,71.4,2,10,7,3,17,33,47,1,Matches
256,Hamed Junior Traorè,ci CIV,MF,Auxerre,24,2000,23.3,41,20,11,17,13,16,54,29.6,38,14,0,14,8,49,11,0,Matches
257,Yaya Kader Fofana,ml MLI,"MF,FW",Reims,20,2004,7.0,17,11,8,5,4,4,12,33.3,8,11,2,9,3,20,2,0,Matches
258,Tino Kadewere,zw ZIM,"MF,FW",Nantes,28,1996,5.7,14,8,5,3,6,6,13,46.2,7,3,0,3,6,20,8,0,Matches
259,Arnaud Kalimuendo,fr FRA,"FW,MF",Rennes,22,2002,28.6,19,12,6,9,4,7,15,46.7,8,9,2,7,4,23,16,1,Matches
260,Justin-Noël Kalumba,fr FRA,"FW,MF",Angers,19,2004,0.3,0,0,0,0,0,0,0,,0,0,0,0,1,1,1,0,Matches
261,Warren Kamanzi,no NOR,"DF,MF",Toulouse,23,2000,11.4,29,13,12,12,5,14,28,50.0,14,7,3,4,9,38,25,0,Matches
262,Glen Kamara,fi FIN,MF,Rennes,28,1995,7.4,23,11,10,11,2,11,17,64.7,6,7,0,7,7,30,7,0,Matches
263,Noham Kamara,fr FRA,DF,Paris S-G,17,2007,0.8,1,1,0,1,0,0,0,,0,1,1,0,1,2,1,0,Matches
264,Nordine Kandil,fr FRA,MF,Strasbourg,22,2001,0.1,0,0,0,0,0,0,0,,0,0,0,0,0,0,1,0,Matches
265,Lee Kang-in,kr KOR,"FW,MF",Paris S-G,23,2001,18.5,25,17,7,11,7,19,35,54.3,16,11,1,10,3,28,3,1,Matches
266,Yassine Kechta,ma MAR,"MF,FW",Le Havre,22,2002,23.3,60,36,32,21,7,33,78,42.3,45,25,2,23,26,86,32,2,Matches
267,Thilo Kehrer,de GER,DF,Monaco,27,1996,26.5,37,23,26,11,0,22,38,57.9,16,18,10,8,36,73,113,1,Matches
268,Reda Khadra,de GER,"MF,FW",Reims,23,2001,0.9,1,1,1,0,0,0,1,0.0,1,0,0,0,0,1,1,0,Matches
269,Wahbi Khazri,tn TUN,"FW,MF",Montpellier,33,1991,12.4,25,18,5,16,4,8,21,38.1,13,13,1,12,5,30,7,0,Matches
270,Abdukodir Khusanov,uz UZB,DF,Lens,20,2004,10.8,15,11,9,5,1,7,11,63.6,4,17,11,6,26,41,57,0,Matches
271,Presnel Kimpembe,fr FRA,DF,Paris S-G,28,1995,0.3,1,0,1,0,0,0,0,,0,2,2,0,0,1,1,0,Matches
272,Joshua King,no NOR,"FW,MF",Toulouse,32,1992,18.6,11,11,4,4,3,5,12,41.7,7,10,3,7,6,17,19,0,Matches
273,Cédric Kipré,ci CIV,DF,Reims,27,1996,24.3,42,30,30,11,1,29,39,74.4,10,42,27,15,32,74,162,2,Matches
274,Hervé Koffi,bf BFA,GK,Lens,27,1996,5.0,1,1,1,0,0,1,1,100.0,0,0,0,0,0,1,5,0,Matches
275,Philipp Köhn,ch SUI,GK,Monaco,26,1998,19.0,0,0,0,0,0,0,1,0.0,1,0,0,0,0,0,11,2,Matches
276,Koka,eg EGY,FW,Le Havre,31,1993,9.5,4,1,1,3,0,0,4,0.0,4,3,0,3,4,8,6,1,Matches
277,Randal Kolo Muani,fr FRA,FW,Paris S-G,25,1998,4.0,4,4,1,1,2,0,2,0.0,2,1,0,1,0,4,5,0,Matches
278,Geoffrey Kondogbia,cf CTA,"DF,MF",Marseille,31,1993,22.4,60,38,31,26,3,27,34,79.4,7,23,6,17,22,82,64,4,Matches
279,Abdoul Koné,fr FRA,DF,Reims,19,2005,1.5,5,3,4,1,0,3,5,60.0,2,2,1,1,1,6,5,0,Matches
280,Amadou Koné,ml MLI,MF,Reims,19,2005,14.4,49,32,32,16,1,22,35,62.9,13,18,4,14,19,68,38,2,Matches
281,Ismaël Koné,ca CAN,"MF,FW",Marseille,22,2002,4.0,8,4,3,3,2,3,4,75.0,1,4,1,3,4,12,2,1,Matches
282,Ismaël Koné,ca CAN,MF,Rennes,22,2002,5.2,9,6,4,4,1,5,7,71.4,2,9,2,7,4,13,5,0,Matches
283,Emmanuel Koum Mbondo,fr FRA,DF,Marseille,18,2006,0.1,0,0,0,0,0,0,0,,0,0,0,0,0,0,0,0,Matches
284,Boubakar Kouyaté,ml MLI,DF,Montpellier,27,1997,8.4,22,17,16,6,0,11,19,57.9,8,17,11,6,12,34,54,0,Matches
285,Goduine Koyalipou,cf CTA,FW,Lens,24,2000,9.8,3,2,0,3,0,1,1,100.0,0,4,0,4,1,4,8,0,Matches
286,Sael Kumbedi,fr FRA,DF,Lyon,19,2005,10.6,28,14,11,13,4,14,20,70.0,6,11,3,8,8,36,32,1,Matches
287,Daler Kuzyaev,ru RUS,MF,Le Havre,31,1993,6.3,13,8,7,4,2,2,9,22.2,7,7,4,3,9,22,8,0,Matches
288,Khvicha Kvaratskhelia,ge GEO,FW,Paris S-G,23,2001,10.2,19,13,4,12,3,13,23,56.5,10,7,0,7,2,21,4,0,Matches
289,Rémy Labeau Lascary,gp GLP,"FW,MF",Lens,21,2003,7.1,16,10,7,6,3,5,11,45.5,6,5,0,5,1,17,7,0,Matches
290,Gaëtan Laborde,fr FRA,FW,Nice,30,1994,20.3,19,13,9,8,2,9,22,40.9,13,16,4,12,6,25,20,0,Matches
291,Alexandre Lacazette,fr FRA,FW,Lyon,33,1991,22.8,13,6,3,7,3,5,16,31.3,11,13,3,10,8,21,7,0,Matches
292,Younes Lachaab,fr FRA,"MF,FW",Lille,19,2005,0.1,1,1,0,0,1,1,1,100.0,0,0,0,0,1,2,0,0,Matches
293,Alban Lafont,ci CIV,GK,Nantes,25,1999,12.0,1,1,1,0,0,1,1,100.0,0,2,0,2,0,1,8,1,Matches
294,Kenny Lala,mg MAD,DF,Brest,32,1991,29.8,66,42,36,23,7,38,57,66.7,19,25,9,16,25,91,75,2,Matches
295,Mohamed Lamine Bayo,gn GUI,FW,Lille,26,1998,3.4,1,1,0,0,1,1,1,100.0,0,0,0,0,0,1,4,0,Matches
296,Gautier Larsonneur,fr FRA,GK,Saint-Étienne,27,1997,34.0,1,0,1,0,0,0,2,0.0,2,1,0,1,0,1,25,1,Matches
297,Julien Le Cardinal,fr FRA,DF,Brest,26,1997,15.3,27,15,16,8,3,11,16,68.8,5,18,14,4,33,60,75,0,Matches
298,Jérémy Le Douaron,fr FRA,FW,Brest,26,1998,1.1,1,0,0,0,1,0,1,0.0,1,1,0,1,0,1,0,0,Matches
299,Benjamin Lecomte,fr FRA,GK,Montpellier,33,1991,30.0,0,0,0,0,0,0,0,,0,0,0,0,0,0,18,2,Matches
300,Pierre Lees-Melou,fr FRA,MF,Brest,31,1993,17.0,48,33,20,19,9,25,54,46.3,29,19,3,16,12,60,23,0,Matches
301,Jordan Lefort,fr FRA,DF,Angers,30,1993,34.0,52,30,42,9,1,30,44,68.2,14,56,37,19,32,84,206,3,Matches
302,Félix Lemaréchal,fr FRA,"MF,FW",Strasbourg,20,2003,19.8,35,24,13,17,5,14,29,48.3,15,35,4,31,14,49,19,0,Matches
303,Donovan Léon,gf GUF,GK,Auxerre,31,1992,32.0,0,0,0,0,0,0,3,0.0,3,2,0,2,0,0,26,1,Matches
304,Esteban Lepaul,fr FRA,FW,Angers,24,2000,18.1,11,6,2,6,3,4,16,25.0,12,15,2,13,4,15,10,0,Matches
305,Johann Lepenant,fr FRA,MF,Nantes,21,2002,22.8,68,33,30,27,11,32,71,45.1,39,35,3,32,18,86,25,0,Matches
306,Louis Leroux,fr FRA,"MF,DF",Nantes,18,2006,9.1,25,18,10,12,3,16,22,72.7,6,22,2,20,8,33,19,1,Matches
307,Pol Lirola,es ESP,DF,Marseille,26,1997,7.6,13,9,5,8,0,5,13,38.5,8,7,2,5,4,17,12,0,Matches
308,Gautier Lloris,fr FRA,DF,Le Havre,29,1995,30.8,68,43,52,16,0,38,53,71.7,15,33,21,12,34,102,192,0,Matches
309,Bradley Locko,fr FRA,DF,Brest,22,2002,1.1,2,2,1,1,0,1,1,100.0,0,3,2,1,1,3,3,0,Matches
310,Elysée Logbo,fr FRA,FW,Le Havre,20,2004,0.3,0,0,0,0,0,0,0,,0,0,0,0,0,0,0,0,Matches
311,Anthony Lopes,pt POR,GK,Nantes,33,1990,17.4,1,0,1,0,0,1,1,100.0,0,0,0,0,1,2,7,1,Matches
312,Jordan Lotomba,ch SUI,"MF,DF",Nice,25,1998,0.4,0,0,0,0,0,0,0,,0,0,0,0,0,0,1,0,Matches
313,Tom Louchet,fr FRA,"DF,MF",Nice,21,2003,8.6,27,17,17,5,5,17,23,73.9,6,12,4,8,18,45,20,0,Matches
314,Milos Lukovic,rs SRB,"FW,MF",Strasbourg,18,2005,0.1,0,0,0,0,0,0,0,,0,0,0,0,0,0,0,0,Matches
315,Othmane Maamma,ma MAR,"FW,MF",Montpellier,18,2005,4.0,3,1,2,1,0,1,4,25.0,3,4,0,4,1,4,2,1,Matches
316,Deiver Machado,co COL,"DF,MF",Lens,30,1993,20.1,36,26,14,14,8,17,30,56.7,13,20,4,16,16,52,34,2,Matches
317,Lanroy Machine,fr FRA,FW,Angers,18,2005,0.1,0,0,0,0,0,0,0,,0,0,0,0,0,0,0,0,Matches
318,Yvann Macon,fr FRA,DF,Saint-Étienne,25,1998,8.8,19,11,9,7,3,10,21,47.6,11,14,4,10,2,21,10,1,Matches
319,Eros Maddy,nl NED,DF,Auxerre,23,2001,0.2,0,0,0,0,0,0,0,,0,0,0,0,0,0,0,0,Matches
320,Soungoutou Magassa,fr FRA,MF,Monaco,20,2003,11.4,47,25,14,27,6,25,46,54.3,21,16,3,13,21,68,19,1,Matches
321,Hugo Magnetti,fr FRA,MF,Brest,26,1998,25.8,52,32,21,27,4,23,51,45.1,28,20,3,17,18,70,37,0,Matches
322,Frank Magri,cm CMR,"FW,MF",Toulouse,24,1999,16.8,8,2,1,6,1,3,8,37.5,5,16,2,14,4,12,11,0,Matches
323,Ainsley Maitland-Niles,eng ENG,DF,Lyon,26,1997,22.1,71,44,30,26,15,48,76,63.2,28,28,4,24,25,96,61,6,Matches
324,Radosław Majecki,pl POL,GK,Monaco,24,1999,15.0,0,0,0,0,0,0,2,0.0,2,0,0,0,0,0,8,1,Matches
325,Hamidou Makalou,ml MLI,"FW,MF",Brest,18,2006,0.4,0,0,0,0,0,0,0,,0,0,0,0,0,0,0,0,Matches
326,Nikola Maksimović,rs SRB,DF,Montpellier,32,1991,6.5,9,5,6,3,0,6,7,85.7,1,5,4,1,6,15,30,1,Matches
327,Aaron Malouda,fr FRA,FW,Lille,18,2005,0.0,0,0,0,0,0,0,0,,0,0,0,0,0,0,0,0,Matches
328,Hianga Mananga Mbock,fr FRA,MF,Brest,24,1999,0.2,0,0,0,0,0,0,0,,0,0,0,0,1,1,0,0,Matches
329,Steve Mandanda,fr FRA,GK,Rennes,39,1985,16.5,0,0,0,0,0,0,1,0.0,1,0,0,0,0,0,6,2,Matches
330,Aïssa Mandi,dz ALG,DF,Lille,32,1991,19.3,31,17,12,15,4,16,22,72.7,6,23,11,12,15,46,54,0,Matches
331,Orel Mangala,be BEL,MF,Lyon,26,1998,0.7,1,0,0,0,1,0,1,0.0,1,2,0,2,0,1,1,0,Matches
332,Sekou Mara,fr FRA,"FW,MF",Strasbourg,22,2002,8.5,9,6,0,5,4,3,9,33.3,6,11,0,11,3,12,3,0,Matches
333,Marquinhos,br BRA,DF,Paris S-G,30,1994,19.2,30,19,8,16,6,25,33,75.8,8,27,15,12,11,41,64,0,Matches
334,Ange Martial Tia,ml MLI,"MF,DF",Reims,17,2006,1.9,4,3,1,2,1,2,6,33.3,4,3,0,3,2,6,4,0,Matches
335,Jonas Martin,fr FRA,MF,Brest,34,1990,5.5,13,7,10,2,1,6,11,54.5,5,4,1,3,8,21,12,1,Matches
336,Han-Noah Massengo,fr FRA,MF,Auxerre,23,2001,11.6,17,11,5,8,4,8,12,66.7,4,12,4,8,17,34,10,2,Matches
337,Clinton Mata,ao ANG,DF,Lyon,31,1992,26.3,41,29,23,14,4,28,36,77.8,8,26,17,9,46,87,72,3,Matches
338,Eliot Matazo,be BEL,MF,Monaco,22,2002,0.8,3,2,0,3,0,0,0,,0,0,0,0,1,4,2,0,Matches
339,Nemanja Matić,rs SRB,MF,Lyon,35,1988,22.3,42,29,15,21,6,23,41,56.1,18,21,9,12,18,60,31,1,Matches
340,Rudy Matondo,fr FRA,MF,Auxerre,16,2008,0.7,1,1,1,0,0,0,1,0.0,1,0,0,0,0,1,2,0,Matches
341,Azor Matusiwa,nl NED,MF,Rennes,26,1998,23.1,64,39,32,30,2,32,43,74.4,11,29,10,19,34,98,52,0,Matches
342,Neal Maupay,fr FRA,FW,Marseille,27,1996,11.6,9,4,1,6,2,3,6,50.0,3,5,0,5,2,11,0,0,Matches
343,Christian Mawissa,fr FRA,DF,Monaco,19,2005,16.7,42,29,27,13,2,26,44,59.1,18,25,6,19,26,68,48,1,Matches
344,Senny Mayulu,fr FRA,MF,Paris S-G,18,2006,9.0,25,16,8,14,3,8,14,57.1,6,8,3,5,5,30,12,0,Matches
345,Ethan Mbappé,fr FRA,"MF,FW",Lille,17,2006,2.5,6,2,3,2,1,0,4,0.0,4,6,0,6,1,7,0,0,Matches
346,Ibrahim Mbaye,sn SEN,"FW,MF",Paris S-G,16,2008,3.8,4,2,1,2,1,3,8,37.5,5,2,0,2,2,6,2,0,Matches
347,Mark McKenzie,us USA,DF,Toulouse,25,1999,27.7,52,31,31,20,1,33,45,73.3,12,31,18,13,22,74,141,1,Matches
348,Facundo Medina,ar ARG,DF,Lens,25,1999,28.3,44,29,22,18,4,24,42,57.1,18,30,10,20,32,76,70,0,Matches
349,Henrik Meister,dk DEN,FW,Rennes,20,2003,0.7,2,0,0,2,0,0,0,,0,4,0,4,1,3,0,0,Matches
350,Bamo Meïté,ci CIV,DF,Montpellier,22,2001,4.7,5,3,2,1,2,1,2,50.0,1,3,3,0,4,9,14,3,Matches
351,Bamo Meïté,ci CIV,DF,Marseille,22,2001,0.3,0,0,0,0,0,0,0,,0,0,0,0,0,0,1,0,Matches
352,Mohamed Meité,fr FRA,FW,Rennes,16,2007,6.0,2,0,0,2,0,1,1,100.0,0,1,0,1,0,2,5,0,Matches
353,Farid El Melali,dz ALG,FW,Angers,27,1997,21.0,28,16,15,6,7,13,35,37.1,22,19,1,18,16,44,12,1,Matches
354,Nuno Mendes,pt POR,DF,Paris S-G,22,2002,18.6,30,19,15,12,3,23,39,59.0,16,25,8,17,18,48,37,2,Matches
355,Antoine Mendy,sn SEN,DF,Nice,20,2004,9.2,30,21,16,14,0,19,29,65.5,10,9,5,4,8,38,29,1,Matches
356,Nampalys Mendy,sn SEN,MF,Lens,32,1992,6.5,15,8,4,7,4,6,14,42.9,8,8,2,6,9,24,8,0,Matches
357,Gideon Mensah,gh GHA,DF,Auxerre,26,1998,25.3,68,45,37,21,10,33,66,50.0,33,27,4,23,50,118,83,0,Matches
358,Quentin Merlin,fr FRA,DF,Marseille,22,2002,17.7,22,17,12,5,5,9,16,56.3,7,20,4,16,14,36,17,1,Matches
359,Rafik Messali,fr FRA,DF,Toulouse,21,2003,5.1,15,8,6,6,3,7,8,87.5,1,9,1,8,10,25,12,0,Matches
360,Thomas Meunier,be BEL,DF,Lille,32,1991,21.4,53,38,32,15,6,33,49,67.3,16,21,8,13,34,87,64,0,Matches
361,Lucas Michal,fr FRA,"FW,MF",Monaco,19,2005,1.3,5,3,3,2,0,2,4,50.0,2,2,0,2,1,6,2,0,Matches
362,Georges Mikautadze,ge GEO,FW,Lyon,23,2000,16.1,7,6,1,3,3,3,9,33.3,6,11,0,11,4,11,6,0,Matches
363,Igor Miladinović,rs SRB,"FW,MF",Saint-Étienne,21,2003,0.3,0,0,0,0,0,0,0,,0,0,0,0,1,1,1,0,Matches
364,Takumi Minamino,jp JPN,"MF,FW",Monaco,29,1995,24.8,33,19,7,14,12,15,42,35.7,27,26,1,25,10,43,20,0,Matches
365,Lucas Mincarelli,fr FRA,DF,Montpellier,20,2004,7.9,17,10,6,9,2,6,13,46.2,7,8,5,3,9,26,27,0,Matches
366,Terem Moffi,ng NGA,FW,Nice,25,1999,0.6,0,0,0,0,0,0,0,,0,0,0,0,0,0,0,0,Matches
367,Mostafa Mohamed,eg EGY,FW,Nantes,26,1997,13.9,18,9,6,8,4,4,12,33.3,8,10,2,8,10,28,27,0,Matches
368,Florent Mollet,fr FRA,"MF,FW",Nantes,32,1991,2.7,2,2,1,1,0,1,1,100.0,0,2,0,2,1,3,4,0,Matches
369,Diego Moreira,be BEL,"DF,MF",Strasbourg,19,2004,28.5,44,28,17,19,8,24,50,48.0,26,23,4,19,35,79,65,0,Matches
370,Gabriel Moscardo,br BRA,"MF,DF",Reims,18,2005,0.9,3,1,2,1,0,1,3,33.3,2,3,1,2,0,3,1,0,Matches
371,Yael Mouanga,fr FRA,DF,Montpellier,19,2005,10.5,14,8,9,3,2,7,9,77.8,2,16,8,8,10,24,50,0,Matches
372,Aimen Moueffek,fr FRA,MF,Saint-Étienne,23,2001,11.5,20,12,3,11,6,10,23,43.5,13,20,7,13,5,25,26,1,Matches
373,Youssoufa Moukoko,de GER,"FW,MF",Nice,19,2004,2.3,3,2,2,1,0,1,2,50.0,1,2,0,2,0,3,0,0,Matches
374,Louis Mouton,fr FRA,MF,Saint-Étienne,22,2002,11.6,49,25,14,25,10,22,37,59.5,15,17,3,14,10,59,19,0,Matches
375,Ngal'Ayel Mukau,cd COD,MF,Lille,19,2004,13.2,33,18,9,22,2,17,29,58.6,12,14,0,14,15,48,22,0,Matches
376,Marshall Munetsi,zw ZIM,MF,Reims,28,1996,18.8,36,18,22,9,5,22,38,57.9,16,27,3,24,17,53,35,0,Matches
377,Almoatasem Al Musrati,ly LBY,MF,Monaco,28,1996,4.3,14,11,5,8,1,7,11,63.6,4,3,1,2,5,19,9,0,Matches
378,Junior Mwanga,fr FRA,MF,Le Havre,21,2003,10.6,26,16,10,13,3,11,19,57.9,8,10,3,7,8,34,18,2,Matches
379,Junior Mwanga,fr FRA,MF,Strasbourg,21,2003,3.3,17,9,9,7,1,5,9,55.6,4,2,0,2,2,19,2,0,Matches
380,Loïc N'Gatta,fr FRA,DF,Auxerre,20,2003,0.1,1,1,0,1,0,1,2,50.0,1,1,0,1,0,1,1,0,Matches
381,Djylian N'Guessan,fr FRA,FW,Saint-Étienne,15,2008,2.0,6,4,5,1,0,2,5,40.0,3,1,0,1,0,6,1,0,Matches
382,Mickael Nade,fr FRA,DF,Saint-Étienne,25,1999,25.6,59,43,40,19,0,28,36,77.8,8,37,19,18,33,92,132,8,Matches
383,Bilal Nadir,ma MAR,MF,Marseille,20,2003,4.3,10,3,4,6,0,4,6,66.7,2,6,1,5,4,14,7,0,Matches
384,Mahamadou Nagida,cm CMR,DF,Rennes,19,2005,4.8,8,6,4,3,1,4,5,80.0,1,3,0,3,9,17,6,0,Matches
385,Keito Nakamura,jp JPN,"FW,MF",Reims,24,2000,29.4,24,16,7,10,7,11,31,35.5,20,21,1,20,13,37,19,0,Matches
386,Sebastian Nanasi,se SWE,"MF,FW",Strasbourg,22,2002,23.4,20,13,6,12,2,8,22,36.4,14,24,3,21,7,27,18,0,Matches
387,Yael Nandjou,fr FRA,DF,Nice,19,2005,1.7,4,1,2,1,1,4,8,50.0,4,4,1,3,4,8,7,0,Matches
388,Youssouf Ndayishimiye,bi BDI,DF,Nice,25,1998,21.5,40,21,25,14,1,16,27,59.3,11,35,19,16,21,61,117,4,Matches
389,Junior Ndiaye,fr FRA,FW,Montpellier,19,2005,4.9,3,2,2,1,0,1,4,25.0,3,2,1,1,0,3,2,0,Matches
390,Rassoul Ndiaye,sn SEN,MF,Le Havre,22,2001,11.8,35,25,19,12,4,11,25,44.0,14,15,4,11,12,47,24,0,Matches
391,Wilfried Ndollo,cm CMR,DF,Montpellier,19,2005,4.5,6,5,4,1,1,4,8,50.0,4,9,1,8,7,13,11,0,Matches
392,Tanguy Ndombele,fr FRA,MF,Nice,27,1996,12.6,35,23,10,21,4,12,20,60.0,8,9,0,9,14,49,9,0,Matches
393,Loïc Nego,hu HUN,"DF,FW",Le Havre,33,1991,27.3,58,35,37,16,5,41,64,64.1,23,17,3,14,29,87,82,0,Matches
394,João Neves,pt POR,"MF,DF",Paris S-G,19,2004,20.5,63,31,20,26,17,27,45,60.0,18,29,9,20,23,86,22,1,Matches
395,Mikayil Ngor Faye,sn SEN,DF,Rennes,20,2004,7.6,15,12,10,3,2,7,9,77.8,2,9,4,5,12,27,30,0,Matches
396,Steve Ngoura,fr FRA,FW,Le Havre,19,2005,3.2,4,2,1,1,2,3,3,100.0,0,2,1,1,0,4,2,0,Matches
397,Bernard Nguene,cm CMR,FW,Nice,17,2006,0.1,0,0,0,0,0,0,0,,0,0,0,0,0,0,0,0,Matches
398,Moussa Niakhate,sn SEN,DF,Lyon,28,1996,30.3,47,27,37,8,2,24,32,75.0,8,26,17,9,25,72,143,3,Matches
399,Abdoulaye Niakhate Ndiaye,sn SEN,DF,Brest,22,2002,19.0,49,33,36,12,1,25,37,67.6,12,29,17,12,11,60,144,3,Matches
400,Ibrahima Niane,sn SEN,FW,Angers,25,1999,10.5,7,3,3,2,2,3,3,100.0,0,6,1,5,2,9,6,2,Matches
401,Rasmus Nicolaisen,dk DEN,DF,Toulouse,27,1997,6.9,6,3,4,2,0,3,5,60.0,2,10,5,5,10,16,25,0,Matches
402,Arnaud Nordin,fr FRA,FW,Montpellier,26,1998,13.0,24,15,6,16,2,11,21,52.4,10,12,0,12,5,29,7,0,Matches
403,Plamedi Nsingi,,MF,Nantes,23,2000,0.2,1,0,1,0,0,0,1,0.0,1,0,0,0,0,1,0,0,Matches
404,Ernest Nuamah,gh GHA,"FW,MF",Lyon,20,2003,11.7,21,11,15,4,2,12,27,44.4,15,9,1,8,8,29,8,1,Matches
405,Rabby Nzingoula,fr FRA,MF,Montpellier,18,2005,18.8,64,42,26,31,7,27,58,46.6,31,27,5,22,29,93,23,0,Matches
406,M'Bala Nzola,ao ANG,FW,Lens,27,1996,16.2,5,4,0,1,4,3,9,33.3,6,9,1,8,5,10,7,0,Matches
407,Marwann Nzuzi,fr FRA,DF,Saint-Étienne,20,2004,1.4,2,2,1,0,1,1,2,50.0,1,0,0,0,2,4,6,0,Matches
408,Hamzat Ojediran,ng NGA,"MF,FW",Lens,20,2003,4.6,28,15,12,13,3,7,19,36.8,12,10,2,8,10,38,7,0,Matches
409,Joseph Okumu,ke KEN,DF,Reims,27,1997,18.8,30,15,21,9,0,15,24,62.5,9,33,21,12,25,55,137,2,Matches
410,Kazeem Olaigbe,be BEL,"MF,FW",Rennes,21,2003,3.3,6,4,3,3,0,3,6,50.0,3,3,1,2,0,6,0,0,Matches
411,Ben Old,nz NZL,"FW,MF",Saint-Étienne,21,2002,5.9,7,5,3,3,1,3,11,27.3,8,8,1,7,2,9,2,0,Matches
412,Warmed Omari,km COM,DF,Lyon,24,2000,0.1,0,0,0,0,0,0,0,,0,0,0,0,0,0,1,0,Matches
413,Becir Omeragic,ch SUI,DF,Montpellier,22,2002,20.0,32,16,19,12,1,16,21,76.2,5,32,21,11,13,45,78,0,Matches
414,Andrew Omobamidele,ie IRL,DF,Strasbourg,22,2002,6.0,7,4,4,3,0,2,5,40.0,3,12,8,4,8,15,41,0,Matches
415,Ado Onaiwu,jp JPN,"MF,FW",Auxerre,28,1995,10.6,11,7,2,6,3,4,14,28.6,10,12,0,12,3,14,12,0,Matches
416,Christopher Operi,ci CIV,"DF,FW",Le Havre,27,1997,13.0,13,9,6,2,5,7,12,58.3,5,20,6,14,14,27,30,0,Matches
417,Fredrik Oppegard,no NOR,DF,Auxerre,21,2002,3.0,6,4,4,1,1,3,7,42.9,4,2,1,1,2,8,12,1,Matches
418,Victor Orakpo,ng NGA,FW,Nice,18,2006,0.4,0,0,0,0,0,0,0,,0,0,0,0,0,0,0,0,Matches
419,Ike Orazi,ie IRL,MF,Reims,17,2007,0.0,0,0,0,0,0,0,0,,0,0,0,0,0,0,0,0,Matches
420,Gift Orban,ng NGA,"FW,DF",Lyon,22,2002,2.1,0,0,0,0,0,0,1,0.0,1,0,0,0,0,0,0,0,Matches
421,Gabriel Osho,ng NGA,DF,Auxerre,25,1998,18.4,23,15,17,3,3,13,20,65.0,7,32,19,13,12,35,87,0,Matches
422,Jibril Othman,tn TUN,FW,Saint-Étienne,20,2004,0.1,0,0,0,0,0,0,0,,0,0,0,0,0,0,0,0,Matches
423,Abdoul Ouattara,fr FRA,"DF,FW",Strasbourg,18,2005,5.2,6,4,3,1,2,3,5,60.0,2,10,0,10,9,15,12,2,Matches
424,Kassoum Ouattara,fr FRA,"DF,FW",Monaco,19,2004,4.3,9,7,5,4,0,4,14,28.6,10,6,0,6,5,14,2,1,Matches
425,Zinédine Ould Khaled,fr FRA,MF,Angers,24,2000,3.8,9,7,5,3,1,2,13,15.4,11,6,1,5,2,11,12,0,Matches
426,Beres Owusu,fr FRA,DF,Saint-Étienne,20,2003,1.0,2,2,1,1,0,2,2,100.0,0,2,2,0,0,2,5,0,Matches
427,Elisha Owusu,gh GHA,MF,Auxerre,26,1997,26.0,73,41,29,39,5,31,48,64.6,17,33,9,24,42,115,35,1,Matches
428,Willian Pacho,ec ECU,DF,Paris S-G,22,2001,23.7,56,32,34,22,0,23,32,71.9,9,35,22,13,40,96,91,1,Matches
429,Nicolas Pallois,fr FRA,DF,Nantes,36,1987,22.4,61,27,44,13,4,37,63,58.7,26,48,18,30,28,89,164,3,Matches
430,Nicolas Pays,fr FRA,"FW,MF",Montpellier,20,2003,5.0,13,6,3,4,6,4,8,50.0,4,1,0,1,4,17,2,0,Matches
431,Kévin Pedro,fr FRA,DF,Saint-Étienne,18,2006,0.1,3,0,2,1,0,3,3,100.0,0,1,0,1,2,5,1,0,Matches
432,Jordan Pefok,us USA,FW,Reims,28,1996,4.2,3,2,0,3,0,2,3,66.7,1,3,1,2,2,5,5,0,Matches
433,Théo Pellenard,fr FRA,DF,Auxerre,30,1994,0.5,3,2,2,1,0,1,3,33.3,2,1,0,1,0,3,3,0,Matches
434,Timothee Pembele,fr FRA,DF,Le Havre,21,2002,12.4,30,22,17,9,4,14,23,60.9,9,16,5,11,11,41,42,0,Matches
435,Faris Pemi Moumbagna,cm CMR,FW,Marseille,24,2000,0.1,0,0,0,0,0,0,0,,0,0,0,0,0,0,0,0,Matches
436,Óscar Perea,co COL,"MF,DF",Strasbourg,18,2005,0.2,0,0,0,0,0,0,0,,0,0,0,0,0,0,0,0,Matches
437,Mathias Pereira Lage,pt POR,"FW,MF",Brest,27,1996,17.5,37,24,16,13,8,18,39,46.2,21,17,2,15,20,57,20,2,Matches
438,Lucas Perri,br BRA,GK,Lyon,26,1997,33.0,1,1,1,0,0,0,4,0.0,4,1,0,1,0,1,22,1,Matches
439,Gaëtan Perrin,fr FRA,"MF,FW",Auxerre,28,1996,29.9,49,26,22,12,15,21,48,43.8,27,10,0,10,12,61,4,1,Matches
440,Prosper Peter,ng NGA,"MF,FW",Angers,16,2007,0.3,2,1,0,2,0,0,0,,0,0,0,0,0,2,0,0,Matches
441,Léo Pétrot,fr FRA,DF,Saint-Étienne,27,1997,29.3,62,39,38,19,5,34,51,66.7,17,50,27,23,42,104,103,1,Matches
442,Đorđe Petrović,rs SRB,GK,Strasbourg,24,1999,31.0,1,1,1,0,0,0,0,,0,0,0,0,0,1,24,1,Matches
443,Tom Pouilly,fr FRA,"DF,MF",Lens,21,2003,3.0,9,6,5,1,3,5,10,50.0,5,5,1,4,4,13,11,0,Matches
444,Adrien Rabiot,fr FRA,MF,Marseille,29,1995,27.6,49,31,17,21,11,19,32,59.4,13,21,2,19,21,70,32,0,Matches
445,Gonçalo Ramos,pt POR,FW,Paris S-G,23,2001,11.8,11,6,5,5,1,3,6,50.0,3,5,1,4,0,11,5,0,Matches
446,Lilian Raolisoa,fr FRA,"DF,FW",Angers,24,2000,14.6,41,24,24,13,4,17,38,44.7,21,11,2,9,15,56,45,0,Matches
447,Rayan Raveloson,mg MAD,"MF,DF",Auxerre,27,1997,8.0,6,5,2,4,0,5,15,33.3,10,8,7,1,5,11,22,0,Matches
448,Guillaume Restes,fr FRA,GK,Toulouse,19,2005,28.3,2,1,2,0,0,2,3,66.7,1,0,0,0,1,3,16,1,Matches
449,Alexsandro Ribeiro,br BRA,DF,Lille,24,1999,30.0,32,19,18,13,1,20,30,66.7,10,23,13,10,27,59,143,3,Matches
450,Alejandro Rodriguez,pt POR,MF,Lyon,16,2008,0.2,0,0,0,0,0,0,0,,0,0,0,0,0,0,0,0,Matches
451,Valentin Rongier,fr FRA,"MF,DF",Marseille,29,1994,17.4,50,28,14,31,5,27,43,62.8,16,30,9,21,33,83,28,5,Matches
452,Pablo Rosario,do DOM,"MF,DF",Nice,27,1997,19.7,30,20,6,19,5,11,20,55.0,9,19,11,8,31,61,43,2,Matches
453,Anthony Rouault,fr FRA,DF,Rennes,23,2001,10.8,12,8,10,2,0,4,4,100.0,0,13,11,2,8,20,65,0,Matches
454,Jonathan Rowe,eng ENG,"FW,MF",Marseille,21,2003,9.0,15,11,5,4,6,6,14,42.9,8,4,1,3,2,17,4,0,Matches
455,Fabián Ruiz Peña,es ESP,MF,Paris S-G,28,1996,21.4,37,24,13,15,9,21,47,44.7,26,25,3,22,16,53,27,1,Matches
456,Gerónimo Rulli,ar ARG,GK,Marseille,32,1992,34.0,4,3,4,0,0,4,8,50.0,4,1,0,1,1,5,25,3,Matches
457,Mathew Ryan,au AUS,GK,Lens,32,1992,14.0,1,0,1,0,0,1,2,50.0,1,0,0,0,1,2,2,2,Matches
458,Emmanuel Sabbi,us USA,"FW,MF",Le Havre,26,1997,7.3,14,7,7,4,3,5,8,62.5,3,2,0,2,3,17,4,0,Matches
459,Falaye Sacko,ml MLI,DF,Montpellier,29,1995,13.7,14,8,9,4,1,9,19,47.4,10,17,7,10,13,27,21,0,Matches
460,Matvei Safonov,ru RUS,GK,Paris S-G,25,1999,9.8,0,0,0,0,0,0,0,,0,1,0,1,1,1,3,0,Matches
461,Modibo Sagnan,ml MLI,DF,Montpellier,25,1999,23.8,57,35,38,16,3,26,44,59.1,18,24,13,11,29,86,110,5,Matches
462,Osame Sahraoui,ma MAR,"FW,MF",Lille,23,2001,14.4,13,9,4,4,5,3,8,37.5,5,14,1,13,7,20,8,1,Matches
463,Wesley Saïd,fr FRA,FW,Lens,29,1995,10.1,16,11,3,10,3,6,13,46.2,7,6,0,6,2,18,2,0,Matches
464,Théo Sainte-Luce,fr FRA,DF,Montpellier,25,1998,11.3,24,11,16,4,4,16,33,48.5,17,16,4,12,12,36,33,1,Matches
465,Ibrahim Salah,ma MAR,FW,Brest,22,2001,4.0,4,2,1,1,2,1,6,16.7,5,2,0,2,2,6,0,0,Matches
466,Amine Salama,fr FRA,FW,Reims,24,2000,4.1,3,2,0,2,1,0,3,0.0,3,2,1,1,1,4,0,0,Matches
467,Mohammed Salisu,gh GHA,DF,Monaco,25,1999,11.4,28,18,16,11,1,13,16,81.3,3,10,8,2,16,44,54,2,Matches
468,Yoann Salmier,gf GUF,DF,Le Havre,31,1992,8.9,14,7,9,4,1,10,13,76.9,3,12,8,4,10,24,59,0,Matches
469,Mama Samba Baldé,gw GNB,FW,Lyon,28,1995,0.4,2,2,0,2,0,0,0,,0,0,0,0,1,3,1,0,Matches
470,Mama Samba Baldé,gw GNB,FW,Brest,28,1995,12.8,13,9,4,4,5,3,14,21.4,11,8,0,8,6,19,14,0,Matches
471,Brice Samba,fr FRA,GK,Rennes,30,1994,17.0,2,1,2,0,0,1,2,50.0,1,0,0,0,0,2,12,3,Matches
472,Brice Samba,fr FRA,GK,Lens,30,1994,15.0,0,0,0,0,0,0,0,,0,0,0,0,1,1,6,2,Matches
473,Arouna Sangante,sn SEN,DF,Le Havre,22,2002,13.8,25,16,11,14,0,10,17,58.8,7,11,5,6,21,46,65,3,Matches
474,Nhoa Sangui,fr FRA,"DF,MF",Reims,18,2006,12.9,16,9,6,6,4,9,12,75.0,3,8,4,4,8,24,23,0,Matches
475,Morgan Sanson,fr FRA,MF,Nice,29,1994,2.6,6,3,2,4,0,1,3,33.3,2,3,0,3,4,10,2,0,Matches
476,Baptiste Santamaria,fr FRA,MF,Nice,29,1995,10.3,20,10,10,7,3,13,22,59.1,9,14,3,11,18,38,19,1,Matches
477,Baptiste Santamaria,fr FRA,MF,Rennes,29,1995,5.4,11,4,7,3,1,6,11,54.5,5,10,4,6,12,23,7,0,Matches
478,Andrey Santos,br BRA,MF,Strasbourg,20,2004,31.7,110,74,47,51,12,51,87,58.6,36,46,14,32,32,142,67,1,Matches
479,Tiago Santos,pt POR,DF,Lille,22,2002,4.5,12,7,4,5,3,6,9,66.7,3,2,0,2,2,14,4,0,Matches
480,Malang Sarr,fr FRA,DF,Lens,25,1999,15.4,21,13,12,6,3,16,27,59.3,11,18,9,9,22,43,63,3,Matches
481,Mamadou Sarr,sn SEN,DF,Strasbourg,18,2005,26.3,37,21,24,11,2,16,24,66.7,8,26,20,6,25,62,117,3,Matches
482,Martin Satriano,uy URU,"FW,DF",Lens,23,2001,1.0,3,1,1,1,1,3,3,100.0,0,0,0,0,0,3,2,0,Matches
483,Téji Savanier,fr FRA,MF,Montpellier,32,1991,26.3,29,25,7,16,6,18,43,41.9,25,16,1,15,15,44,21,4,Matches
484,Niklas Schmidt,de GER,MF,Toulouse,26,1998,2.3,6,4,1,5,0,4,7,57.1,3,0,0,0,1,7,4,0,Matches
485,Jérémy Sebas,mq MTQ,"FW,MF",Strasbourg,21,2003,2.1,3,2,1,1,1,2,3,66.7,1,2,0,2,0,3,4,0,Matches
486,Alidu Seidu,gh GHA,DF,Rennes,24,2000,8.9,22,18,14,6,2,12,15,80.0,3,13,6,7,14,36,17,0,Matches
487,Hiroki Sekine,jp JPN,DF,Reims,21,2002,9.9,9,7,6,2,1,7,17,41.2,10,22,11,11,5,14,51,1,Matches
488,Marvin Senaya,tg TOG,DF,Strasbourg,23,2001,2.5,8,3,5,2,1,6,12,50.0,6,6,2,4,7,15,12,0,Matches
489,Djibril Sidibé,fr FRA,DF,Toulouse,32,1992,23.3,65,36,34,22,9,31,50,62.0,19,11,3,8,20,85,64,1,Matches
490,Vincent Sierro,ch SUI,MF,Toulouse,28,1995,26.7,44,27,15,23,6,27,56,48.2,29,34,9,25,16,60,44,1,Matches
491,Caio Henrique Oliveira Silva,br BRA,DF,Monaco,27,1997,21.4,37,26,16,19,2,23,44,52.3,21,26,8,18,22,59,59,0,Matches
492,Abdallah Sima,sn SEN,"FW,MF",Brest,23,2001,13.8,15,11,2,5,8,4,11,36.4,7,9,1,8,1,16,9,0,Matches
493,Moses Simon,ng NGA,"FW,MF",Nantes,29,1995,29.0,20,14,4,7,9,7,22,31.8,15,11,0,11,12,32,13,0,Matches
494,Lassine Sinayoko,ml MLI,"FW,MF",Auxerre,24,1999,25.5,33,20,10,14,9,11,23,47.8,12,16,2,14,13,46,38,0,Matches
495,Wilfried Singo,ci CIV,DF,Monaco,23,2000,23.3,37,23,24,10,3,20,28,71.4,8,17,9,8,43,80,110,2,Matches
496,Ayanda Sishuba,be BEL,FW,Rennes,19,2005,0.0,1,0,1,0,0,1,1,100.0,0,0,0,0,0,1,0,0,Matches
497,Ibrahim Sissoko,ml MLI,FW,Saint-Étienne,28,1995,9.1,11,9,5,3,3,2,5,40.0,3,10,2,8,2,13,13,0,Matches
498,Niama Sissoko,ml MLI,"FW,MF",Reims,18,2005,0.5,0,0,0,0,0,0,0,,0,1,0,1,0,0,0,0,Matches
499,Leo Skiri Østigård,no NOR,DF,Rennes,24,1999,13.6,20,18,16,4,0,15,22,68.2,7,12,10,2,15,35,81,1,Matches
500,Milan Škriniar,sk SVK,DF,Paris S-G,29,1995,4.2,7,5,3,4,0,3,3,100.0,0,7,6,1,3,10,16,0,Matches
501,Naatan Skyttä,fi FIN,FW,Toulouse,22,2002,0.1,1,0,0,0,1,0,0,,0,0,0,0,0,1,0,0,Matches
502,Eduard Sobol,ua UKR,DF,Strasbourg,29,1995,1.1,0,0,0,0,0,0,2,0.0,2,2,1,1,2,2,14,0,Matches
503,Florian Sotoca,fr FRA,"FW,MF",Lens,33,1990,19.9,22,13,3,8,11,12,22,54.5,10,12,2,10,14,36,25,0,Matches
504,Issa Soumaré,sn SEN,"FW,MF",Le Havre,23,2000,21.1,25,14,8,10,7,13,49,26.5,36,19,4,15,16,41,32,0,Matches
505,Saidou Sow,gn GUI,DF,Strasbourg,22,2002,11.3,9,5,6,3,0,6,12,50.0,6,15,9,6,15,24,37,2,Matches
506,Saidou Sow,gn GUI,DF,Nantes,22,2002,8.9,17,11,13,4,0,6,10,60.0,4,19,12,7,13,30,46,1,Matches
507,Lucas Stassin,be BEL,FW,Saint-Étienne,19,2004,21.0,16,11,3,5,8,6,20,30.0,14,10,0,10,3,19,8,0,Matches
508,Enzo Sternal,fr FRA,"FW,MF",Marseille,17,2007,0.3,0,0,0,0,0,0,0,,0,0,0,0,0,0,0,0,Matches
509,Gabriel Suazo,cl CHI,DF,Toulouse,26,1997,24.0,59,39,25,22,12,30,72,41.7,42,27,3,24,36,95,40,1,Matches
510,Abakar Sylla,ci CIV,DF,Strasbourg,21,2002,10.6,27,15,14,11,2,15,17,88.2,2,18,10,8,11,38,63,0,Matches
511,Issiaga Sylla,gn GUI,DF,Montpellier,30,1994,12.8,25,10,17,7,1,15,29,51.7,14,13,4,9,10,35,34,1,Matches
512,Musa Al-Taamari,jo JOR,"FW,MF",Montpellier,27,1997,12.4,14,10,4,5,5,8,15,53.3,7,2,0,2,3,17,3,2,Matches
513,Musa Al-Taamari,jo JOR,"FW,MF",Rennes,27,1997,6.3,4,1,1,1,2,0,4,0.0,4,5,0,5,2,6,2,0,Matches
514,Nicolás Tagliafico,ar ARG,DF,Lyon,31,1992,21.1,57,37,24,22,11,29,48,60.4,19,25,7,18,36,93,55,0,Matches
515,Axel Tapé,fr FRA,"DF,MF",Paris S-G,16,2007,2.0,3,1,1,2,0,2,2,100.0,0,2,2,0,1,4,5,0,Matches
516,Florian Tardieu,fr FRA,MF,Saint-Étienne,32,1992,13.9,18,14,6,9,3,6,17,35.3,11,18,5,13,15,33,21,0,Matches
517,Oussama Targhalline,ma MAR,MF,Le Havre,22,2002,11.0,19,14,12,3,4,5,12,41.7,7,14,7,7,19,38,14,2,Matches
518,Enzo Tchato,cm CMR,DF,Montpellier,21,2002,21.1,48,26,26,18,4,26,44,59.1,18,30,10,20,22,70,59,0,Matches
519,Arnau Tenas,es ESP,GK,Paris S-G,23,2001,1.0,0,0,0,0,0,0,0,,0,0,0,0,0,0,0,0,Matches
520,Tanner Tessmann,us USA,MF,Lyon,22,2001,13.7,25,15,11,10,4,12,25,48.0,13,13,7,6,19,44,29,1,Matches
521,Teddy Teuma,mt MLT,MF,Reims,30,1993,8.3,18,10,6,6,6,7,25,28.0,18,12,2,10,12,30,8,1,Matches
522,Jordan Teze,nl NED,DF,Monaco,24,1999,6.3,18,9,8,9,1,7,16,43.8,9,12,1,11,6,24,15,0,Matches
523,Sorba Thomas,wls WAL,"FW,MF",Nantes,24,1999,14.7,14,6,7,5,2,10,18,55.6,8,12,2,10,9,23,27,1,Matches
524,Adrien Thomasson,fr FRA,MF,Lens,30,1993,29.1,90,47,42,25,23,52,95,54.7,43,48,3,45,19,109,28,2,Matches
525,Corentin Tolisso,fr FRA,MF,Lyon,29,1994,25.9,57,25,21,26,10,34,65,52.3,31,52,13,39,22,79,41,1,Matches
526,Abdoulaye Touré,gn GUI,MF,Le Havre,30,1994,25.8,61,34,31,21,9,33,59,55.9,26,36,19,17,34,95,42,5,Matches
527,Birama Touré,ml MLI,"MF,DF",Montpellier,32,1992,3.3,8,5,5,2,1,4,6,66.7,2,3,2,1,6,14,7,0,Matches
528,Ousmane Toure,fr FRA,DF,Lille,19,2005,0.1,0,0,0,0,0,0,0,,0,0,0,0,1,1,2,0,Matches
529,Adrien Truffert,fr FRA,"DF,MF",Rennes,22,2001,30.6,61,36,27,21,13,32,48,66.7,16,44,6,38,27,88,56,1,Matches
530,Vanderson,br BRA,DF,Monaco,23,2001,22.9,76,48,37,30,9,45,64,70.3,19,43,6,37,39,115,65,2,Matches
531,Robinio Vaz,fr FRA,FW,Marseille,17,2007,0.8,1,1,0,0,1,0,2,0.0,2,0,0,0,0,1,2,0,Matches
532,Jordan Veretout,fr FRA,MF,Lyon,31,1993,17.3,30,14,14,14,2,17,40,42.5,23,17,3,14,5,35,23,1,Matches
533,Ben Viadere,fr FRA,MF,Auxerre,18,2005,0.1,0,0,0,0,0,0,0,,0,0,0,0,0,0,0,0,Matches
534,Vitinha,pt POR,MF,Paris S-G,24,2000,22.7,43,23,13,27,3,25,48,52.1,23,26,7,19,14,57,19,2,Matches
535,Ibrahima Wadji,sn SEN,"FW,MF",Saint-Étienne,29,1995,3.9,7,6,3,3,1,3,7,42.9,4,1,0,1,1,8,0,0,Matches
536,Elye Wahi,fr FRA,FW,Marseille,21,2003,6.4,0,0,0,0,0,0,4,0.0,4,1,0,1,1,1,0,0,Matches
537,Caleb Wiley,us USA,"DF,MF",Strasbourg,19,2004,3.0,1,0,0,1,0,0,1,0.0,1,3,1,2,4,5,5,0,Matches
538,Christopher Wooh,cm CMR,DF,Rennes,22,2001,16.2,36,19,21,13,2,18,27,66.7,9,22,8,14,23,59,63,0,Matches
539,Etienne Youte Kinkoue,fr FRA,DF,Le Havre,22,2002,25.8,19,10,11,7,1,13,20,65.0,7,36,23,13,29,48,158,3,Matches
540,Eloge Zabi,ci CIV,"DF,MF",Reims,17,2006,0.2,0,0,0,0,0,0,0,,0,0,0,0,0,0,1,0,Matches
541,Yoram Zague,fr FRA,"DF,FW",Paris S-G,18,2006,2.0,8,6,3,1,4,6,8,75.0,2,3,0,3,2,10,2,0,Matches
542,Wilfried Zaha,ci CIV,FW,Lyon,31,1992,0.8,1,1,1,0,0,1,2,50.0,1,3,0,3,1,2,0,0,Matches
543,Warren Zaïre-Emery,fr FRA,"MF,DF",Paris S-G,18,2006,22.8,51,26,17,21,13,23,45,51.1,22,35,6,29,23,74,20,2,Matches
544,Miha Zajc,si SVN,MF,Toulouse,30,1994,2.9,4,4,1,2,1,3,5,60.0,2,2,1,1,3,7,7,0,Matches
545,Denis Zakaria,ch SUI,MF,Monaco,27,1996,23.8,41,26,15,19,7,24,33,72.7,9,31,8,23,34,75,39,1,Matches
546,Anass Zaroury,ma MAR,"FW,MF",Lens,23,2000,15.6,23,17,6,12,5,9,26,34.6,17,9,0,9,6,29,15,0,Matches
547,Nathan Zeze,fr FRA,DF,Nantes,19,2005,16.8,38,22,22,16,0,23,33,69.7,10,22,9,13,23,61,120,1,Matches
548,Edon Zhegrova,xk KVX,"FW,MF",Lille,25,1999,10.9,5,2,3,0,2,2,7,28.6,5,8,0,8,4,9,1,0,Matches
549,Melvin Zinga,fr FRA,GK,Angers,22,2002,1.0,0,0,0,0,0,0,0,,0,0,0,0,0,0,1,0,Matches
550,Luck Zogbé,ci CIV,DF,Brest,19,2005,7.1,32,18,17,11,4,18,26,69.2,8,11,2,9,14,46,22,1,Matches
551,Aristide Zossou,ci CIV,MF,Auxerre,19,2005,0.2,0,0,0,0,0,0,0,,0,0,0,0,0,0,0,0,Matches
552,Yanis Zouaoui,dz ALG,"DF,FW",Le Havre,30,1994,10.8,20,10,10,8,2,11,15,73.3,4,15,2,13,8,28,43,0,Matches
553,Edhy Zuliani,fr FRA,DF,Toulouse,19,2004,0.1,0,0,0,0,0,0,0,,0,0,0,0,1,1,0,0,Matches
