Unnamed: 0_level_0_Rk,Unnamed: 1_level_0_Player,Unnamed: 2_level_0_Nation,Unnamed: 3_level_0_Pos,Unnamed: 4_level_0_Squad,Unnamed: 5_level_0_Age,Unnamed: 6_level_0_Born,Unnamed: 7_level_0_90s,Performance_CrdY,Performance_CrdR,Performance_2CrdY,Performance_Fls,Performance_Fld,Performance_Off,Performance_Crs,Performance_Int,Performance_TklW,Performance_PKwon,Performance_PKcon,Performance_OG,Performance_Recov,Aerial Duels_Won,Aerial Duels_Lost,Aerial Duels_Won%,Unnamed: 24_level_0_Matches
1,Keyliane Abdallah,fr FRA,FW,Marseille,18,2006,0.0,0,0,0,0,0,0,0,0,1,0,0,0,0,0,0,,Matches
2,Yunis Abdelhamid,ma MAR,DF,Saint-Étienne,36,1987,11.5,2,0,0,16,6,0,0,14,11,0,0,0,42,19,10,65.5,Matches
3,Himad Abdelli,dz ALG,"MF,FW",Angers,24,1999,31.6,4,0,0,48,32,3,44,26,32,0,0,0,193,13,20,39.4,Matches
4,Mohamed Abdelmoneim,eg EGY,DF,Nice,25,1999,9.5,2,0,0,9,10,0,2,15,14,0,0,0,50,31,19,62.0,Matches
5,Ali Abdi,tn TUN,"DF,MF",Nice,30,1993,15.5,2,0,0,27,14,5,51,20,25,0,0,0,72,22,14,61.1,Matches
6,Matthis Abline,fr FRA,FW,Nantes,21,2003,30.8,3,0,0,34,53,5,30,4,5,0,0,0,83,64,76,45.7,Matches
7,Abner,br BRA,DF,Lyon,24,2000,12.1,1,0,0,16,4,0,31,5,20,0,0,0,45,7,9,43.8,Matches
8,Zakaria Aboukhlal,ma MAR,"MF,FW",Toulouse,24,2000,21.1,4,0,0,35,25,13,33,6,13,2,0,0,61,22,38,36.7,Matches
9,Martin Adeline,fr FRA,MF,Reims,20,2003,0.3,0,0,0,0,1,0,0,0,1,0,0,0,0,0,1,0.0,Matches
10,Adryelson,br BRA,DF,Lyon,26,1998,0.0,1,0,0,0,0,0,0,1,0,0,0,0,0,1,0,100.0,Matches
11,Emmanuel Agbadou,ci CIV,DF,Reims,27,1997,14.0,3,0,0,13,6,0,1,19,17,0,0,0,85,18,11,62.1,Matches
12,Jeremy Agbonifo,se SWE,"FW,MF",Lens,18,2005,3.3,1,0,0,14,5,2,7,1,6,0,0,0,9,1,9,10.0,Matches
13,Ruben Aguilar,fr FRA,"DF,MF",Lens,31,1993,12.5,4,0,0,14,15,5,47,13,18,0,0,0,79,10,16,38.5,Matches
14,Naouirou Ahamada,fr FRA,"MF,FW",Rennes,22,2002,0.6,0,0,0,1,0,0,1,2,0,0,0,0,7,0,1,0.0,Matches
15,Jean-Eudes Aholou,ci CIV,MF,Angers,30,1994,21.8,7,0,0,50,25,1,2,33,36,0,0,0,100,38,23,62.3,Matches
16,Ayman Aiki,fr FRA,"FW,MF",Saint-Étienne,19,2005,1.4,0,0,0,4,1,0,1,1,3,0,0,0,7,1,4,20.0,Matches
17,Ludovic Ajorque,fr FRA,FW,Brest,30,1994,27.7,5,0,0,61,26,11,7,6,19,2,0,0,62,133,121,52.4,Matches
18,Ümit Akdag,ro ROU,DF,Toulouse,20,2003,5.6,2,0,0,8,1,0,3,11,4,0,0,0,24,18,7,72.0,Matches
19,Sergio Akieme,es ESP,DF,Reims,26,1997,28.0,5,0,0,25,21,1,94,17,23,0,0,0,109,19,26,42.2,Matches
20,Maghnes Akliouche,fr FRA,"FW,MF",Monaco,22,2002,26.7,2,0,0,31,38,8,53,15,31,0,0,0,131,5,23,17.9,Matches
21,Adams Akor,ng NGA,FW,Montpellier,24,2000,11.9,2,0,0,17,8,16,5,1,3,2,0,0,24,28,27,50.9,Matches
22,Paul Akouokou,ci CIV,MF,Lyon,26,1997,0.2,1,0,0,3,0,0,0,1,0,0,0,0,0,0,0,,Matches
23,Clément Akpa,ci CIV,DF,Auxerre,22,2001,27.6,7,0,0,15,35,0,25,42,34,0,1,0,116,38,31,55.1,Matches
24,Chuba Akpom,eng ENG,FW,Lille,28,1995,7.1,0,0,0,11,15,2,1,0,5,1,0,0,11,17,11,60.7,Matches
25,Mohamed Ali Cho,fr FRA,"FW,MF",Nice,20,2004,18.0,2,0,0,12,41,9,51,5,9,0,0,0,69,13,27,32.5,Matches
26,Jim Allevinah,ga GAB,FW,Angers,29,1995,19.4,3,0,0,18,25,10,34,12,11,1,0,0,88,10,24,29.4,Matches
27,Thiago Almada,ar ARG,"MF,FW",Lyon,23,2001,10.6,3,0,0,10,8,1,47,7,8,1,0,0,56,1,2,33.3,Matches
28,Jordan Amavi,fr FRA,DF,Brest,30,1994,8.8,2,0,0,15,6,0,15,7,17,0,2,0,35,15,6,71.4,Matches
29,Kelvin Amian,fr FRA,DF,Nantes,26,1998,24.1,5,0,0,23,11,1,37,13,31,0,0,0,54,21,21,50.0,Matches
30,Michael Amir Murillo,pa PAN,DF,Marseille,28,1996,27.1,3,0,0,29,26,1,37,18,31,0,1,0,138,42,17,71.2,Matches
31,Samuel Amo-Ameyaw,eng ENG,"DF,MF",Strasbourg,18,2006,3.6,0,0,0,3,5,1,6,3,3,0,0,0,14,0,7,0.0,Matches
32,Mathis Amougou,fr FRA,MF,Saint-Étienne,18,2006,9.5,2,0,0,6,8,0,1,12,15,0,0,0,37,3,12,20.0,Matches
33,Benjamin André,fr FRA,MF,Lille,33,1990,29.9,12,0,0,50,49,3,16,48,57,1,0,0,189,94,82,53.4,Matches
34,Kyllian Antonio,fr FRA,"DF,MF",Lens,16,2008,1.5,0,0,0,2,3,0,2,3,2,0,0,0,5,2,2,50.0,Matches
35,Dennis Appiah,fr FRA,DF,Saint-Étienne,32,1992,23.6,2,0,0,37,9,2,52,29,43,0,2,0,90,27,31,46.6,Matches
36,Carlens Arcus,ht HAI,DF,Angers,28,1996,22.7,3,0,0,38,21,1,55,27,35,0,0,0,81,31,25,55.4,Matches
37,Hákon Arnar Haraldsson,is ISL,"MF,FW",Lille,21,2003,19.5,3,0,0,19,27,3,59,8,16,1,0,0,71,2,14,12.5,Matches
38,Marco Asensio,es ESP,"FW,MF",Paris S-G,28,1996,6.9,0,0,0,1,4,3,13,0,3,0,0,0,18,1,2,33.3,Matches
39,Lorenz Assignon,tg TOG,"DF,MF",Rennes,24,2000,26.2,9,0,0,52,28,5,70,25,27,0,1,0,110,38,22,63.3,Matches
40,Dehmaine Assoumani,fr FRA,"MF,FW",Nantes,19,2005,1.1,0,0,0,1,4,0,6,1,3,0,0,0,8,2,3,40.0,Matches
41,Valentin Atangana Edoa,fr FRA,MF,Reims,18,2005,31.7,7,0,0,57,50,8,17,37,50,0,0,0,117,47,34,58.0,Matches
42,Florian Ayé,fr FRA,FW,Auxerre,27,1997,6.4,0,0,0,10,6,3,2,7,2,0,0,0,14,13,37,26.0,Matches
43,André Ayew,gh GHA,FW,Le Havre,34,1989,16.1,2,0,0,19,30,6,7,3,10,0,0,0,26,37,63,37.0,Matches
44,Neil El Aynaoui,ma MAR,MF,Lens,23,2001,17.6,4,0,0,34,32,0,65,30,21,0,0,0,90,24,15,61.5,Matches
45,Shavy Babicka,ga GAB,"MF,FW",Toulouse,24,2000,13.2,2,0,0,16,21,7,39,3,12,0,0,0,54,7,17,29.2,Matches
46,Theo Bair,ca CAN,FW,Auxerre,24,1999,10.4,1,0,0,20,5,8,7,3,3,0,0,0,15,55,46,54.5,Matches
47,Mitchel Bakker,nl NED,"FW,DF",Lille,24,2000,12.7,3,1,0,18,9,4,68,12,13,0,0,0,46,3,10,23.1,Matches
48,Darryl Bakola,fr FRA,"DF,MF",Marseille,16,2007,0.2,1,0,0,3,0,0,0,0,1,0,0,0,1,0,0,,Matches
49,Dilane Bakwa,fr FRA,"MF,DF",Strasbourg,21,2002,27.7,4,0,0,29,71,5,153,15,14,0,0,0,92,11,8,57.9,Matches
50,Leonardo Balerdi,ar ARG,DF,Marseille,25,1999,25.3,9,1,1,28,20,0,2,38,39,0,0,1,161,39,21,65.0,Matches
51,Fodé Ballo-Touré,sn SEN,"DF,MF",Le Havre,27,1997,6.5,0,0,0,3,14,0,21,4,7,0,0,0,31,4,5,44.4,Matches
52,Folarin Balogun,us USA,FW,Monaco,23,2001,6.8,0,0,0,7,9,8,5,1,1,0,0,0,15,4,20,16.7,Matches
53,Abdoulaye Bamba,ci CIV,DF,Angers,34,1990,16.8,2,0,0,10,7,0,5,19,12,0,0,0,47,11,17,39.3,Matches
54,Mohamed Bamba,ci CIV,MF,Reims,19,2004,0.1,0,0,0,0,0,0,0,0,0,0,0,0,0,0,2,0.0,Matches
55,Valentín Barco,ar ARG,"MF,DF",Strasbourg,20,2004,12.9,2,0,0,17,29,0,31,13,22,0,1,0,79,7,7,50.0,Matches
56,Bradley Barcola,fr FRA,FW,Paris S-G,21,2002,24.2,2,0,0,30,22,7,25,19,17,0,0,0,67,14,7,66.7,Matches
57,Melvin Bard,fr FRA,"DF,MF",Nice,23,2000,21.5,4,2,1,17,22,2,60,29,36,0,0,0,124,24,20,54.5,Matches
58,Gabriel Bares,ch SUI,"MF,DF",Montpellier,23,2000,0.6,0,0,0,0,1,0,1,1,2,0,0,0,1,0,1,0.0,Matches
59,Téo Barisic,hr CRO,DF,Lyon,19,2004,0.0,0,0,0,0,0,0,0,0,0,0,0,0,0,0,0,,Matches
60,Dylan Batubinsika,cd COD,DF,Saint-Étienne,28,1996,22.4,3,1,0,24,13,0,1,39,13,0,3,1,76,45,17,72.6,Matches
61,Haris Belkebla,dz ALG,MF,Angers,30,1994,19.9,1,0,0,18,32,1,3,35,38,0,0,0,90,8,21,27.6,Matches
62,Yassin Belkhdim,fr FRA,MF,Angers,22,2002,16.9,4,0,0,28,15,2,16,21,27,0,0,0,74,5,15,25.0,Matches
63,Eliesse Ben Seghir,ma MAR,"MF,FW",Monaco,19,2005,19.4,0,0,0,25,55,2,52,13,22,0,0,0,86,13,22,37.1,Matches
64,Ismaël Bennacer,dz ALG,MF,Marseille,26,1997,7.2,2,0,0,19,11,0,28,10,10,0,0,0,50,2,4,33.3,Matches
65,Saïd Benrahma,dz ALG,"FW,MF",Lyon,28,1995,8.2,0,0,0,6,6,6,43,3,5,0,0,0,32,0,0,,Matches
66,Nabil Bentaleb,dz ALG,MF,Lille,29,1994,3.7,0,0,0,3,1,0,6,5,3,0,0,0,20,3,3,50.0,Matches
67,Lucas Beraldo,br BRA,DF,Paris S-G,20,2003,22.3,6,0,0,22,9,1,3,21,31,0,1,0,115,45,21,68.2,Matches
68,Maxime Bernauer,fr FRA,DF,Saint-Étienne,26,1998,8.5,4,1,1,10,4,0,0,5,9,0,1,0,37,11,7,61.1,Matches
69,Dimitry Bertaud,cd COD,GK,Montpellier,26,1998,4.0,0,0,0,0,0,0,0,0,0,0,0,0,2,0,0,,Matches
70,Mika Biereth,dk DEN,FW,Monaco,21,2003,13.6,0,0,0,19,30,6,8,4,5,1,0,0,23,18,29,38.3,Matches
71,Emmanuel Biumla,fr FRA,DF,Angers,19,2005,14.8,2,0,0,7,10,0,0,8,12,0,1,0,37,16,12,57.1,Matches
72,Marco Bizot,nl NED,GK,Brest,33,1991,32.0,4,0,0,1,5,0,0,0,1,0,0,0,34,5,0,100.0,Matches
73,Ludovic Blas,fr FRA,"MF,FW",Rennes,26,1997,25.5,6,0,0,31,54,1,124,13,25,1,0,0,88,11,37,22.9,Matches
74,Augustine Boakye,gh GHA,"FW,MF",Saint-Étienne,23,2000,8.1,5,0,0,19,7,3,5,6,3,0,0,0,27,5,14,26.3,Matches
75,Mathéo Bodmer,fr FRA,MF,Le Havre,20,2004,0.1,0,0,0,1,0,0,0,0,0,0,0,0,0,0,0,,Matches
76,Jeremie Boga,ci CIV,"MF,FW",Nice,27,1997,11.7,0,0,0,1,17,5,21,3,5,0,0,0,44,3,4,42.9,Matches
77,Moïse Bombito,ca CAN,DF,Nice,24,2000,24.4,3,1,1,28,13,0,2,18,25,0,1,1,97,48,52,48.0,Matches
78,Saïmon Bouabré,fr FRA,"MF,FW",Monaco,18,2006,1.1,0,0,0,1,2,0,0,0,0,0,0,0,2,0,3,0.0,Matches
79,Ayyoub Bouaddi,fr FRA,MF,Lille,16,2007,12.8,2,0,0,18,9,0,3,10,31,0,0,0,62,9,9,50.0,Matches
80,Badredine Bouanani,dz ALG,"MF,FW",Nice,19,2004,12.2,2,0,0,13,17,2,33,11,4,0,0,0,44,2,16,11.1,Matches
81,Benjamin Bouchouari,ma MAR,MF,Saint-Étienne,22,2001,19.7,6,0,0,15,42,0,9,17,27,0,1,0,119,6,17,26.1,Matches
82,Hicham Boudaoui,dz ALG,MF,Nice,24,1999,27.1,9,0,0,41,51,3,17,22,52,1,0,0,175,16,34,32.0,Matches
83,Justin Bourgault,fr FRA,DF,Brest,18,2005,1.4,0,0,0,1,1,0,4,0,1,0,0,0,11,1,2,33.3,Matches
84,Benjamin Bourigeaud,fr FRA,MF,Rennes,30,1994,0.9,0,0,0,0,0,0,6,2,0,0,0,0,4,2,2,50.0,Matches
85,Bilal Brahimi,dz ALG,MF,Nice,24,2000,0.8,0,0,0,3,0,0,5,0,0,0,0,0,1,0,0,,Matches
86,Lilian Brassier,fr FRA,DF,Marseille,24,1999,8.7,3,0,0,7,3,0,5,9,6,0,0,0,38,17,7,70.8,Matches
87,Lilian Brassier,fr FRA,DF,Rennes,24,1999,13.7,1,0,0,9,12,0,9,22,12,0,1,0,59,30,8,78.9,Matches
88,Anthony Briançon,fr FRA,DF,Saint-Étienne,29,1994,0.0,0,0,0,0,0,0,0,0,0,0,0,0,0,0,0,,Matches
89,Aurélio Buta,pt POR,DF,Reims,27,1997,21.9,5,0,0,32,27,3,32,22,24,0,1,0,69,12,15,44.4,Matches
90,Marcin Bułka,pl POL,GK,Nice,24,1999,34.0,0,0,0,0,5,0,0,0,0,0,0,0,62,8,0,100.0,Matches
91,Rémy Cabella,fr FRA,"FW,MF",Lille,34,1990,11.2,1,0,0,16,19,2,60,8,19,1,1,0,63,3,8,27.3,Matches
92,Mathieu Cafaro,fr FRA,"MF,FW",Saint-Étienne,27,1997,8.1,3,1,0,11,14,3,27,7,7,0,1,0,30,3,4,42.9,Matches
93,Duje Ćaleta-Car,hr CRO,DF,Lyon,27,1996,17.6,8,0,0,27,9,2,1,17,12,0,0,0,65,39,12,76.5,Matches
94,Issiaga Camara,gn GUI,MF,Nice,19,2005,0.2,0,0,0,0,2,0,0,3,1,0,0,0,4,0,1,0.0,Matches
95,Lamine Camara,sn SEN,MF,Monaco,20,2004,22.8,10,1,1,45,39,0,118,31,41,0,0,0,153,21,21,50.0,Matches
96,Mahdi Camara,fr FRA,"MF,FW",Brest,26,1998,29.5,5,0,0,41,46,3,46,33,40,1,0,0,98,17,31,35.4,Matches
97,Ousmane Camara,ml MLI,DF,Angers,21,2003,2.8,1,0,0,1,0,0,0,0,3,0,0,0,6,4,3,57.1,Matches
98,Axel Camblan,fr FRA,"MF,FW",Brest,20,2003,0.3,0,0,0,0,0,0,1,0,1,0,0,0,0,0,1,0.0,Matches
99,Jaydee Canvot,fr FRA,"DF,MF",Toulouse,18,2006,12.3,2,0,0,18,3,0,6,11,11,0,0,0,50,16,13,55.2,Matches
100,Pierrick Capelle,fr FRA,MF,Angers,37,1987,5.4,4,0,0,12,3,1,10,11,17,0,0,0,28,3,5,37.5,Matches
101,Gabin Capuano,fr FRA,FW,Lens,18,2006,0.1,0,0,0,1,0,0,0,0,0,0,0,0,0,0,0,,Matches
102,Maxence Caqueret,fr FRA,MF,Lyon,24,2000,6.4,1,0,0,4,6,1,6,7,11,0,0,0,24,1,3,25.0,Matches
103,Simon Cara,fr FRA,"MF,FW",Montpellier,19,2005,0.1,0,0,0,0,0,0,0,0,0,0,0,0,0,0,0,,Matches
104,Valentin Carboni,ar ARG,"MF,FW",Marseille,19,2005,1.1,1,0,0,5,1,0,2,1,2,0,0,0,2,2,1,66.7,Matches
105,Irvin Cardona,mt MLT,FW,Saint-Étienne,26,1997,11.8,2,0,0,12,10,3,31,4,5,0,0,0,26,10,8,55.6,Matches
106,Patrik Carlgren,se SWE,GK,Nantes,32,1992,4.6,0,0,0,0,1,0,0,0,0,0,0,0,3,0,1,0.0,Matches
107,Josué Casimir,ht HAI,"FW,MF",Le Havre,22,2001,22.2,5,0,0,28,46,8,85,7,26,3,0,0,83,9,23,28.1,Matches
108,Cristian Cásseres Jr.,ve VEN,MF,Toulouse,24,2000,30.0,11,0,0,53,46,1,80,42,61,0,0,0,172,24,17,58.5,Matches
109,Jean-Charles Castelletto,cm CMR,"DF,MF",Nantes,29,1995,29.1,5,1,0,34,15,0,9,25,17,0,3,1,91,51,27,65.4,Matches
110,Enzo Caumont,fr FRA,MF,Angers,20,2004,0.4,1,0,0,1,0,0,0,1,1,0,0,0,2,1,1,50.0,Matches
111,Fabien Centonze,fr FRA,DF,Nantes,28,1996,2.9,0,0,0,2,2,1,11,2,4,0,0,1,8,6,4,60.0,Matches
112,Brendan Chardonnet,fr FRA,DF,Brest,29,1994,26.8,6,0,0,36,20,0,3,29,33,0,0,1,91,58,38,60.4,Matches
113,Jhoanner Chávez,ec ECU,"DF,MF",Lens,22,2002,6.6,1,0,0,10,8,2,30,6,5,0,1,0,25,7,5,58.3,Matches
114,Théo Chennahi,fr FRA,DF,Montpellier,19,2005,2.0,2,0,0,3,2,0,2,2,3,0,0,0,11,1,2,33.3,Matches
115,Sidiki Cherif,fr FRA,FW,Angers,17,2006,3.6,0,0,0,4,8,5,4,0,5,0,0,0,10,3,16,15.8,Matches
116,Rayan Cherki,fr FRA,"FW,MF",Lyon,20,2003,22.7,3,0,0,16,34,3,118,7,12,0,0,0,83,4,8,33.3,Matches
117,Lucas Chevalier,fr FRA,GK,Lille,22,2001,34.0,0,0,0,0,7,0,0,0,2,0,0,0,70,6,0,100.0,Matches
118,Pedro Chirivella,es ESP,MF,Nantes,27,1997,26.1,6,0,0,25,16,0,19,19,29,0,0,0,116,10,14,41.7,Matches
119,Joris Chotard,fr FRA,MF,Montpellier,22,2001,21.0,5,0,0,16,10,1,30,19,27,0,1,0,90,16,11,59.3,Matches
120,Djaoui Cissé,fr FRA,MF,Rennes,20,2004,12.5,4,0,0,25,14,0,3,13,18,0,0,0,78,4,13,23.5,Matches
121,Yoann Cissé,fr FRA,MF,Auxerre,19,2004,0.1,0,0,0,0,0,0,3,1,0,0,0,0,1,0,0,,Matches
122,Jonathan Clauss,fr FRA,"DF,MF",Nice,31,1992,25.6,7,0,0,26,12,1,190,48,35,1,0,0,114,16,11,59.3,Matches
123,Marcus Coco,fr FRA,DF,Nantes,28,1996,10.6,3,2,0,30,17,0,28,11,21,0,0,0,42,17,13,56.7,Matches
124,Alois Confais,fr FRA,MF,Le Havre,27,1996,0.0,0,0,0,1,0,1,0,0,0,0,0,0,1,0,0,,Matches
125,Francis Coquelin,fr FRA,MF,Nantes,33,1991,2.5,1,0,0,7,1,0,0,6,5,0,0,0,8,3,0,100.0,Matches
126,Derek Cornelius,ca CAN,DF,Marseille,26,1997,15.8,9,2,2,25,14,0,4,14,17,0,1,0,67,32,13,71.1,Matches
127,Pierre Cornud,fr FRA,DF,Saint-Étienne,27,1996,6.4,2,0,0,10,3,1,14,9,10,0,1,0,33,3,4,42.9,Matches
128,David Costa,pt POR,"MF,FW",Lens,23,2001,3.9,0,1,0,3,4,0,15,1,0,1,0,0,10,0,2,0.0,Matches
129,Logan Costa,cv CPV,DF,Toulouse,23,2001,1.0,0,0,0,0,0,0,1,2,1,0,0,0,4,4,2,66.7,Matches
130,Grégoire Coudert,fr FRA,GK,Brest,25,1999,2.0,0,0,0,0,0,0,0,0,0,0,0,0,3,0,0,,Matches
131,Lasso Coulibaly,ci CIV,"FW,MF",Auxerre,21,2002,0.5,0,0,0,0,1,0,2,0,1,0,0,0,1,0,2,0.0,Matches
132,Mamadou Coulibaly,fr FRA,MF,Monaco,20,2004,0.1,0,0,0,1,1,0,1,0,0,0,0,0,0,0,0,,Matches
133,Soumaïla Coulibaly,fr FRA,DF,Brest,20,2003,4.9,1,0,0,12,1,0,0,5,2,1,0,0,19,8,6,57.1,Matches
134,Tanguy Coulibaly,fr FRA,"FW,MF",Montpellier,23,2001,16.5,4,2,1,45,21,3,21,11,24,0,1,0,70,19,23,45.2,Matches
135,Marius Courcoul,fr FRA,"MF,DF",Angers,17,2007,3.4,0,0,0,4,2,0,4,5,2,0,1,0,12,4,1,80.0,Matches
136,Nicolas Cozza,fr FRA,"DF,MF",Nantes,25,1999,22.8,3,1,0,14,12,2,27,25,41,1,0,0,62,15,16,48.4,Matches
137,Charlie Cresswell,eng ENG,DF,Toulouse,21,2002,28.8,5,0,0,28,15,3,4,28,23,0,0,1,103,98,44,69.0,Matches
138,Kévin Danois,fr FRA,MF,Auxerre,20,2004,16.2,1,0,0,22,18,2,14,20,30,0,0,0,102,14,18,43.8,Matches
139,Kevin Danso,at AUT,DF,Lens,25,1998,12.0,3,0,0,27,11,1,0,20,7,0,1,0,59,41,21,66.1,Matches
140,Dante,br BRA,DF,Nice,40,1983,21.8,5,1,0,19,14,0,2,34,15,0,0,0,112,41,21,66.1,Matches
141,Pape Daouda Diongue,sn SEN,"MF,FW",Strasbourg,,,0.9,0,0,0,0,0,0,1,3,0,0,0,0,9,4,0,100.0,Matches
142,Mohamed Daramy,dk DEN,FW,Reims,22,2002,0.2,0,0,0,0,0,0,0,0,0,0,0,0,0,1,2,33.3,Matches
143,Jonathan David,ca CAN,FW,Lille,24,2000,28.4,4,0,0,25,36,10,4,7,8,1,0,0,66,16,42,27.6,Matches
144,Zuriko Davitashvili,ge GEO,"FW,MF",Saint-Étienne,23,2001,30.9,3,0,0,20,40,5,85,14,14,2,0,0,117,14,47,23.0,Matches
145,Théo De Percin,mq MTQ,GK,Auxerre,23,2001,2.0,0,0,0,0,0,0,0,0,0,0,0,0,2,0,0,,Matches
146,Thibault De Smet,be BEL,DF,Reims,26,1998,2.1,0,0,0,1,2,0,0,4,4,0,0,0,6,1,1,50.0,Matches
147,Amar Dedić,ba BIH,DF,Marseille,21,2002,3.5,1,0,0,7,2,0,5,3,4,0,0,0,18,7,6,53.8,Matches
148,Romain Del Castillo,fr FRA,FW,Brest,28,1996,14.0,0,0,0,11,17,0,103,6,22,0,0,0,73,8,12,40.0,Matches
149,Thomas Delaine,fr FRA,DF,Strasbourg,32,1992,0.1,0,0,0,1,0,0,0,1,1,0,0,0,0,0,0,,Matches
150,Andy Delort,dz ALG,FW,Montpellier,32,1991,6.7,1,0,0,11,12,10,11,0,3,0,0,0,9,27,33,45.0,Matches
151,Ousmane Dembélé,fr FRA,FW,Paris S-G,27,1997,19.2,1,0,0,8,14,9,80,9,5,1,0,0,39,4,6,40.0,Matches
152,Rémy Descamps,fr FRA,GK,Lyon,28,1996,1.0,0,0,0,0,0,0,0,0,0,0,0,0,0,0,0,,Matches
153,Arthur Desmas,fr FRA,GK,Le Havre,30,1994,18.0,2,0,0,1,6,0,0,0,0,0,1,0,12,2,0,100.0,Matches
154,Mamadou Diakhon,fr FRA,"FW,MF",Reims,18,2005,9.5,2,0,0,5,22,0,33,4,8,1,0,0,38,1,13,7.1,Matches
155,Bafodé Diakité,fr FRA,DF,Lille,23,2001,30.7,8,1,1,44,17,1,4,27,18,0,1,0,139,61,23,72.6,Matches
156,Oumar Diakité,ci CIV,FW,Reims,20,2003,18.1,6,0,0,27,25,11,7,3,13,0,0,0,59,25,59,29.8,Matches
157,Habib Diarra,sn SEN,"MF,FW",Strasbourg,20,2004,26.1,6,0,0,26,52,1,54,13,13,1,0,0,90,12,16,42.9,Matches
158,Krépin Diatta,sn SEN,"DF,FW",Monaco,25,1999,5.6,3,0,0,14,7,2,15,9,12,0,0,0,36,15,9,62.5,Matches
159,Kandet Diawara,gn GUI,FW,Le Havre,24,2000,0.0,0,0,0,0,0,0,0,0,0,0,0,0,0,0,0,,Matches
160,Mahamadou Diawara,fr FRA,MF,Le Havre,19,2005,6.5,0,0,0,15,7,0,5,13,12,0,0,0,40,2,7,22.2,Matches
161,Mahamadou Diawara,fr FRA,MF,Lyon,19,2005,0.2,0,0,0,1,0,0,0,0,0,0,0,0,3,0,0,,Matches
162,Bamba Dieng,sn SEN,FW,Angers,24,2000,5.9,1,0,0,9,13,4,5,0,1,1,0,0,5,9,24,27.3,Matches
163,Kembo Diliwidi,fr FRA,DF,Lens,18,2006,0.0,0,0,0,1,0,0,1,0,0,0,0,0,0,0,0,,Matches
164,Sinaly Diomande,ci CIV,DF,Auxerre,23,2001,21.6,6,0,0,24,19,0,1,30,19,0,1,1,86,28,22,56.0,Matches
165,Lois Diony,fr FRA,FW,Angers,31,1992,0.2,0,0,0,0,0,0,0,0,0,0,0,0,0,1,0,100.0,Matches
166,Sérigné Diop,sn SEN,FW,Brest,19,2005,0.0,0,0,0,0,0,0,0,0,0,0,0,0,0,0,0,,Matches
167,Sofiane Diop,ma MAR,"MF,FW",Nice,24,2000,11.8,3,0,0,17,19,3,33,17,16,0,0,0,73,3,8,27.3,Matches
168,Andy Diouf,fr FRA,MF,Lens,21,2003,24.7,2,0,0,43,21,2,30,15,26,0,1,0,154,18,31,36.7,Matches
169,Yehvann Diouf,sn SEN,GK,Reims,24,1999,34.0,1,0,0,0,3,0,0,1,1,0,0,0,45,6,0,100.0,Matches
170,Assane Dioussé,sn SEN,MF,Auxerre,26,1997,7.4,1,0,0,18,11,0,1,12,7,0,0,0,41,1,3,25.0,Matches
171,Álex Domínguez,es ESP,GK,Toulouse,26,1998,0.2,0,0,0,0,0,0,0,0,0,0,0,0,0,0,0,,Matches
172,Gianluigi Donnarumma,it ITA,GK,Paris S-G,25,1999,23.2,2,0,0,0,3,0,0,0,1,0,0,0,40,4,0,100.0,Matches
173,Sékou Doucoure,fr FRA,DF,Nantes,19,2005,0.1,0,0,0,0,1,0,0,0,0,0,0,0,0,0,0,,Matches
174,Désiré Doué,fr FRA,"FW,MF",Paris S-G,19,2005,19.2,1,0,0,28,44,1,78,13,30,2,0,0,93,8,10,44.4,Matches
175,Guela Doué,ci CIV,DF,Strasbourg,21,2002,30.2,7,0,0,41,19,0,46,34,45,0,1,0,162,58,37,61.1,Matches
176,Douglas,br BRA,MF,Nantes,27,1997,25.6,8,0,0,42,36,0,10,32,42,0,1,0,111,23,35,39.7,Matches
177,Ismaël Doukouré,fr FRA,"DF,MF",Strasbourg,21,2003,29.3,7,0,0,30,17,0,1,25,22,0,0,1,103,26,16,61.9,Matches
178,Kamory Doumbia,ml MLI,"MF,FW",Brest,21,2003,14.7,1,0,0,17,22,1,48,28,29,0,0,0,87,10,22,31.3,Matches
179,Amidou Doumbouya,fr FRA,DF,Nice,16,2007,0.5,0,0,0,0,0,0,2,1,1,0,0,0,6,0,0,,Matches
180,Jean-Kevin Duverne,ht HAI,DF,Nantes,27,1997,6.0,2,0,0,14,6,0,9,8,12,0,0,0,20,9,3,75.0,Matches
181,Stefan Džodić,rs SRB,"DF,MF",Montpellier,19,2005,2.7,2,1,0,4,2,0,0,5,5,0,0,0,10,2,6,25.0,Matches
182,Aron Dønnum,no NOR,"DF,MF",Toulouse,26,1998,29.9,6,0,0,38,55,0,117,28,35,0,0,0,171,12,17,41.4,Matches
183,Noah Edjouma,fr FRA,"MF,FW",Toulouse,18,2005,1.9,0,1,0,4,3,0,6,2,2,0,0,0,8,2,3,40.0,Matches
184,Jacques Ekomie,ga GAB,"DF,FW",Angers,20,2003,7.7,1,0,0,11,21,1,23,4,14,0,0,0,33,11,13,45.8,Matches
185,Pierre Ekwah Elimby,fr FRA,MF,Saint-Étienne,22,2002,28.6,3,0,0,42,38,0,5,47,33,0,0,0,154,30,13,69.8,Matches
186,Meschak Elia,cd COD,FW,Nantes,26,1997,1.9,0,0,0,7,2,0,14,0,5,0,0,0,14,2,3,40.0,Matches
187,Breel Embolo,ch SUI,"FW,MF",Monaco,27,1997,20.5,5,0,0,27,43,11,6,3,17,2,0,0,58,30,30,50.0,Matches
188,Emanuel Emegha,nl NED,FW,Strasbourg,21,2003,25.5,5,0,0,36,37,27,0,1,6,0,0,0,60,26,39,40.0,Matches
189,Romain Faivre,fr FRA,"MF,FW",Brest,26,1998,10.0,2,0,0,6,23,1,26,4,10,0,0,0,42,7,10,41.2,Matches
190,Khalil Fayad,fr FRA,"MF,FW",Montpellier,20,2004,11.4,5,0,0,21,27,1,20,10,16,0,0,1,74,9,6,60.0,Matches
191,Luiz Felipe,it ITA,DF,Marseille,27,1997,1.4,1,0,0,1,0,0,0,3,3,0,0,0,2,3,3,50.0,Matches
192,Zinedine Ferhat,dz ALG,"FW,MF",Angers,31,1993,9.4,1,0,0,11,15,2,68,10,7,0,0,0,47,17,20,45.9,Matches
193,Edimilson Fernandes,ch SUI,"MF,DF",Brest,28,1996,12.3,1,0,0,7,6,0,7,20,7,0,1,0,69,15,12,55.6,Matches
194,Matias Fernandez-Pardo,be BEL,"FW,MF",Lille,19,2005,11.8,4,0,0,18,21,3,30,3,9,1,0,0,35,0,11,0.0,Matches
195,Jordan Ferri,fr FRA,MF,Montpellier,32,1992,19.7,6,1,0,35,30,0,25,9,23,0,3,0,132,13,15,46.4,Matches
196,Karol Fila,pl POL,MF,Strasbourg,26,1998,0.1,1,0,0,0,0,0,0,0,0,0,0,0,1,0,0,,Matches
197,Malick Fofana,be BEL,FW,Lyon,19,2005,17.7,2,0,0,13,36,10,70,8,11,1,0,0,63,2,12,14.3,Matches
198,Rayan Fofana,fr FRA,"FW,MF",Lens,18,2006,0.3,0,0,0,1,1,0,0,0,2,0,0,0,2,0,1,0.0,Matches
199,Seko Fofana,ci CIV,MF,Rennes,29,1995,9.4,3,0,0,9,7,2,5,7,7,0,0,0,42,7,3,70.0,Matches
200,Yahia Fofana,ci CIV,GK,Angers,23,2000,33.0,4,0,0,0,11,0,0,1,0,0,0,0,36,6,3,66.7,Matches
201,Lamine Fomba,fr FRA,MF,Saint-Étienne,26,1998,2.4,2,0,0,13,2,1,1,4,6,0,1,0,13,3,6,33.3,Matches
202,Przemysław Frankowski,pl POL,DF,Lens,29,1995,15.4,3,0,0,18,7,1,78,19,21,0,0,0,61,8,6,57.1,Matches
203,Angelo Fulgini,fr FRA,"MF,FW",Lens,27,1996,11.6,3,0,0,16,26,2,44,2,10,0,0,0,52,9,15,37.5,Matches
204,Kyogo Furuhashi,jp JPN,FW,Rennes,29,1995,1.4,0,0,0,4,2,0,0,0,2,0,0,0,1,1,2,33.3,Matches
205,Gauthier Gallon,fr FRA,GK,Rennes,31,1993,0.5,0,0,0,0,0,0,0,0,0,0,0,0,0,0,0,,Matches
206,Ignatius Ganago,cm CMR,"FW,MF",Nantes,25,1999,2.7,1,0,0,2,3,2,3,4,1,0,0,0,7,4,7,36.4,Matches
207,Ulisses Garcia,ch SUI,DF,Marseille,28,1996,10.3,2,0,0,8,9,2,35,8,11,1,0,0,48,17,6,73.9,Matches
208,Jean-Philippe Gbamin,ci CIV,MF,Nantes,28,1995,2.4,1,0,0,3,6,0,0,3,1,0,0,0,13,7,3,70.0,Matches
209,Mory Gbane,ci CIV,"DF,MF",Reims,23,2000,12.5,2,0,0,12,3,0,2,18,11,0,0,0,49,15,9,62.5,Matches
210,Yann Gboho,fr FRA,"MF,FW",Toulouse,23,2001,25.9,2,0,0,16,61,2,26,6,18,1,0,0,107,5,27,15.6,Matches
211,Denis Genreau,au AUS,MF,Toulouse,25,1999,2.5,0,0,0,7,5,0,9,3,5,0,0,0,11,0,3,0.0,Matches
212,Aleksandr Golovin,ru RUS,"MF,FW",Monaco,28,1996,12.8,1,0,0,25,20,1,23,12,24,0,0,0,101,9,13,40.9,Matches
213,André Gomes,pt POR,MF,Lille,31,1993,14.2,3,0,0,24,12,0,11,6,13,0,0,0,92,9,7,56.3,Matches
214,Angel Gomes,eng ENG,MF,Lille,23,2000,8.2,1,0,0,4,11,0,10,0,6,1,0,0,20,5,6,45.5,Matches
215,Carlos Gómez,co COL,"MF,DF",Rennes,21,2002,4.2,1,0,0,11,2,2,19,2,6,0,0,0,16,2,6,25.0,Matches
216,Mathieu Gorgelin,fr FRA,GK,Le Havre,33,1990,16.0,2,0,0,0,2,0,0,0,2,0,0,0,16,7,2,77.8,Matches
217,Amine Gouiri,dz ALG,"FW,MF",Marseille,24,2000,11.6,0,0,0,11,7,5,57,1,5,0,0,0,24,2,10,16.7,Matches
218,Amine Gouiri,dz ALG,"MF,FW",Rennes,24,2000,11.5,2,0,0,18,12,4,12,2,6,0,0,0,40,8,15,34.8,Matches
219,Jonathan Gradit,fr FRA,DF,Lens,31,1992,23.5,4,0,0,29,16,0,10,25,23,0,0,0,73,64,44,59.3,Matches
220,Samuel Grandsir,fr FRA,"MF,FW",Le Havre,27,1996,0.9,0,0,0,2,0,0,5,0,5,0,0,0,9,0,1,0.0,Matches
221,Mason Greenwood,eng ENG,"FW,MF",Marseille,22,2001,31.2,3,0,0,24,37,2,110,12,18,2,0,0,88,8,7,53.3,Matches
222,Albert Grønbaek,dk DEN,"MF,FW",Rennes,23,2001,9.0,1,0,0,10,10,0,28,4,11,0,0,0,24,4,11,26.7,Matches
223,Gabriel Gudmundsson,se SWE,DF,Lille,25,1999,19.8,3,0,0,30,42,5,59,17,25,0,0,0,83,12,8,60.0,Matches
224,Axel Gueguin,fr FRA,FW,Montpellier,19,2005,0.3,0,0,0,4,0,0,1,0,1,0,0,0,0,0,0,,Matches
225,Evann Guessand,ci CIV,"FW,MF",Nice,23,2001,28.5,2,0,0,45,64,10,36,15,29,1,0,0,98,26,36,41.9,Matches
226,Bahereba Guirassy,fr FRA,"FW,MF",Nantes,17,2006,3.9,0,0,0,3,2,0,7,1,8,0,0,0,22,7,10,41.2,Matches
227,Massadio Haïdara,ml MLI,DF,Brest,31,1992,18.6,3,2,1,20,45,0,49,26,16,1,0,0,54,25,12,67.6,Matches
228,Achraf Hakimi,ma MAR,DF,Paris S-G,25,1998,23.0,4,0,0,19,25,8,80,31,36,0,0,0,136,9,12,42.9,Matches
229,Florent Hanin,dz ALG,DF,Angers,34,1990,29.7,2,0,0,16,35,1,107,47,48,0,0,0,132,15,28,34.9,Matches
230,Amine Harit,ma MAR,MF,Marseille,27,1997,5.8,1,1,0,6,15,0,7,3,7,1,0,0,24,1,5,16.7,Matches
231,Hans Hateboer,nl NED,DF,Rennes,30,1994,18.7,3,0,0,20,10,2,33,29,16,0,0,0,62,42,24,63.6,Matches
232,Kjetil Haug,no NOR,GK,Toulouse,26,1998,5.5,0,0,0,0,0,0,0,0,0,0,0,0,6,0,0,,Matches
233,Luis Henrique,br BRA,"DF,FW",Marseille,22,2001,29.0,0,0,0,8,8,9,97,10,9,0,0,0,116,0,5,0.0,Matches
234,Lucas Hernández,fr FRA,DF,Paris S-G,28,1996,9.7,2,0,0,9,9,0,2,7,18,0,0,1,45,13,6,68.4,Matches
235,Ki-Jana Hoever,nl NED,DF,Auxerre,22,2002,23.6,4,1,1,22,12,0,78,21,38,0,0,0,91,24,19,55.8,Matches
236,Cédric Hountondji,bj BEN,DF,Angers,30,1994,3.0,0,0,0,2,1,0,0,4,4,0,0,0,9,5,3,62.5,Matches
237,Ilyes Housni,fr FRA,"FW,MF",Le Havre,19,2005,2.6,0,0,0,5,5,1,5,1,5,0,0,0,7,0,8,0.0,Matches
238,Pierre Højbjerg,dk DEN,MF,Marseille,28,1995,29.6,5,0,0,30,39,0,19,42,45,0,0,0,171,21,18,53.8,Matches
239,Hafiz Ibrahim,ng NGA,FW,Reims,18,2005,4.3,2,1,1,12,2,3,1,2,2,0,0,0,14,8,23,25.8,Matches
240,George Ilenikhena,ng NGA,FW,Monaco,17,2006,8.0,0,0,0,14,10,9,0,2,2,0,0,0,10,14,16,46.7,Matches
241,Rareş Ilie,ro ROU,MF,Nice,21,2003,0.1,0,0,0,0,0,0,3,0,1,0,0,0,2,0,0,,Matches
242,Ismaily,br BRA,DF,Lille,34,1990,10.0,4,0,0,13,6,0,16,13,17,0,0,0,46,12,15,44.4,Matches
243,Yanis Issoufou,fr FRA,"MF,FW",Montpellier,17,2006,0.9,0,0,0,1,0,0,3,0,4,0,0,0,3,0,1,0.0,Matches
244,Junya Ito,jp JPN,"FW,MF",Reims,31,1993,29.9,1,0,0,14,34,10,234,13,30,0,0,0,135,17,28,37.8,Matches
245,Jérémy Jacquet,fr FRA,DF,Rennes,19,2005,10.3,0,0,0,13,6,0,3,27,17,0,0,0,41,19,10,65.5,Matches
246,Ismail Jakobs,sn SEN,DF,Monaco,24,1999,2.0,0,0,0,1,3,0,14,2,5,0,0,0,5,1,6,14.3,Matches
247,Jordan James,wls WAL,MF,Rennes,20,2004,13.1,4,0,0,26,15,1,34,14,19,0,0,0,54,10,7,58.8,Matches
248,Malcolm Jeng,se SWE,DF,Reims,19,2005,1.2,0,0,0,1,0,0,0,3,0,0,0,0,3,4,4,50.0,Matches
249,John Joe,ie IRL,MF,Reims,20,2003,6.1,0,0,0,14,13,0,5,6,15,0,0,0,31,10,13,43.5,Matches
250,Karl-Johan Johnsson,se SWE,GK,Strasbourg,34,1990,3.0,0,0,0,1,0,0,0,0,0,0,1,0,2,1,0,100.0,Matches
251,Paul Joly,fr FRA,DF,Auxerre,24,2000,11.2,3,1,0,10,27,0,55,25,32,0,1,0,56,13,8,61.9,Matches
252,Jota,pt POR,"FW,MF",Rennes,25,1999,3.7,0,0,0,3,2,3,16,3,2,0,0,0,11,1,1,50.0,Matches
253,Antoine Joujou,fr FRA,"MF,FW",Le Havre,21,2003,10.5,1,0,0,7,7,2,37,9,11,0,0,0,59,5,18,21.7,Matches
254,Jubal,br BRA,DF,Auxerre,30,1993,29.3,7,0,0,27,21,1,0,25,39,1,2,1,90,72,32,69.2,Matches
255,Abdulai Juma Bah,sl SLE,DF,Lens,18,2006,7.6,2,0,0,7,1,0,0,17,10,0,0,0,37,23,6,79.3,Matches
256,Hamed Junior Traorè,ci CIV,MF,Auxerre,24,2000,23.3,5,0,0,30,40,7,42,8,20,1,0,0,100,12,20,37.5,Matches
257,Yaya Kader Fofana,ml MLI,"MF,FW",Reims,20,2004,7.0,4,0,0,16,7,0,6,3,11,0,0,0,33,4,10,28.6,Matches
258,Tino Kadewere,zw ZIM,"MF,FW",Nantes,28,1996,5.7,1,0,0,6,3,2,2,6,8,0,0,0,34,15,12,55.6,Matches
259,Arnaud Kalimuendo,fr FRA,"FW,MF",Rennes,22,2002,28.6,2,0,0,29,40,12,13,4,12,1,0,0,63,22,59,27.2,Matches
260,Justin-Noël Kalumba,fr FRA,"FW,MF",Angers,19,2004,0.3,0,0,0,0,1,0,1,1,0,0,0,0,2,0,0,,Matches
261,Warren Kamanzi,no NOR,"DF,MF",Toulouse,23,2000,11.4,3,0,0,16,13,2,16,9,13,0,0,0,56,7,1,87.5,Matches
262,Glen Kamara,fi FIN,MF,Rennes,28,1995,7.4,0,0,0,7,4,0,0,7,11,0,0,0,42,2,6,25.0,Matches
263,Noham Kamara,fr FRA,DF,Paris S-G,17,2007,0.8,0,0,0,0,0,0,0,1,1,0,0,0,4,2,0,100.0,Matches
264,Nordine Kandil,fr FRA,MF,Strasbourg,22,2001,0.1,0,0,0,2,0,0,0,0,0,0,0,0,0,1,1,50.0,Matches
265,Lee Kang-in,kr KOR,"FW,MF",Paris S-G,23,2001,18.5,1,0,0,21,28,1,94,3,17,0,0,0,73,5,10,33.3,Matches
266,Yassine Kechta,ma MAR,"MF,FW",Le Havre,22,2002,23.3,4,0,0,42,33,4,36,26,36,1,0,0,113,10,27,27.0,Matches
267,Thilo Kehrer,de GER,DF,Monaco,27,1996,26.5,1,0,0,23,20,1,2,36,23,0,0,0,132,54,34,61.4,Matches
268,Reda Khadra,de GER,"MF,FW",Reims,23,2001,0.9,0,0,0,0,3,0,3,0,1,0,0,0,7,0,0,,Matches
269,Wahbi Khazri,tn TUN,"FW,MF",Montpellier,33,1991,12.4,4,0,0,23,28,7,48,5,18,0,0,0,44,8,21,27.6,Matches
270,Abdukodir Khusanov,uz UZB,DF,Lens,20,2004,10.8,2,1,0,13,3,0,5,26,11,0,1,0,50,27,12,69.2,Matches
271,Presnel Kimpembe,fr FRA,DF,Paris S-G,28,1995,0.3,0,0,0,0,1,0,0,0,0,0,0,0,3,0,0,,Matches
272,Joshua King,no NOR,"FW,MF",Toulouse,32,1992,18.6,2,0,0,35,27,7,9,6,11,1,0,0,60,35,51,40.7,Matches
273,Cédric Kipré,ci CIV,DF,Reims,27,1996,24.3,4,2,0,24,12,1,12,32,30,0,1,0,73,41,24,63.1,Matches
274,Hervé Koffi,bf BFA,GK,Lens,27,1996,5.0,2,0,0,0,0,0,0,0,1,0,0,0,3,1,0,100.0,Matches
275,Philipp Köhn,ch SUI,GK,Monaco,26,1998,19.0,1,0,0,0,1,0,0,0,0,0,0,0,37,3,0,100.0,Matches
276,Koka,eg EGY,FW,Le Havre,31,1993,9.5,2,0,0,14,2,1,0,4,1,0,0,0,24,20,21,48.8,Matches
277,Randal Kolo Muani,fr FRA,FW,Paris S-G,25,1998,4.0,0,0,0,7,7,2,0,0,4,1,0,0,8,9,3,75.0,Matches
278,Geoffrey Kondogbia,cf CTA,"DF,MF",Marseille,31,1993,22.4,1,0,0,19,17,1,4,22,38,0,0,0,108,27,15,64.3,Matches
279,Abdoul Koné,fr FRA,DF,Reims,19,2005,1.5,0,0,0,3,3,0,0,1,3,0,0,0,7,2,0,100.0,Matches
280,Amadou Koné,ml MLI,MF,Reims,19,2005,14.4,3,1,0,19,52,0,3,19,32,0,1,0,79,22,22,50.0,Matches
281,Ismaël Koné,ca CAN,"MF,FW",Marseille,22,2002,4.0,0,0,0,4,11,1,3,4,4,0,0,0,14,2,5,28.6,Matches
282,Ismaël Koné,ca CAN,MF,Rennes,22,2002,5.2,1,0,0,8,8,0,2,4,6,0,1,0,19,2,0,100.0,Matches
283,Emmanuel Koum Mbondo,fr FRA,DF,Marseille,18,2006,0.1,0,0,0,0,0,0,0,0,0,0,0,0,0,0,0,,Matches
284,Boubakar Kouyaté,ml MLI,DF,Montpellier,27,1997,8.4,6,1,1,15,8,4,0,12,17,0,0,0,18,22,15,59.5,Matches
285,Goduine Koyalipou,cf CTA,FW,Lens,24,2000,9.8,0,0,0,7,6,6,2,1,2,0,0,0,15,16,24,40.0,Matches
286,Sael Kumbedi,fr FRA,DF,Lyon,19,2005,10.6,2,0,0,17,10,0,14,8,14,0,0,0,32,3,7,30.0,Matches
287,Daler Kuzyaev,ru RUS,MF,Le Havre,31,1993,6.3,1,0,0,8,3,0,6,9,8,0,0,0,27,7,4,63.6,Matches
288,Khvicha Kvaratskhelia,ge GEO,FW,Paris S-G,23,2001,10.2,0,0,0,12,18,0,33,2,13,0,0,0,27,3,5,37.5,Matches
289,Rémy Labeau Lascary,gp GLP,"FW,MF",Lens,21,2003,7.1,5,0,0,23,9,10,19,1,10,0,0,0,21,6,7,46.2,Matches
290,Gaëtan Laborde,fr FRA,FW,Nice,30,1994,20.3,1,0,0,29,18,8,27,6,13,1,0,0,49,48,47,50.5,Matches
291,Alexandre Lacazette,fr FRA,FW,Lyon,33,1991,22.8,5,0,0,48,33,20,17,8,6,0,1,0,28,16,32,33.3,Matches
292,Younes Lachaab,fr FRA,"MF,FW",Lille,19,2005,0.1,0,0,0,1,0,0,0,1,1,0,0,0,0,0,1,0.0,Matches
293,Alban Lafont,ci CIV,GK,Nantes,25,1999,12.0,1,0,0,0,0,0,0,0,1,0,0,0,11,5,0,100.0,Matches
294,Kenny Lala,mg MAD,DF,Brest,32,1991,29.8,5,0,0,18,14,1,126,25,42,0,1,0,154,8,13,38.1,Matches
295,Mohamed Lamine Bayo,gn GUI,FW,Lille,26,1998,3.4,1,0,0,6,2,0,0,0,1,0,0,0,5,4,4,50.0,Matches
296,Gautier Larsonneur,fr FRA,GK,Saint-Étienne,27,1997,34.0,5,0,0,0,13,0,0,0,0,0,0,0,41,7,4,63.6,Matches
297,Julien Le Cardinal,fr FRA,DF,Brest,26,1997,15.3,3,0,0,12,12,0,6,33,15,0,1,1,48,29,18,61.7,Matches
298,Jérémy Le Douaron,fr FRA,FW,Brest,26,1998,1.1,0,0,0,2,0,2,0,0,0,0,0,0,2,3,2,60.0,Matches
299,Benjamin Lecomte,fr FRA,GK,Montpellier,33,1991,30.0,0,0,0,0,2,0,0,0,0,0,0,0,35,4,0,100.0,Matches
300,Pierre Lees-Melou,fr FRA,MF,Brest,31,1993,17.0,7,0,0,32,30,0,22,12,33,0,0,0,125,4,7,36.4,Matches
301,Jordan Lefort,fr FRA,DF,Angers,30,1993,34.0,3,0,0,14,15,1,12,32,30,0,1,0,110,40,28,58.8,Matches
302,Félix Lemaréchal,fr FRA,"MF,FW",Strasbourg,20,2003,19.8,2,0,0,30,12,3,26,14,24,0,0,0,62,14,25,35.9,Matches
303,Donovan Léon,gf GUF,GK,Auxerre,31,1992,32.0,4,0,0,1,4,0,0,0,0,0,1,0,33,7,1,87.5,Matches
304,Esteban Lepaul,fr FRA,FW,Angers,24,2000,18.1,2,0,0,16,17,16,15,4,6,0,0,0,45,35,47,42.7,Matches
305,Johann Lepenant,fr FRA,MF,Nantes,21,2002,22.8,3,0,0,51,38,1,16,18,33,0,0,0,89,20,18,52.6,Matches
306,Louis Leroux,fr FRA,"MF,DF",Nantes,18,2006,9.1,1,0,0,10,12,0,6,8,18,0,0,0,43,4,5,44.4,Matches
307,Pol Lirola,es ESP,DF,Marseille,26,1997,7.6,1,1,0,9,9,0,14,4,9,0,0,1,29,4,7,36.4,Matches
308,Gautier Lloris,fr FRA,DF,Le Havre,29,1995,30.8,5,0,0,31,7,2,3,34,43,0,2,0,100,64,34,65.3,Matches
309,Bradley Locko,fr FRA,DF,Brest,22,2002,1.1,1,0,0,1,0,0,1,1,2,0,1,0,2,1,0,100.0,Matches
310,Elysée Logbo,fr FRA,FW,Le Havre,20,2004,0.3,0,0,0,0,0,0,0,0,0,0,0,0,1,0,2,0.0,Matches
311,Anthony Lopes,pt POR,GK,Nantes,33,1990,17.4,2,0,0,1,7,0,0,1,0,0,1,0,11,2,1,66.7,Matches
312,Jordan Lotomba,ch SUI,"MF,DF",Nice,25,1998,0.4,0,0,0,2,0,1,2,0,0,0,0,0,2,0,0,,Matches
313,Tom Louchet,fr FRA,"DF,MF",Nice,21,2003,8.6,1,0,0,8,9,0,35,18,17,0,0,0,36,11,3,78.6,Matches
314,Milos Lukovic,rs SRB,"FW,MF",Strasbourg,18,2005,0.1,0,0,0,0,0,0,0,0,0,0,0,0,0,0,0,,Matches
315,Othmane Maamma,ma MAR,"FW,MF",Montpellier,18,2005,4.0,1,0,0,4,8,2,12,1,1,0,0,0,12,1,4,20.0,Matches
316,Deiver Machado,co COL,"DF,MF",Lens,30,1993,20.1,7,2,1,28,30,5,51,16,26,0,0,0,89,16,16,50.0,Matches
317,Lanroy Machine,fr FRA,FW,Angers,18,2005,0.1,0,0,0,0,0,0,1,0,0,0,0,0,1,0,1,0.0,Matches
318,Yvann Macon,fr FRA,DF,Saint-Étienne,25,1998,8.8,4,0,0,26,8,1,23,2,11,0,0,0,42,3,12,20.0,Matches
319,Eros Maddy,nl NED,DF,Auxerre,23,2001,0.2,1,0,0,3,0,0,0,0,0,0,0,0,0,0,0,,Matches
320,Soungoutou Magassa,fr FRA,MF,Monaco,20,2003,11.4,5,1,0,28,20,0,7,21,25,0,0,0,90,13,21,38.2,Matches
321,Hugo Magnetti,fr FRA,MF,Brest,26,1998,25.8,5,0,0,29,22,0,18,18,32,0,0,0,111,10,10,50.0,Matches
322,Frank Magri,cm CMR,"FW,MF",Toulouse,24,1999,16.8,5,1,0,26,28,4,4,4,2,0,0,0,21,40,82,32.8,Matches
323,Ainsley Maitland-Niles,eng ENG,DF,Lyon,26,1997,22.1,1,0,0,16,10,3,48,25,44,0,0,0,89,15,14,51.7,Matches
324,Radosław Majecki,pl POL,GK,Monaco,24,1999,15.0,1,0,0,0,1,0,0,0,0,0,0,0,19,5,0,100.0,Matches
325,Hamidou Makalou,ml MLI,"FW,MF",Brest,18,2006,0.4,0,0,0,0,0,0,0,0,0,0,0,0,3,0,0,,Matches
326,Nikola Maksimović,rs SRB,DF,Montpellier,32,1991,6.5,2,0,0,3,5,0,0,6,5,0,0,0,14,8,13,38.1,Matches
327,Aaron Malouda,fr FRA,FW,Lille,18,2005,0.0,0,0,0,0,0,0,0,0,0,0,0,0,0,0,0,,Matches
328,Hianga Mananga Mbock,fr FRA,MF,Brest,24,1999,0.2,0,0,0,1,0,0,0,1,0,0,0,0,0,1,0,100.0,Matches
329,Steve Mandanda,fr FRA,GK,Rennes,39,1985,16.5,0,0,0,0,1,0,0,0,0,0,0,0,26,1,0,100.0,Matches
330,Aïssa Mandi,dz ALG,DF,Lille,32,1991,19.3,3,0,0,7,9,1,10,15,17,0,0,0,67,14,22,38.9,Matches
331,Orel Mangala,be BEL,MF,Lyon,26,1998,0.7,0,0,0,0,0,0,1,0,0,0,0,0,6,0,0,,Matches
332,Sekou Mara,fr FRA,"FW,MF",Strasbourg,22,2002,8.5,2,0,0,18,16,3,3,3,6,0,0,0,21,19,23,45.2,Matches
333,Marquinhos,br BRA,DF,Paris S-G,30,1994,19.2,3,0,0,18,7,1,3,11,19,0,1,0,103,32,17,65.3,Matches
334,Ange Martial Tia,ml MLI,"MF,DF",Reims,17,2006,1.9,0,0,0,3,1,0,3,2,3,0,0,0,12,5,3,62.5,Matches
335,Jonas Martin,fr FRA,MF,Brest,34,1990,5.5,2,0,0,7,10,0,3,8,7,0,1,0,30,6,9,40.0,Matches
336,Han-Noah Massengo,fr FRA,MF,Auxerre,23,2001,11.6,5,0,0,17,21,0,9,17,11,0,0,0,57,7,11,38.9,Matches
337,Clinton Mata,ao ANG,DF,Lyon,31,1992,26.3,6,0,0,27,34,1,38,46,29,0,0,0,129,21,17,55.3,Matches
338,Eliot Matazo,be BEL,MF,Monaco,22,2002,0.8,0,0,0,0,2,0,0,1,2,0,0,0,7,1,0,100.0,Matches
339,Nemanja Matić,rs SRB,MF,Lyon,35,1988,22.3,1,0,0,13,7,0,9,18,29,0,0,0,125,15,13,53.6,Matches
340,Rudy Matondo,fr FRA,MF,Auxerre,16,2008,0.7,1,0,0,4,3,0,0,0,1,0,0,0,2,0,0,,Matches
341,Azor Matusiwa,nl NED,MF,Rennes,26,1998,23.1,3,0,0,29,32,0,1,34,39,0,1,0,134,28,18,60.9,Matches
342,Neal Maupay,fr FRA,FW,Marseille,27,1996,11.6,3,1,1,10,17,2,1,2,4,0,0,0,21,8,14,36.4,Matches
343,Christian Mawissa,fr FRA,DF,Monaco,19,2005,16.7,3,0,0,19,7,0,3,26,29,0,1,0,70,31,18,63.3,Matches
344,Senny Mayulu,fr FRA,MF,Paris S-G,18,2006,9.0,1,0,0,20,18,0,9,5,16,0,0,0,32,1,10,9.1,Matches
345,Ethan Mbappé,fr FRA,"MF,FW",Lille,17,2006,2.5,3,0,0,5,1,1,14,1,2,0,0,0,8,1,2,33.3,Matches
346,Ibrahim Mbaye,sn SEN,"FW,MF",Paris S-G,16,2008,3.8,0,0,0,6,3,1,5,2,2,0,0,0,10,2,4,33.3,Matches
347,Mark McKenzie,us USA,DF,Toulouse,25,1999,27.7,1,1,0,30,12,1,1,22,31,0,1,0,128,44,34,56.4,Matches
348,Facundo Medina,ar ARG,DF,Lens,25,1999,28.3,15,1,1,29,22,0,16,32,29,0,1,0,165,30,24,55.6,Matches
349,Henrik Meister,dk DEN,FW,Rennes,20,2003,0.7,0,0,0,3,1,0,0,1,0,0,0,0,7,2,3,40.0,Matches
350,Bamo Meïté,ci CIV,DF,Montpellier,22,2001,4.7,2,1,0,8,4,0,0,4,3,0,0,0,8,5,6,45.5,Matches
351,Bamo Meïté,ci CIV,DF,Marseille,22,2001,0.3,0,0,0,1,1,0,0,0,0,0,0,0,0,0,0,,Matches
352,Mohamed Meité,fr FRA,FW,Rennes,16,2007,6.0,0,0,0,14,8,4,2,0,0,0,0,0,5,15,11,57.7,Matches
353,Farid El Melali,dz ALG,FW,Angers,27,1997,21.0,1,0,0,21,46,8,87,16,16,3,0,0,100,6,21,22.2,Matches
354,Nuno Mendes,pt POR,DF,Paris S-G,22,2002,18.6,3,0,0,13,23,1,60,18,19,1,1,0,108,15,11,57.7,Matches
355,Antoine Mendy,sn SEN,DF,Nice,20,2004,9.2,2,0,0,13,9,0,7,8,21,0,0,0,48,17,13,56.7,Matches
356,Nampalys Mendy,sn SEN,MF,Lens,32,1992,6.5,2,0,0,11,12,0,2,9,8,0,0,0,30,1,1,50.0,Matches
357,Gideon Mensah,gh GHA,DF,Auxerre,26,1998,25.3,2,0,0,33,26,1,76,50,45,0,1,0,172,16,19,45.7,Matches
358,Quentin Merlin,fr FRA,DF,Marseille,22,2002,17.7,1,0,0,11,17,2,95,14,17,0,0,0,69,7,15,31.8,Matches
359,Rafik Messali,fr FRA,DF,Toulouse,21,2003,5.1,0,0,0,9,8,1,16,10,8,0,0,0,28,6,4,60.0,Matches
360,Thomas Meunier,be BEL,DF,Lille,32,1991,21.4,5,0,0,27,3,3,62,34,38,0,1,0,88,33,19,63.5,Matches
361,Lucas Michal,fr FRA,"FW,MF",Monaco,19,2005,1.3,0,0,0,5,4,0,2,1,3,0,0,0,4,3,5,37.5,Matches
362,Georges Mikautadze,ge GEO,FW,Lyon,23,2000,16.1,2,0,0,7,23,3,9,4,6,2,0,0,44,15,40,27.3,Matches
363,Igor Miladinović,rs SRB,"FW,MF",Saint-Étienne,21,2003,0.3,0,0,0,0,0,0,0,1,0,0,0,0,4,2,0,100.0,Matches
364,Takumi Minamino,jp JPN,"MF,FW",Monaco,29,1995,24.8,4,0,0,31,23,10,23,10,19,0,0,0,88,19,30,38.8,Matches
365,Lucas Mincarelli,fr FRA,DF,Montpellier,20,2004,7.9,0,0,0,5,5,0,21,9,10,0,0,0,25,5,9,35.7,Matches
366,Terem Moffi,ng NGA,FW,Nice,25,1999,0.6,0,0,0,1,0,1,0,0,0,0,0,0,1,3,1,75.0,Matches
367,Mostafa Mohamed,eg EGY,FW,Nantes,26,1997,13.9,3,0,0,32,36,5,4,10,9,1,0,0,50,57,49,53.8,Matches
368,Florent Mollet,fr FRA,"MF,FW",Nantes,32,1991,2.7,1,0,0,2,3,1,13,1,2,0,0,0,13,1,4,20.0,Matches
369,Diego Moreira,be BEL,"DF,MF",Strasbourg,19,2004,28.5,4,1,0,26,35,2,93,35,28,0,1,0,139,27,29,48.2,Matches
370,Gabriel Moscardo,br BRA,"MF,DF",Reims,18,2005,0.9,1,0,0,1,0,0,0,0,1,0,0,0,4,3,1,75.0,Matches
371,Yael Mouanga,fr FRA,DF,Montpellier,19,2005,10.5,3,0,0,10,5,1,2,10,8,0,0,0,29,14,15,48.3,Matches
372,Aimen Moueffek,fr FRA,MF,Saint-Étienne,23,2001,11.5,2,0,0,20,7,3,4,5,12,0,0,0,59,9,17,34.6,Matches
373,Youssoufa Moukoko,de GER,"FW,MF",Nice,19,2004,2.3,0,0,0,1,4,5,1,0,2,0,0,0,14,2,0,100.0,Matches
374,Louis Mouton,fr FRA,MF,Saint-Étienne,22,2002,11.6,2,0,0,24,7,2,21,10,25,0,0,0,63,5,11,31.3,Matches
375,Ngal'Ayel Mukau,cd COD,MF,Lille,19,2004,13.2,4,0,0,19,15,0,5,15,18,0,0,0,63,14,14,50.0,Matches
376,Marshall Munetsi,zw ZIM,MF,Reims,28,1996,18.8,5,0,0,28,31,2,11,17,18,0,0,0,72,41,48,46.1,Matches
377,Almoatasem Al Musrati,ly LBY,MF,Monaco,28,1996,4.3,0,0,0,5,3,0,0,5,11,0,0,0,19,17,5,77.3,Matches
378,Junior Mwanga,fr FRA,MF,Le Havre,21,2003,10.6,1,1,0,19,6,0,21,8,16,0,0,0,61,9,7,56.3,Matches
379,Junior Mwanga,fr FRA,MF,Strasbourg,21,2003,3.3,0,0,0,6,1,0,0,2,9,0,0,0,16,2,0,100.0,Matches
380,Loïc N'Gatta,fr FRA,DF,Auxerre,20,2003,0.1,1,0,0,1,0,0,1,0,1,0,0,0,4,0,0,,Matches
381,Djylian N'Guessan,fr FRA,FW,Saint-Étienne,15,2008,2.0,0,0,0,1,2,0,0,0,4,0,0,0,4,4,7,36.4,Matches
382,Mickael Nade,fr FRA,DF,Saint-Étienne,25,1999,25.6,1,0,0,19,27,0,1,33,43,1,1,1,113,28,9,75.7,Matches
383,Bilal Nadir,ma MAR,MF,Marseille,20,2003,4.3,2,0,0,4,11,0,6,4,3,0,0,0,19,4,2,66.7,Matches
384,Mahamadou Nagida,cm CMR,DF,Rennes,19,2005,4.8,1,0,0,5,12,0,29,9,6,0,0,0,37,5,11,31.3,Matches
385,Keito Nakamura,jp JPN,"FW,MF",Reims,24,2000,29.4,5,0,0,29,8,10,56,13,16,0,0,0,116,7,14,33.3,Matches
386,Sebastian Nanasi,se SWE,"MF,FW",Strasbourg,22,2002,23.4,1,0,0,9,17,1,66,7,13,0,0,0,71,3,11,21.4,Matches
387,Yael Nandjou,fr FRA,DF,Nice,19,2005,1.7,0,0,0,6,2,0,4,4,1,0,1,0,8,3,1,75.0,Matches
388,Youssouf Ndayishimiye,bi BDI,DF,Nice,25,1998,21.5,5,0,0,19,13,0,2,21,21,1,0,0,114,37,28,56.9,Matches
389,Junior Ndiaye,fr FRA,FW,Montpellier,19,2005,4.9,0,0,0,9,11,4,1,0,2,0,0,0,4,6,16,27.3,Matches
390,Rassoul Ndiaye,sn SEN,MF,Le Havre,22,2001,11.8,2,0,0,12,10,1,32,12,25,1,0,0,66,13,21,38.2,Matches
391,Wilfried Ndollo,cm CMR,DF,Montpellier,19,2005,4.5,0,0,0,7,8,0,6,7,5,0,1,1,22,1,7,12.5,Matches
392,Tanguy Ndombele,fr FRA,MF,Nice,27,1996,12.6,2,0,0,10,28,0,3,14,23,0,0,0,67,3,10,23.1,Matches
393,Loïc Nego,hu HUN,"DF,FW",Le Havre,33,1991,27.3,4,0,0,27,28,5,75,29,35,0,0,0,111,19,15,55.9,Matches
394,João Neves,pt POR,"MF,DF",Paris S-G,19,2004,20.5,1,0,0,17,33,3,15,23,31,0,0,0,123,21,12,63.6,Matches
395,Mikayil Ngor Faye,sn SEN,DF,Rennes,20,2004,7.6,1,1,0,10,6,0,1,12,12,0,1,0,41,14,9,60.9,Matches
396,Steve Ngoura,fr FRA,FW,Le Havre,19,2005,3.2,0,0,0,5,1,2,2,0,2,0,0,0,7,5,6,45.5,Matches
397,Bernard Nguene,cm CMR,FW,Nice,17,2006,0.1,0,0,0,1,0,0,0,0,0,0,0,0,0,0,1,0.0,Matches
398,Moussa Niakhate,sn SEN,DF,Lyon,28,1996,30.3,2,0,0,34,16,1,5,25,27,0,0,0,119,43,24,64.2,Matches
399,Abdoulaye Niakhate Ndiaye,sn SEN,DF,Brest,22,2002,19.0,4,1,0,20,18,0,2,11,33,0,2,0,72,46,35,56.8,Matches
400,Ibrahima Niane,sn SEN,FW,Angers,25,1999,10.5,0,0,0,15,30,9,2,2,3,1,0,0,32,26,37,41.3,Matches
401,Rasmus Nicolaisen,dk DEN,DF,Toulouse,27,1997,6.9,0,0,0,4,8,0,0,10,3,0,0,1,29,21,9,70.0,Matches
402,Arnaud Nordin,fr FRA,FW,Montpellier,26,1998,13.0,2,0,0,13,40,1,35,5,15,0,0,0,47,12,19,38.7,Matches
403,Plamedi Nsingi,,MF,Nantes,23,2000,0.2,0,0,0,0,1,0,0,0,0,0,0,0,1,3,0,100.0,Matches
404,Ernest Nuamah,gh GHA,"FW,MF",Lyon,20,2003,11.7,2,0,0,18,11,7,30,8,11,0,1,0,60,13,14,48.1,Matches
405,Rabby Nzingoula,fr FRA,MF,Montpellier,18,2005,18.8,11,0,0,37,43,2,16,29,42,0,0,0,99,17,20,45.9,Matches
406,M'Bala Nzola,ao ANG,FW,Lens,27,1996,16.2,3,1,0,30,13,24,1,5,4,0,0,0,36,38,36,51.4,Matches
407,Marwann Nzuzi,fr FRA,DF,Saint-Étienne,20,2004,1.4,2,0,0,2,1,0,1,2,2,0,0,0,3,2,1,66.7,Matches
408,Hamzat Ojediran,ng NGA,"MF,FW",Lens,20,2003,4.6,5,0,0,17,3,1,2,10,15,0,0,0,26,9,15,37.5,Matches
409,Joseph Okumu,ke KEN,DF,Reims,27,1997,18.8,5,1,1,15,15,0,5,25,15,0,2,0,94,35,20,63.6,Matches
410,Kazeem Olaigbe,be BEL,"MF,FW",Rennes,21,2003,3.3,0,0,0,6,1,2,10,0,4,0,0,0,13,0,1,0.0,Matches
411,Ben Old,nz NZL,"FW,MF",Saint-Étienne,21,2002,5.9,0,0,0,4,10,0,19,2,5,0,0,0,24,1,5,16.7,Matches
412,Warmed Omari,km COM,DF,Lyon,24,2000,0.1,0,0,0,0,0,0,0,0,0,0,0,0,0,0,0,,Matches
413,Becir Omeragic,ch SUI,DF,Montpellier,22,2002,20.0,1,0,0,13,10,0,7,13,16,0,0,1,75,20,34,37.0,Matches
414,Andrew Omobamidele,ie IRL,DF,Strasbourg,22,2002,6.0,5,1,1,13,7,0,0,8,4,0,1,0,25,9,3,75.0,Matches
415,Ado Onaiwu,jp JPN,"MF,FW",Auxerre,28,1995,10.6,1,1,0,9,12,3,7,3,7,0,0,0,45,37,26,58.7,Matches
416,Christopher Operi,ci CIV,"DF,FW",Le Havre,27,1997,13.0,2,1,1,9,16,3,128,14,9,0,0,0,51,11,6,64.7,Matches
417,Fredrik Oppegard,no NOR,DF,Auxerre,21,2002,3.0,0,0,0,3,4,1,6,2,4,0,0,0,14,2,5,28.6,Matches
418,Victor Orakpo,ng NGA,FW,Nice,18,2006,0.4,0,0,0,0,2,1,0,0,0,0,0,0,3,1,4,20.0,Matches
419,Ike Orazi,ie IRL,MF,Reims,17,2007,0.0,0,0,0,0,0,0,0,0,0,0,0,0,0,0,0,,Matches
420,Gift Orban,ng NGA,"FW,DF",Lyon,22,2002,2.1,1,0,0,5,1,4,1,0,0,0,0,0,5,1,4,20.0,Matches
421,Gabriel Osho,ng NGA,DF,Auxerre,25,1998,18.4,1,1,0,11,10,0,3,12,15,0,0,0,52,19,9,67.9,Matches
422,Jibril Othman,tn TUN,FW,Saint-Étienne,20,2004,0.1,0,0,0,0,0,0,0,0,0,0,0,0,1,0,0,,Matches
423,Abdoul Ouattara,fr FRA,"DF,FW",Strasbourg,18,2005,5.2,1,0,0,7,1,1,3,9,4,0,0,0,26,3,6,33.3,Matches
424,Kassoum Ouattara,fr FRA,"DF,FW",Monaco,19,2004,4.3,2,0,0,10,2,0,17,5,7,0,0,0,27,4,8,33.3,Matches
425,Zinédine Ould Khaled,fr FRA,MF,Angers,24,2000,3.8,1,0,0,8,4,0,0,2,7,0,0,0,17,1,7,12.5,Matches
426,Beres Owusu,fr FRA,DF,Saint-Étienne,20,2003,1.0,0,0,0,1,1,0,1,0,2,0,0,0,2,2,0,100.0,Matches
427,Elisha Owusu,gh GHA,MF,Auxerre,26,1997,26.0,7,0,0,49,21,0,8,42,41,0,1,1,154,16,26,38.1,Matches
428,Willian Pacho,ec ECU,DF,Paris S-G,22,2001,23.7,2,0,0,20,7,0,0,40,32,0,0,0,119,29,26,52.7,Matches
429,Nicolas Pallois,fr FRA,DF,Nantes,36,1987,22.4,9,0,0,22,11,0,7,28,27,0,1,1,96,20,16,55.6,Matches
430,Nicolas Pays,fr FRA,"FW,MF",Montpellier,20,2003,5.0,0,0,0,2,6,0,17,4,6,0,0,0,20,5,4,55.6,Matches
431,Kévin Pedro,fr FRA,DF,Saint-Étienne,18,2006,0.1,0,0,0,1,0,0,1,2,0,0,0,0,2,0,0,,Matches
432,Jordan Pefok,us USA,FW,Reims,28,1996,4.2,0,0,0,11,8,3,1,2,2,0,0,0,7,10,10,50.0,Matches
433,Théo Pellenard,fr FRA,DF,Auxerre,30,1994,0.5,0,0,0,4,1,0,2,0,2,0,0,0,0,0,0,,Matches
434,Timothee Pembele,fr FRA,DF,Le Havre,21,2002,12.4,3,0,0,9,11,1,28,11,22,0,0,0,46,10,14,41.7,Matches
435,Faris Pemi Moumbagna,cm CMR,FW,Marseille,24,2000,0.1,0,0,0,1,0,0,0,0,0,0,0,0,0,0,0,,Matches
436,Óscar Perea,co COL,"MF,DF",Strasbourg,18,2005,0.2,0,0,0,0,0,1,0,0,0,0,0,0,1,0,0,,Matches
437,Mathias Pereira Lage,pt POR,"FW,MF",Brest,27,1996,17.5,4,0,0,30,28,2,99,20,24,0,1,0,77,35,41,46.1,Matches
438,Lucas Perri,br BRA,GK,Lyon,26,1997,33.0,1,0,0,1,4,0,0,0,1,0,0,0,29,12,0,100.0,Matches
439,Gaëtan Perrin,fr FRA,"MF,FW",Auxerre,28,1996,29.9,2,0,0,24,20,9,162,12,26,0,0,0,124,3,13,18.8,Matches
440,Prosper Peter,ng NGA,"MF,FW",Angers,16,2007,0.3,0,0,0,1,0,0,0,0,1,0,0,0,1,0,2,0.0,Matches
441,Léo Pétrot,fr FRA,DF,Saint-Étienne,27,1997,29.3,4,0,0,22,22,1,51,42,39,0,3,0,115,40,37,51.9,Matches
442,Đorđe Petrović,rs SRB,GK,Strasbourg,24,1999,31.0,2,0,0,0,3,0,0,0,1,0,0,0,58,4,0,100.0,Matches
443,Tom Pouilly,fr FRA,"DF,MF",Lens,21,2003,3.0,1,0,0,3,2,0,11,4,6,0,0,0,16,0,4,0.0,Matches
444,Adrien Rabiot,fr FRA,MF,Marseille,29,1995,27.6,4,0,0,53,33,12,40,21,31,0,1,0,124,34,26,56.7,Matches
445,Gonçalo Ramos,pt POR,FW,Paris S-G,23,2001,11.8,1,0,0,8,11,9,1,0,6,1,0,0,18,20,15,57.1,Matches
446,Lilian Raolisoa,fr FRA,"DF,FW",Angers,24,2000,14.6,1,2,0,16,9,3,77,15,24,0,1,0,76,15,11,57.7,Matches
447,Rayan Raveloson,mg MAD,"MF,DF",Auxerre,27,1997,8.0,3,0,0,9,12,0,8,5,5,0,0,0,44,8,9,47.1,Matches
448,Guillaume Restes,fr FRA,GK,Toulouse,19,2005,28.3,2,0,0,1,2,0,0,1,1,0,1,0,50,0,1,0.0,Matches
449,Alexsandro Ribeiro,br BRA,DF,Lille,24,1999,30.0,10,0,0,28,32,2,8,27,19,0,1,1,175,64,25,71.9,Matches
450,Alejandro Rodriguez,pt POR,MF,Lyon,16,2008,0.2,0,0,0,0,0,0,1,0,0,0,0,0,1,0,3,0.0,Matches
451,Valentin Rongier,fr FRA,"MF,DF",Marseille,29,1994,17.4,5,0,0,37,14,0,7,33,28,0,1,0,86,13,11,54.2,Matches
452,Pablo Rosario,do DOM,"MF,DF",Nice,27,1997,19.7,6,1,0,24,10,0,3,31,20,0,0,0,60,24,16,60.0,Matches
453,Anthony Rouault,fr FRA,DF,Rennes,23,2001,10.8,3,0,0,7,1,1,0,8,8,0,0,0,48,28,15,65.1,Matches
454,Jonathan Rowe,eng ENG,"FW,MF",Marseille,21,2003,9.0,2,0,0,14,26,6,28,2,11,0,0,0,21,7,14,33.3,Matches
455,Fabián Ruiz Peña,es ESP,MF,Paris S-G,28,1996,21.4,1,0,0,6,10,5,27,16,24,0,0,0,135,5,8,38.5,Matches
456,Gerónimo Rulli,ar ARG,GK,Marseille,32,1992,34.0,1,0,0,2,11,0,0,1,3,0,2,0,37,7,1,87.5,Matches
457,Mathew Ryan,au AUS,GK,Lens,32,1992,14.0,0,0,0,0,1,0,0,1,0,0,0,0,11,4,0,100.0,Matches
458,Emmanuel Sabbi,us USA,"FW,MF",Le Havre,26,1997,7.3,1,0,0,11,16,2,15,3,7,0,0,0,26,9,13,40.9,Matches
459,Falaye Sacko,ml MLI,DF,Montpellier,29,1995,13.7,1,0,0,15,6,1,12,13,8,0,2,0,52,8,14,36.4,Matches
460,Matvei Safonov,ru RUS,GK,Paris S-G,25,1999,9.8,0,0,0,0,1,0,0,1,0,0,0,0,15,0,0,,Matches
461,Modibo Sagnan,ml MLI,DF,Montpellier,25,1999,23.8,10,0,0,33,12,1,1,29,35,0,1,0,90,37,39,48.7,Matches
462,Osame Sahraoui,ma MAR,"FW,MF",Lille,23,2001,14.4,1,0,0,8,12,1,12,7,9,0,0,0,58,0,8,0.0,Matches
463,Wesley Saïd,fr FRA,FW,Lens,29,1995,10.1,4,0,0,22,4,7,8,2,11,0,0,0,17,10,16,38.5,Matches
464,Théo Sainte-Luce,fr FRA,DF,Montpellier,25,1998,11.3,3,0,0,8,9,2,23,12,11,0,0,0,38,15,14,51.7,Matches
465,Ibrahim Salah,ma MAR,FW,Brest,22,2001,4.0,0,0,0,6,3,2,15,2,2,0,0,0,20,1,3,25.0,Matches
466,Amine Salama,fr FRA,FW,Reims,24,2000,4.1,0,0,0,2,1,5,4,1,2,0,0,0,11,2,3,40.0,Matches
467,Mohammed Salisu,gh GHA,DF,Monaco,25,1999,11.4,2,0,0,9,3,1,0,16,18,0,0,0,55,35,18,66.0,Matches
468,Yoann Salmier,gf GUF,DF,Le Havre,31,1992,8.9,3,0,0,8,3,0,1,10,7,0,1,0,22,20,11,64.5,Matches
469,Mama Samba Baldé,gw GNB,FW,Lyon,28,1995,0.4,0,0,0,1,1,0,0,1,2,0,0,0,1,1,0,100.0,Matches
470,Mama Samba Baldé,gw GNB,FW,Brest,28,1995,12.8,4,0,0,19,22,14,10,6,9,0,0,0,37,35,49,41.7,Matches
471,Brice Samba,fr FRA,GK,Rennes,30,1994,17.0,3,0,0,0,1,0,0,0,1,0,0,0,25,5,0,100.0,Matches
472,Brice Samba,fr FRA,GK,Lens,30,1994,15.0,1,0,0,0,2,0,0,1,0,0,0,0,22,0,0,,Matches
473,Arouna Sangante,sn SEN,DF,Le Havre,22,2002,13.8,4,1,0,22,16,1,2,21,16,0,0,0,53,33,22,60.0,Matches
474,Nhoa Sangui,fr FRA,"DF,MF",Reims,18,2006,12.9,3,0,0,9,8,0,16,8,9,0,0,0,64,6,12,33.3,Matches
475,Morgan Sanson,fr FRA,MF,Nice,29,1994,2.6,0,0,0,3,1,0,4,4,3,0,0,0,10,1,2,33.3,Matches
476,Baptiste Santamaria,fr FRA,MF,Nice,29,1995,10.3,1,0,0,16,20,0,3,18,10,0,1,0,49,24,13,64.9,Matches
477,Baptiste Santamaria,fr FRA,MF,Rennes,29,1995,5.4,1,0,0,5,7,0,4,12,4,1,0,1,34,13,13,50.0,Matches
478,Andrey Santos,br BRA,MF,Strasbourg,20,2004,31.7,8,0,0,29,63,0,0,32,74,1,1,0,188,37,24,60.7,Matches
479,Tiago Santos,pt POR,DF,Lille,22,2002,4.5,1,0,0,6,10,2,19,2,7,1,0,0,15,6,4,60.0,Matches
480,Malang Sarr,fr FRA,DF,Lens,25,1999,15.4,0,0,0,13,10,1,1,22,13,0,3,0,69,18,5,78.3,Matches
481,Mamadou Sarr,sn SEN,DF,Strasbourg,18,2005,26.3,4,0,0,29,11,0,1,25,21,0,1,0,98,30,29,50.8,Matches
482,Martin Satriano,uy URU,"FW,DF",Lens,23,2001,1.0,0,0,0,4,1,0,1,0,1,0,0,0,6,5,5,50.0,Matches
483,Téji Savanier,fr FRA,MF,Montpellier,32,1991,26.3,4,1,0,22,62,1,199,15,25,0,0,0,117,18,23,43.9,Matches
484,Niklas Schmidt,de GER,MF,Toulouse,26,1998,2.3,0,0,0,5,1,0,16,1,4,0,0,0,24,1,1,50.0,Matches
485,Jérémy Sebas,mq MTQ,"FW,MF",Strasbourg,21,2003,2.1,0,0,0,6,2,2,2,0,2,0,0,0,10,3,3,50.0,Matches
486,Alidu Seidu,gh GHA,DF,Rennes,24,2000,8.9,4,0,0,10,28,1,4,14,18,0,0,0,67,9,11,45.0,Matches
487,Hiroki Sekine,jp JPN,DF,Reims,21,2002,9.9,1,0,0,4,7,0,21,5,7,0,0,0,21,11,11,50.0,Matches
488,Marvin Senaya,tg TOG,DF,Strasbourg,23,2001,2.5,3,0,0,4,4,0,1,7,3,0,1,0,13,3,3,50.0,Matches
489,Djibril Sidibé,fr FRA,DF,Toulouse,32,1992,23.3,1,0,0,20,19,2,45,20,36,0,0,0,99,17,10,63.0,Matches
490,Vincent Sierro,ch SUI,MF,Toulouse,28,1995,26.7,4,0,0,34,31,1,64,16,27,0,0,0,125,31,35,47.0,Matches
491,Caio Henrique Oliveira Silva,br BRA,DF,Monaco,27,1997,21.4,3,0,0,16,20,4,126,22,26,0,0,0,110,13,16,44.8,Matches
492,Abdallah Sima,sn SEN,"FW,MF",Brest,23,2001,13.8,2,0,0,16,25,4,16,1,11,0,0,0,61,41,44,48.2,Matches
493,Moses Simon,ng NGA,"FW,MF",Nantes,29,1995,29.0,2,0,0,11,51,9,222,12,14,1,0,0,118,10,38,20.8,Matches
494,Lassine Sinayoko,ml MLI,"FW,MF",Auxerre,24,1999,25.5,5,0,0,36,33,13,25,13,20,2,0,0,76,27,64,29.7,Matches
495,Wilfried Singo,ci CIV,DF,Monaco,23,2000,23.3,4,0,0,36,34,3,10,43,23,0,0,0,138,51,29,63.8,Matches
496,Ayanda Sishuba,be BEL,FW,Rennes,19,2005,0.0,0,0,0,0,0,0,0,0,0,0,0,0,0,0,0,,Matches
497,Ibrahim Sissoko,ml MLI,FW,Saint-Étienne,28,1995,9.1,1,0,0,37,21,9,3,2,9,0,0,0,23,26,42,38.2,Matches
498,Niama Sissoko,ml MLI,"FW,MF",Reims,18,2005,0.5,0,0,0,3,0,0,0,0,0,0,0,0,2,1,3,25.0,Matches
499,Leo Skiri Østigård,no NOR,DF,Rennes,24,1999,13.6,4,0,0,18,5,0,0,15,18,0,0,0,51,47,20,70.1,Matches
500,Milan Škriniar,sk SVK,DF,Paris S-G,29,1995,4.2,1,0,0,4,5,1,0,3,5,0,0,0,25,7,5,58.3,Matches
501,Naatan Skyttä,fi FIN,FW,Toulouse,22,2002,0.1,0,0,0,1,0,0,0,0,0,0,0,0,1,0,0,,Matches
502,Eduard Sobol,ua UKR,DF,Strasbourg,29,1995,1.1,2,0,0,4,1,0,1,2,0,0,0,0,4,3,3,50.0,Matches
503,Florian Sotoca,fr FRA,"FW,MF",Lens,33,1990,19.9,2,1,0,15,20,6,75,14,13,0,0,0,79,43,26,62.3,Matches
504,Issa Soumaré,sn SEN,"FW,MF",Le Havre,23,2000,21.1,0,0,0,17,60,4,42,16,14,0,0,0,98,84,56,60.0,Matches
505,Saidou Sow,gn GUI,DF,Strasbourg,22,2002,11.3,2,0,0,7,5,1,0,15,5,0,1,0,36,16,15,51.6,Matches
506,Saidou Sow,gn GUI,DF,Nantes,22,2002,8.9,1,0,0,7,5,0,0,13,11,0,2,0,32,13,18,41.9,Matches
507,Lucas Stassin,be BEL,FW,Saint-Étienne,19,2004,21.0,4,0,0,32,26,7,19,3,11,1,0,0,34,15,29,34.1,Matches
508,Enzo Sternal,fr FRA,"FW,MF",Marseille,17,2007,0.3,1,0,0,0,0,0,0,0,0,0,0,0,0,0,1,0.0,Matches
509,Gabriel Suazo,cl CHI,DF,Toulouse,26,1997,24.0,0,0,0,32,29,2,78,36,39,0,0,1,125,13,19,40.6,Matches
510,Abakar Sylla,ci CIV,DF,Strasbourg,21,2002,10.6,2,1,0,17,7,0,1,11,15,0,0,1,39,20,15,57.1,Matches
511,Issiaga Sylla,gn GUI,DF,Montpellier,30,1994,12.8,2,0,0,13,6,3,36,10,10,0,0,0,51,22,18,55.0,Matches
512,Musa Al-Taamari,jo JOR,"FW,MF",Montpellier,27,1997,12.4,3,0,0,7,26,3,14,3,10,1,0,0,49,8,10,44.4,Matches
513,Musa Al-Taamari,jo JOR,"FW,MF",Rennes,27,1997,6.3,1,0,0,4,11,4,6,2,1,1,0,0,17,2,9,18.2,Matches
514,Nicolás Tagliafico,ar ARG,DF,Lyon,31,1992,21.1,7,0,0,41,27,1,37,36,37,2,0,0,102,25,26,49.0,Matches
515,Axel Tapé,fr FRA,"DF,MF",Paris S-G,16,2007,2.0,1,0,0,2,3,0,0,1,1,0,0,0,11,1,4,20.0,Matches
516,Florian Tardieu,fr FRA,MF,Saint-Étienne,32,1992,13.9,0,0,0,10,14,1,24,15,14,0,1,0,83,14,8,63.6,Matches
517,Oussama Targhalline,ma MAR,MF,Le Havre,22,2002,11.0,0,0,0,11,10,4,16,19,14,0,0,0,43,8,6,57.1,Matches
518,Enzo Tchato,cm CMR,DF,Montpellier,21,2002,21.1,3,0,0,21,16,2,77,22,26,0,0,0,60,19,12,61.3,Matches
519,Arnau Tenas,es ESP,GK,Paris S-G,23,2001,1.0,0,0,0,0,0,0,0,0,0,0,0,0,2,1,0,100.0,Matches
520,Tanner Tessmann,us USA,MF,Lyon,22,2001,13.7,3,0,0,14,14,0,14,19,15,0,0,0,63,4,19,17.4,Matches
521,Teddy Teuma,mt MLT,MF,Reims,30,1993,8.3,1,0,0,11,7,2,44,12,10,0,0,0,42,4,8,33.3,Matches
522,Jordan Teze,nl NED,DF,Monaco,24,1999,6.3,2,1,0,10,3,1,12,6,9,0,0,0,29,7,8,46.7,Matches
523,Sorba Thomas,wls WAL,"FW,MF",Nantes,24,1999,14.7,3,0,0,13,17,2,130,9,6,0,0,0,66,7,17,29.2,Matches
524,Adrien Thomasson,fr FRA,MF,Lens,30,1993,29.1,7,0,0,51,48,7,58,19,47,0,1,0,206,17,45,27.4,Matches
525,Corentin Tolisso,fr FRA,MF,Lyon,29,1994,25.9,4,0,0,44,50,8,32,22,25,0,1,0,128,54,58,48.2,Matches
526,Abdoulaye Touré,gn GUI,MF,Le Havre,30,1994,25.8,5,0,0,30,45,1,11,34,34,1,0,0,160,30,19,61.2,Matches
527,Birama Touré,ml MLI,"MF,DF",Montpellier,32,1992,3.3,2,0,0,2,5,0,0,6,5,0,0,0,14,4,4,50.0,Matches
528,Ousmane Toure,fr FRA,DF,Lille,19,2005,0.1,0,0,0,0,0,0,0,1,0,0,0,0,1,1,0,100.0,Matches
529,Adrien Truffert,fr FRA,"DF,MF",Rennes,22,2001,30.6,3,0,0,25,34,4,145,27,36,0,0,0,139,27,27,50.0,Matches
530,Vanderson,br BRA,DF,Monaco,23,2001,22.9,6,1,1,28,23,1,59,39,48,0,0,0,153,22,25,46.8,Matches
531,Robinio Vaz,fr FRA,FW,Marseille,17,2007,0.8,1,0,0,1,4,0,1,0,1,1,0,0,1,2,2,50.0,Matches
532,Jordan Veretout,fr FRA,MF,Lyon,31,1993,17.3,3,0,0,23,11,0,26,5,14,0,0,0,88,12,15,44.4,Matches
533,Ben Viadere,fr FRA,MF,Auxerre,18,2005,0.1,0,0,0,0,0,0,4,0,0,0,0,0,0,0,1,0.0,Matches
534,Vitinha,pt POR,MF,Paris S-G,24,2000,22.7,1,0,0,9,12,0,21,14,23,0,0,0,144,1,5,16.7,Matches
535,Ibrahima Wadji,sn SEN,"FW,MF",Saint-Étienne,29,1995,3.9,1,0,0,11,5,4,2,1,6,0,0,0,7,4,10,28.6,Matches
536,Elye Wahi,fr FRA,FW,Marseille,21,2003,6.4,1,0,0,17,8,10,2,1,0,0,0,0,8,4,13,23.5,Matches
537,Caleb Wiley,us USA,"DF,MF",Strasbourg,19,2004,3.0,1,0,0,2,2,0,7,4,0,0,0,0,17,0,4,0.0,Matches
538,Christopher Wooh,cm CMR,DF,Rennes,22,2001,16.2,6,1,0,33,8,0,0,23,19,0,1,1,53,42,18,70.0,Matches
539,Etienne Youte Kinkoue,fr FRA,DF,Le Havre,22,2002,25.8,4,1,0,14,6,0,2,29,10,0,2,1,65,26,21,55.3,Matches
540,Eloge Zabi,ci CIV,"DF,MF",Reims,17,2006,0.2,0,1,0,1,0,0,0,0,0,0,0,0,3,0,0,,Matches
541,Yoram Zague,fr FRA,"DF,FW",Paris S-G,18,2006,2.0,0,0,0,2,0,0,4,2,6,0,0,0,5,1,1,50.0,Matches
542,Wilfried Zaha,ci CIV,FW,Lyon,31,1992,0.8,0,0,0,2,2,0,0,1,1,0,0,0,2,0,0,,Matches
543,Warren Zaïre-Emery,fr FRA,"MF,DF",Paris S-G,18,2006,22.8,3,0,0,25,19,1,9,23,26,0,0,0,136,9,14,39.1,Matches
544,Miha Zajc,si SVN,MF,Toulouse,30,1994,2.9,2,0,0,5,2,0,7,3,4,0,0,0,14,3,8,27.3,Matches
545,Denis Zakaria,ch SUI,MF,Monaco,27,1996,23.8,5,0,0,32,21,1,7,34,26,0,2,0,165,18,12,60.0,Matches
546,Anass Zaroury,ma MAR,"FW,MF",Lens,23,2000,15.6,3,1,1,13,24,2,125,6,17,1,0,0,59,2,5,28.6,Matches
547,Nathan Zeze,fr FRA,DF,Nantes,19,2005,16.8,6,0,0,17,17,0,1,23,22,0,0,0,63,28,25,52.8,Matches
548,Edon Zhegrova,xk KVX,"FW,MF",Lille,25,1999,10.9,1,0,0,10,11,5,58,4,2,0,0,0,42,3,2,60.0,Matches
549,Melvin Zinga,fr FRA,GK,Angers,22,2002,1.0,0,0,0,1,0,0,0,0,0,0,1,0,0,0,0,,Matches
550,Luck Zogbé,ci CIV,DF,Brest,19,2005,7.1,2,0,0,9,11,1,14,14,18,0,0,0,51,12,4,75.0,Matches
551,Aristide Zossou,ci CIV,MF,Auxerre,19,2005,0.2,0,0,0,2,0,0,1,0,0,0,0,0,0,0,0,,Matches
552,Yanis Zouaoui,dz ALG,"DF,FW",Le Havre,30,1994,10.8,3,0,0,8,13,1,110,8,10,0,0,0,41,7,4,63.6,Matches
553,Edhy Zuliani,fr FRA,DF,Toulouse,19,2004,0.1,0,0,0,0,0,0,0,1,0,0,0,0,0,0,0,,Matches
