Unnamed: 0_level_0_Rk,Unnamed: 1_level_0_Player,Unnamed: 2_level_0_Nation,Unnamed: 3_level_0_Pos,Unnamed: 4_level_0_Squad,Unnamed: 5_level_0_Age,Unnamed: 6_level_0_Born,Unnamed: 7_level_0_90s,Unnamed: 8_level_0_Att,Pass Types_Live,Pass Types_Dead,Pass Types_FK,Pass Types_TB,Pass Types_Sw,Pass Types_Crs,Pass Types_TI,Pass Types_CK,Corner Kicks_In,Corner Kicks_Out,Corner Kicks_Str,Outcomes_Cmp,Outcomes_Off,Outcomes_Blocks,Unnamed: 23_level_0_Matches
1,Keyliane Abdallah,fr FRA,FW,Marseille,18,2006,0.0,2,2,0,0,0,0,0,0,0,0,0,0,2,0,0,Matches
2,Yunis Abdelhamid,ma MAR,DF,Saint-Étienne,36,1987,11.5,505,461,42,20,0,0,0,3,0,0,0,0,438,2,1,Matches
3,Himad Abdelli,dz ALG,"MF,FW",Angers,24,1999,31.6,1672,1555,107,41,23,13,44,15,10,5,2,0,1373,10,31,Matches
4,Mohamed Abdelmoneim,eg EGY,DF,Nice,25,1999,9.5,521,493,28,21,0,7,2,5,0,0,0,0,471,0,2,Matches
5,Ali Abdi,tn TUN,"DF,MF",Nice,30,1993,15.5,678,551,122,12,0,2,51,110,0,0,0,0,502,5,22,Matches
6,Matthis Abline,fr FRA,FW,Nantes,21,2003,30.8,538,510,26,1,3,4,30,1,0,0,0,0,351,2,27,Matches
7,Abner,br BRA,DF,Lyon,24,2000,12.1,675,576,97,9,1,5,31,82,6,6,0,0,568,2,19,Matches
8,Zakaria Aboukhlal,ma MAR,"MF,FW",Toulouse,24,2000,21.1,349,333,13,1,0,0,33,7,3,2,0,0,221,3,14,Matches
9,Martin Adeline,fr FRA,MF,Reims,20,2003,0.3,10,10,0,0,0,0,0,0,0,0,0,0,8,0,0,Matches
10,Adryelson,br BRA,DF,Lyon,26,1998,0.0,3,3,0,0,0,0,0,0,0,0,0,0,1,0,0,Matches
11,Emmanuel Agbadou,ci CIV,DF,Reims,27,1997,14.0,922,842,77,37,3,22,1,4,0,0,0,0,810,3,4,Matches
12,Jeremy Agbonifo,se SWE,"FW,MF",Lens,18,2005,3.3,80,75,5,0,0,0,7,5,0,0,0,0,58,0,4,Matches
13,Ruben Aguilar,fr FRA,"DF,MF",Lens,31,1993,12.5,843,706,132,10,2,4,47,122,0,0,0,0,677,5,29,Matches
14,Naouirou Ahamada,fr FRA,"MF,FW",Rennes,22,2002,0.6,22,22,0,0,0,0,1,0,0,0,0,0,17,0,0,Matches
15,Jean-Eudes Aholou,ci CIV,MF,Angers,30,1994,21.8,764,753,9,9,2,2,2,0,0,0,0,0,644,2,9,Matches
16,Ayman Aiki,fr FRA,"FW,MF",Saint-Étienne,19,2005,1.4,29,29,0,0,0,0,1,0,0,0,0,0,17,0,1,Matches
17,Ludovic Ajorque,fr FRA,FW,Brest,30,1994,27.7,671,660,8,0,2,12,7,1,0,0,0,0,462,3,16,Matches
18,Ümit Akdag,ro ROU,DF,Toulouse,20,2003,5.6,348,317,31,8,1,3,3,20,0,0,0,0,274,0,9,Matches
19,Sergio Akieme,es ESP,DF,Reims,26,1997,28.0,1147,952,190,25,0,1,94,152,11,9,0,0,929,5,19,Matches
20,Maghnes Akliouche,fr FRA,"FW,MF",Monaco,22,2002,26.7,1216,1163,43,10,8,8,53,16,17,11,2,0,989,10,34,Matches
21,Adams Akor,ng NGA,FW,Montpellier,24,2000,11.9,179,160,17,0,1,2,5,0,0,0,0,0,112,2,7,Matches
22,Paul Akouokou,ci CIV,MF,Lyon,26,1997,0.2,15,15,0,0,0,0,0,0,0,0,0,0,10,0,1,Matches
23,Clément Akpa,ci CIV,DF,Auxerre,22,2001,27.6,1209,1105,101,56,0,40,25,40,2,1,1,0,998,3,20,Matches
24,Chuba Akpom,eng ENG,FW,Lille,28,1995,7.1,99,87,11,0,1,0,1,0,0,0,0,0,67,1,8,Matches
25,Mohamed Ali Cho,fr FRA,"FW,MF",Nice,20,2004,18.0,481,456,23,3,9,2,51,0,9,4,4,0,338,2,23,Matches
26,Jim Allevinah,ga GAB,FW,Angers,29,1995,19.4,483,472,9,1,2,1,34,4,2,0,2,0,363,2,13,Matches
27,Thiago Almada,ar ARG,"MF,FW",Lyon,23,2001,10.6,748,668,71,28,5,8,47,6,35,20,7,0,635,9,6,Matches
28,Jordan Amavi,fr FRA,DF,Brest,30,1994,8.8,526,428,96,9,0,2,15,87,0,0,0,0,386,2,13,Matches
29,Kelvin Amian,fr FRA,DF,Nantes,26,1998,24.1,921,719,200,14,4,1,37,184,0,0,0,0,738,2,24,Matches
30,Michael Amir Murillo,pa PAN,DF,Marseille,28,1996,27.1,1902,1691,207,44,1,0,37,162,0,0,0,0,1665,4,32,Matches
31,Samuel Amo-Ameyaw,eng ENG,"DF,MF",Strasbourg,18,2006,3.6,123,116,7,1,1,0,6,3,3,1,0,0,106,0,3,Matches
32,Mathis Amougou,fr FRA,MF,Saint-Étienne,18,2006,9.5,301,290,7,4,1,1,1,1,0,0,0,0,232,4,4,Matches
33,Benjamin André,fr FRA,MF,Lille,33,1990,29.9,1911,1845,57,53,1,20,16,4,0,0,0,0,1586,9,31,Matches
34,Kyllian Antonio,fr FRA,"DF,MF",Lens,16,2008,1.5,97,88,9,2,0,0,2,7,0,0,0,0,81,0,4,Matches
35,Dennis Appiah,fr FRA,DF,Saint-Étienne,32,1992,23.6,1179,957,218,16,3,2,52,202,0,0,0,0,903,4,43,Matches
36,Carlens Arcus,ht HAI,DF,Angers,28,1996,22.7,1020,843,173,20,2,3,55,152,1,0,0,0,810,4,20,Matches
37,Hákon Arnar Haraldsson,is ISL,"MF,FW",Lille,21,2003,19.5,946,880,64,14,5,4,59,10,35,11,16,1,751,2,22,Matches
38,Marco Asensio,es ESP,"FW,MF",Paris S-G,28,1996,6.9,335,314,19,2,4,1,13,3,6,2,0,0,291,2,7,Matches
39,Lorenz Assignon,tg TOG,"DF,MF",Rennes,24,2000,26.2,1301,1067,228,15,3,5,70,212,1,0,0,0,1015,6,38,Matches
40,Dehmaine Assoumani,fr FRA,"MF,FW",Nantes,19,2005,1.1,50,46,4,1,0,0,6,1,1,0,1,0,38,0,2,Matches
41,Valentin Atangana Edoa,fr FRA,MF,Reims,18,2005,31.7,1056,1037,13,11,2,0,17,1,0,0,0,0,908,6,14,Matches
42,Florian Ayé,fr FRA,FW,Auxerre,27,1997,6.4,129,120,8,0,0,1,2,0,0,0,0,0,95,1,5,Matches
43,André Ayew,gh GHA,FW,Le Havre,34,1989,16.1,238,196,42,1,0,0,7,3,0,0,0,0,181,0,10,Matches
44,Neil El Aynaoui,ma MAR,MF,Lens,23,2001,17.6,966,881,82,16,4,7,65,3,54,20,30,0,816,3,17,Matches
45,Shavy Babicka,ga GAB,"MF,FW",Toulouse,24,2000,13.2,292,279,11,1,1,3,39,9,0,0,0,0,196,2,12,Matches
46,Theo Bair,ca CAN,FW,Auxerre,24,1999,10.4,213,206,7,0,0,1,7,1,0,0,0,0,132,0,5,Matches
47,Mitchel Bakker,nl NED,"FW,DF",Lille,24,2000,12.7,641,580,60,8,2,1,68,30,22,8,11,0,499,1,14,Matches
48,Darryl Bakola,fr FRA,"DF,MF",Marseille,16,2007,0.2,13,13,0,0,0,0,0,0,0,0,0,0,12,0,0,Matches
49,Dilane Bakwa,fr FRA,"MF,DF",Strasbourg,21,2002,27.7,1109,961,141,48,11,15,153,31,62,29,27,0,808,7,23,Matches
50,Leonardo Balerdi,ar ARG,DF,Marseille,25,1999,25.3,2516,2452,61,44,3,8,2,1,0,0,0,0,2360,3,12,Matches
51,Fodé Ballo-Touré,sn SEN,"DF,MF",Le Havre,27,1997,6.5,311,221,90,26,0,1,21,63,1,0,1,0,259,0,11,Matches
52,Folarin Balogun,us USA,FW,Monaco,23,2001,6.8,125,118,6,0,0,0,5,1,0,0,0,0,85,1,6,Matches
53,Abdoulaye Bamba,ci CIV,DF,Angers,34,1990,16.8,585,551,34,13,1,1,5,20,0,0,0,0,518,0,4,Matches
54,Mohamed Bamba,ci CIV,MF,Reims,19,2004,0.1,19,19,0,0,0,1,0,0,0,0,0,0,16,0,1,Matches
55,Valentín Barco,ar ARG,"MF,DF",Strasbourg,20,2004,12.9,777,708,68,17,2,4,31,48,2,1,0,0,644,1,16,Matches
56,Bradley Barcola,fr FRA,FW,Paris S-G,21,2002,24.2,917,894,19,5,6,2,25,12,2,0,0,0,749,4,22,Matches
57,Melvin Bard,fr FRA,"DF,MF",Nice,23,2000,21.5,1166,998,162,24,4,0,60,136,1,0,0,0,903,6,29,Matches
58,Gabriel Bares,ch SUI,"MF,DF",Montpellier,23,2000,0.6,40,39,1,1,0,0,1,0,0,0,0,0,34,0,0,Matches
59,Téo Barisic,hr CRO,DF,Lyon,19,2004,0.0,1,1,0,0,0,0,0,0,0,0,0,0,1,0,0,Matches
60,Dylan Batubinsika,cd COD,DF,Saint-Étienne,28,1996,22.4,1217,1179,34,28,1,0,1,6,0,0,0,0,1112,4,4,Matches
61,Haris Belkebla,dz ALG,MF,Angers,30,1994,19.9,830,804,24,22,0,3,3,2,0,0,0,0,727,2,14,Matches
62,Yassin Belkhdim,fr FRA,MF,Angers,22,2002,16.9,487,484,3,2,1,4,16,1,0,0,0,0,394,0,17,Matches
63,Eliesse Ben Seghir,ma MAR,"MF,FW",Monaco,19,2005,19.4,951,885,64,12,14,3,52,8,34,18,11,0,754,2,18,Matches
64,Ismaël Bennacer,dz ALG,MF,Marseille,26,1997,7.2,810,765,41,18,3,1,28,1,22,12,10,0,737,4,7,Matches
65,Saïd Benrahma,dz ALG,"FW,MF",Lyon,28,1995,8.2,358,334,20,6,1,2,43,2,12,4,6,0,258,4,11,Matches
66,Nabil Bentaleb,dz ALG,MF,Lille,29,1994,3.7,244,235,8,7,0,4,6,0,1,0,1,0,210,1,1,Matches
67,Lucas Beraldo,br BRA,DF,Paris S-G,20,2003,22.3,2132,2072,55,29,1,9,3,25,0,0,0,0,2013,5,6,Matches
68,Maxime Bernauer,fr FRA,DF,Saint-Étienne,26,1998,8.5,469,452,14,12,1,4,0,1,0,0,0,0,413,3,3,Matches
69,Dimitry Bertaud,cd COD,GK,Montpellier,26,1998,4.0,114,80,33,6,0,0,0,0,0,0,0,0,82,1,0,Matches
70,Mika Biereth,dk DEN,FW,Monaco,21,2003,13.6,241,222,15,1,2,1,8,1,0,0,0,0,149,4,15,Matches
71,Emmanuel Biumla,fr FRA,DF,Angers,19,2005,14.8,499,473,23,21,0,1,0,0,0,0,0,0,440,3,2,Matches
72,Marco Bizot,nl NED,GK,Brest,33,1991,32.0,1121,818,300,84,0,2,0,0,0,0,0,0,775,3,0,Matches
73,Ludovic Blas,fr FRA,"MF,FW",Rennes,26,1997,25.5,938,817,119,45,8,21,124,6,64,42,14,0,693,2,20,Matches
74,Augustine Boakye,gh GHA,"FW,MF",Saint-Étienne,23,2000,8.1,256,249,6,0,2,1,5,2,1,0,0,0,192,1,7,Matches
75,Mathéo Bodmer,fr FRA,MF,Le Havre,20,2004,0.1,2,2,0,0,0,0,0,0,0,0,0,0,2,0,0,Matches
76,Jeremie Boga,ci CIV,"MF,FW",Nice,27,1997,11.7,398,380,15,2,0,2,21,2,10,7,1,0,329,3,13,Matches
77,Moïse Bombito,ca CAN,DF,Nice,24,2000,24.4,1404,1346,57,29,3,7,2,3,0,0,0,0,1266,1,8,Matches
78,Saïmon Bouabré,fr FRA,"MF,FW",Monaco,18,2006,1.1,29,29,0,0,0,0,0,0,0,0,0,0,20,0,1,Matches
79,Ayyoub Bouaddi,fr FRA,MF,Lille,16,2007,12.8,555,547,7,4,1,2,3,3,0,0,0,0,487,1,13,Matches
80,Badredine Bouanani,dz ALG,"MF,FW",Nice,19,2004,12.2,430,398,28,13,7,1,33,4,8,2,2,0,330,4,11,Matches
81,Benjamin Bouchouari,ma MAR,MF,Saint-Étienne,22,2001,19.7,1040,1022,16,8,6,3,9,7,1,0,1,0,902,2,15,Matches
82,Hicham Boudaoui,dz ALG,MF,Nice,24,1999,27.1,1134,1104,26,24,12,5,17,1,0,0,0,0,943,4,27,Matches
83,Justin Bourgault,fr FRA,DF,Brest,18,2005,1.4,74,64,9,0,0,0,4,9,0,0,0,0,54,1,2,Matches
84,Benjamin Bourigeaud,fr FRA,MF,Rennes,30,1994,0.9,48,40,8,2,0,1,6,0,6,4,1,0,36,0,1,Matches
85,Bilal Brahimi,dz ALG,MF,Nice,24,2000,0.8,40,35,5,0,0,0,5,3,2,1,1,0,35,0,1,Matches
86,Lilian Brassier,fr FRA,DF,Marseille,24,1999,8.7,653,605,43,12,0,2,5,21,0,0,0,0,560,5,6,Matches
87,Lilian Brassier,fr FRA,DF,Rennes,24,1999,13.7,919,882,34,27,1,8,9,3,0,0,0,0,787,3,8,Matches
88,Anthony Briançon,fr FRA,DF,Saint-Étienne,29,1994,0.0,0,0,0,0,0,0,0,0,0,0,0,0,0,0,0,Matches
89,Aurélio Buta,pt POR,DF,Reims,27,1997,21.9,991,792,196,14,0,0,32,181,0,0,0,0,819,3,18,Matches
90,Marcin Bułka,pl POL,GK,Nice,24,1999,34.0,1110,878,232,70,0,0,0,0,0,0,0,0,898,0,1,Matches
91,Rémy Cabella,fr FRA,"FW,MF",Lille,34,1990,11.2,762,685,72,19,0,0,60,14,34,4,18,0,628,5,9,Matches
92,Mathieu Cafaro,fr FRA,"MF,FW",Saint-Étienne,27,1997,8.1,239,210,29,6,2,1,27,6,17,5,8,0,172,0,5,Matches
93,Duje Ćaleta-Car,hr CRO,DF,Lyon,27,1996,17.6,985,939,45,28,1,3,1,3,0,0,0,0,896,1,5,Matches
94,Issiaga Camara,gn GUI,MF,Nice,19,2005,0.2,16,16,0,0,0,0,0,0,0,0,0,0,15,0,0,Matches
95,Lamine Camara,sn SEN,MF,Monaco,20,2004,22.8,1479,1332,142,52,5,11,118,3,87,39,39,0,1224,5,20,Matches
96,Mahdi Camara,fr FRA,"MF,FW",Brest,26,1998,29.5,1190,1100,88,12,3,0,46,8,0,0,0,0,1021,2,24,Matches
97,Ousmane Camara,ml MLI,DF,Angers,21,2003,2.8,101,97,3,3,0,2,0,0,0,0,0,0,91,1,1,Matches
98,Axel Camblan,fr FRA,"MF,FW",Brest,20,2003,0.3,7,7,0,0,0,0,1,0,0,0,0,0,3,0,1,Matches
99,Jaydee Canvot,fr FRA,"DF,MF",Toulouse,18,2006,12.3,536,523,13,8,2,5,6,3,0,0,0,0,462,0,11,Matches
100,Pierrick Capelle,fr FRA,MF,Angers,37,1987,5.4,231,223,8,2,1,3,10,0,5,5,0,0,185,0,4,Matches
101,Gabin Capuano,fr FRA,FW,Lens,18,2006,0.1,2,2,0,0,0,0,0,0,0,0,0,0,2,0,0,Matches
102,Maxence Caqueret,fr FRA,MF,Lyon,24,2000,6.4,343,332,10,5,0,1,6,1,0,0,0,0,274,1,14,Matches
103,Simon Cara,fr FRA,"MF,FW",Montpellier,19,2005,0.1,6,6,0,0,0,0,0,0,0,0,0,0,4,0,0,Matches
104,Valentin Carboni,ar ARG,"MF,FW",Marseille,19,2005,1.1,64,62,2,0,1,0,2,2,0,0,0,0,57,0,3,Matches
105,Irvin Cardona,mt MLT,FW,Saint-Étienne,26,1997,11.8,381,369,8,3,3,0,31,5,0,0,0,0,255,4,13,Matches
106,Patrik Carlgren,se SWE,GK,Nantes,32,1992,4.6,137,83,53,16,0,0,0,0,0,0,0,0,90,1,0,Matches
107,Josué Casimir,ht HAI,"FW,MF",Le Havre,22,2001,22.2,597,543,53,6,2,3,85,33,5,2,0,0,410,1,25,Matches
108,Cristian Cásseres Jr.,ve VEN,MF,Toulouse,24,2000,30.0,1421,1272,144,80,5,9,80,11,46,26,12,0,1120,5,26,Matches
109,Jean-Charles Castelletto,cm CMR,"DF,MF",Nantes,29,1995,29.1,1391,1331,58,28,0,4,9,21,0,0,0,0,1233,2,8,Matches
110,Enzo Caumont,fr FRA,MF,Angers,20,2004,0.4,14,14,0,0,0,0,0,0,0,0,0,0,13,0,0,Matches
111,Fabien Centonze,fr FRA,DF,Nantes,28,1996,2.9,142,123,19,3,0,1,11,16,0,0,0,0,111,0,3,Matches
112,Brendan Chardonnet,fr FRA,DF,Brest,29,1994,26.8,1210,1164,46,45,2,14,3,0,0,0,0,0,993,0,7,Matches
113,Jhoanner Chávez,ec ECU,"DF,MF",Lens,22,2002,6.6,308,234,73,5,0,0,30,49,19,9,3,0,230,1,3,Matches
114,Théo Chennahi,fr FRA,DF,Montpellier,19,2005,2.0,66,53,13,2,0,0,2,11,0,0,0,0,57,0,0,Matches
115,Sidiki Cherif,fr FRA,FW,Angers,17,2006,3.6,62,60,1,0,3,0,4,0,0,0,0,0,33,1,5,Matches
116,Rayan Cherki,fr FRA,"FW,MF",Lyon,20,2003,22.7,1375,1200,163,31,22,15,118,29,98,26,55,0,1079,12,32,Matches
117,Lucas Chevalier,fr FRA,GK,Lille,22,2001,34.0,1083,907,173,61,1,0,0,0,0,0,0,0,862,3,0,Matches
118,Pedro Chirivella,es ESP,MF,Nantes,27,1997,26.1,1570,1468,100,69,4,14,19,5,7,5,2,0,1336,2,16,Matches
119,Joris Chotard,fr FRA,MF,Montpellier,22,2001,21.0,822,780,39,34,5,14,30,3,1,0,1,0,672,3,14,Matches
120,Djaoui Cissé,fr FRA,MF,Rennes,20,2004,12.5,625,611,11,10,1,14,3,0,0,0,0,0,547,3,16,Matches
121,Yoann Cissé,fr FRA,MF,Auxerre,19,2004,0.1,6,4,2,0,0,0,3,0,2,1,1,0,2,0,0,Matches
122,Jonathan Clauss,fr FRA,"DF,MF",Nice,31,1992,25.6,1399,1077,316,41,4,3,190,167,108,36,50,0,1006,6,36,Matches
123,Marcus Coco,fr FRA,DF,Nantes,28,1996,10.6,483,400,80,10,0,0,28,70,0,0,0,0,384,3,6,Matches
124,Alois Confais,fr FRA,MF,Le Havre,27,1996,0.0,2,2,0,0,0,0,0,0,0,0,0,0,1,0,0,Matches
125,Francis Coquelin,fr FRA,MF,Nantes,33,1991,2.5,101,100,1,0,1,1,0,1,0,0,0,0,88,0,1,Matches
126,Derek Cornelius,ca CAN,DF,Marseille,26,1997,15.8,1357,1311,43,23,1,1,4,3,0,0,0,0,1267,3,9,Matches
127,Pierre Cornud,fr FRA,DF,Saint-Étienne,27,1996,6.4,331,276,54,10,1,4,14,43,1,1,0,0,271,1,7,Matches
128,David Costa,pt POR,"MF,FW",Lens,23,2001,3.9,155,146,6,1,0,1,15,0,5,4,1,0,128,3,2,Matches
129,Logan Costa,cv CPV,DF,Toulouse,23,2001,1.0,56,55,1,0,0,0,1,1,0,0,0,0,47,0,0,Matches
130,Grégoire Coudert,fr FRA,GK,Brest,25,1999,2.0,68,56,12,4,0,0,0,0,0,0,0,0,54,0,0,Matches
131,Lasso Coulibaly,ci CIV,"FW,MF",Auxerre,21,2002,0.5,13,12,1,0,0,0,2,0,1,0,1,0,12,0,0,Matches
132,Mamadou Coulibaly,fr FRA,MF,Monaco,20,2004,0.1,5,5,0,0,0,0,1,0,0,0,0,0,3,0,0,Matches
133,Soumaïla Coulibaly,fr FRA,DF,Brest,20,2003,4.9,317,302,15,9,0,16,0,0,0,0,0,0,281,0,1,Matches
134,Tanguy Coulibaly,fr FRA,"FW,MF",Montpellier,23,2001,16.5,372,350,22,0,2,0,21,6,4,1,0,0,292,0,12,Matches
135,Marius Courcoul,fr FRA,"MF,DF",Angers,17,2007,3.4,155,146,9,3,0,3,4,6,0,0,0,0,133,0,1,Matches
136,Nicolas Cozza,fr FRA,"DF,MF",Nantes,25,1999,22.8,782,567,211,15,1,1,27,196,0,0,0,0,608,4,21,Matches
137,Charlie Cresswell,eng ENG,DF,Toulouse,21,2002,28.8,1551,1466,81,33,0,8,4,12,0,0,0,0,1287,4,7,Matches
138,Kévin Danois,fr FRA,MF,Auxerre,20,2004,16.2,718,703,15,8,3,11,14,7,0,0,0,0,585,0,14,Matches
139,Kevin Danso,at AUT,DF,Lens,25,1998,12.0,770,732,35,17,1,1,0,2,0,0,0,0,659,3,6,Matches
140,Dante,br BRA,DF,Nice,40,1983,21.8,1432,1336,93,63,5,8,2,4,0,0,0,0,1267,3,11,Matches
141,Pape Daouda Diongue,sn SEN,"MF,FW",Strasbourg,,,0.9,57,56,1,1,0,0,1,0,0,0,0,0,47,0,2,Matches
142,Mohamed Daramy,dk DEN,FW,Reims,22,2002,0.2,4,4,0,0,0,0,0,0,0,0,0,0,4,0,0,Matches
143,Jonathan David,ca CAN,FW,Lille,24,2000,28.4,686,646,38,1,4,3,4,2,0,0,0,0,563,2,24,Matches
144,Zuriko Davitashvili,ge GEO,"FW,MF",Saint-Étienne,23,2001,30.9,938,799,134,40,6,1,85,16,68,13,34,0,737,5,22,Matches
145,Théo De Percin,mq MTQ,GK,Auxerre,23,2001,2.0,58,41,17,5,0,0,0,0,0,0,0,0,31,0,0,Matches
146,Thibault De Smet,be BEL,DF,Reims,26,1998,2.1,116,106,9,3,0,0,0,1,0,0,0,0,105,1,1,Matches
147,Amar Dedić,ba BIH,DF,Marseille,21,2002,3.5,224,199,25,0,1,1,5,24,1,0,0,0,189,0,6,Matches
148,Romain Del Castillo,fr FRA,FW,Brest,28,1996,14.0,688,592,92,34,3,7,103,17,39,17,19,0,480,4,27,Matches
149,Thomas Delaine,fr FRA,DF,Strasbourg,32,1992,0.1,4,3,1,0,0,0,0,1,0,0,0,0,0,0,0,Matches
150,Andy Delort,dz ALG,FW,Montpellier,32,1991,6.7,110,104,5,0,0,0,11,1,0,0,0,0,54,1,7,Matches
151,Ousmane Dembélé,fr FRA,FW,Paris S-G,27,1997,19.2,1068,986,74,9,13,10,80,3,48,14,16,0,844,8,36,Matches
152,Rémy Descamps,fr FRA,GK,Lyon,28,1996,1.0,30,27,3,1,0,0,0,0,0,0,0,0,27,0,0,Matches
153,Arthur Desmas,fr FRA,GK,Le Havre,30,1994,18.0,522,365,156,39,0,1,0,0,0,0,0,0,411,1,0,Matches
154,Mamadou Diakhon,fr FRA,"FW,MF",Reims,18,2005,9.5,257,247,9,2,1,3,33,5,1,0,0,0,198,1,10,Matches
155,Bafodé Diakité,fr FRA,DF,Lille,23,2001,30.7,2239,2155,82,63,2,5,4,6,0,0,0,0,2086,2,19,Matches
156,Oumar Diakité,ci CIV,FW,Reims,20,2003,18.1,354,317,34,1,1,2,7,1,0,0,0,0,291,3,10,Matches
157,Habib Diarra,sn SEN,"MF,FW",Strasbourg,20,2004,26.1,978,936,40,11,6,5,54,10,0,0,0,0,812,2,25,Matches
158,Krépin Diatta,sn SEN,"DF,FW",Monaco,25,1999,5.6,314,278,35,2,1,3,15,33,0,0,0,0,240,1,5,Matches
159,Kandet Diawara,gn GUI,FW,Le Havre,24,2000,0.0,2,2,0,0,0,0,0,0,0,0,0,0,1,0,0,Matches
160,Mahamadou Diawara,fr FRA,MF,Le Havre,19,2005,6.5,233,225,6,2,0,2,5,1,1,1,0,0,193,2,11,Matches
161,Mahamadou Diawara,fr FRA,MF,Lyon,19,2005,0.2,7,7,0,0,0,0,0,0,0,0,0,0,6,0,0,Matches
162,Bamba Dieng,sn SEN,FW,Angers,24,2000,5.9,103,99,4,0,2,0,5,0,1,0,1,0,80,0,2,Matches
163,Kembo Diliwidi,fr FRA,DF,Lens,18,2006,0.0,3,3,0,0,0,0,1,0,0,0,0,0,2,0,0,Matches
164,Sinaly Diomande,ci CIV,DF,Auxerre,23,2001,21.6,961,909,47,42,0,14,1,5,0,0,0,0,813,5,10,Matches
165,Lois Diony,fr FRA,FW,Angers,31,1992,0.2,4,4,0,0,0,0,0,0,0,0,0,0,1,0,0,Matches
166,Sérigné Diop,sn SEN,FW,Brest,19,2005,0.0,2,2,0,0,0,0,0,0,0,0,0,0,2,0,0,Matches
167,Sofiane Diop,ma MAR,"MF,FW",Nice,24,2000,11.8,565,523,40,14,16,7,33,3,22,7,8,0,436,2,12,Matches
168,Andy Diouf,fr FRA,MF,Lens,21,2003,24.7,1068,1030,27,15,13,2,30,0,11,8,3,0,849,11,30,Matches
169,Yehvann Diouf,sn SEN,GK,Reims,24,1999,34.0,1219,874,339,119,0,2,0,0,0,0,0,0,848,6,1,Matches
170,Assane Dioussé,sn SEN,MF,Auxerre,26,1997,7.4,357,355,2,2,0,7,1,0,0,0,0,0,320,0,4,Matches
171,Álex Domínguez,es ESP,GK,Toulouse,26,1998,0.2,11,7,4,1,0,0,0,0,0,0,0,0,8,0,0,Matches
172,Gianluigi Donnarumma,it ITA,GK,Paris S-G,25,1999,23.2,632,508,124,35,0,0,0,0,0,0,0,0,552,0,0,Matches
173,Sékou Doucoure,fr FRA,DF,Nantes,19,2005,0.1,5,5,0,0,0,0,0,0,0,0,0,0,4,0,0,Matches
174,Désiré Doué,fr FRA,"FW,MF",Paris S-G,19,2005,19.2,1133,1066,66,11,8,7,78,24,23,8,5,1,933,1,21,Matches
175,Guela Doué,ci CIV,DF,Strasbourg,21,2002,30.2,2023,1728,293,63,1,3,46,226,0,0,0,0,1688,2,26,Matches
176,Douglas,br BRA,MF,Nantes,27,1997,25.6,1190,1119,68,53,2,3,10,9,3,2,0,0,1029,3,17,Matches
177,Ismaël Doukouré,fr FRA,"DF,MF",Strasbourg,21,2003,29.3,1685,1561,117,46,2,2,1,15,0,0,0,0,1494,7,13,Matches
178,Kamory Doumbia,ml MLI,"MF,FW",Brest,21,2003,14.7,697,631,60,20,7,2,48,3,27,12,15,0,561,6,10,Matches
179,Amidou Doumbouya,fr FRA,DF,Nice,16,2007,0.5,25,24,1,0,0,0,2,1,0,0,0,0,19,0,2,Matches
180,Jean-Kevin Duverne,ht HAI,DF,Nantes,27,1997,6.0,304,250,53,6,0,0,9,47,0,0,0,0,238,1,5,Matches
181,Stefan Džodić,rs SRB,"DF,MF",Montpellier,19,2005,2.7,176,171,5,3,0,1,0,0,0,0,0,0,158,0,0,Matches
182,Aron Dønnum,no NOR,"DF,MF",Toulouse,26,1998,29.9,1213,1013,190,31,7,26,117,127,32,23,5,0,880,10,42,Matches
183,Noah Edjouma,fr FRA,"MF,FW",Toulouse,18,2005,1.9,52,50,2,0,0,1,6,1,1,1,0,0,36,0,3,Matches
184,Jacques Ekomie,ga GAB,"DF,FW",Angers,20,2003,7.7,260,192,66,1,0,1,23,65,0,0,0,0,183,2,14,Matches
185,Pierre Ekwah Elimby,fr FRA,MF,Saint-Étienne,22,2002,28.6,1593,1536,57,53,3,12,5,2,1,1,0,0,1405,0,16,Matches
186,Meschak Elia,cd COD,FW,Nantes,26,1997,1.9,62,58,4,1,0,0,14,2,1,0,1,0,35,0,3,Matches
187,Breel Embolo,ch SUI,"FW,MF",Monaco,27,1997,20.5,432,397,30,2,8,1,6,0,0,0,0,0,299,5,9,Matches
188,Emanuel Emegha,nl NED,FW,Strasbourg,21,2003,25.5,340,316,22,0,0,0,0,1,0,0,0,0,273,2,7,Matches
189,Romain Faivre,fr FRA,"MF,FW",Brest,26,1998,10.0,379,349,29,7,4,0,26,4,17,11,4,0,311,1,8,Matches
190,Khalil Fayad,fr FRA,"MF,FW",Montpellier,20,2004,11.4,514,492,22,12,2,4,20,3,7,4,0,0,426,0,12,Matches
191,Luiz Felipe,it ITA,DF,Marseille,27,1997,1.4,66,62,4,1,0,0,0,2,0,0,0,0,58,0,1,Matches
192,Zinedine Ferhat,dz ALG,"FW,MF",Angers,31,1993,9.4,451,392,55,15,3,5,68,7,33,9,20,2,303,4,9,Matches
193,Edimilson Fernandes,ch SUI,"MF,DF",Brest,28,1996,12.3,572,561,11,8,2,5,7,2,0,0,0,0,486,0,5,Matches
194,Matias Fernandez-Pardo,be BEL,"FW,MF",Lille,19,2005,11.8,307,286,20,2,1,2,30,1,17,10,3,0,224,1,13,Matches
195,Jordan Ferri,fr FRA,MF,Montpellier,32,1992,19.7,1267,1204,58,45,2,7,25,13,0,0,0,0,1119,5,10,Matches
196,Karol Fila,pl POL,MF,Strasbourg,26,1998,0.1,4,4,0,0,0,0,0,0,0,0,0,0,2,0,1,Matches
197,Malick Fofana,be BEL,FW,Lyon,19,2005,17.7,638,623,14,1,1,0,70,13,0,0,0,0,494,1,32,Matches
198,Rayan Fofana,fr FRA,"FW,MF",Lens,18,2006,0.3,8,8,0,0,0,0,0,0,0,0,0,0,5,0,1,Matches
199,Seko Fofana,ci CIV,MF,Rennes,29,1995,9.4,552,541,9,7,1,9,5,2,0,0,0,0,499,2,5,Matches
200,Yahia Fofana,ci CIV,GK,Angers,23,2000,33.0,1014,654,358,97,0,1,0,0,0,0,0,0,697,2,0,Matches
201,Lamine Fomba,fr FRA,MF,Saint-Étienne,26,1998,2.4,145,144,1,1,1,2,1,0,0,0,0,0,121,0,4,Matches
202,Przemysław Frankowski,pl POL,DF,Lens,29,1995,15.4,1092,930,156,11,4,2,78,132,13,4,9,0,875,6,31,Matches
203,Angelo Fulgini,fr FRA,"MF,FW",Lens,27,1996,11.6,652,604,42,11,7,5,44,9,13,4,7,0,509,6,15,Matches
204,Kyogo Furuhashi,jp JPN,FW,Rennes,29,1995,1.4,11,9,2,0,0,0,0,0,0,0,0,0,3,0,1,Matches
205,Gauthier Gallon,fr FRA,GK,Rennes,31,1993,0.5,19,15,4,0,0,0,0,0,0,0,0,0,16,0,0,Matches
206,Ignatius Ganago,cm CMR,"FW,MF",Nantes,25,1999,2.7,77,72,5,0,0,0,3,1,0,0,0,0,59,0,1,Matches
207,Ulisses Garcia,ch SUI,DF,Marseille,28,1996,10.3,632,536,94,15,0,2,35,74,0,0,0,0,535,2,15,Matches
208,Jean-Philippe Gbamin,ci CIV,MF,Nantes,28,1995,2.4,115,113,2,2,0,2,0,0,0,0,0,0,90,0,2,Matches
209,Mory Gbane,ci CIV,"DF,MF",Reims,23,2000,12.5,524,499,25,11,3,8,2,11,0,0,0,0,447,0,6,Matches
210,Yann Gboho,fr FRA,"MF,FW",Toulouse,23,2001,25.9,644,633,6,2,7,1,26,0,0,0,0,0,478,5,33,Matches
211,Denis Genreau,au AUS,MF,Toulouse,25,1999,2.5,127,111,15,3,0,0,9,4,6,2,3,0,105,1,3,Matches
212,Aleksandr Golovin,ru RUS,"MF,FW",Monaco,28,1996,12.8,678,648,25,12,9,4,23,6,7,2,3,0,523,5,13,Matches
213,André Gomes,pt POR,MF,Lille,31,1993,14.2,963,937,25,21,5,11,11,4,0,0,0,0,861,1,11,Matches
214,Angel Gomes,eng ENG,MF,Lille,23,2000,8.2,364,352,9,3,2,2,10,0,4,3,0,0,295,3,8,Matches
215,Carlos Gómez,co COL,"MF,DF",Rennes,21,2002,4.2,115,110,5,0,1,0,19,5,0,0,0,0,84,0,2,Matches
216,Mathieu Gorgelin,fr FRA,GK,Le Havre,33,1990,16.0,536,385,149,50,0,2,0,0,0,0,0,0,417,2,0,Matches
217,Amine Gouiri,dz ALG,"FW,MF",Marseille,24,2000,11.6,351,271,79,6,1,0,57,0,49,19,28,0,284,1,5,Matches
218,Amine Gouiri,dz ALG,"MF,FW",Rennes,24,2000,11.5,354,319,35,9,3,0,12,5,7,5,1,0,277,0,16,Matches
219,Jonathan Gradit,fr FRA,DF,Lens,31,1992,23.5,1332,1290,38,37,2,7,10,1,0,0,0,0,1133,4,11,Matches
220,Samuel Grandsir,fr FRA,"MF,FW",Le Havre,27,1996,0.9,32,28,4,1,1,0,5,1,2,2,0,0,20,0,1,Matches
221,Mason Greenwood,eng ENG,"FW,MF",Marseille,22,2001,31.2,1389,1313,71,13,13,25,110,8,43,29,4,0,1089,5,26,Matches
222,Albert Grønbaek,dk DEN,"MF,FW",Rennes,23,2001,9.0,247,213,31,7,1,1,28,5,19,16,3,0,155,3,15,Matches
223,Gabriel Gudmundsson,se SWE,DF,Lille,25,1999,19.8,1055,882,173,20,1,8,59,147,4,0,2,0,866,0,25,Matches
224,Axel Gueguin,fr FRA,FW,Montpellier,19,2005,0.3,6,5,1,0,0,0,1,0,1,0,1,0,5,0,1,Matches
225,Evann Guessand,ci CIV,"FW,MF",Nice,23,2001,28.5,574,549,22,3,9,1,36,0,0,0,0,0,421,3,30,Matches
226,Bahereba Guirassy,fr FRA,"FW,MF",Nantes,17,2006,3.9,120,118,1,0,1,0,7,1,0,0,0,0,85,1,9,Matches
227,Massadio Haïdara,ml MLI,DF,Brest,31,1992,18.6,882,716,166,12,1,3,49,154,0,0,0,0,693,0,22,Matches
228,Achraf Hakimi,ma MAR,DF,Paris S-G,25,1998,23.0,2140,1949,188,34,2,8,80,150,4,0,1,0,1898,3,32,Matches
229,Florent Hanin,dz ALG,DF,Angers,34,1990,29.7,1654,1345,294,46,2,9,107,248,0,0,0,0,1282,15,28,Matches
230,Amine Harit,ma MAR,MF,Marseille,27,1997,5.8,255,232,18,7,4,1,7,0,6,3,1,0,213,5,6,Matches
231,Hans Hateboer,nl NED,DF,Rennes,30,1994,18.7,1128,1035,90,33,0,7,33,57,0,0,0,0,962,3,21,Matches
232,Kjetil Haug,no NOR,GK,Toulouse,26,1998,5.5,130,81,49,14,0,0,0,0,0,0,0,0,82,0,0,Matches
233,Luis Henrique,br BRA,"DF,FW",Marseille,22,2001,29.0,1427,1350,75,5,2,6,97,62,8,1,5,0,1156,2,31,Matches
234,Lucas Hernández,fr FRA,DF,Paris S-G,28,1996,9.7,907,834,73,16,1,5,2,56,0,0,0,0,832,0,8,Matches
235,Ki-Jana Hoever,nl NED,DF,Auxerre,22,2002,23.6,1084,894,187,7,1,12,78,180,0,0,0,0,768,3,33,Matches
236,Cédric Hountondji,bj BEN,DF,Angers,30,1994,3.0,100,95,5,4,0,0,0,0,0,0,0,0,85,0,0,Matches
237,Ilyes Housni,fr FRA,"FW,MF",Le Havre,19,2005,2.6,64,60,4,0,0,1,5,0,0,0,0,0,38,0,6,Matches
238,Pierre Højbjerg,dk DEN,MF,Marseille,28,1995,29.6,2895,2787,106,82,10,13,19,9,13,6,5,0,2674,2,20,Matches
239,Hafiz Ibrahim,ng NGA,FW,Reims,18,2005,4.3,50,46,4,0,0,0,1,0,0,0,0,0,30,0,2,Matches
240,George Ilenikhena,ng NGA,FW,Monaco,17,2006,8.0,121,111,9,0,1,0,0,0,0,0,0,0,87,1,2,Matches
241,Rareş Ilie,ro ROU,MF,Nice,21,2003,0.1,10,8,2,1,0,0,3,0,1,0,1,0,8,0,2,Matches
242,Ismaily,br BRA,DF,Lille,34,1990,10.0,632,540,90,11,1,0,16,75,4,0,4,0,552,2,11,Matches
243,Yanis Issoufou,fr FRA,"MF,FW",Montpellier,17,2006,0.9,20,19,0,0,0,0,3,0,0,0,0,0,10,1,3,Matches
244,Junya Ito,jp JPN,"FW,MF",Reims,31,1993,29.9,1214,1048,160,44,7,6,234,19,92,27,52,0,811,6,40,Matches
245,Jérémy Jacquet,fr FRA,DF,Rennes,19,2005,10.3,508,471,35,23,1,4,3,12,0,0,0,0,424,2,10,Matches
246,Ismail Jakobs,sn SEN,DF,Monaco,24,1999,2.0,105,87,18,5,0,0,14,13,0,0,0,0,85,0,2,Matches
247,Jordan James,wls WAL,MF,Rennes,20,2004,13.1,574,526,47,16,1,9,34,2,29,6,10,0,483,1,8,Matches
248,Malcolm Jeng,se SWE,DF,Reims,19,2005,1.2,41,39,2,1,0,0,0,0,0,0,0,0,35,0,0,Matches
249,John Joe,ie IRL,MF,Reims,20,2003,6.1,223,215,5,4,0,1,5,0,0,0,0,0,165,3,9,Matches
250,Karl-Johan Johnsson,se SWE,GK,Strasbourg,34,1990,3.0,129,118,11,4,0,0,0,0,0,0,0,0,107,0,0,Matches
251,Paul Joly,fr FRA,DF,Auxerre,24,2000,11.2,617,514,100,12,2,9,55,88,0,0,0,0,424,3,19,Matches
252,Jota,pt POR,"FW,MF",Rennes,25,1999,3.7,132,124,8,1,1,1,16,4,3,1,0,0,95,0,4,Matches
253,Antoine Joujou,fr FRA,"MF,FW",Le Havre,21,2003,10.5,261,258,3,0,1,1,37,2,1,1,0,0,169,0,14,Matches
254,Jubal,br BRA,DF,Auxerre,30,1993,29.3,1057,980,75,56,0,10,0,0,0,0,0,0,918,2,5,Matches
255,Abdulai Juma Bah,sl SLE,DF,Lens,18,2006,7.6,378,358,18,9,0,1,0,0,0,0,0,0,353,2,1,Matches
256,Hamed Junior Traorè,ci CIV,MF,Auxerre,24,2000,23.3,640,587,46,13,9,7,42,13,11,5,3,0,474,7,16,Matches
257,Yaya Kader Fofana,ml MLI,"MF,FW",Reims,20,2004,7.0,232,228,4,3,3,0,6,0,1,0,0,0,177,0,5,Matches
258,Tino Kadewere,zw ZIM,"MF,FW",Nantes,28,1996,5.7,173,169,3,1,1,0,2,2,0,0,0,0,130,1,7,Matches
259,Arnaud Kalimuendo,fr FRA,"FW,MF",Rennes,22,2002,28.6,605,549,53,4,3,5,13,1,0,0,0,0,477,3,24,Matches
260,Justin-Noël Kalumba,fr FRA,"FW,MF",Angers,19,2004,0.3,11,11,0,0,0,0,1,0,0,0,0,0,9,0,0,Matches
261,Warren Kamanzi,no NOR,"DF,MF",Toulouse,23,2000,11.4,481,403,78,7,1,0,16,71,0,0,0,0,399,0,20,Matches
262,Glen Kamara,fi FIN,MF,Rennes,28,1995,7.4,412,400,10,9,1,0,0,1,0,0,0,0,372,2,3,Matches
263,Noham Kamara,fr FRA,DF,Paris S-G,17,2007,0.8,79,74,5,0,1,0,0,5,0,0,0,0,74,0,0,Matches
264,Nordine Kandil,fr FRA,MF,Strasbourg,22,2001,0.1,6,6,0,0,0,0,0,0,0,0,0,0,3,0,0,Matches
265,Lee Kang-in,kr KOR,"FW,MF",Paris S-G,23,2001,18.5,1268,1149,114,15,13,10,94,7,84,24,32,0,1110,5,16,Matches
266,Yassine Kechta,ma MAR,"MF,FW",Le Havre,22,2002,23.3,756,705,45,9,2,8,36,3,11,10,1,0,599,6,15,Matches
267,Thilo Kehrer,de GER,DF,Monaco,27,1996,26.5,1804,1715,86,76,1,7,2,1,0,0,0,0,1622,3,7,Matches
268,Reda Khadra,de GER,"MF,FW",Reims,23,2001,0.9,30,27,3,3,1,0,3,0,0,0,0,0,22,0,0,Matches
269,Wahbi Khazri,tn TUN,"FW,MF",Montpellier,33,1991,12.4,337,288,48,9,3,5,48,5,20,5,11,0,229,1,13,Matches
270,Abdukodir Khusanov,uz UZB,DF,Lens,20,2004,10.8,548,521,26,13,0,3,5,8,0,0,0,0,483,1,3,Matches
271,Presnel Kimpembe,fr FRA,DF,Paris S-G,28,1995,0.3,18,18,0,0,0,0,0,0,0,0,0,0,18,0,0,Matches
272,Joshua King,no NOR,"FW,MF",Toulouse,32,1992,18.6,358,332,23,1,0,1,9,5,0,0,0,0,253,3,8,Matches
273,Cédric Kipré,ci CIV,DF,Reims,27,1996,24.3,1292,1230,59,45,3,5,12,3,0,0,0,0,1148,3,2,Matches
274,Hervé Koffi,bf BFA,GK,Lens,27,1996,5.0,135,111,23,4,0,0,0,0,0,0,0,0,98,1,0,Matches
275,Philipp Köhn,ch SUI,GK,Monaco,26,1998,19.0,546,411,135,36,0,1,0,0,0,0,0,0,414,0,0,Matches
276,Koka,eg EGY,FW,Le Havre,31,1993,9.5,169,153,16,1,0,8,0,1,0,0,0,0,132,0,4,Matches
277,Randal Kolo Muani,fr FRA,FW,Paris S-G,25,1998,4.0,78,73,5,0,2,1,0,0,0,0,0,0,57,0,3,Matches
278,Geoffrey Kondogbia,cf CTA,"DF,MF",Marseille,31,1993,22.4,1803,1745,57,27,2,3,4,8,0,0,0,0,1668,1,10,Matches
279,Abdoul Koné,fr FRA,DF,Reims,19,2005,1.5,65,47,18,1,0,0,0,17,0,0,0,0,44,0,6,Matches
280,Amadou Koné,ml MLI,MF,Reims,19,2005,14.4,602,590,11,7,3,3,3,2,0,0,0,0,518,1,3,Matches
281,Ismaël Koné,ca CAN,"MF,FW",Marseille,22,2002,4.0,180,176,4,2,1,0,3,0,0,0,0,0,156,0,3,Matches
282,Ismaël Koné,ca CAN,MF,Rennes,22,2002,5.2,208,201,7,5,2,5,2,1,1,0,0,0,176,0,3,Matches
283,Emmanuel Koum Mbondo,fr FRA,DF,Marseille,18,2006,0.1,9,7,2,0,0,0,0,2,0,0,0,0,8,0,0,Matches
284,Boubakar Kouyaté,ml MLI,DF,Montpellier,27,1997,8.4,253,246,5,2,0,0,0,0,0,0,0,0,211,2,1,Matches
285,Goduine Koyalipou,cf CTA,FW,Lens,24,2000,9.8,189,179,10,0,0,1,2,0,0,0,0,0,132,0,12,Matches
286,Sael Kumbedi,fr FRA,DF,Lyon,19,2005,10.6,509,447,61,5,1,0,14,56,0,0,0,0,436,1,11,Matches
287,Daler Kuzyaev,ru RUS,MF,Le Havre,31,1993,6.3,260,253,7,5,1,1,6,0,2,2,0,0,211,0,2,Matches
288,Khvicha Kvaratskhelia,ge GEO,FW,Paris S-G,23,2001,10.2,547,507,38,5,5,3,33,5,27,6,12,0,468,2,15,Matches
289,Rémy Labeau Lascary,gp GLP,"FW,MF",Lens,21,2003,7.1,174,167,5,0,1,1,19,1,0,0,0,0,127,2,3,Matches
290,Gaëtan Laborde,fr FRA,FW,Nice,30,1994,20.3,497,459,36,1,3,2,27,0,0,0,0,0,346,2,15,Matches
291,Alexandre Lacazette,fr FRA,FW,Lyon,33,1991,22.8,547,510,33,0,4,7,17,1,0,0,0,0,393,4,20,Matches
292,Younes Lachaab,fr FRA,"MF,FW",Lille,19,2005,0.1,2,2,0,0,0,0,0,0,0,0,0,0,1,0,1,Matches
293,Alban Lafont,ci CIV,GK,Nantes,25,1999,12.0,367,278,88,31,0,1,0,0,0,0,0,0,256,1,1,Matches
294,Kenny Lala,mg MAD,DF,Brest,32,1991,29.8,1796,1487,306,65,4,13,126,230,10,3,5,0,1367,3,44,Matches
295,Mohamed Lamine Bayo,gn GUI,FW,Lille,26,1998,3.4,58,49,9,0,0,0,0,0,0,0,0,0,41,0,2,Matches
296,Gautier Larsonneur,fr FRA,GK,Saint-Étienne,27,1997,34.0,1185,866,317,112,0,0,0,0,0,0,0,0,782,2,0,Matches
297,Julien Le Cardinal,fr FRA,DF,Brest,26,1997,15.3,815,778,35,28,1,12,6,1,0,0,0,0,704,2,2,Matches
298,Jérémy Le Douaron,fr FRA,FW,Brest,26,1998,1.1,14,14,0,0,0,0,0,0,0,0,0,0,11,0,0,Matches
299,Benjamin Lecomte,fr FRA,GK,Montpellier,33,1991,30.0,1000,729,269,85,0,1,0,0,0,0,0,0,676,2,1,Matches
300,Pierre Lees-Melou,fr FRA,MF,Brest,31,1993,17.0,1057,1015,39,31,8,21,22,6,2,2,0,0,902,3,19,Matches
301,Jordan Lefort,fr FRA,DF,Angers,30,1993,34.0,1749,1649,90,80,5,9,12,5,0,0,0,0,1446,10,21,Matches
302,Félix Lemaréchal,fr FRA,"MF,FW",Strasbourg,20,2003,19.8,694,653,35,7,7,0,26,6,9,8,1,0,551,6,20,Matches
303,Donovan Léon,gf GUF,GK,Auxerre,31,1992,32.0,1132,810,320,124,0,4,0,1,0,0,0,0,670,2,0,Matches
304,Esteban Lepaul,fr FRA,FW,Angers,24,2000,18.1,359,331,25,0,1,3,15,2,0,0,0,0,241,3,15,Matches
305,Johann Lepenant,fr FRA,MF,Nantes,21,2002,22.8,725,703,21,3,2,0,16,8,1,1,0,0,582,1,30,Matches
306,Louis Leroux,fr FRA,"MF,DF",Nantes,18,2006,9.1,300,282,18,3,0,1,6,13,0,0,0,0,248,0,8,Matches
307,Pol Lirola,es ESP,DF,Marseille,26,1997,7.6,397,351,45,3,1,0,14,42,0,0,0,0,330,1,13,Matches
308,Gautier Lloris,fr FRA,DF,Le Havre,29,1995,30.8,1511,1464,42,34,0,6,3,4,0,0,0,0,1317,5,10,Matches
309,Bradley Locko,fr FRA,DF,Brest,22,2002,1.1,42,35,7,0,0,0,1,7,0,0,0,0,37,0,3,Matches
310,Elysée Logbo,fr FRA,FW,Le Havre,20,2004,0.3,4,3,1,0,0,0,0,0,0,0,0,0,3,0,0,Matches
311,Anthony Lopes,pt POR,GK,Nantes,33,1990,17.4,547,376,171,75,0,2,0,0,0,0,0,0,356,0,0,Matches
312,Jordan Lotomba,ch SUI,"MF,DF",Nice,25,1998,0.4,21,19,2,0,0,0,2,2,0,0,0,0,17,0,0,Matches
313,Tom Louchet,fr FRA,"DF,MF",Nice,21,2003,8.6,454,377,74,13,0,0,35,53,8,3,4,0,371,3,10,Matches
314,Milos Lukovic,rs SRB,"FW,MF",Strasbourg,18,2005,0.1,3,3,0,0,0,0,0,0,0,0,0,0,2,0,0,Matches
315,Othmane Maamma,ma MAR,"FW,MF",Montpellier,18,2005,4.0,78,75,3,0,1,0,12,3,0,0,0,0,51,0,2,Matches
316,Deiver Machado,co COL,"DF,MF",Lens,30,1993,20.1,913,762,149,8,1,1,51,136,5,3,0,0,763,2,16,Matches
317,Lanroy Machine,fr FRA,FW,Angers,18,2005,0.1,5,5,0,0,0,0,1,0,0,0,0,0,3,0,0,Matches
318,Yvann Macon,fr FRA,DF,Saint-Étienne,25,1998,8.8,408,345,62,6,0,1,23,56,0,0,0,0,301,1,11,Matches
319,Eros Maddy,nl NED,DF,Auxerre,23,2001,0.2,6,6,0,0,0,0,0,0,0,0,0,0,6,0,0,Matches
320,Soungoutou Magassa,fr FRA,MF,Monaco,20,2003,11.4,638,621,13,13,4,7,7,0,0,0,0,0,540,4,9,Matches
321,Hugo Magnetti,fr FRA,MF,Brest,26,1998,25.8,1083,1026,52,38,0,8,18,11,0,0,0,0,920,5,17,Matches
322,Frank Magri,cm CMR,"FW,MF",Toulouse,24,1999,16.8,251,223,25,0,3,1,4,3,0,0,0,0,178,3,9,Matches
323,Ainsley Maitland-Niles,eng ENG,DF,Lyon,26,1997,22.1,1234,1051,176,17,4,7,48,148,11,7,2,0,1049,7,28,Matches
324,Radosław Majecki,pl POL,GK,Monaco,24,1999,15.0,407,293,114,27,0,0,0,0,0,0,0,0,304,0,0,Matches
325,Hamidou Makalou,ml MLI,"FW,MF",Brest,18,2006,0.4,18,18,0,0,1,0,0,0,0,0,0,0,17,0,0,Matches
326,Nikola Maksimović,rs SRB,DF,Montpellier,32,1991,6.5,310,290,19,9,0,2,0,1,0,0,0,0,288,1,2,Matches
327,Aaron Malouda,fr FRA,FW,Lille,18,2005,0.0,0,0,0,0,0,0,0,0,0,0,0,0,0,0,0,Matches
328,Hianga Mananga Mbock,fr FRA,MF,Brest,24,1999,0.2,17,17,0,0,0,0,0,0,0,0,0,0,14,0,0,Matches
329,Steve Mandanda,fr FRA,GK,Rennes,39,1985,16.5,499,388,111,38,0,0,0,0,0,0,0,0,353,0,0,Matches
330,Aïssa Mandi,dz ALG,DF,Lille,32,1991,19.3,1244,1122,120,28,1,16,10,86,0,0,0,0,1104,2,7,Matches
331,Orel Mangala,be BEL,MF,Lyon,26,1998,0.7,32,31,0,0,0,0,1,0,0,0,0,0,29,1,2,Matches
332,Sekou Mara,fr FRA,"FW,MF",Strasbourg,22,2002,8.5,185,172,13,0,2,1,3,1,0,0,0,0,128,0,11,Matches
333,Marquinhos,br BRA,DF,Paris S-G,30,1994,19.2,1830,1791,36,23,3,13,3,11,0,0,0,0,1736,3,6,Matches
334,Ange Martial Tia,ml MLI,"MF,DF",Reims,17,2006,1.9,62,57,4,2,0,0,3,0,2,2,0,0,44,1,0,Matches
335,Jonas Martin,fr FRA,MF,Brest,34,1990,5.5,312,301,9,6,0,1,3,3,0,0,0,0,277,2,6,Matches
336,Han-Noah Massengo,fr FRA,MF,Auxerre,23,2001,11.6,443,435,8,6,0,5,9,1,0,0,0,0,375,0,5,Matches
337,Clinton Mata,ao ANG,DF,Lyon,31,1992,26.3,1636,1517,116,58,0,3,38,49,0,0,0,0,1448,3,13,Matches
338,Eliot Matazo,be BEL,MF,Monaco,22,2002,0.8,41,39,2,1,0,0,0,1,0,0,0,0,35,0,0,Matches
339,Nemanja Matić,rs SRB,MF,Lyon,35,1988,22.3,1415,1356,54,43,4,12,9,3,0,0,0,0,1230,5,18,Matches
340,Rudy Matondo,fr FRA,MF,Auxerre,16,2008,0.7,24,23,1,0,0,0,0,1,0,0,0,0,22,0,1,Matches
341,Azor Matusiwa,nl NED,MF,Rennes,26,1998,23.1,1119,1081,35,29,4,7,1,6,0,0,0,0,975,3,13,Matches
342,Neal Maupay,fr FRA,FW,Marseille,27,1996,11.6,297,264,33,4,1,0,1,4,0,0,0,0,250,0,9,Matches
343,Christian Mawissa,fr FRA,DF,Monaco,19,2005,16.7,945,902,43,12,0,0,3,20,0,0,0,0,827,0,12,Matches
344,Senny Mayulu,fr FRA,MF,Paris S-G,18,2006,9.0,460,427,31,7,0,4,9,13,4,2,0,0,404,2,12,Matches
345,Ethan Mbappé,fr FRA,"MF,FW",Lille,17,2006,2.5,139,126,13,2,0,2,14,0,11,5,1,0,105,0,3,Matches
346,Ibrahim Mbaye,sn SEN,"FW,MF",Paris S-G,16,2008,3.8,148,147,0,0,0,0,5,0,0,0,0,0,128,1,2,Matches
347,Mark McKenzie,us USA,DF,Toulouse,25,1999,27.7,1356,1243,113,29,0,6,1,70,0,0,0,0,1167,0,9,Matches
348,Facundo Medina,ar ARG,DF,Lens,25,1999,28.3,1889,1744,136,70,3,5,16,66,0,0,0,0,1655,9,18,Matches
349,Henrik Meister,dk DEN,FW,Rennes,20,2003,0.7,14,14,0,0,0,0,0,0,0,0,0,0,11,0,0,Matches
350,Bamo Meïté,ci CIV,DF,Montpellier,22,2001,4.7,173,165,8,2,0,0,0,2,0,0,0,0,153,0,3,Matches
351,Bamo Meïté,ci CIV,DF,Marseille,22,2001,0.3,28,24,4,0,0,0,0,4,0,0,0,0,26,0,1,Matches
352,Mohamed Meité,fr FRA,FW,Rennes,16,2007,6.0,94,88,6,0,1,0,2,0,0,0,0,0,62,0,4,Matches
353,Farid El Melali,dz ALG,FW,Angers,27,1997,21.0,532,453,79,17,0,0,87,6,55,28,18,1,372,0,21,Matches
354,Nuno Mendes,pt POR,DF,Paris S-G,22,2002,18.6,1488,1328,157,29,3,25,60,119,9,5,3,0,1293,3,21,Matches
355,Antoine Mendy,sn SEN,DF,Nice,20,2004,9.2,486,427,59,16,1,2,7,43,0,0,0,0,394,0,6,Matches
356,Nampalys Mendy,sn SEN,MF,Lens,32,1992,6.5,290,288,2,2,0,3,2,0,0,0,0,0,260,0,4,Matches
357,Gideon Mensah,gh GHA,DF,Auxerre,26,1998,25.3,1321,1097,220,19,2,12,76,201,0,0,0,0,1056,4,37,Matches
358,Quentin Merlin,fr FRA,DF,Marseille,22,2002,17.7,1145,980,162,15,0,4,95,121,26,6,15,0,943,3,27,Matches
359,Rafik Messali,fr FRA,DF,Toulouse,21,2003,5.1,227,199,28,4,0,0,16,24,0,0,0,0,166,0,10,Matches
360,Thomas Meunier,be BEL,DF,Lille,32,1991,21.4,1477,1298,179,12,2,8,62,165,2,0,0,0,1188,0,23,Matches
361,Lucas Michal,fr FRA,"FW,MF",Monaco,19,2005,1.3,44,42,2,0,0,0,2,0,0,0,0,0,36,0,0,Matches
362,Georges Mikautadze,ge GEO,FW,Lyon,23,2000,16.1,426,406,17,1,4,3,9,3,0,0,0,0,326,3,14,Matches
363,Igor Miladinović,rs SRB,"FW,MF",Saint-Étienne,21,2003,0.3,15,15,0,0,0,0,0,0,0,0,0,0,12,0,0,Matches
364,Takumi Minamino,jp JPN,"MF,FW",Monaco,29,1995,24.8,736,714,15,2,15,2,23,6,0,0,0,0,520,7,30,Matches
365,Lucas Mincarelli,fr FRA,DF,Montpellier,20,2004,7.9,379,331,47,13,0,0,21,24,5,4,0,0,309,1,6,Matches
366,Terem Moffi,ng NGA,FW,Nice,25,1999,0.6,10,10,0,0,0,0,0,0,0,0,0,0,6,0,0,Matches
367,Mostafa Mohamed,eg EGY,FW,Nantes,26,1997,13.9,247,227,17,0,2,0,4,1,0,0,0,0,160,3,9,Matches
368,Florent Mollet,fr FRA,"MF,FW",Nantes,32,1991,2.7,106,91,14,2,0,0,13,1,10,2,8,0,83,1,4,Matches
369,Diego Moreira,be BEL,"DF,MF",Strasbourg,19,2004,28.5,1327,1170,152,27,7,6,93,116,9,4,3,0,1028,5,30,Matches
370,Gabriel Moscardo,br BRA,"MF,DF",Reims,18,2005,0.9,38,37,1,1,0,0,0,0,0,0,0,0,30,0,0,Matches
371,Yael Mouanga,fr FRA,DF,Montpellier,19,2005,10.5,479,451,27,12,0,1,2,0,0,0,0,0,420,1,4,Matches
372,Aimen Moueffek,fr FRA,MF,Saint-Étienne,23,2001,11.5,396,390,6,4,2,0,4,1,0,0,0,0,336,0,7,Matches
373,Youssoufa Moukoko,de GER,"FW,MF",Nice,19,2004,2.3,44,41,3,1,0,0,1,0,0,0,0,0,36,0,0,Matches
374,Louis Mouton,fr FRA,MF,Saint-Étienne,22,2002,11.6,551,525,23,6,5,4,21,4,13,1,9,0,442,3,14,Matches
375,Ngal'Ayel Mukau,cd COD,MF,Lille,19,2004,13.2,645,638,5,0,1,2,5,3,0,0,0,0,575,2,17,Matches
376,Marshall Munetsi,zw ZIM,MF,Reims,28,1996,18.8,384,380,2,1,2,0,11,1,0,0,0,0,263,2,11,Matches
377,Almoatasem Al Musrati,ly LBY,MF,Monaco,28,1996,4.3,291,280,10,10,4,5,0,0,0,0,0,0,255,1,0,Matches
378,Junior Mwanga,fr FRA,MF,Le Havre,21,2003,10.6,445,418,26,14,1,4,21,2,10,9,1,0,366,1,3,Matches
379,Junior Mwanga,fr FRA,MF,Strasbourg,21,2003,3.3,147,144,3,3,0,1,0,0,0,0,0,0,133,0,1,Matches
380,Loïc N'Gatta,fr FRA,DF,Auxerre,20,2003,0.1,15,12,3,0,0,0,1,3,0,0,0,0,13,0,1,Matches
381,Djylian N'Guessan,fr FRA,FW,Saint-Étienne,15,2008,2.0,53,51,1,0,0,0,0,0,0,0,0,0,44,1,1,Matches
382,Mickael Nade,fr FRA,DF,Saint-Étienne,25,1999,25.6,1366,1277,89,47,1,1,1,3,0,0,0,0,1229,0,8,Matches
383,Bilal Nadir,ma MAR,MF,Marseille,20,2003,4.3,252,237,14,10,1,0,6,0,3,1,0,0,220,1,9,Matches
384,Mahamadou Nagida,cm CMR,DF,Rennes,19,2005,4.8,226,193,33,4,0,2,29,29,0,0,0,0,174,0,8,Matches
385,Keito Nakamura,jp JPN,"FW,MF",Reims,24,2000,29.4,775,743,29,6,3,10,56,10,4,1,2,0,575,3,27,Matches
386,Sebastian Nanasi,se SWE,"MF,FW",Strasbourg,22,2002,23.4,812,721,89,14,10,1,66,9,55,21,26,0,643,2,13,Matches
387,Yael Nandjou,fr FRA,DF,Nice,19,2005,1.7,66,53,13,0,0,0,4,13,0,0,0,0,50,0,3,Matches
388,Youssouf Ndayishimiye,bi BDI,DF,Nice,25,1998,21.5,1316,1237,74,52,2,5,2,6,0,0,0,0,1177,5,9,Matches
389,Junior Ndiaye,fr FRA,FW,Montpellier,19,2005,4.9,80,71,9,0,1,0,1,2,0,0,0,0,57,0,3,Matches
390,Rassoul Ndiaye,sn SEN,MF,Le Havre,22,2001,11.8,441,414,24,11,1,2,32,1,11,9,1,0,325,3,13,Matches
391,Wilfried Ndollo,cm CMR,DF,Montpellier,19,2005,4.5,190,154,34,2,0,0,6,32,0,0,0,0,151,2,7,Matches
392,Tanguy Ndombele,fr FRA,MF,Nice,27,1996,12.6,476,457,15,14,6,0,3,0,0,0,0,0,415,4,3,Matches
393,Loïc Nego,hu HUN,"DF,FW",Le Havre,33,1991,27.3,1228,1062,160,17,1,2,75,143,0,0,0,0,922,6,28,Matches
394,João Neves,pt POR,"MF,DF",Paris S-G,19,2004,20.5,1634,1538,93,35,11,17,15,48,0,0,0,0,1491,3,13,Matches
395,Mikayil Ngor Faye,sn SEN,DF,Rennes,20,2004,7.6,534,494,38,26,0,2,1,10,0,0,0,0,473,2,6,Matches
396,Steve Ngoura,fr FRA,FW,Le Havre,19,2005,3.2,57,49,8,0,0,0,2,0,0,0,0,0,37,0,4,Matches
397,Bernard Nguene,cm CMR,FW,Nice,17,2006,0.1,2,2,0,0,0,0,0,0,0,0,0,0,2,0,0,Matches
398,Moussa Niakhate,sn SEN,DF,Lyon,28,1996,30.3,1869,1748,119,44,4,6,5,34,0,0,0,0,1688,2,14,Matches
399,Abdoulaye Niakhate Ndiaye,sn SEN,DF,Brest,22,2002,19.0,931,888,41,36,0,8,2,1,0,0,0,0,804,2,5,Matches
400,Ibrahima Niane,sn SEN,FW,Angers,25,1999,10.5,190,170,18,2,1,2,2,0,0,0,0,0,130,2,4,Matches
401,Rasmus Nicolaisen,dk DEN,DF,Toulouse,27,1997,6.9,385,374,11,9,1,0,0,1,0,0,0,0,339,0,3,Matches
402,Arnaud Nordin,fr FRA,FW,Montpellier,26,1998,13.0,332,316,13,3,3,0,35,8,0,0,0,0,232,3,15,Matches
403,Plamedi Nsingi,,MF,Nantes,23,2000,0.2,6,6,0,0,0,0,0,0,0,0,0,0,2,0,1,Matches
404,Ernest Nuamah,gh GHA,"FW,MF",Lyon,20,2003,11.7,448,432,14,1,2,1,30,5,8,4,3,0,358,2,18,Matches
405,Rabby Nzingoula,fr FRA,MF,Montpellier,18,2005,18.8,592,578,11,8,7,2,16,1,2,0,0,0,454,3,27,Matches
406,M'Bala Nzola,ao ANG,FW,Lens,27,1996,16.2,302,296,5,0,0,1,1,1,0,0,0,0,227,1,8,Matches
407,Marwann Nzuzi,fr FRA,DF,Saint-Étienne,20,2004,1.4,55,41,14,0,0,0,1,14,0,0,0,0,46,0,1,Matches
408,Hamzat Ojediran,ng NGA,"MF,FW",Lens,20,2003,4.6,254,248,4,1,3,0,2,3,0,0,0,0,203,2,2,Matches
409,Joseph Okumu,ke KEN,DF,Reims,27,1997,18.8,1083,1012,67,44,3,15,5,17,0,0,0,0,883,4,8,Matches
410,Kazeem Olaigbe,be BEL,"MF,FW",Rennes,21,2003,3.3,141,138,3,0,1,2,10,0,2,1,1,0,124,0,3,Matches
411,Ben Old,nz NZL,"FW,MF",Saint-Étienne,21,2002,5.9,146,137,8,1,2,0,19,2,5,4,0,0,108,1,7,Matches
412,Warmed Omari,km COM,DF,Lyon,24,2000,0.1,6,5,1,1,0,0,0,0,0,0,0,0,6,0,0,Matches
413,Becir Omeragic,ch SUI,DF,Montpellier,22,2002,20.0,903,846,54,30,0,2,7,7,0,0,0,0,832,3,7,Matches
414,Andrew Omobamidele,ie IRL,DF,Strasbourg,22,2002,6.0,390,374,16,11,0,0,0,0,0,0,0,0,367,0,2,Matches
415,Ado Onaiwu,jp JPN,"MF,FW",Auxerre,28,1995,10.6,329,321,4,0,1,0,7,1,0,0,0,0,241,4,14,Matches
416,Christopher Operi,ci CIV,"DF,FW",Le Havre,27,1997,13.0,747,547,198,51,1,6,128,112,35,20,12,0,533,2,22,Matches
417,Fredrik Oppegard,no NOR,DF,Auxerre,21,2002,3.0,154,134,20,1,0,0,6,19,0,0,0,0,125,0,2,Matches
418,Victor Orakpo,ng NGA,FW,Nice,18,2006,0.4,17,16,1,0,0,0,0,0,0,0,0,0,15,0,1,Matches
419,Ike Orazi,ie IRL,MF,Reims,17,2007,0.0,1,1,0,0,0,0,0,0,0,0,0,0,1,0,0,Matches
420,Gift Orban,ng NGA,"FW,DF",Lyon,22,2002,2.1,33,30,3,0,0,0,1,1,1,0,0,0,22,0,4,Matches
421,Gabriel Osho,ng NGA,DF,Auxerre,25,1998,18.4,753,716,36,18,0,6,3,4,0,0,0,0,669,1,3,Matches
422,Jibril Othman,tn TUN,FW,Saint-Étienne,20,2004,0.1,1,1,0,0,0,0,0,0,0,0,0,0,1,0,0,Matches
423,Abdoul Ouattara,fr FRA,"DF,FW",Strasbourg,18,2005,5.2,195,185,10,1,0,1,3,9,0,0,0,0,167,0,3,Matches
424,Kassoum Ouattara,fr FRA,"DF,FW",Monaco,19,2004,4.3,217,169,48,3,0,3,17,45,0,0,0,0,172,0,6,Matches
425,Zinédine Ould Khaled,fr FRA,MF,Angers,24,2000,3.8,123,121,1,1,0,0,0,0,0,0,0,0,112,1,2,Matches
426,Beres Owusu,fr FRA,DF,Saint-Étienne,20,2003,1.0,32,26,6,0,0,0,1,6,0,0,0,0,20,0,1,Matches
427,Elisha Owusu,gh GHA,MF,Auxerre,26,1997,26.0,847,838,7,6,0,10,8,1,0,0,0,0,693,2,13,Matches
428,Willian Pacho,ec ECU,DF,Paris S-G,22,2001,23.7,1968,1920,46,27,0,3,0,11,0,0,0,0,1865,2,7,Matches
429,Nicolas Pallois,fr FRA,DF,Nantes,36,1987,22.4,874,813,61,32,1,4,7,26,0,0,0,0,731,0,8,Matches
430,Nicolas Pays,fr FRA,"FW,MF",Montpellier,20,2003,5.0,179,168,11,1,1,0,17,4,2,0,1,0,139,0,5,Matches
431,Kévin Pedro,fr FRA,DF,Saint-Étienne,18,2006,0.1,11,8,3,0,0,0,1,3,0,0,0,0,6,0,0,Matches
432,Jordan Pefok,us USA,FW,Reims,28,1996,4.2,50,45,5,0,0,1,1,1,0,0,0,0,39,0,2,Matches
433,Théo Pellenard,fr FRA,DF,Auxerre,30,1994,0.5,20,11,8,2,0,0,2,6,0,0,0,0,15,1,0,Matches
434,Timothee Pembele,fr FRA,DF,Le Havre,21,2002,12.4,520,440,79,15,1,2,28,64,0,0,0,0,424,1,23,Matches
435,Faris Pemi Moumbagna,cm CMR,FW,Marseille,24,2000,0.1,0,0,0,0,0,0,0,0,0,0,0,0,0,0,0,Matches
436,Óscar Perea,co COL,"MF,DF",Strasbourg,18,2005,0.2,10,9,1,0,0,0,0,1,0,0,0,0,10,0,0,Matches
437,Mathias Pereira Lage,pt POR,"FW,MF",Brest,27,1996,17.5,490,411,77,25,2,2,99,6,46,26,18,0,308,2,20,Matches
438,Lucas Perri,br BRA,GK,Lyon,26,1997,33.0,1040,831,205,53,0,3,0,0,0,0,0,0,799,4,2,Matches
439,Gaëtan Perrin,fr FRA,"MF,FW",Auxerre,28,1996,29.9,1031,820,204,57,9,12,162,7,110,40,54,0,728,7,43,Matches
440,Prosper Peter,ng NGA,"MF,FW",Angers,16,2007,0.3,2,2,0,0,0,0,0,0,0,0,0,0,1,0,0,Matches
441,Léo Pétrot,fr FRA,DF,Saint-Étienne,27,1997,29.3,1385,1163,220,18,1,2,51,196,6,5,0,0,1114,2,28,Matches
442,Đorđe Petrović,rs SRB,GK,Strasbourg,24,1999,31.0,1547,1371,174,67,0,1,0,0,0,0,0,0,1244,2,1,Matches
443,Tom Pouilly,fr FRA,"DF,MF",Lens,21,2003,3.0,218,188,29,4,0,1,11,24,1,0,1,0,171,1,4,Matches
444,Adrien Rabiot,fr FRA,MF,Marseille,29,1995,27.6,1543,1508,32,19,6,0,40,11,0,0,0,0,1309,3,38,Matches
445,Gonçalo Ramos,pt POR,FW,Paris S-G,23,2001,11.8,241,237,3,2,2,0,1,1,0,0,0,0,193,1,8,Matches
446,Lilian Raolisoa,fr FRA,"DF,FW",Angers,24,2000,14.6,564,457,102,19,4,3,77,61,22,5,11,1,392,5,19,Matches
447,Rayan Raveloson,mg MAD,"MF,DF",Auxerre,27,1997,8.0,313,290,23,15,1,6,8,2,4,1,3,0,271,0,9,Matches
448,Guillaume Restes,fr FRA,GK,Toulouse,19,2005,28.3,811,602,208,73,0,1,0,0,0,0,0,0,587,1,1,Matches
449,Alexsandro Ribeiro,br BRA,DF,Lille,24,1999,30.0,2417,2266,150,65,3,10,8,12,0,0,0,0,2204,1,9,Matches
450,Alejandro Rodriguez,pt POR,MF,Lyon,16,2008,0.2,2,2,0,0,0,0,1,0,0,0,0,0,1,0,1,Matches
451,Valentin Rongier,fr FRA,"MF,DF",Marseille,29,1994,17.4,1408,1373,31,17,1,3,7,14,0,0,0,0,1271,4,25,Matches
452,Pablo Rosario,do DOM,"MF,DF",Nice,27,1997,19.7,754,739,14,13,3,2,3,0,0,0,0,0,641,1,11,Matches
453,Anthony Rouault,fr FRA,DF,Rennes,23,2001,10.8,680,651,28,18,0,1,0,0,0,0,0,0,623,1,7,Matches
454,Jonathan Rowe,eng ENG,"FW,MF",Marseille,21,2003,9.0,291,271,19,3,5,1,28,3,6,3,1,0,233,1,8,Matches
455,Fabián Ruiz Peña,es ESP,MF,Paris S-G,28,1996,21.4,1627,1577,47,32,7,15,27,10,3,0,0,0,1458,3,27,Matches
456,Gerónimo Rulli,ar ARG,GK,Marseille,32,1992,34.0,1204,1013,189,84,0,3,0,0,0,0,0,0,1058,2,0,Matches
457,Mathew Ryan,au AUS,GK,Lens,32,1992,14.0,408,309,99,33,0,0,0,0,0,0,0,0,305,0,0,Matches
458,Emmanuel Sabbi,us USA,"FW,MF",Le Havre,26,1997,7.3,128,121,7,1,1,0,15,1,1,0,0,0,91,0,4,Matches
459,Falaye Sacko,ml MLI,DF,Montpellier,29,1995,13.7,648,540,108,11,0,2,12,97,0,0,0,0,542,0,14,Matches
460,Matvei Safonov,ru RUS,GK,Paris S-G,25,1999,9.8,311,252,58,10,0,0,0,0,0,0,0,0,250,1,1,Matches
461,Modibo Sagnan,ml MLI,DF,Montpellier,25,1999,23.8,967,932,33,25,0,12,1,3,0,0,0,0,857,2,7,Matches
462,Osame Sahraoui,ma MAR,"FW,MF",Lille,23,2001,14.4,614,597,14,3,6,0,12,10,1,0,0,0,515,3,23,Matches
463,Wesley Saïd,fr FRA,FW,Lens,29,1995,10.1,248,227,20,2,2,1,8,2,0,0,0,0,193,1,3,Matches
464,Théo Sainte-Luce,fr FRA,DF,Montpellier,25,1998,11.3,347,278,67,1,0,0,23,66,0,0,0,0,257,2,8,Matches
465,Ibrahim Salah,ma MAR,FW,Brest,22,2001,4.0,129,127,1,0,0,1,15,0,1,0,1,0,88,1,7,Matches
466,Amine Salama,fr FRA,FW,Reims,24,2000,4.1,82,75,7,0,0,2,4,0,0,0,0,0,62,0,4,Matches
467,Mohammed Salisu,gh GHA,DF,Monaco,25,1999,11.4,775,738,37,25,0,3,0,2,0,0,0,0,662,0,7,Matches
468,Yoann Salmier,gf GUF,DF,Le Havre,31,1992,8.9,346,311,35,16,1,4,1,18,0,0,0,0,283,0,4,Matches
469,Mama Samba Baldé,gw GNB,FW,Lyon,28,1995,0.4,6,6,0,0,0,0,0,0,0,0,0,0,4,0,0,Matches
470,Mama Samba Baldé,gw GNB,FW,Brest,28,1995,12.8,253,251,2,0,1,3,10,2,0,0,0,0,183,0,11,Matches
471,Brice Samba,fr FRA,GK,Rennes,30,1994,17.0,672,515,156,54,0,2,0,0,0,0,0,0,525,1,0,Matches
472,Brice Samba,fr FRA,GK,Lens,30,1994,15.0,512,399,112,36,0,4,0,0,0,0,0,0,415,1,0,Matches
473,Arouna Sangante,sn SEN,DF,Le Havre,22,2002,13.8,796,741,53,27,0,1,2,22,0,0,0,0,693,2,3,Matches
474,Nhoa Sangui,fr FRA,"DF,MF",Reims,18,2006,12.9,608,525,81,9,0,3,16,72,0,0,0,0,510,2,15,Matches
475,Morgan Sanson,fr FRA,MF,Nice,29,1994,2.6,106,104,2,2,1,2,4,0,0,0,0,0,83,0,2,Matches
476,Baptiste Santamaria,fr FRA,MF,Nice,29,1995,10.3,471,460,9,8,3,4,3,0,1,0,1,0,389,2,9,Matches
477,Baptiste Santamaria,fr FRA,MF,Rennes,29,1995,5.4,308,296,12,10,1,2,4,1,0,0,0,0,254,0,9,Matches
478,Andrey Santos,br BRA,MF,Strasbourg,20,2004,31.7,1588,1519,62,61,8,1,0,1,0,0,0,0,1401,7,23,Matches
479,Tiago Santos,pt POR,DF,Lille,22,2002,4.5,223,201,22,1,0,0,19,21,0,0,0,0,175,0,6,Matches
480,Malang Sarr,fr FRA,DF,Lens,25,1999,15.4,955,909,45,31,1,8,1,5,0,0,0,0,854,1,11,Matches
481,Mamadou Sarr,sn SEN,DF,Strasbourg,18,2005,26.3,1699,1612,86,57,0,2,1,4,0,0,0,0,1593,1,13,Matches
482,Martin Satriano,uy URU,"FW,DF",Lens,23,2001,1.0,30,27,3,0,0,0,1,1,0,0,0,0,18,0,2,Matches
483,Téji Savanier,fr FRA,MF,Montpellier,32,1991,26.3,1481,1176,285,113,13,49,199,17,112,41,61,0,1031,20,27,Matches
484,Niklas Schmidt,de GER,MF,Toulouse,26,1998,2.3,180,166,14,2,0,3,16,0,12,5,7,0,142,0,4,Matches
485,Jérémy Sebas,mq MTQ,"FW,MF",Strasbourg,21,2003,2.1,41,40,1,0,0,0,2,0,0,0,0,0,27,0,3,Matches
486,Alidu Seidu,gh GHA,DF,Rennes,24,2000,8.9,518,435,81,19,1,3,4,56,0,0,0,0,426,2,7,Matches
487,Hiroki Sekine,jp JPN,DF,Reims,21,2002,9.9,504,425,77,9,0,1,21,68,0,0,0,0,407,2,15,Matches
488,Marvin Senaya,tg TOG,DF,Strasbourg,23,2001,2.5,138,109,27,5,0,0,1,22,0,0,0,0,110,2,4,Matches
489,Djibril Sidibé,fr FRA,DF,Toulouse,32,1992,23.3,1277,1094,180,48,6,4,45,127,1,0,1,0,1018,3,16,Matches
490,Vincent Sierro,ch SUI,MF,Toulouse,28,1995,26.7,1372,1237,132,70,6,14,64,3,38,18,18,0,1076,3,18,Matches
491,Caio Henrique Oliveira Silva,br BRA,DF,Monaco,27,1997,21.4,1383,1113,267,56,6,3,126,175,36,16,15,0,1025,3,37,Matches
492,Abdallah Sima,sn SEN,"FW,MF",Brest,23,2001,13.8,332,327,5,2,0,1,16,3,0,0,0,0,231,0,15,Matches
493,Moses Simon,ng NGA,"FW,MF",Nantes,29,1995,29.0,815,692,123,27,5,1,222,23,67,35,24,0,505,0,48,Matches
494,Lassine Sinayoko,ml MLI,"FW,MF",Auxerre,24,1999,25.5,688,653,32,2,5,0,25,3,1,0,0,0,528,3,26,Matches
495,Wilfried Singo,ci CIV,DF,Monaco,23,2000,23.3,1452,1346,100,64,1,10,10,36,0,0,0,0,1252,6,8,Matches
496,Ayanda Sishuba,be BEL,FW,Rennes,19,2005,0.0,0,0,0,0,0,0,0,0,0,0,0,0,0,0,0,Matches
497,Ibrahim Sissoko,ml MLI,FW,Saint-Étienne,28,1995,9.1,178,156,21,0,1,2,3,0,0,0,0,0,118,1,7,Matches
498,Niama Sissoko,ml MLI,"FW,MF",Reims,18,2005,0.5,11,9,2,0,0,0,0,0,0,0,0,0,7,0,1,Matches
499,Leo Skiri Østigård,no NOR,DF,Rennes,24,1999,13.6,797,769,28,16,0,4,0,1,0,0,0,0,676,0,6,Matches
500,Milan Škriniar,sk SVK,DF,Paris S-G,29,1995,4.2,374,360,14,8,0,2,0,1,0,0,0,0,361,0,0,Matches
501,Naatan Skyttä,fi FIN,FW,Toulouse,22,2002,0.1,4,4,0,0,0,0,0,0,0,0,0,0,4,0,0,Matches
502,Eduard Sobol,ua UKR,DF,Strasbourg,29,1995,1.1,34,26,8,1,0,0,1,7,0,0,0,0,22,0,1,Matches
503,Florian Sotoca,fr FRA,"FW,MF",Lens,33,1990,19.9,996,943,43,5,8,5,75,29,2,0,0,0,732,10,42,Matches
504,Issa Soumaré,sn SEN,"FW,MF",Le Havre,23,2000,21.1,554,544,6,2,1,4,42,3,0,0,0,0,339,4,21,Matches
505,Saidou Sow,gn GUI,DF,Strasbourg,22,2002,11.3,636,618,17,13,0,0,0,0,0,0,0,0,577,1,1,Matches
506,Saidou Sow,gn GUI,DF,Nantes,22,2002,8.9,399,361,37,6,0,1,0,2,0,0,0,0,332,1,1,Matches
507,Lucas Stassin,be BEL,FW,Saint-Étienne,19,2004,21.0,473,408,63,0,5,1,19,0,0,0,0,0,350,2,23,Matches
508,Enzo Sternal,fr FRA,"FW,MF",Marseille,17,2007,0.3,8,8,0,0,0,0,0,0,0,0,0,0,7,0,0,Matches
509,Gabriel Suazo,cl CHI,DF,Toulouse,26,1997,24.0,1248,1031,214,36,3,9,78,158,20,14,4,0,994,3,27,Matches
510,Abakar Sylla,ci CIV,DF,Strasbourg,21,2002,10.6,658,589,69,25,0,1,1,12,0,0,0,0,583,0,7,Matches
511,Issiaga Sylla,gn GUI,DF,Montpellier,30,1994,12.8,563,478,84,7,2,3,36,77,0,0,0,0,435,1,16,Matches
512,Musa Al-Taamari,jo JOR,"FW,MF",Montpellier,27,1997,12.4,304,283,20,2,1,1,14,13,1,0,0,0,235,1,14,Matches
513,Musa Al-Taamari,jo JOR,"FW,MF",Rennes,27,1997,6.3,132,124,8,2,0,0,6,0,0,0,0,0,108,0,5,Matches
514,Nicolás Tagliafico,ar ARG,DF,Lyon,31,1992,21.1,1338,1179,155,23,0,1,37,132,0,0,0,0,1159,4,24,Matches
515,Axel Tapé,fr FRA,"DF,MF",Paris S-G,16,2007,2.0,151,148,3,2,0,0,0,1,0,0,0,0,142,0,2,Matches
516,Florian Tardieu,fr FRA,MF,Saint-Étienne,32,1992,13.9,1013,953,57,30,4,6,24,11,16,7,3,0,869,3,7,Matches
517,Oussama Targhalline,ma MAR,MF,Le Havre,22,2002,11.0,437,419,13,9,5,5,16,2,2,0,0,0,348,5,10,Matches
518,Enzo Tchato,cm CMR,DF,Montpellier,21,2002,21.1,1010,807,196,20,1,0,77,176,0,0,0,0,757,7,28,Matches
519,Arnau Tenas,es ESP,GK,Paris S-G,23,2001,1.0,32,29,3,1,0,0,0,0,0,0,0,0,31,0,0,Matches
520,Tanner Tessmann,us USA,MF,Lyon,22,2001,13.7,766,748,18,7,1,16,14,5,5,3,2,0,685,0,7,Matches
521,Teddy Teuma,mt MLT,MF,Reims,30,1993,8.3,624,545,75,29,3,8,44,10,23,17,4,0,494,4,17,Matches
522,Jordan Teze,nl NED,DF,Monaco,24,1999,6.3,363,289,73,7,1,1,12,63,3,1,0,0,287,1,9,Matches
523,Sorba Thomas,wls WAL,"FW,MF",Nantes,24,1999,14.7,550,456,93,18,0,1,130,22,53,22,25,0,360,1,16,Matches
524,Adrien Thomasson,fr FRA,MF,Lens,30,1993,29.1,1612,1539,68,36,4,9,58,8,24,8,13,0,1318,5,33,Matches
525,Corentin Tolisso,fr FRA,MF,Lyon,29,1994,25.9,1602,1527,71,40,5,13,32,27,1,1,0,0,1359,4,41,Matches
526,Abdoulaye Touré,gn GUI,MF,Le Havre,30,1994,25.8,1059,1040,13,12,3,12,11,0,0,0,0,0,868,6,8,Matches
527,Birama Touré,ml MLI,"MF,DF",Montpellier,32,1992,3.3,123,121,2,2,0,1,0,0,0,0,0,0,101,0,0,Matches
528,Ousmane Toure,fr FRA,DF,Lille,19,2005,0.1,6,5,1,0,0,0,0,1,0,0,0,0,4,0,0,Matches
529,Adrien Truffert,fr FRA,"DF,MF",Rennes,22,2001,30.6,1601,1312,283,27,1,3,145,218,38,11,19,0,1263,6,39,Matches
530,Vanderson,br BRA,DF,Monaco,23,2001,22.9,1403,1175,220,30,4,13,59,190,0,0,0,0,1090,8,30,Matches
531,Robinio Vaz,fr FRA,FW,Marseille,17,2007,0.8,8,8,0,0,0,0,1,0,0,0,0,0,2,0,0,Matches
532,Jordan Veretout,fr FRA,MF,Lyon,31,1993,17.3,944,905,38,13,1,6,26,6,8,8,0,0,792,1,14,Matches
533,Ben Viadere,fr FRA,MF,Auxerre,18,2005,0.1,6,3,3,0,0,0,4,0,3,1,2,0,2,0,1,Matches
534,Vitinha,pt POR,MF,Paris S-G,24,2000,22.7,2403,2325,75,56,13,22,21,10,6,2,1,0,2236,3,19,Matches
535,Ibrahima Wadji,sn SEN,"FW,MF",Saint-Étienne,29,1995,3.9,63,54,9,0,0,0,2,0,0,0,0,0,53,0,1,Matches
536,Elye Wahi,fr FRA,FW,Marseille,21,2003,6.4,111,102,8,0,0,1,2,0,0,0,0,0,88,1,6,Matches
537,Caleb Wiley,us USA,"DF,MF",Strasbourg,19,2004,3.0,123,100,22,2,1,2,7,20,0,0,0,0,97,1,4,Matches
538,Christopher Wooh,cm CMR,DF,Rennes,22,2001,16.2,860,822,35,27,0,2,0,1,0,0,0,0,749,3,5,Matches
539,Etienne Youte Kinkoue,fr FRA,DF,Le Havre,22,2002,25.8,1262,1185,76,59,0,5,2,4,0,0,0,0,1124,1,4,Matches
540,Eloge Zabi,ci CIV,"DF,MF",Reims,17,2006,0.2,12,12,0,0,0,0,0,0,0,0,0,0,9,0,0,Matches
541,Yoram Zague,fr FRA,"DF,FW",Paris S-G,18,2006,2.0,183,168,15,0,0,0,4,15,0,0,0,0,172,0,2,Matches
542,Wilfried Zaha,ci CIV,FW,Lyon,31,1992,0.8,32,31,1,1,0,0,0,0,0,0,0,0,28,0,2,Matches
543,Warren Zaïre-Emery,fr FRA,"MF,DF",Paris S-G,18,2006,22.8,1677,1605,70,17,2,18,9,50,0,0,0,0,1557,2,22,Matches
544,Miha Zajc,si SVN,MF,Toulouse,30,1994,2.9,185,179,6,2,1,0,7,0,4,2,2,0,153,0,2,Matches
545,Denis Zakaria,ch SUI,MF,Monaco,27,1996,23.8,1175,1135,38,36,4,2,7,2,0,0,0,0,1062,2,8,Matches
546,Anass Zaroury,ma MAR,"FW,MF",Lens,23,2000,15.6,746,661,82,17,3,5,125,14,39,27,4,0,506,3,31,Matches
547,Nathan Zeze,fr FRA,DF,Nantes,19,2005,16.8,859,826,32,20,1,4,1,5,0,0,0,0,737,1,2,Matches
548,Edon Zhegrova,xk KVX,"FW,MF",Lille,25,1999,10.9,416,352,58,17,2,1,58,8,33,9,14,0,316,6,8,Matches
549,Melvin Zinga,fr FRA,GK,Angers,22,2002,1.0,33,19,14,3,0,0,0,0,0,0,0,0,21,0,0,Matches
550,Luck Zogbé,ci CIV,DF,Brest,19,2005,7.1,328,259,69,10,0,0,14,59,0,0,0,0,253,0,7,Matches
551,Aristide Zossou,ci CIV,MF,Auxerre,19,2005,0.2,18,18,0,0,1,1,1,0,0,0,0,0,16,0,1,Matches
552,Yanis Zouaoui,dz ALG,"DF,FW",Le Havre,30,1994,10.8,595,421,172,34,1,1,110,89,49,33,15,0,408,2,18,Matches
553,Edhy Zuliani,fr FRA,DF,Toulouse,19,2004,0.1,2,2,0,0,0,0,0,0,0,0,0,0,2,0,0,Matches
