Unnamed: 0_level_0_Rk,Unnamed: 1_level_0_Player,Unnamed: 2_level_0_Nation,Unnamed: 3_level_0_Pos,Unnamed: 4_level_0_Squad,Unnamed: 5_level_0_Age,Unnamed: 6_level_0_Born,Unnamed: 7_level_0_90s,Tackles_Tkl,Tackles_TklW,Tackles_Def 3rd,Tackles_Mid 3rd,Tackles_Att 3rd,Challenges_Tkl,Challenges_Att,Challenges_Tkl%,Challenges_Lost,Blocks_Blocks,Blocks_Sh,Blocks_Pass,Unnamed: 20_level_0_Int,Unnamed: 21_level_0_Tkl+Int,Unnamed: 22_level_0_Clr,Unnamed: 23_level_0_Err,Unnamed: 24_level_0_Matches
1,Brenden Aaronson,us USA,"MF,FW",Union Berlin,22,2000,14.1,32,18,13,13,6,16,32,50.0,16,26,1,25,2,34,4,0,Matches
2,Paxten Aaronson,us USA,MF,Eint Frankfurt,19,2003,1.1,2,2,1,1,0,1,1,100.0,0,2,0,2,0,2,0,0,Matches
3,Junior Adamu,at AUT,"FW,MF",Freiburg,22,2001,1.2,5,1,1,2,2,1,2,50.0,1,1,0,1,0,5,2,0,Matches
4,Sargis Adamyan,am ARM,"FW,MF",Köln,30,1993,8.9,14,9,2,9,3,6,11,54.5,5,16,1,15,5,19,7,0,Matches
5,Karim Adeyemi,de GER,"FW,MF",Dortmund,21,2002,10.1,16,14,9,4,3,8,20,40.0,12,11,0,11,3,19,5,0,Matches
6,Amine Adli,ma MAR,"MF,FW",Leverkusen,23,2000,10.0,16,7,2,10,4,7,17,41.2,10,10,2,8,6,22,5,0,Matches
7,Felix Agu,ng NGA,"DF,MF",Werder Bremen,23,1999,17.9,45,29,28,13,4,29,41,70.7,12,27,7,20,13,58,41,0,Matches
8,Ludovic Ajorque,fr FRA,FW,Mainz 05,29,1994,15.1,3,2,1,2,0,2,11,18.2,9,6,2,4,4,7,11,0,Matches
9,Kevin Akpoguma,ng NGA,DF,Hoffenheim,28,1995,12.2,35,18,22,12,1,26,35,74.3,9,28,8,20,18,53,32,0,Matches
10,Faride Alidou,de GER,"FW,MF",Köln,22,2001,14.2,10,4,3,6,1,4,18,22.2,14,23,2,21,8,18,15,1,Matches
11,Skelly Alvero,fr FRA,MF,Werder Bremen,21,2002,1.4,6,4,1,5,0,3,3,100.0,0,3,1,2,1,7,1,0,Matches
12,Nadiem Amiri,de GER,MF,Mainz 05,26,1996,14.6,22,14,8,10,4,13,19,68.4,6,16,2,14,14,36,18,0,Matches
13,Nadiem Amiri,de GER,MF,Leverkusen,26,1996,1.0,4,2,0,3,1,0,3,0.0,3,0,0,0,0,4,1,0,Matches
14,Kofi Amoako,de GER,MF,Wolfsburg,18,2005,0.0,0,0,0,0,0,0,0,,0,0,0,0,0,0,0,0,Matches
15,Robert Andrich,de GER,"MF,DF",Leverkusen,28,1994,18.8,30,18,8,14,8,13,24,54.2,11,15,4,11,20,50,17,0,Matches
16,Waldemar Anton,de GER,DF,Stuttgart,27,1996,32.1,39,25,21,16,2,23,42,54.8,19,33,20,13,40,79,150,1,Matches
17,Christopher Antwi-Adjei,gh GHA,"FW,MF",Bochum,29,1994,13.5,21,12,10,6,5,12,22,54.5,10,13,2,11,2,23,11,1,Matches
18,Asaf Arania,il ISR,MF,Darmstadt 98,17,2005,0.1,0,0,0,0,0,0,0,,0,0,0,0,0,0,0,0,Matches
19,Maximilian Arnold,de GER,MF,Wolfsburg,29,1994,27.8,51,31,15,27,9,28,57,49.1,29,23,4,19,24,75,60,0,Matches
20,Arthur,br BRA,DF,Leverkusen,20,2003,2.0,4,3,2,0,2,2,2,100.0,0,1,1,0,0,4,7,0,Matches
21,Takuma Asano,jp JPN,"FW,MF",Bochum,28,1994,22.1,17,6,2,9,6,7,23,30.4,16,17,3,14,4,21,11,0,Matches
22,Jonathan Asp Jensen,dk DEN,FW,Bayern Munich,17,2006,0.0,0,0,0,0,0,0,0,,0,0,0,0,0,0,1,0,Matches
23,Noah Atubolu,de GER,GK,Freiburg,21,2002,34.0,0,0,0,0,0,0,1,0.0,1,0,0,0,0,0,8,1,Matches
24,Matthias Bader,de GER,"DF,MF",Darmstadt 98,26,1997,20.0,51,25,32,11,8,33,65,50.8,32,22,4,18,25,76,20,0,Matches
25,Ridle Baku,de GER,"DF,MF",Wolfsburg,25,1998,22.4,37,20,24,7,6,21,46,45.7,25,27,1,26,21,58,45,1,Matches
26,Samuel Bamba,de GER,FW,Dortmund,19,2004,0.5,1,1,1,0,0,1,2,50.0,1,0,0,0,0,1,1,0,Matches
27,Aymen Barkok,ma MAR,"MF,FW",Mainz 05,25,1998,3.6,9,5,2,6,1,3,6,50.0,3,7,0,7,2,11,1,0,Matches
28,Leandro Barreiro Martins,lu LUX,MF,Mainz 05,23,2000,29.0,65,40,19,37,9,30,50,60.0,20,45,16,29,36,101,53,0,Matches
29,Daniel Batz,de GER,GK,Mainz 05,32,1991,4.0,0,0,0,0,0,0,0,,0,0,0,0,0,0,3,0,Matches
30,Maximilian Bauer,de GER,DF,Augsburg,23,2000,9.0,19,12,13,4,2,9,17,52.9,8,14,8,6,11,30,30,1,Matches
31,Elias Baum,de GER,"DF,MF",Eint Frankfurt,17,2005,0.3,1,0,0,0,1,0,0,,0,3,2,1,0,1,1,0,Matches
32,Oliver Baumann,de GER,GK,Hoffenheim,33,1990,34.0,1,1,1,0,0,1,2,50.0,1,0,0,0,0,1,19,2,Matches
33,Christoph Baumgartner,at AUT,"MF,FW",RB Leipzig,23,1999,12.9,26,13,10,12,4,14,38,36.8,24,20,1,19,5,31,14,0,Matches
34,Ihlas Bebou,tg TOG,"FW,DF",Hoffenheim,29,1994,18.2,22,12,10,8,4,8,16,50.0,8,13,2,11,14,36,15,0,Matches
35,Adrian Beck,de GER,"MF,FW",Heidenheim,26,1997,10.8,22,13,8,12,2,9,24,37.5,15,17,0,17,4,26,15,0,Matches
36,Sheraldo Becker,sr SUR,"FW,MF",Union Berlin,28,1995,7.2,3,3,0,2,1,0,2,0.0,2,2,0,2,0,3,2,0,Matches
37,Chris Bedia,ci CIV,"FW,MF",Union Berlin,27,1996,1.6,2,1,0,2,0,0,1,0.0,1,3,0,3,0,2,2,0,Matches
38,Donny van de Beek,nl NED,"MF,FW",Eint Frankfurt,26,1997,4.0,8,3,3,3,2,3,7,42.9,4,5,1,4,3,11,1,0,Matches
39,Kevin Behrens,de GER,FW,Wolfsburg,32,1991,6.8,2,1,0,1,1,0,2,0.0,2,9,0,9,3,5,6,0,Matches
40,Kevin Behrens,de GER,FW,Union Berlin,32,1991,14.0,13,10,3,7,3,1,4,25.0,3,7,2,5,6,19,19,0,Matches
41,Maximilian Beier,de GER,"FW,MF",Hoffenheim,20,2002,26.9,20,12,5,11,4,4,19,21.1,15,21,1,20,9,29,12,0,Matches
42,Stefan Bell,de GER,DF,Mainz 05,31,1991,7.4,8,8,7,1,0,4,8,50.0,4,7,5,2,6,14,30,0,Matches
43,Ramy Bensebaini,dz ALG,DF,Dortmund,28,1995,11.5,34,21,21,11,2,24,34,70.6,10,22,7,15,16,50,37,0,Matches
44,Mergim Berisha,de GER,FW,Hoffenheim,25,1998,1.6,0,0,0,0,0,0,0,,0,2,1,1,0,0,0,0,Matches
45,Mergim Berisha,de GER,FW,Augsburg,25,1998,1.4,0,0,0,0,0,0,0,,0,1,0,1,0,0,3,0,Matches
46,Bernardo,br BRA,DF,Bochum,28,1995,32.5,99,58,56,35,8,45,69,65.2,24,66,30,36,55,154,120,1,Matches
47,Matúš Bero,sk SVK,"MF,FW",Bochum,27,1995,18.5,32,22,13,12,7,13,32,40.6,19,24,3,21,12,44,26,0,Matches
48,Jan-Niklas Beste,de GER,"FW,MF",Heidenheim,24,1999,28.9,77,49,35,24,18,28,55,50.9,27,48,1,47,18,95,31,0,Matches
49,Pep Biel,es ESP,"MF,FW",Augsburg,26,1996,3.2,4,3,0,2,2,1,3,33.3,2,2,1,1,2,6,2,0,Matches
50,Tom Bischof,de GER,"MF,FW",Hoffenheim,18,2005,2.0,8,4,6,1,1,2,9,22.2,7,3,0,3,1,9,2,0,Matches
51,Leonardo Bittencourt,de GER,MF,Werder Bremen,29,1993,17.5,42,18,20,17,5,15,39,38.5,24,18,1,17,13,55,6,0,Matches
52,Hendry Blank,de GER,DF,Dortmund,18,2004,0.5,1,0,1,0,0,1,1,100.0,0,1,0,1,0,1,4,0,Matches
53,Janis Blaswich,de GER,GK,RB Leipzig,32,1991,21.0,1,1,1,0,0,0,0,,0,0,0,0,0,1,7,3,Matches
54,Sacha Boey,fr FRA,DF,Bayern Munich,22,2000,1.2,2,0,2,0,0,1,2,50.0,1,1,0,1,1,3,2,0,Matches
55,Victor Boniface,ng NGA,FW,Leverkusen,22,2000,17.2,6,4,0,1,5,1,4,25.0,3,6,1,5,0,6,13,0,Matches
56,Leonardo Bonucci,it ITA,DF,Union Berlin,36,1987,5.1,6,5,2,4,0,4,4,100.0,0,5,3,2,7,13,16,0,Matches
57,Yvandro Borges Sanches,lu LUX,"MF,FW",Gladbach,19,2004,0.2,0,0,0,0,0,0,0,,0,0,0,0,0,0,0,0,Matches
58,Sebastiaan Bornauw,be BEL,DF,Wolfsburg,24,1999,15.9,26,12,19,7,0,13,19,68.4,6,21,12,9,18,44,81,0,Matches
59,Rafael Borré,co COL,FW,Werder Bremen,27,1995,11.0,10,7,2,4,4,5,16,31.3,11,8,2,6,2,12,10,0,Matches
60,Julian Brandt,de GER,"MF,FW",Dortmund,27,1996,24.7,17,14,8,8,1,10,27,37.0,17,20,3,17,8,25,18,0,Matches
61,Fabian Bredlow,de GER,GK,Stuttgart,28,1995,4.0,0,0,0,0,0,0,1,0.0,1,0,0,0,0,0,3,0,Matches
62,Tim Breithaupt,de GER,MF,Augsburg,21,2002,7.0,20,11,11,9,0,13,21,61.9,8,15,3,12,8,28,10,0,Matches
63,Maximilian Breunig,de GER,FW,Freiburg,22,2000,0.1,0,0,0,0,0,0,0,,0,1,0,1,0,0,0,0,Matches
64,Bennit Bröger,de GER,FW,Wolfsburg,17,2006,0.1,0,0,0,0,0,0,0,,0,0,0,0,0,0,0,0,Matches
65,John Brooks,us USA,DF,Hoffenheim,30,1993,17.1,28,15,17,10,1,15,30,50.0,15,29,17,12,27,55,109,1,Matches
66,Moritz Broschinski,de GER,FW,Bochum,22,2000,13.9,11,7,2,5,4,2,8,25.0,6,11,2,9,0,11,6,0,Matches
67,Alexander Brunst,de GER,GK,Darmstadt 98,28,1995,3.0,0,0,0,0,0,0,2,0.0,2,0,0,0,0,0,2,1,Matches
68,Marius Bülter,de GER,"DF,FW",Hoffenheim,30,1993,15.0,18,11,9,5,4,12,23,52.2,11,17,3,14,10,28,20,0,Matches
69,Jonathan Burkardt,de GER,"FW,MF",Mainz 05,23,2000,17.1,12,8,2,6,4,4,11,36.4,7,16,3,13,3,15,2,0,Matches
70,Oliver Burke,sct SCO,FW,Werder Bremen,26,1997,0.4,0,0,0,0,0,0,2,0.0,2,0,0,0,0,0,0,0,Matches
71,Marnon Busch,de GER,DF,Heidenheim,28,1994,6.6,11,9,6,3,2,7,12,58.3,5,9,2,7,10,21,12,0,Matches
72,Aurélio Buta,pt POR,"DF,MF",Eint Frankfurt,26,1997,19.4,40,25,19,16,5,21,38,55.3,17,24,5,19,15,55,36,0,Matches
73,Anthony Caci,fr FRA,DF,Mainz 05,26,1997,27.6,56,23,30,25,1,27,44,61.4,17,43,7,36,32,88,45,0,Matches
74,Emre Can,de GER,"MF,DF",Dortmund,29,1994,21.7,63,45,37,23,3,28,48,58.3,20,30,7,23,22,85,41,2,Matches
75,Irvin Cardona,mt MLT,"MF,DF",Augsburg,25,1997,0.6,1,1,0,0,1,1,3,33.3,2,1,0,1,0,1,1,0,Matches
76,Rasmus Carstensen,dk DEN,"DF,FW",Köln,22,2000,18.4,47,22,23,20,4,31,56,55.4,25,38,9,29,20,67,50,2,Matches
77,Fabio Carvalho,pt POR,MF,RB Leipzig,20,2002,1.8,3,1,0,2,1,1,3,33.3,2,8,0,8,0,3,1,0,Matches
78,Koen Casteels,be BEL,GK,Wolfsburg,31,1992,25.0,2,1,2,0,0,2,3,66.7,1,0,0,0,0,2,16,5,Matches
79,Václav Černý,cz CZE,"FW,MF",Wolfsburg,25,1997,10.2,8,3,3,4,1,2,14,14.3,12,13,0,13,8,16,6,0,Matches
80,Julian Chabot,de GER,DF,Köln,25,1998,30.0,59,42,40,17,2,35,59,59.3,24,66,43,23,45,104,145,0,Matches
81,El Chadaille Bitshiabu,fr FRA,"DF,MF",RB Leipzig,18,2005,0.4,1,0,1,0,0,0,0,,0,0,0,0,1,2,4,0,Matches
82,Fares Chaïbi,dz ALG,"MF,FW",Eint Frankfurt,20,2002,21.2,27,17,7,12,8,8,18,44.4,10,37,1,36,5,32,19,0,Matches
83,Timothy Chandler,us USA,"MF,DF",Eint Frankfurt,33,1990,0.2,0,0,0,0,0,0,0,,0,0,0,0,0,0,0,0,Matches
84,Fabio Chiarodia,it ITA,DF,Gladbach,18,2005,1.7,8,5,5,1,2,5,7,71.4,2,2,1,1,3,11,9,0,Matches
85,Jacob Christensen,dk DEN,MF,Köln,22,2001,2.4,10,6,7,3,0,4,7,57.1,3,8,2,6,4,14,4,0,Matches
86,Nnamdi Collins,de GER,DF,Eint Frankfurt,19,2004,1.0,0,0,0,0,0,0,0,,0,0,0,0,2,2,4,0,Matches
87,Kingsley Coman,fr FRA,FW,Bayern Munich,27,1996,12.4,12,7,5,3,4,9,17,52.9,8,15,1,14,2,14,5,0,Matches
88,Bambasé Conté,de GER,"MF,FW",Hoffenheim,20,2003,0.5,3,3,2,0,1,1,1,100.0,0,0,0,0,0,3,0,0,Matches
89,Danny da Costa,de GER,DF,Mainz 05,30,1993,9.2,18,9,9,7,2,9,19,47.4,10,17,4,13,16,34,24,0,Matches
90,Nicolas Cozza,fr FRA,DF,Wolfsburg,24,1999,3.1,8,6,4,4,0,2,7,28.6,5,3,0,3,4,12,6,0,Matches
91,Tomáš Čvančara,cz CZE,FW,Gladbach,22,2000,10.0,4,3,0,2,2,1,3,33.3,2,5,1,4,2,6,8,0,Matches
92,Finn Dahmen,de GER,GK,Augsburg,25,1998,31.0,1,0,1,0,0,1,3,33.3,2,0,0,0,0,1,17,5,Matches
93,Mahmoud Dahoud,de GER,MF,Stuttgart,27,1996,2.5,5,1,1,4,0,3,7,42.9,4,4,0,4,0,5,1,0,Matches
94,Lukas Daschner,de GER,"MF,FW",Bochum,24,1998,6.0,9,4,2,3,4,4,9,44.4,5,7,0,7,2,11,2,0,Matches
95,David Datro Fofana,ci CIV,"FW,MF",Union Berlin,20,2002,7.6,10,7,3,5,2,4,9,44.4,5,4,0,4,0,10,5,0,Matches
96,Alphonso Davies,ca CAN,DF,Bayern Munich,22,2000,22.9,47,24,29,13,5,30,53,56.6,23,30,4,26,26,73,49,1,Matches
97,Olivier Deman,be BEL,DF,Werder Bremen,23,2000,15.2,28,15,21,4,3,18,38,47.4,20,24,8,16,14,42,49,1,Matches
98,Ermedin Demirović,ba BIH,"FW,MF",Augsburg,25,1998,31.9,24,14,5,16,3,12,40,30.0,28,28,2,26,11,35,26,0,Matches
99,Sepp van den Berg,nl NED,DF,Mainz 05,21,2001,31.5,38,23,20,15,3,15,26,57.7,11,66,36,30,43,81,159,2,Matches
100,Samuele Di Benedetto,de GER,MF,Stuttgart,18,2005,0.1,0,0,0,0,0,0,0,,0,0,0,0,1,1,0,0,Matches
101,Justin Diehl,de GER,"FW,MF",Köln,18,2004,1.9,0,0,0,0,0,0,0,,0,1,1,0,0,0,0,1,Matches
102,Eric Dier,eng ENG,DF,Bayern Munich,29,1994,13.0,11,8,5,5,1,5,6,83.3,1,20,12,8,10,21,48,1,Matches
103,Florian Dietz,de GER,"FW,MF",Köln,24,1998,0.8,0,0,0,0,0,0,0,,0,1,0,1,0,0,0,0,Matches
104,Junior Dina Ebimbe,fr FRA,"MF,DF",Eint Frankfurt,22,2000,21.7,44,29,15,17,12,18,41,43.9,23,28,7,21,9,53,39,1,Matches
105,Eren Dinkçi,de GER,"FW,MF",Heidenheim,21,2001,29.4,32,18,16,13,3,19,48,39.6,29,40,4,36,12,44,21,0,Matches
106,Ritsu Doan,jp JPN,"DF,MF",Freiburg,25,1998,25.0,50,27,21,19,10,21,36,58.3,15,30,3,27,9,59,29,0,Matches
107,Danilho Doekhi,nl NED,DF,Union Berlin,25,1998,24.0,34,23,18,16,0,15,21,71.4,6,46,25,21,38,72,111,1,Matches
108,Niklas Dorsch,de GER,MF,Augsburg,25,1998,15.4,35,24,13,21,1,13,33,39.4,20,15,9,6,16,51,27,0,Matches
109,Nikola Dovedan,at AUT,"MF,FW",Heidenheim,29,1994,7.3,14,9,2,10,2,5,25,20.0,20,9,0,9,1,15,3,0,Matches
110,Damion Downs,us USA,"FW,MF",Köln,19,2004,2.0,1,1,1,0,0,1,2,50.0,1,1,0,1,0,1,1,0,Matches
111,Dion Drena Beljo,hr CRO,"FW,MF",Augsburg,21,2002,6.5,0,0,0,0,0,0,2,0.0,2,8,1,7,1,1,4,0,Matches
112,Tim Drexler,de GER,DF,Hoffenheim,18,2005,6.4,16,9,12,4,0,8,17,47.1,9,12,8,4,8,24,14,0,Matches
113,Marvin Ducksch,de GER,FW,Werder Bremen,29,1994,30.0,8,3,4,3,1,6,14,42.9,8,2,0,2,4,12,25,0,Matches
114,Julien Duranville,be BEL,"FW,MF",Dortmund,17,2006,0.1,1,0,0,1,0,1,1,100.0,0,0,0,0,0,1,0,0,Matches
115,Maximilian Eggestein,de GER,MF,Freiburg,26,1996,32.4,49,24,25,19,5,15,36,41.7,21,53,19,34,28,77,40,1,Matches
116,Lilian Egloff,de GER,"MF,DF",Stuttgart,20,2002,1.2,4,1,3,1,0,2,4,50.0,2,3,1,2,1,5,0,0,Matches
117,Hugo Ekitike,fr FRA,FW,Eint Frankfurt,21,2002,8.0,11,7,3,6,2,4,6,66.7,2,10,0,10,2,13,4,0,Matches
118,Elif Elmas,mk MKD,"MF,FW",RB Leipzig,23,1999,3.0,8,6,1,6,1,6,8,75.0,2,5,0,5,1,9,2,0,Matches
119,Nico Elvedi,ch SUI,DF,Gladbach,26,1996,27.6,33,18,22,10,1,18,24,75.0,6,40,25,15,43,76,150,2,Matches
120,Arne Engels,be BEL,"MF,DF",Augsburg,19,2003,15.6,33,18,15,14,4,12,29,41.4,17,23,1,22,15,48,21,0,Matches
121,Ohis Felix Uduokhai,de GER,DF,Augsburg,25,1997,32.5,37,21,18,14,5,16,25,64.0,9,45,35,10,46,83,178,2,Matches
122,Edimilson Fernandes,ch SUI,DF,Mainz 05,27,1996,14.3,25,16,15,9,1,16,24,66.7,8,14,6,8,22,47,52,0,Matches
123,Nacho Ferri,es ESP,"FW,MF",Eint Frankfurt,18,2004,0.8,3,3,1,2,0,2,3,66.7,1,0,0,0,0,3,2,0,Matches
124,Max Finkgräfe,de GER,"DF,FW",Köln,19,2004,19.5,65,39,40,25,0,39,74,52.7,35,35,10,25,22,87,39,0,Matches
125,Kilian Fischer,de GER,"DF,MF",Wolfsburg,22,2000,3.2,8,6,4,3,1,2,5,40.0,3,8,1,7,1,9,12,0,Matches
126,Jonas Föhrenbach,de GER,DF,Heidenheim,27,1996,31.0,44,24,24,14,6,19,36,52.8,17,34,19,15,31,75,70,0,Matches
127,Emil Forsberg,se SWE,"MF,FW",RB Leipzig,31,1991,5.2,7,3,2,5,0,5,12,41.7,7,7,0,7,0,7,5,0,Matches
128,Philipp Förster,de GER,"MF,FW",Bochum,28,1995,4.3,9,5,3,4,2,2,6,33.3,4,3,0,3,7,16,3,0,Matches
129,Bartol Franjić,hr CRO,MF,Darmstadt 98,23,2000,13.7,15,12,4,10,1,7,28,25.0,21,12,4,8,30,45,29,2,Matches
130,Marco Friedl,at AUT,DF,Werder Bremen,25,1998,24.4,53,32,38,15,0,36,48,75.0,12,45,29,16,35,88,129,0,Matches
131,Marvin Friedrich,de GER,DF,Gladbach,27,1995,17.4,23,15,16,6,1,12,20,60.0,8,28,20,8,17,40,87,0,Matches
132,Jeremie Frimpong,nl NED,DF,Leverkusen,22,2000,25.0,26,17,12,7,7,8,20,40.0,12,26,0,26,7,33,17,0,Matches
133,Chris Führich,de GER,"FW,MF",Stuttgart,25,1998,28.5,30,19,6,14,10,16,37,43.2,21,31,0,31,7,37,7,0,Matches
134,Shiō Fukuda,jp JPN,"FW,MF",Gladbach,19,2004,0.4,2,0,1,1,0,1,2,50.0,1,0,0,0,1,3,0,0,Matches
135,Niclas Füllkrug,de GER,FW,Werder Bremen,30,1993,2.0,1,1,0,1,0,1,1,100.0,0,2,1,1,0,1,1,0,Matches
136,Niclas Füllkrug,de GER,FW,Dortmund,30,1993,24.6,7,2,1,6,0,2,8,25.0,6,17,4,13,2,9,25,0,Matches
137,Cristian Gamboa,cr CRC,DF,Bochum,33,1989,13.2,24,18,12,11,1,14,33,42.4,19,20,7,13,15,39,34,1,Matches
138,Dennis Geiger,de GER,MF,Hoffenheim,25,1998,0.7,1,0,1,0,0,0,0,,0,1,1,0,0,1,0,0,Matches
139,Yannick Gerhardt,de GER,"MF,DF",Wolfsburg,29,1994,18.1,31,20,16,12,3,9,32,28.1,23,15,2,13,7,38,35,0,Matches
140,Anwar El Ghazi,nl NED,"MF,DF",Mainz 05,28,1995,0.6,0,0,0,0,0,0,1,0.0,1,0,0,0,0,0,0,0,Matches
141,Benedikt Gimber,de GER,DF,Heidenheim,26,1997,22.5,40,24,25,14,1,19,35,54.3,16,27,17,10,16,56,101,1,Matches
142,Matthias Ginter,de GER,DF,Freiburg,29,1994,21.3,29,15,19,9,1,16,29,55.2,13,40,26,14,16,45,93,0,Matches
143,Jamie Gittens,eng ENG,"FW,MF",Dortmund,18,2004,11.8,14,7,6,7,1,2,17,11.8,15,11,2,9,4,18,7,0,Matches
144,Klaus Gjasula,al ALB,"DF,MF",Darmstadt 98,33,1989,15.1,44,22,18,25,1,17,30,56.7,13,26,14,12,19,63,42,2,Matches
145,Serge Gnabry,de GER,"FW,MF",Bayern Munich,28,1995,4.8,8,5,0,5,3,2,13,15.4,11,5,0,5,3,11,2,0,Matches
146,Leon Goretzka,de GER,MF,Bayern Munich,28,1995,24.9,41,23,18,14,9,24,54,44.4,30,44,8,36,31,72,42,1,Matches
147,Robin Gosens,de GER,"DF,MF",Union Berlin,29,1994,25.4,63,44,25,31,7,30,44,68.2,14,52,9,43,36,99,75,0,Matches
148,Mario Götze,de GER,MF,Eint Frankfurt,31,1992,23.0,51,34,18,25,8,28,62,45.2,34,19,3,16,14,65,10,0,Matches
149,Jeffrey Gouweleeuw,nl NED,DF,Augsburg,32,1991,28.8,35,23,13,17,5,16,25,64.0,9,44,24,20,35,70,108,0,Matches
150,Jens Grahl,de GER,GK,Eint Frankfurt,34,1988,2.0,0,0,0,0,0,0,0,,0,0,0,0,0,0,3,0,Matches
151,Ryan Gravenberch,nl NED,FW,Bayern Munich,21,2002,0.1,0,0,0,0,0,0,0,,0,0,0,0,0,0,0,0,Matches
152,Michael Gregoritsch,at AUT,FW,Freiburg,29,1994,18.7,16,12,8,5,3,2,14,14.3,12,17,4,13,9,25,27,0,Matches
153,Vincenzo Grifo,it ITA,"MF,FW",Freiburg,30,1993,25.8,31,20,14,11,6,14,31,45.2,17,22,1,21,15,46,20,0,Matches
154,Florian Grillitsch,at AUT,"DF,MF",Hoffenheim,27,1995,25.5,54,28,31,19,4,22,54,40.7,32,41,20,21,52,106,90,2,Matches
155,Álex Grimaldo,es ESP,DF,Leverkusen,27,1995,30.9,45,24,26,10,9,30,55,54.5,25,32,7,25,22,67,41,0,Matches
156,Christian Groß,de GER,"DF,MF",Werder Bremen,34,1989,8.9,21,16,11,9,1,11,25,44.0,14,17,6,11,13,34,28,1,Matches
157,Brajan Gruda,de GER,"MF,FW",Mainz 05,19,2004,18.2,22,14,5,11,6,14,24,58.3,10,15,0,15,5,27,4,0,Matches
158,Ilia Gruev,bg BUL,MF,Werder Bremen,23,2000,0.0,0,0,0,0,0,0,0,,0,0,0,0,0,0,0,0,Matches
159,Raphaël Guerreiro,pt POR,"DF,MF",Bayern Munich,29,1993,13.2,19,16,6,9,4,9,15,60.0,6,7,1,6,15,34,5,1,Matches
160,Josuha Guilavogui,fr FRA,DF,Mainz 05,32,1990,4.5,15,10,10,5,0,6,7,85.7,1,13,7,6,13,28,21,0,Matches
161,Serhou Guirassy,gn GUI,FW,Stuttgart,27,1996,24.5,6,3,1,4,1,2,5,40.0,3,8,1,7,6,12,29,0,Matches
162,Péter Gulácsi,hu HUN,GK,RB Leipzig,33,1990,13.0,0,0,0,0,0,0,0,,0,0,0,0,0,0,8,1,Matches
163,Manuel Gulde,de GER,DF,Freiburg,32,1991,22.7,37,23,23,13,1,17,23,73.9,6,24,14,10,25,62,82,0,Matches
164,Robert Gumny,pl POL,DF,Augsburg,25,1998,5.3,6,5,1,3,2,1,5,20.0,4,13,5,8,7,13,15,0,Matches
165,Christian Günter,de GER,DF,Freiburg,30,1993,11.8,20,12,9,11,0,7,18,38.9,11,9,3,6,2,22,16,0,Matches
166,Janik Haberer,de GER,"MF,DF",Union Berlin,29,1994,13.6,36,24,16,13,7,22,45,48.9,23,21,4,17,12,48,18,0,Matches
167,Robin Hack,de GER,"FW,MF",Gladbach,24,1998,15.0,15,8,6,7,2,4,17,23.5,13,16,0,16,14,29,21,0,Matches
168,Amadou Haidara,ml MLI,MF,RB Leipzig,25,1998,17.0,42,27,24,16,2,23,41,56.1,18,28,6,22,21,63,37,0,Matches
169,Sébastien Haller,ci CIV,FW,Dortmund,29,1994,4.4,1,0,0,1,0,1,1,100.0,0,4,1,3,0,1,7,0,Matches
170,Andreas Hanche-Olsen,no NOR,DF,Mainz 05,26,1997,11.0,20,12,10,8,2,10,16,62.5,6,10,4,6,11,31,41,0,Matches
171,Isak Hansen-Aarøen,no NOR,MF,Werder Bremen,18,2004,0.3,0,0,0,0,0,0,1,0.0,1,1,0,1,1,1,0,0,Matches
172,Genki Haraguchi,jp JPN,MF,Stuttgart,32,1991,0.3,1,1,1,0,0,0,0,,0,0,0,0,0,1,1,0,Matches
173,Makoto Hasebe,jp JPN,"DF,MF",Eint Frankfurt,39,1984,2.4,4,2,2,2,0,3,6,50.0,3,2,1,1,2,6,5,0,Matches
174,Thorgan Hazard,be BEL,DF,Dortmund,30,1993,0.1,0,0,0,0,0,0,0,,0,0,0,0,0,0,0,0,Matches
175,Dominique Heintz,de GER,DF,Köln,29,1993,6.3,12,5,6,6,0,8,12,66.7,4,6,1,5,3,15,28,0,Matches
176,Benjamin Henrichs,de GER,DF,RB Leipzig,26,1997,28.1,68,39,32,26,10,27,58,46.6,31,49,4,45,33,101,37,0,Matches
177,Patrick Herrmann,de GER,"FW,DF",Gladbach,32,1991,1.0,4,4,2,1,1,2,2,100.0,0,1,0,1,1,5,2,0,Matches
178,Piero Hincapié,ec ECU,DF,Leverkusen,21,2002,16.5,35,22,14,17,4,13,17,76.5,4,18,7,11,13,48,43,0,Matches
179,Adam Hložek,cz CZE,"MF,FW",Leverkusen,21,2002,5.1,10,4,2,4,4,3,7,42.9,4,4,1,3,2,12,1,0,Matches
180,Nicolas Höfler,de GER,MF,Freiburg,33,1990,25.9,63,40,36,20,7,22,49,44.9,27,30,16,14,31,94,45,0,Matches
181,Jonas Hofmann,de GER,MF,Leverkusen,31,1992,24.5,20,14,6,9,5,10,24,41.7,14,18,0,18,8,28,6,0,Matches
182,Philipp Hofmann,de GER,FW,Bochum,30,1993,17.5,10,5,4,5,1,4,7,57.1,3,11,2,9,4,14,17,0,Matches
183,Lucas Höler,de GER,"FW,MF",Freiburg,29,1994,25.6,32,24,14,10,8,4,23,17.4,19,19,4,15,15,47,35,0,Matches
184,Fabian Holland,de GER,"MF,DF",Darmstadt 98,33,1990,20.4,47,26,18,21,8,20,37,54.1,17,22,12,10,24,71,29,0,Matches
185,Benedict Hollerbach,de GER,"FW,MF",Union Berlin,22,2001,14.2,17,11,5,7,5,7,22,31.8,15,28,0,28,4,21,3,0,Matches
186,Gerrit Holtmann,ph PHI,"MF,FW",Darmstadt 98,28,1995,4.4,8,5,3,4,1,7,10,70.0,3,7,0,7,2,10,4,1,Matches
187,Franck Honorat,fr FRA,"DF,FW",Gladbach,26,1996,26.1,25,13,13,10,2,11,20,55.0,9,22,3,19,9,34,35,1,Matches
188,Mathias Honsak,at AUT,"FW,MF",Darmstadt 98,26,1996,11.3,14,7,7,6,1,6,20,30.0,14,14,2,12,8,22,25,0,Matches
189,Fraser Hornby,sct SCO,"FW,MF",Darmstadt 98,23,1999,2.4,0,0,0,0,0,0,1,0.0,1,2,1,1,0,0,4,0,Matches
190,Lukáš Hrádecký,fi FIN,GK,Leverkusen,33,1989,33.0,0,0,0,0,0,0,1,0.0,1,1,0,1,0,0,10,2,Matches
191,Timo Hübers,de GER,DF,Köln,27,1996,30.9,68,47,51,14,3,49,80,61.3,31,54,28,26,63,131,168,1,Matches
192,Mats Hummels,de GER,DF,Dortmund,34,1988,17.6,52,34,34,12,6,30,53,56.6,23,33,11,22,33,85,82,0,Matches
193,Denis Huseinbasic,ba BIH,MF,Köln,22,2001,18.1,38,18,17,15,6,20,31,64.5,11,26,1,25,13,51,14,0,Matches
194,Iago,br BRA,DF,Augsburg,26,1997,18.0,36,17,22,10,4,17,33,51.5,16,39,8,31,18,54,43,0,Matches
195,Borja Iglesias,es ESP,FW,Leverkusen,30,1993,2.8,1,0,0,1,0,0,1,0.0,1,2,0,2,1,2,1,0,Matches
196,Joel Imasuen,us USA,FW,Werder Bremen,18,2004,0.0,0,0,0,0,0,0,0,,0,0,0,0,0,0,0,0,Matches
197,Thomas Isherwood,se SWE,DF,Darmstadt 98,25,1998,7.1,11,5,7,3,1,5,9,55.6,4,10,7,3,10,21,34,0,Matches
198,Ko Itakura,jp JPN,"DF,MF",Gladbach,26,1997,17.7,34,21,17,15,2,16,26,61.5,10,32,18,14,22,56,62,0,Matches
199,Hiroki Ito,jp JPN,DF,Stuttgart,24,1999,24.8,19,18,13,6,0,11,26,42.3,15,29,17,12,29,48,86,2,Matches
200,Lee Jae-sung,kr KOR,"MF,FW",Mainz 05,30,1992,23.5,33,20,11,16,6,13,39,33.3,26,22,2,20,27,60,23,0,Matches
201,Paul Jaeckel,de GER,DF,Union Berlin,25,1998,2.6,7,2,4,3,0,5,9,55.6,4,3,2,1,4,11,7,0,Matches
202,Kristijan Jakić,hr CRO,MF,Augsburg,26,1997,11.7,28,14,14,10,4,15,33,45.5,18,13,1,12,20,48,15,0,Matches
203,Kristijan Jakić,hr CRO,"MF,FW",Eint Frankfurt,26,1997,2.2,3,3,1,2,0,1,3,33.3,2,1,0,1,2,5,2,0,Matches
204,Tony Jantschke,de GER,"DF,MF",Gladbach,33,1990,0.3,1,1,1,0,0,1,1,100.0,0,2,2,0,1,2,4,0,Matches
205,Nuha Jatta,gm GAM,FW,RB Leipzig,17,2006,0.0,0,0,0,0,0,0,0,,0,0,0,0,0,0,0,0,Matches
206,Fredrik Jensen,fi FIN,"MF,FW",Augsburg,25,1997,14.9,23,11,9,8,6,14,28,50.0,14,30,1,29,12,35,21,0,Matches
207,Moritz Jenz,de GER,DF,Wolfsburg,24,1999,19.4,34,24,21,11,2,14,21,66.7,7,29,17,12,26,60,94,0,Matches
208,Anthony Jung,de GER,DF,Werder Bremen,31,1991,28.7,37,23,21,14,2,18,33,54.5,15,39,17,22,24,61,102,0,Matches
209,Josip Juranović,hr CRO,DF,Union Berlin,27,1995,14.4,20,14,11,7,2,10,21,47.6,11,17,3,14,12,32,27,1,Matches
210,David Jurásek,cz CZE,DF,Hoffenheim,22,2000,5.5,14,11,13,1,0,7,17,41.2,10,7,2,5,3,17,22,1,Matches
211,Julian Justvan,de GER,"FW,MF",Hoffenheim,25,1998,0.5,1,0,1,0,0,1,2,50.0,1,1,0,1,0,1,0,0,Matches
212,Julian Justvan,de GER,"MF,FW",Darmstadt 98,25,1998,11.4,10,4,2,7,1,3,17,17.6,14,12,2,10,11,21,6,1,Matches
213,Ozan Kabak,tr TUR,DF,Hoffenheim,23,2000,25.4,48,35,32,14,2,19,33,57.6,14,43,21,22,46,94,106,2,Matches
214,Pavel Kadeřábek,cz CZE,"DF,FW",Hoffenheim,31,1992,26.8,31,19,10,15,6,18,40,45.0,22,22,8,14,23,54,68,0,Matches
215,Florian Kainz,at AUT,"MF,FW",Köln,30,1992,24.4,28,20,8,13,7,17,39,43.6,22,20,6,14,13,41,23,1,Matches
216,Sasa Kalajdzic,at AUT,FW,Eint Frankfurt,26,1997,3.6,2,2,0,2,0,0,0,,0,2,2,0,2,4,6,0,Matches
217,Jakub Kamiński,pl POL,"FW,MF",Wolfsburg,21,2002,5.3,14,5,12,2,0,3,6,50.0,3,3,0,3,2,16,5,0,Matches
218,Kevin Kampl,si SVN,MF,RB Leipzig,32,1990,15.1,19,8,8,9,2,10,21,47.6,11,19,7,12,11,30,14,1,Matches
219,Harry Kane,eng ENG,FW,Bayern Munich,30,1993,31.5,13,9,4,4,5,6,18,33.3,12,12,4,8,6,19,14,0,Matches
220,Atakan Karazor,tr TUR,MF,Stuttgart,26,1996,29.1,72,44,23,38,11,29,60,48.3,31,37,8,29,27,99,43,0,Matches
221,Emir Karic,ba BIH,DF,Darmstadt 98,26,1997,19.8,45,27,23,14,8,21,33,63.6,12,42,11,31,13,58,43,0,Matches
222,Silas Katompa,cd COD,"FW,MF",Stuttgart,24,1998,10.0,5,3,3,2,0,3,12,25.0,9,9,0,9,0,5,4,0,Matches
223,Mikkel Kaufmann,dk DEN,FW,Union Berlin,22,2001,5.4,6,3,2,3,1,3,10,30.0,7,12,0,12,1,7,4,0,Matches
224,Naby Keïta,gn GUI,"MF,DF",Werder Bremen,28,1995,1.2,1,1,1,0,0,0,1,0.0,1,2,0,2,2,3,1,0,Matches
225,Yannik Keitel,de GER,"DF,MF",Freiburg,23,2000,10.2,20,15,14,5,1,10,15,66.7,5,17,8,9,12,32,44,3,Matches
226,Thomas Keller,de GER,"MF,FW",Heidenheim,23,1999,0.0,0,0,0,0,0,0,0,,0,0,0,0,0,0,0,0,Matches
227,Aljoscha Kemlein,de GER,MF,Union Berlin,18,2004,0.3,0,0,0,0,0,0,3,0.0,3,1,0,1,0,0,0,0,Matches
228,Tobias Kempe,de GER,MF,Darmstadt 98,34,1989,15.0,20,13,9,8,3,8,24,33.3,16,16,4,12,9,29,12,0,Matches
229,Rani Khedira,de GER,MF,Union Berlin,29,1994,14.9,35,22,15,19,1,17,26,65.4,9,12,5,7,22,57,38,0,Matches
230,Luca Kilian,de GER,DF,Köln,23,1999,7.1,16,9,15,1,0,9,14,64.3,5,12,5,7,7,23,28,0,Matches
231,Joshua Kimmich,de GER,"MF,DF",Bayern Munich,28,1995,24.2,45,33,25,15,5,26,39,66.7,13,32,4,28,14,59,28,1,Matches
232,Christoph Klarer,at AUT,DF,Darmstadt 98,23,2000,26.2,37,22,30,4,3,24,36,66.7,12,31,20,11,21,58,94,1,Matches
233,Tim Kleindienst,de GER,FW,Heidenheim,27,1995,31.9,21,12,6,11,4,7,25,28.0,18,32,8,24,12,33,58,0,Matches
234,Lukas Klostermann,de GER,DF,RB Leipzig,27,1996,16.0,15,10,7,7,1,4,13,30.8,9,25,12,13,13,28,64,1,Matches
235,Ansgar Knauff,de GER,"MF,DF",Eint Frankfurt,21,2002,23.4,43,26,17,16,10,17,31,54.8,14,40,3,37,20,63,15,0,Matches
236,Robin Knoche,de GER,DF,Union Berlin,31,1992,21.3,34,22,27,7,0,19,30,63.3,11,27,19,8,13,47,73,0,Matches
237,Gregor Kobel,ch SUI,GK,Dortmund,25,1997,26.3,0,0,0,0,0,0,1,0.0,1,0,0,0,0,0,11,0,Matches
238,Robin Koch,de GER,DF,Eint Frankfurt,27,1996,30.4,38,23,26,12,0,17,27,63.0,10,33,24,9,32,70,136,2,Matches
239,Dominik Kohr,de GER,"DF,MF",Mainz 05,29,1994,24.3,65,42,36,25,4,36,57,63.2,21,27,6,21,43,108,58,0,Matches
240,Randal Kolo Muani,fr FRA,FW,Eint Frankfurt,24,1998,1.7,0,0,0,0,0,0,0,,0,0,0,0,0,0,1,0,Matches
241,Mert Kömür,de GER,"MF,DF",Augsburg,18,2005,1.3,3,3,3,0,0,3,5,60.0,2,0,0,0,0,3,1,0,Matches
242,Manu Koné,fr FRA,MF,Gladbach,22,2001,17.3,45,26,20,20,5,17,25,68.0,8,22,1,21,15,60,16,1,Matches
243,Odilon Kossounou,ci CIV,DF,Leverkusen,22,2001,20.1,30,20,11,12,7,15,26,57.7,11,27,3,24,27,57,43,1,Matches
244,Tomáš Koubek,cz CZE,GK,Augsburg,30,1992,3.0,0,0,0,0,0,0,0,,0,0,0,0,0,0,1,1,Matches
245,Matej Kovar,cz CZE,GK,Leverkusen,23,2000,1.0,0,0,0,0,0,0,0,,0,0,0,0,0,0,0,0,Matches
246,Dawid Kownacki,pl POL,FW,Werder Bremen,26,1997,4.2,1,1,1,0,0,1,4,25.0,3,3,1,2,0,1,1,0,Matches
247,Alex Král,cz CZE,MF,Union Berlin,25,1998,15.2,19,14,7,10,2,8,20,40.0,12,15,4,11,11,30,30,0,Matches
248,Andrej Kramarić,hr CRO,"MF,FW",Hoffenheim,32,1991,24.4,11,2,5,4,2,6,13,46.2,7,14,2,12,10,21,12,2,Matches
249,Christoph Kramer,de GER,MF,Gladbach,32,1991,2.8,10,5,5,5,0,2,14,14.3,12,7,1,6,4,14,6,0,Matches
250,Frans Krätzig,de GER,DF,Bayern Munich,20,2003,0.6,2,0,2,0,0,1,2,50.0,1,0,0,0,0,2,0,0,Matches
251,Tom Krauß,de GER,MF,Mainz 05,22,2001,15.0,57,33,22,31,4,21,58,36.2,37,33,4,29,17,74,28,0,Matches
252,Lukas Kübler,de GER,DF,Freiburg,30,1992,20.5,50,24,35,13,2,26,42,61.9,16,36,14,22,37,87,57,1,Matches
253,Mahmut Kücüksahin,,MF,Augsburg,19,2004,0.0,0,0,0,0,0,0,0,,0,0,0,0,0,0,0,0,Matches
254,Christian Kühlwetter,de GER,MF,Heidenheim,27,1996,0.1,0,0,0,0,0,0,0,,0,0,0,0,0,0,0,0,Matches
255,Moritz-Broni Kwarteng,gh GHA,FW,Bochum,25,1998,3.1,3,0,0,3,0,1,7,14.3,6,4,0,4,2,5,0,0,Matches
256,Maxence Lacroix,fr FRA,DF,Wolfsburg,23,2000,26.2,48,29,28,18,2,29,41,70.7,12,35,12,23,24,72,121,0,Matches
257,Aïssa Laïdouni,tn TUN,MF,Union Berlin,26,1996,11.9,21,12,4,12,5,4,12,33.3,8,26,2,24,12,33,14,2,Matches
258,Konrad Laimer,at AUT,"DF,MF",Bayern Munich,26,1997,19.7,56,36,25,20,11,22,52,42.3,30,42,6,36,18,74,13,2,Matches
259,Stefan Lainer,at AUT,"DF,MF",Gladbach,30,1992,8.3,23,16,15,8,0,14,24,58.3,10,13,6,7,5,28,28,0,Matches
260,Hugo Larsson,se SWE,MF,Eint Frankfurt,19,2004,21.0,32,18,18,10,4,15,28,53.6,13,34,7,27,29,61,30,1,Matches
261,Diogo Leite,pt POR,DF,Union Berlin,24,1999,30.0,52,36,31,15,6,25,51,49.0,26,48,22,26,47,99,155,1,Matches
262,Maxim Leitsch,de GER,DF,Mainz 05,25,1998,4.2,6,3,5,1,0,3,6,50.0,3,2,0,2,4,10,13,0,Matches
263,Christopher Lenz,de GER,"DF,MF",RB Leipzig,28,1994,0.5,2,1,2,0,0,1,1,100.0,0,0,0,0,2,4,2,0,Matches
264,Christopher Lenz,de GER,DF,Eint Frankfurt,28,1994,0.1,1,1,0,1,0,1,1,100.0,0,0,0,0,0,1,1,0,Matches
265,Jamie Leweling,de GER,"FW,MF",Stuttgart,22,2001,16.9,18,10,4,6,8,5,17,29.4,12,21,1,20,5,23,13,0,Matches
266,Philipp Lienhart,at AUT,DF,Freiburg,27,1996,14.1,20,13,14,5,1,13,23,56.5,10,18,11,7,14,34,51,0,Matches
267,Matthijs de Ligt,nl NED,DF,Bayern Munich,23,1999,15.4,15,12,4,8,3,6,11,54.5,5,14,10,4,19,34,52,0,Matches
268,Jesper Lindstrøm,dk DEN,FW,Eint Frankfurt,23,2000,0.9,1,1,1,0,0,0,0,,0,0,0,0,0,1,0,0,Matches
269,Dejan Ljubicic,at AUT,"MF,FW",Köln,25,1997,22.8,43,27,20,18,5,20,43,46.5,23,22,2,20,18,61,11,0,Matches
270,Noah Loosli,ch SUI,DF,Bochum,26,1997,3.8,10,7,6,4,0,7,14,50.0,7,7,1,6,7,17,18,0,Matches
271,Anthony Losilla,fr FRA,MF,Bochum,37,1986,28.6,63,37,15,40,8,23,51,45.1,28,37,8,29,25,88,51,0,Matches
272,Castello Lukeba,fr FRA,DF,RB Leipzig,20,2002,24.3,19,12,10,9,0,10,12,83.3,2,35,13,22,12,31,94,2,Matches
273,Andreas Luthe,de GER,GK,Bochum,36,1987,1.0,0,0,0,0,0,0,0,,0,0,0,0,0,0,1,0,Matches
274,Senne Lynen,be BEL,MF,Werder Bremen,24,1999,20.0,64,38,33,27,4,30,70,42.9,40,41,8,33,41,105,56,0,Matches
275,Ian Maatsen,nl NED,DF,Dortmund,21,2002,14.0,30,22,15,9,6,16,30,53.3,14,22,4,18,13,43,26,0,Matches
276,Matej Maglica,hr CRO,DF,Darmstadt 98,24,1998,18.9,35,21,25,10,0,22,36,61.1,14,29,11,18,22,57,92,5,Matches
277,Arne Maier,de GER,MF,Augsburg,24,1999,11.1,14,9,5,8,1,5,14,35.7,9,19,2,17,6,20,11,0,Matches
278,Linton Maina,de GER,"FW,MF",Köln,24,1999,21.1,18,15,11,5,2,9,28,32.1,19,12,1,11,6,24,12,0,Matches
279,Patrick Mainka,de GER,DF,Heidenheim,28,1994,34.0,85,49,58,24,3,38,74,51.4,36,66,32,34,49,134,158,1,Matches
280,Lovro Majer,hr CRO,"MF,FW",Wolfsburg,25,1998,23.4,39,18,17,22,0,12,31,38.7,19,20,1,19,12,51,13,0,Matches
281,Jordy Makengo,fr FRA,DF,Freiburg,21,2001,11.4,17,11,11,5,1,6,10,60.0,4,16,4,12,11,28,37,0,Matches
282,Julián Malatini,ar ARG,DF,Werder Bremen,22,2001,6.7,18,13,12,3,3,16,24,66.7,8,8,1,7,13,31,26,0,Matches
283,Donyell Malen,nl NED,"FW,MF",Dortmund,24,1999,19.8,11,7,5,3,3,2,6,33.3,4,11,4,7,2,13,8,0,Matches
284,Lennard Maloney,us USA,MF,Heidenheim,23,1999,25.4,43,26,14,24,5,25,59,42.4,34,33,9,24,25,68,88,0,Matches
285,David Mamutovic,de GER,"FW,DF",Mainz 05,22,2000,0.1,1,1,0,1,0,1,1,100.0,0,0,0,0,0,1,0,0,Matches
286,Braydon Manu,gh GHA,MF,Darmstadt 98,26,1997,1.9,2,0,0,1,1,0,0,,0,1,0,1,0,2,0,0,Matches
287,Omar Marmoush,eg EGY,"FW,MF",Eint Frankfurt,24,1999,25.6,21,11,7,8,6,6,16,37.5,10,13,0,13,11,32,7,0,Matches
288,Eric Martel,de GER,MF,Köln,21,2002,27.3,70,43,32,34,4,37,67,55.2,30,65,19,46,43,113,80,0,Matches
289,Erhan Mašović,rs SRB,"DF,MF",Bochum,24,1998,24.7,64,40,37,22,5,37,70,52.9,33,32,10,22,25,89,75,2,Matches
290,Roberto Massimo,de GER,"FW,DF",Stuttgart,22,2000,0.9,1,0,1,0,0,1,2,50.0,1,0,0,0,0,1,1,0,Matches
291,Jean Mattéo Bahoya,fr FRA,"MF,FW",Eint Frankfurt,18,2005,2.0,3,1,0,3,0,1,4,25.0,3,2,0,2,1,4,1,0,Matches
292,Philipp Max,de GER,DF,Eint Frankfurt,29,1993,15.0,26,17,6,18,2,19,26,73.1,7,18,1,17,7,33,18,2,Matches
293,Eric Maxim Choupo-Moting,cm CMR,"MF,FW",Bayern Munich,34,1989,8.0,17,12,8,5,4,6,14,42.9,8,5,0,5,7,24,7,0,Matches
294,Noussair Mazraoui,ma MAR,DF,Bayern Munich,25,1997,13.3,32,21,14,11,7,13,21,61.9,8,14,1,13,20,52,27,1,Matches
295,Kevin Mbabu,ch SUI,DF,Augsburg,28,1995,22.7,51,39,25,18,8,23,40,57.5,17,29,9,20,24,75,48,0,Matches
296,Noah Mbamba,be BEL,MF,Leverkusen,18,2005,0.2,0,0,0,0,0,0,0,,0,0,0,0,1,1,0,0,Matches
297,Nathanael Mbuku,cd COD,FW,Augsburg,21,2002,0.1,0,0,0,0,0,0,0,,0,1,0,1,0,0,0,0,Matches
298,Marvin Mehlem,de GER,MF,Darmstadt 98,25,1997,16.5,28,21,10,14,4,11,27,40.7,16,21,2,19,33,61,15,0,Matches
299,Thomas Meunier,be BEL,DF,Dortmund,31,1991,6.5,5,1,3,2,0,3,13,23.1,10,8,2,6,4,9,22,0,Matches
300,Alexander Meyer,de GER,GK,Dortmund,32,1991,7.7,1,1,1,0,0,1,1,100.0,0,0,0,0,0,1,2,1,Matches
301,Sven Michel,de GER,"FW,MF",Augsburg,33,1990,6.5,7,5,2,1,4,2,7,28.6,5,1,0,1,0,7,4,0,Matches
302,Enzo Millot,fr FRA,"MF,FW",Stuttgart,21,2002,24.9,40,22,9,21,10,18,39,46.2,21,24,2,22,16,56,7,1,Matches
303,Jovan Milošević,rs SRB,"FW,MF",Stuttgart,18,2005,0.3,0,0,0,0,0,0,0,,0,0,0,0,0,0,0,0,Matches
304,Kim Min-jae,kr KOR,DF,Bayern Munich,26,1996,21.9,37,24,21,11,5,12,24,50.0,12,29,19,10,45,82,70,2,Matches
305,Maximilian Mittelstädt,de GER,DF,Stuttgart,26,1997,23.4,91,51,46,39,6,53,89,59.6,36,36,6,30,46,137,65,0,Matches
306,Marko Mladenović,rs SRB,MF,Eint Frankfurt,18,2005,0.1,0,0,0,0,0,0,0,,0,0,0,0,0,0,0,0,Matches
307,Max Moerstedt,de GER,"DF,FW",Hoffenheim,17,2006,0.1,0,0,0,0,0,0,1,0.0,1,0,0,0,0,0,0,0,Matches
308,Mateu Morey,es ESP,DF,Dortmund,23,2000,1.2,2,2,1,1,0,2,4,50.0,2,3,1,2,1,3,3,0,Matches
309,Youssoufa Moukoko,de GER,FW,Dortmund,18,2004,6.9,4,1,2,2,0,3,7,42.9,4,4,1,3,2,6,4,0,Matches
310,Andreas Müller,de GER,MF,Darmstadt 98,23,2000,3.9,14,9,8,5,1,4,9,44.4,5,5,2,3,4,18,5,0,Matches
311,Jannik Müller,de GER,"DF,MF",Darmstadt 98,29,1994,12.6,33,16,21,9,3,16,27,59.3,11,24,12,12,17,50,39,1,Matches
312,Kevin Müller,de GER,GK,Heidenheim,32,1991,34.0,3,0,3,0,0,3,5,60.0,2,0,0,0,0,3,6,1,Matches
313,Marcus Müller,de GER,MF,Mainz 05,20,2002,0.2,0,0,0,0,0,0,0,,0,0,0,0,0,0,0,0,Matches
314,Thomas Müller,de GER,"MF,FW",Bayern Munich,33,1989,18.4,26,16,5,10,11,13,35,37.1,22,22,0,22,3,29,6,0,Matches
315,Jamal Musiala,de GER,"MF,FW",Bayern Munich,20,2003,19.5,40,25,9,21,10,14,36,38.9,22,25,1,24,16,56,5,0,Matches
316,Florent Muslija,xk KVX,"MF,FW",Freiburg,25,1998,1.2,5,4,3,2,0,2,5,40.0,3,1,0,1,0,5,2,0,Matches
317,Phillipp Mwene,at AUT,DF,Mainz 05,29,1994,22.2,34,15,15,16,3,16,33,48.5,17,27,3,24,17,51,47,0,Matches
318,Joakim Mæhle,dk DEN,"DF,MF",Wolfsburg,26,1997,27.2,62,39,33,18,11,41,64,64.1,23,43,5,38,29,91,65,0,Matches
319,Nathan N'Goumou,cm CMR,"FW,MF",Gladbach,23,2000,15.4,37,22,17,18,2,16,34,47.1,18,22,0,22,5,42,17,1,Matches
320,Stanley N'Soki,fr FRA,DF,Hoffenheim,24,1999,7.0,21,10,12,8,1,17,29,58.6,12,13,2,11,8,29,33,0,Matches
321,Luca Netz,de GER,DF,Gladbach,20,2003,24.7,38,22,19,16,3,23,43,53.5,20,36,10,26,22,60,76,1,Matches
322,Manuel Neuer,de GER,GK,Bayern Munich,37,1986,22.8,1,1,1,0,0,0,0,,0,0,0,0,0,1,14,3,Matches
323,Florian Neuhaus,de GER,MF,Gladbach,26,1997,13.6,15,12,7,8,0,8,26,30.8,18,8,6,2,14,29,8,0,Matches
324,Jessic Ngankam,de GER,"FW,MF",Mainz 05,23,2000,2.0,1,1,0,1,0,0,0,,0,3,1,2,3,4,0,0,Matches
325,Jessic Ngankam,de GER,FW,Eint Frankfurt,23,2000,3.1,3,2,1,1,1,0,0,,0,0,0,0,0,3,1,0,Matches
326,Moritz Nicolas,de GER,GK,Gladbach,25,1997,27.0,1,0,1,0,0,1,3,33.3,2,0,0,0,0,1,12,5,Matches
327,Justin Njinmah,de GER,FW,Werder Bremen,22,2000,11.3,5,1,2,2,1,3,9,33.3,6,9,1,8,2,7,6,0,Matches
328,Niels Nkounkou,fr FRA,"DF,MF",Eint Frankfurt,22,2000,14.5,54,30,34,17,3,29,64,45.3,35,30,2,28,16,70,30,0,Matches
329,Felix Nmecha,de GER,MF,Dortmund,22,2000,11.3,19,13,7,8,4,11,22,50.0,11,18,5,13,11,30,19,0,Matches
330,Lukas Nmecha,de GER,FW,Wolfsburg,24,1998,0.5,1,1,0,0,1,0,0,,0,1,0,1,0,1,0,0,Matches
331,Jonathan Norbye,no NOR,MF,RB Leipzig,16,2007,0.0,0,0,0,0,0,0,0,,0,0,0,0,0,0,0,0,Matches
332,Alexander Nübel,de GER,GK,Stuttgart,26,1996,30.0,2,2,2,0,0,2,4,50.0,2,0,0,0,0,2,13,4,Matches
333,Kasim Nuhu,gh GHA,DF,Hoffenheim,28,1995,0.1,0,0,0,0,0,0,0,,0,0,0,0,0,0,0,0,Matches
334,Fabian Nürnberger,bg BUL,"DF,MF",Darmstadt 98,24,1999,16.8,29,22,22,6,1,22,41,53.7,19,11,1,10,17,46,26,0,Matches
335,Tim Oermann,de GER,DF,Bochum,19,2003,7.9,19,11,11,4,4,9,14,64.3,5,15,6,9,2,21,22,0,Matches
336,Masaya Okugawa,jp JPN,"FW,DF",Augsburg,27,1996,0.4,0,0,0,0,0,0,0,,0,0,0,0,0,0,2,0,Matches
337,Finn Ole Becker,de GER,MF,Hoffenheim,23,2000,6.7,10,9,8,2,0,4,17,23.5,13,9,1,8,1,11,10,0,Matches
338,Mathias Olesen,lu LUX,"MF,FW",Köln,22,2001,1.2,0,0,0,0,0,0,0,,0,0,0,0,2,2,2,0,Matches
339,Dani Olmo,es ESP,MF,RB Leipzig,25,1998,16.1,26,18,14,8,4,10,22,45.5,12,7,0,7,13,39,12,1,Matches
340,Jonas Omlin,ch SUI,GK,Gladbach,29,1994,7.0,1,0,1,0,0,1,1,100.0,0,0,0,0,0,1,3,0,Matches
341,Karim Onisiwo,at AUT,"FW,MF",Mainz 05,31,1992,16.6,17,8,4,6,7,6,11,54.5,5,18,4,14,2,19,7,0,Matches
342,Loïs Openda,be BEL,FW,RB Leipzig,23,2000,30.0,3,3,0,1,2,0,6,0.0,6,19,3,16,5,8,14,0,Matches
343,Leon Opitz,de GER,"FW,DF",Werder Bremen,18,2005,0.2,2,2,1,1,0,2,3,66.7,1,0,0,0,0,2,0,0,Matches
344,Willi Orban,hu HUN,DF,RB Leipzig,30,1992,17.6,20,12,8,10,2,9,18,50.0,9,22,13,9,16,36,76,1,Matches
345,Ivan Ordets,ua UKR,DF,Bochum,31,1992,20.9,19,14,11,6,2,10,17,58.8,7,41,29,12,31,50,130,0,Matches
346,Patrick Osterhage,de GER,MF,Bochum,23,2000,20.7,38,26,14,23,1,17,36,47.2,19,36,9,27,27,65,32,1,Matches
347,Salih Özcan,tr TUR,MF,Dortmund,25,1998,13.2,20,12,11,8,1,10,18,55.6,8,28,3,25,17,37,18,1,Matches
348,Willian Pacho,ec ECU,DF,Eint Frankfurt,21,2001,33.0,62,37,38,23,1,31,53,58.5,22,51,22,29,47,109,152,2,Matches
349,Gonçalo Paciência,pt POR,"FW,MF",Bochum,28,1994,7.2,8,4,2,2,4,3,6,50.0,3,5,0,5,0,8,7,0,Matches
350,Exequiel Palacios,ar ARG,MF,Leverkusen,24,1998,20.3,60,34,28,26,6,26,53,49.1,27,24,0,24,29,89,20,2,Matches
351,Miloš Pantović,rs SRB,MF,Union Berlin,27,1996,0.2,0,0,0,0,0,0,0,,0,0,0,0,0,0,0,0,Matches
352,Antonios Papadopoulos,de GER,DF,Dortmund,23,1999,1.3,6,3,6,0,0,6,7,85.7,1,3,2,1,2,8,7,0,Matches
353,Merveille Papela,de GER,"MF,DF",Mainz 05,22,2001,2.9,5,4,2,3,0,0,4,0.0,4,1,0,1,4,9,2,0,Matches
354,Leart Paqarada,xk KVX,DF,Köln,28,1994,11.9,21,11,9,9,3,11,22,50.0,11,17,5,12,10,31,30,1,Matches
355,Kevin Paredes,us USA,"FW,MF",Wolfsburg,20,2003,15.9,42,21,22,13,7,20,34,58.8,14,27,2,25,23,65,26,0,Matches
356,Felix Passlack,de GER,DF,Bochum,25,1998,10.7,21,14,9,10,2,14,24,58.3,10,13,2,11,10,31,21,0,Matches
357,Jiří Pavlenka,cz CZE,GK,Werder Bremen,31,1992,7.0,0,0,0,0,0,0,0,,0,0,0,0,0,0,2,0,Matches
358,Aleksandar Pavlovic,de GER,MF,Bayern Munich,19,2004,13.6,28,16,10,14,4,17,33,51.5,16,13,3,10,17,45,12,0,Matches
359,Mads Pedersen,dk DEN,DF,Augsburg,26,1996,19.8,64,39,31,27,6,24,44,54.5,20,20,3,17,19,83,46,0,Matches
360,Jordan Pefok,us USA,FW,Gladbach,27,1996,15.8,10,4,0,8,2,3,8,37.5,5,12,3,9,5,15,28,0,Matches
361,Jordan Pefok,us USA,FW,Union Berlin,27,1996,0.3,0,0,0,0,0,0,0,,0,1,1,0,0,0,0,0,Matches
362,Dženan Pejčinović,de GER,FW,Wolfsburg,18,2005,0.4,0,0,0,0,0,0,0,,0,1,0,1,0,0,0,0,Matches
363,Daniel Peretz,il ISR,GK,Bayern Munich,23,2000,0.2,0,0,0,0,0,0,0,,0,0,0,0,0,0,0,0,Matches
364,Matteo Perez Vinlöf,se SWE,FW,Bayern Munich,17,2005,0.2,0,0,0,0,0,0,0,,0,0,0,0,1,1,0,0,Matches
365,Pavao Pervan,at AUT,GK,Wolfsburg,35,1987,9.0,0,0,0,0,0,0,0,,0,0,0,0,0,0,4,0,Matches
366,Jens Petter Hauge,no NOR,"MF,FW",Eint Frankfurt,23,1999,1.6,2,1,1,0,1,2,7,28.6,5,5,1,4,0,2,1,0,Matches
367,Luca Pfeiffer,de GER,"FW,MF",Darmstadt 98,26,1996,18.0,11,6,2,6,3,5,11,45.5,6,5,1,4,2,13,21,0,Matches
368,Patric Pfeiffer,de GER,DF,Augsburg,23,1999,5.7,11,7,6,4,1,5,6,83.3,1,10,6,4,11,22,21,0,Matches
369,Maximilian Philipp,de GER,"FW,MF",Freiburg,29,1994,3.6,8,5,4,4,0,1,6,16.7,5,7,0,7,1,9,3,0,Matches
370,Florian Pick,de GER,"MF,FW",Heidenheim,27,1995,3.6,4,4,3,0,1,2,3,66.7,1,2,0,2,2,6,2,0,Matches
371,Amos Pieper,de GER,DF,Werder Bremen,25,1998,6.6,14,11,8,6,0,7,13,53.8,6,12,7,5,9,23,36,1,Matches
372,Marvin Pieringer,de GER,"MF,FW",Heidenheim,23,1999,16.8,19,12,5,11,3,8,20,40.0,12,28,4,24,12,31,21,0,Matches
373,Alassane Pléa,fr FRA,"FW,MF",Gladbach,30,1993,21.3,17,7,5,8,4,7,15,46.7,8,11,0,11,2,19,6,0,Matches
374,Ole Pohlmann,de GER,MF,Dortmund,22,2001,0.6,1,0,0,1,0,1,2,50.0,1,0,0,0,0,1,1,0,Matches
375,Sebastian Polter,de GER,FW,Darmstadt 98,32,1991,5.0,1,0,1,0,0,0,1,0.0,1,5,1,4,0,1,4,0,Matches
376,Yussuf Poulsen,dk DEN,FW,RB Leipzig,29,1994,13.5,13,8,1,9,3,4,14,28.6,10,13,3,10,4,17,15,0,Matches
377,Grischa Prömel,de GER,MF,Hoffenheim,28,1995,23.8,32,18,11,15,6,14,32,43.8,18,22,6,16,22,54,36,0,Matches
378,Gustavo Puerta,co COL,"DF,MF",Leverkusen,20,2003,0.5,5,3,2,2,1,1,2,50.0,1,2,0,2,0,5,0,0,Matches
379,Luca Raimund,de GER,"FW,MF",Stuttgart,18,2005,0.3,3,1,2,1,0,0,0,,0,2,0,2,0,3,0,0,Matches
380,Grant Ranos,am ARM,"MF,FW",Gladbach,20,2003,0.5,1,0,0,0,1,0,0,,0,0,0,0,0,1,0,0,Matches
381,Nicolai Rapp,de GER,DF,Werder Bremen,26,1996,0.8,3,2,2,1,0,2,2,100.0,0,2,0,2,2,5,8,0,Matches
382,David Raum,de GER,DF,RB Leipzig,25,1998,30.4,58,35,24,29,5,34,58,58.6,24,51,9,42,27,85,82,2,Matches
383,Rocco Reitz,de GER,MF,Gladbach,21,2002,23.7,61,36,28,29,4,28,55,50.9,27,61,20,41,44,105,31,1,Matches
384,Marco Reus,de GER,"MF,FW",Dortmund,34,1989,17.8,37,25,20,14,3,12,27,44.4,15,17,2,15,5,42,18,0,Matches
385,Elvis Rexhbeçaj,xk KVX,MF,Augsburg,25,1997,22.1,30,19,14,13,3,18,36,50.0,18,32,7,25,20,50,20,0,Matches
386,Gio Reyna,us USA,"MF,FW",Dortmund,20,2002,3.1,9,6,3,4,2,2,5,40.0,3,5,1,4,2,11,5,0,Matches
387,Marco Richter,de GER,"MF,FW",Mainz 05,25,1997,8.0,10,4,5,3,2,4,11,36.4,7,9,0,9,2,12,1,0,Matches
388,Clemens Riedel,de GER,DF,Darmstadt 98,20,2003,8.4,22,13,16,5,1,15,24,62.5,9,11,3,8,11,33,26,0,Matches
389,Manuel Riemann,de GER,GK,Bochum,34,1988,33.0,2,1,2,0,0,2,4,50.0,2,0,0,0,1,3,25,1,Matches
390,Sebastian Rode,de GER,MF,Eint Frankfurt,32,1990,0.7,6,4,0,5,1,4,6,66.7,2,0,0,0,1,7,1,0,Matches
391,Rogério,br BRA,DF,Wolfsburg,25,1998,10.1,14,6,7,5,2,10,14,71.4,4,16,5,11,5,19,23,1,Matches
392,Merlin Röhl,de GER,"MF,FW",Freiburg,21,2002,16.4,21,13,10,9,2,8,21,38.1,13,27,3,24,9,30,22,0,Matches
393,Frank Ronstadt,de GER,"DF,MF",Darmstadt 98,26,1997,0.8,1,0,0,1,0,0,1,0.0,1,1,0,1,1,2,3,0,Matches
394,Anthony Rouault,fr FRA,DF,Stuttgart,22,2001,11.2,21,12,14,5,2,13,21,61.9,8,14,8,6,8,29,28,0,Matches
395,Jérôme Roussillon,fr FRA,DF,Union Berlin,30,1993,8.4,16,9,6,7,3,8,12,66.7,4,13,4,9,5,21,26,0,Matches
396,Fabian Rüdlin,de GER,MF,Freiburg,26,1997,0.1,1,0,0,0,1,0,0,,0,0,0,0,0,1,0,0,Matches
397,Julian Ryerson,no NOR,DF,Dortmund,25,1997,19.6,41,23,26,11,4,27,47,57.4,20,31,7,24,10,51,35,3,Matches
398,Frederik Rønnow,dk DEN,GK,Union Berlin,30,1992,33.0,1,1,1,0,0,0,0,,0,0,0,0,1,2,20,2,Matches
399,Marcel Sabitzer,at AUT,MF,Dortmund,29,1994,21.8,39,24,18,20,1,23,42,54.8,19,31,12,19,12,51,34,0,Matches
400,Roland Sallai,hu HUN,"MF,FW",Freiburg,26,1997,20.4,17,10,5,5,7,8,20,40.0,12,21,1,20,6,23,23,0,Matches
401,Diadie Samassékou,ml MLI,MF,Hoffenheim,27,1996,0.0,0,0,0,0,0,0,0,,0,0,0,0,1,1,0,0,Matches
402,Jadon Sancho,eng ENG,"FW,MF",Dortmund,23,2000,10.5,5,4,1,3,1,0,4,0.0,4,11,0,11,4,9,6,0,Matches
403,Leroy Sané,de GER,FW,Bayern Munich,27,1996,23.7,15,8,6,6,3,4,19,21.1,15,12,0,12,7,22,3,0,Matches
404,Amin Sarr,se SWE,"FW,MF",Wolfsburg,22,2001,4.3,3,2,1,2,0,1,2,50.0,1,6,1,5,2,5,1,0,Matches
405,Bouna Sarr,sn SEN,DF,Bayern Munich,31,1992,1.2,2,0,1,1,0,2,2,100.0,0,3,0,3,0,2,1,0,Matches
406,Joe Scally,us USA,DF,Gladbach,20,2002,24.8,41,28,21,17,3,23,40,57.5,17,31,11,20,18,59,78,2,Matches
407,András Schäfer,hu HUN,MF,Union Berlin,24,1999,13.5,29,16,9,15,5,11,20,55.0,9,25,4,21,20,49,25,0,Matches
408,Patrik Schick,cz CZE,FW,Leverkusen,27,1996,11.8,6,4,0,3,3,1,5,20.0,4,2,0,2,1,7,7,0,Matches
409,Stefan Schimmer,de GER,"MF,FW",Heidenheim,29,1994,1.7,1,1,0,1,0,0,3,0.0,3,2,0,2,1,2,6,0,Matches
410,Xaver Schlager,at AUT,MF,RB Leipzig,25,1997,27.5,81,50,35,38,8,21,53,39.6,32,41,8,33,19,100,27,0,Matches
411,Keven Schlotterbeck,de GER,DF,Bochum,26,1997,24.3,42,22,26,14,2,25,30,83.3,5,33,23,10,33,75,104,2,Matches
412,Nico Schlotterbeck,de GER,DF,Dortmund,23,1999,31.8,70,50,36,27,7,41,65,63.1,24,52,25,27,45,115,101,3,Matches
413,Romano Schmid,at AUT,"MF,FW",Werder Bremen,23,2000,28.9,35,20,7,22,6,14,46,30.4,32,36,7,29,11,46,17,2,Matches
414,Kenneth Schmidt,de GER,DF,Freiburg,21,2002,0.8,2,2,2,0,0,2,4,50.0,2,1,0,1,1,3,2,0,Matches
415,Benno Schmitz,de GER,DF,Köln,28,1994,12.8,27,15,20,7,0,17,34,50.0,17,19,4,15,7,34,29,0,Matches
416,Fabian Schnellhardt,de GER,MF,Darmstadt 98,29,1994,2.6,4,1,2,1,1,1,3,33.3,2,1,0,1,4,8,5,0,Matches
417,Jan Schöppner,de GER,MF,Heidenheim,24,1999,22.2,48,26,26,20,2,21,42,50.0,21,37,7,30,26,74,57,0,Matches
418,Marcel Schuhen,de GER,GK,Darmstadt 98,30,1993,31.0,1,0,1,0,0,1,3,33.3,2,0,0,0,2,3,11,4,Matches
419,Marvin Schwäbe,de GER,GK,Köln,28,1995,34.0,1,0,1,0,0,1,1,100.0,0,0,0,0,0,1,10,1,Matches
420,Alexander Schwolow,de GER,GK,Union Berlin,31,1992,1.0,0,0,0,0,0,0,0,,0,0,0,0,0,0,2,0,Matches
421,Nicolas Seiwald,at AUT,MF,RB Leipzig,22,2001,8.0,33,18,16,15,2,16,25,64.0,9,12,2,10,8,41,15,0,Matches
422,Davie Selke,de GER,FW,Köln,28,1995,14.1,4,2,1,3,0,0,2,0.0,2,5,3,2,0,4,20,0,Matches
423,Benjamin Šeško,si SVN,FW,RB Leipzig,20,2003,17.0,13,5,2,7,4,2,9,22.2,7,23,2,21,3,16,27,0,Matches
424,Kevin Sessa,de GER,"MF,FW",Heidenheim,23,2000,11.2,17,10,9,6,2,7,16,43.8,9,12,1,11,4,21,17,0,Matches
425,Aaron Seydel,de GER,FW,Darmstadt 98,27,1996,6.9,3,2,0,2,1,0,3,0.0,3,8,2,6,1,4,9,0,Matches
426,Tim Siersleben,de GER,DF,Heidenheim,23,2000,10.1,27,11,21,6,0,8,20,40.0,12,16,10,6,21,48,29,1,Matches
427,Kiliann Sildillia,fr FRA,DF,Freiburg,21,2002,20.1,43,19,28,8,7,26,42,61.9,16,33,15,18,22,65,64,0,Matches
428,Mohamed Simakan,fr FRA,DF,RB Leipzig,23,2000,23.8,48,29,28,19,1,32,44,72.7,12,36,14,22,29,77,69,0,Matches
429,Xavi Simons,nl NED,MF,RB Leipzig,20,2003,29.5,30,17,10,11,9,15,31,48.4,16,23,0,23,16,46,4,0,Matches
430,Tim Skarke,de GER,"FW,DF",Darmstadt 98,26,1996,26.7,26,16,12,10,4,10,28,35.7,18,25,2,23,6,32,20,0,Matches
431,Ellyes Skhiri,tn TUN,MF,Eint Frankfurt,28,1995,24.1,44,24,18,19,7,19,36,52.8,17,33,4,29,39,83,47,2,Matches
432,Robert Skov,dk DEN,"DF,FW",Hoffenheim,27,1996,14.0,24,16,15,8,1,17,36,47.2,19,17,4,13,10,34,23,1,Matches
433,Hrvoje Smolčić,hr CRO,DF,Eint Frankfurt,22,2000,3.9,7,3,7,0,0,4,5,80.0,1,3,1,2,6,13,23,1,Matches
434,Danilo Soares,br BRA,DF,Bochum,31,1991,3.9,10,6,5,3,2,5,8,62.5,3,6,0,6,7,17,11,0,Matches
435,Borna Sosa,hr CRO,"FW,DF",Stuttgart,25,1998,0.5,0,0,0,0,0,0,1,0.0,1,0,0,0,0,0,0,0,Matches
436,Anton Stach,de GER,MF,Hoffenheim,24,1998,25.8,73,42,40,27,6,33,63,52.4,30,38,12,26,72,145,67,1,Matches
437,Anton Stach,de GER,MF,Mainz 05,24,1998,1.9,3,0,2,0,1,2,4,50.0,2,5,0,5,2,5,5,0,Matches
438,Jens Stage,dk DEN,MF,Werder Bremen,26,1996,25.9,52,22,21,23,8,18,50,36.0,32,42,23,19,23,75,55,0,Matches
439,Josip Stanišić,hr CRO,DF,Leverkusen,23,2000,14.0,38,20,19,13,6,22,33,66.7,11,18,3,15,9,47,26,0,Matches
440,Niklas Stark,de GER,DF,Werder Bremen,28,1995,12.1,26,15,13,11,2,12,18,66.7,6,14,7,7,19,45,61,1,Matches
441,Pascal Stenzel,de GER,DF,Stuttgart,27,1996,11.8,18,8,7,9,2,10,30,33.3,20,22,8,14,15,33,26,0,Matches
442,Leonidas Stergiou,ch SUI,DF,Stuttgart,21,2002,6.6,15,8,7,7,1,9,13,69.2,4,8,1,7,5,20,13,0,Matches
443,Angelo Stiller,de GER,MF,Hoffenheim,22,2001,0.9,0,0,0,0,0,0,1,0.0,1,2,0,2,0,0,3,0,Matches
444,Angelo Stiller,de GER,MF,Stuttgart,22,2001,29.9,55,33,15,34,6,24,42,57.1,18,41,13,28,28,83,25,2,Matches
445,Kevin Stöger,at AUT,MF,Bochum,29,1993,29.6,49,30,21,21,7,25,63,39.7,38,46,4,42,19,68,18,0,Matches
446,Filip Stojilković,ch SUI,"FW,MF",Darmstadt 98,23,2000,1.7,1,1,0,0,1,0,0,,0,0,0,0,0,1,1,0,Matches
447,Niklas Süle,de GER,DF,Dortmund,27,1995,16.8,18,10,14,3,1,11,16,68.8,5,25,14,11,25,43,58,2,Matches
448,Mattias Svanberg,se SWE,MF,Wolfsburg,24,1999,19.1,37,17,8,19,10,12,38,31.6,26,25,5,20,21,58,28,0,Matches
449,Attila Szalai,hu HUN,DF,Hoffenheim,25,1998,3.2,3,1,3,0,0,1,4,25.0,3,6,2,4,1,4,7,0,Matches
450,Attila Szalai,hu HUN,DF,Freiburg,25,1998,1.1,1,1,1,0,0,1,2,50.0,1,5,2,3,1,2,11,1,Matches
451,Jonathan Tah,de GER,DF,Leverkusen,27,1996,29.2,19,9,10,7,2,5,16,31.3,11,28,23,5,23,42,97,1,Matches
452,Edmond Tapsoba,bf BFA,DF,Leverkusen,24,1999,23.2,34,25,17,15,2,17,24,70.8,7,21,10,11,24,58,52,3,Matches
453,Mathys Tel,fr FRA,"FW,MF",Bayern Munich,18,2005,11.7,12,2,3,4,5,4,6,66.7,2,11,0,11,6,18,6,0,Matches
454,Nathan Tella,ng NGA,"DF,MF",Leverkusen,24,1999,9.1,13,8,6,5,2,5,10,50.0,5,10,0,10,3,16,8,0,Matches
455,Norman Theuerkauf,de GER,"MF,DF",Heidenheim,36,1987,14.0,24,16,13,7,4,13,22,59.1,9,16,6,10,14,38,21,0,Matches
456,Jan Thielmann,de GER,"FW,DF",Köln,21,2002,17.5,28,18,13,9,6,12,24,50.0,12,31,6,25,8,36,28,0,Matches
457,Denis Thomalla,de GER,"MF,FW",Heidenheim,30,1992,5.0,9,6,4,4,1,5,11,45.5,6,3,2,1,4,13,13,0,Matches
458,Phillip Tietz,de GER,FW,Augsburg,26,1997,26.5,23,14,7,13,3,6,15,40.0,9,17,3,14,6,29,35,0,Matches
459,Steffen Tigges,de GER,FW,Köln,25,1998,8.1,10,6,4,5,1,3,7,42.9,4,4,2,2,1,11,12,0,Matches
460,Umut Tohumcu,de GER,MF,Hoffenheim,18,2004,11.2,16,12,9,7,0,6,19,31.6,13,11,1,10,6,22,12,0,Matches
461,Tiago Tomás,pt POR,"FW,MF",Wolfsburg,21,2002,11.5,5,2,3,0,2,1,6,16.7,5,13,0,13,3,8,9,0,Matches
462,Fabio Torsiello,it ITA,"FW,DF",Darmstadt 98,18,2005,1.7,1,0,1,0,0,1,8,12.5,7,1,0,1,1,2,1,0,Matches
463,Lucas Tousart,fr FRA,MF,Union Berlin,26,1997,17.5,35,20,14,17,4,17,37,45.9,20,32,9,23,25,60,41,0,Matches
464,Omar Traoré,de GER,DF,Heidenheim,25,1998,27.5,60,33,33,21,6,32,56,57.1,24,32,7,25,40,100,54,1,Matches
465,Kevin Trapp,de GER,GK,Eint Frankfurt,33,1990,32.0,0,0,0,0,0,0,0,,0,0,0,0,1,1,9,1,Matches
466,Christopher Trimmel,at AUT,DF,Union Berlin,36,1987,18.3,23,15,12,10,1,13,33,39.4,20,16,3,13,13,36,57,0,Matches
467,Tuta,br BRA,DF,Eint Frankfurt,24,1999,28.9,63,33,38,19,6,39,59,66.1,20,29,12,17,36,99,99,0,Matches
468,Lukas Ullrich,de GER,"DF,FW",Gladbach,19,2004,0.5,1,0,1,0,0,1,4,25.0,3,0,0,0,0,1,1,0,Matches
469,Sven Ulreich,de GER,GK,Bayern Munich,34,1988,11.0,1,0,1,0,0,1,1,100.0,0,0,0,0,0,1,3,2,Matches
470,Deniz Undav,de GER,"FW,MF",Stuttgart,27,1996,23.2,28,13,6,8,14,4,15,26.7,11,17,0,17,6,34,5,0,Matches
471,Dayot Upamecano,fr FRA,DF,Bayern Munich,24,1998,19.6,34,21,21,11,2,15,29,51.7,14,19,7,12,19,53,56,3,Matches
472,Mark Uth,de GER,"MF,FW",Köln,31,1991,4.1,8,4,2,3,3,4,12,33.3,8,6,0,6,1,9,2,0,Matches
473,Josha Vagnoman,de GER,DF,Stuttgart,22,2000,13.1,28,18,15,11,2,15,30,50.0,15,11,5,6,2,30,16,1,Matches
474,Ruben Vargas,ch SUI,"MF,FW",Augsburg,24,1998,21.8,23,10,6,10,7,10,25,40.0,15,19,4,15,7,30,17,0,Matches
475,Miloš Veljković,rs SRB,DF,Werder Bremen,27,1995,21.3,31,15,17,13,1,16,31,51.6,15,31,20,11,17,48,57,0,Matches
476,Yorbe Vertessen,be BEL,"FW,MF",Union Berlin,22,2001,6.6,3,2,0,3,0,1,4,25.0,3,8,0,8,1,4,3,0,Matches
477,Oscar Vilhelmsson,se SWE,"FW,MF",Darmstadt 98,19,2003,15.3,13,6,3,7,3,7,10,70.0,3,15,5,10,3,16,19,0,Matches
478,Kevin Vogt,de GER,DF,Hoffenheim,31,1991,14.7,14,10,7,7,0,8,13,61.5,5,16,13,3,9,23,54,0,Matches
479,Kevin Vogt,de GER,DF,Union Berlin,31,1991,14.7,10,9,6,4,0,6,12,50.0,6,22,15,7,7,17,72,2,Matches
480,Kevin Volland,de GER,"FW,MF",Union Berlin,31,1992,14.9,22,9,8,8,6,8,20,40.0,12,8,0,8,6,28,12,0,Matches
481,Aster Vranckx,be BEL,MF,Wolfsburg,20,2002,12.8,32,15,11,11,10,15,28,53.6,13,17,6,11,14,46,29,0,Matches
482,Luca Waldschmidt,de GER,"MF,FW",Köln,27,1996,12.7,19,12,4,12,3,5,16,31.3,11,18,3,15,6,25,8,1,Matches
483,Kjell-Arik Wätjen,de GER,"MF,FW",Dortmund,17,2006,1.2,3,2,2,1,0,2,5,40.0,3,1,1,0,0,3,3,0,Matches
484,Wout Weghorst,nl NED,FW,Hoffenheim,30,1992,22.0,13,6,4,7,2,9,15,60.0,6,25,8,17,6,19,24,0,Matches
485,Julian Weigl,de GER,MF,Gladbach,27,1995,30.7,66,40,28,32,6,41,67,61.2,26,47,14,33,48,114,61,1,Matches
486,Nelson Weiper,de GER,"FW,MF",Mainz 05,18,2005,1.4,2,1,2,0,0,2,3,66.7,1,1,0,1,1,3,0,0,Matches
487,Mitchell Weiser,de GER,"DF,MF",Werder Bremen,29,1994,29.3,64,38,29,25,10,31,53,58.5,22,36,6,30,20,84,43,0,Matches
488,Noah Weißhaupt,de GER,"DF,FW",Freiburg,21,2001,8.4,9,4,6,0,3,5,11,45.5,6,8,1,7,8,17,12,0,Matches
489,Timo Werner,de GER,"FW,MF",RB Leipzig,27,1996,2.3,2,1,0,1,1,0,0,,0,1,0,1,1,3,0,0,Matches
490,Silvan Widmer,ch SUI,DF,Mainz 05,30,1993,13.8,23,10,12,8,3,17,28,60.7,11,18,5,13,16,39,37,0,Matches
491,Patrick Wimmer,at AUT,"FW,MF",Wolfsburg,22,2001,6.5,14,5,5,5,4,8,18,44.4,10,14,0,14,3,17,7,0,Matches
492,Jonas Wind,dk DEN,FW,Wolfsburg,24,1999,29.5,13,10,4,6,3,7,17,41.2,10,13,4,9,3,16,21,0,Matches
493,Florian Wirtz,de GER,MF,Leverkusen,20,2003,26.4,27,18,7,14,6,9,29,31.0,20,36,2,34,9,36,3,0,Matches
494,Maximilian Wittek,de GER,"DF,FW",Bochum,27,1995,11.9,23,17,9,11,3,13,21,61.9,8,12,1,11,18,41,23,0,Matches
495,Maximilian Wöber,at AUT,DF,Gladbach,25,1998,23.0,66,31,40,25,1,31,53,58.5,22,47,26,21,38,104,111,0,Matches
496,Marius Wolf,de GER,DF,Dortmund,28,1995,13.0,20,12,8,11,1,11,23,47.8,12,12,2,10,8,28,20,0,Matches
497,Nick Woltemade,de GER,"FW,MF",Werder Bremen,21,2002,13.2,34,23,7,20,7,15,21,71.4,6,12,0,12,5,39,17,0,Matches
498,Jeong Woo-yeong,kr KOR,"MF,FW",Stuttgart,23,1999,7.0,15,9,6,8,1,6,8,75.0,2,5,0,5,7,22,5,0,Matches
499,Granit Xhaka,ch SUI,MF,Leverkusen,30,1992,31.3,29,21,11,14,4,9,30,30.0,21,29,8,21,19,48,42,0,Matches
500,Dan-Axel Zagadou,fr FRA,DF,Stuttgart,24,1999,16.1,21,14,16,5,0,4,8,50.0,4,23,18,5,20,41,78,1,Matches
501,Bryan Zaragoza,es ESP,"FW,MF",Bayern Munich,21,2001,2.0,4,4,2,1,1,3,3,100.0,0,0,0,0,2,6,0,0,Matches
502,Robin Zentner,de GER,GK,Mainz 05,28,1994,30.0,2,2,2,0,0,2,5,40.0,3,1,0,1,1,3,19,1,Matches
503,Cedric Zesiger,ch SUI,DF,Wolfsburg,25,1998,18.2,19,9,13,4,2,10,22,45.5,12,32,21,11,15,34,88,1,Matches
504,Michael Zetterer,de GER,GK,Werder Bremen,28,1995,27.0,3,1,3,0,0,3,3,100.0,0,0,0,0,0,3,7,3,Matches
505,Christoph Zimmermann,de GER,DF,Darmstadt 98,30,1993,13.6,33,21,26,7,0,19,39,48.7,20,21,14,7,21,54,66,1,Matches
506,Simon Zoller,de GER,"FW,MF",Bochum,32,1991,0.5,0,0,0,0,0,0,0,,0,1,0,1,0,0,0,0,Matches
507,Lovro Zvonarek,hr CRO,"FW,MF",Bayern Munich,18,2005,1.8,0,0,0,0,0,0,5,0.0,5,3,0,3,0,0,2,0,Matches
