Unnamed: 0_level_0_Rk,Unnamed: 1_level_0_Player,Unnamed: 2_level_0_Nation,Unnamed: 3_level_0_Pos,Unnamed: 4_level_0_Squad,Unnamed: 5_level_0_Age,Unnamed: 6_level_0_Born,Unnamed: 7_level_0_90s,Performance_CrdY,Performance_CrdR,Performance_2CrdY,Performance_Fls,Performance_Fld,Performance_Off,Performance_Crs,Performance_Int,Performance_TklW,Performance_PKwon,Performance_PKcon,Performance_OG,Performance_Recov,Aerial Duels_Won,Aerial Duels_Lost,Aerial Duels_Won%,Unnamed: 24_level_0_Matches
1,Brenden Aaronson,us USA,"MF,FW",Union Berlin,22,2000,14.1,3,1,1,15,25,5,22,2,18,0,0,0,88,13,16,44.8,Matches
2,Paxten Aaronson,us USA,MF,Eint Frankfurt,19,2003,1.1,0,0,0,6,4,0,0,0,2,0,0,0,5,3,0,100.0,Matches
3,Junior Adamu,at AUT,"FW,MF",Freiburg,22,2001,1.2,0,0,0,7,4,2,1,0,1,0,0,0,10,5,6,45.5,Matches
4,Sargis Adamyan,am ARM,"FW,MF",Köln,30,1993,8.9,2,0,0,18,13,8,4,5,9,1,0,0,30,14,37,27.5,Matches
5,Karim Adeyemi,de GER,"FW,MF",Dortmund,21,2002,10.1,6,1,1,20,19,1,25,3,14,0,0,0,60,14,9,60.9,Matches
6,Amine Adli,ma MAR,"MF,FW",Leverkusen,23,2000,10.0,5,0,0,14,28,7,23,6,7,0,0,0,36,21,22,48.8,Matches
7,Felix Agu,ng NGA,"DF,MF",Werder Bremen,23,1999,17.9,2,0,0,15,44,2,46,13,29,3,0,0,71,15,24,38.5,Matches
8,Ludovic Ajorque,fr FRA,FW,Mainz 05,29,1994,15.1,4,0,0,28,15,5,3,4,2,0,0,0,49,78,91,46.2,Matches
9,Kevin Akpoguma,ng NGA,DF,Hoffenheim,28,1995,12.2,7,0,0,15,14,0,4,18,18,0,1,0,60,25,21,54.3,Matches
10,Faride Alidou,de GER,"FW,MF",Köln,22,2001,14.2,4,0,0,21,23,3,39,8,4,1,1,0,57,18,28,39.1,Matches
11,Skelly Alvero,fr FRA,MF,Werder Bremen,21,2002,1.4,1,0,0,2,3,0,0,1,4,0,0,0,9,6,1,85.7,Matches
12,Nadiem Amiri,de GER,MF,Mainz 05,26,1996,14.6,5,0,0,11,32,1,126,14,14,0,0,0,93,10,5,66.7,Matches
13,Nadiem Amiri,de GER,MF,Leverkusen,26,1996,1.0,0,0,0,1,3,0,1,0,2,0,0,0,8,0,0,,Matches
14,Kofi Amoako,de GER,MF,Wolfsburg,18,2005,0.0,0,0,0,0,0,0,0,0,0,0,0,0,0,0,0,,Matches
15,Robert Andrich,de GER,"MF,DF",Leverkusen,28,1994,18.8,4,0,0,23,14,0,14,20,18,0,0,0,122,20,22,47.6,Matches
16,Waldemar Anton,de GER,DF,Stuttgart,27,1996,32.1,7,0,0,25,26,0,14,40,25,1,1,1,203,79,42,65.3,Matches
17,Christopher Antwi-Adjei,gh GHA,"FW,MF",Bochum,29,1994,13.5,5,0,0,13,17,18,55,2,12,0,0,0,53,11,22,33.3,Matches
18,Asaf Arania,il ISR,MF,Darmstadt 98,17,2005,0.1,0,0,0,0,0,0,0,0,0,0,0,0,0,0,0,,Matches
19,Maximilian Arnold,de GER,MF,Wolfsburg,29,1994,27.8,9,0,0,37,46,0,110,24,31,0,0,0,174,14,30,31.8,Matches
20,Arthur,br BRA,DF,Leverkusen,20,2003,2.0,0,0,0,2,0,0,7,0,3,0,0,0,10,2,3,40.0,Matches
21,Takuma Asano,jp JPN,"FW,MF",Bochum,28,1994,22.1,2,0,0,15,22,23,37,4,6,0,0,0,74,15,52,22.4,Matches
22,Jonathan Asp Jensen,dk DEN,FW,Bayern Munich,17,2006,0.0,0,0,0,0,0,0,0,0,0,0,0,0,0,0,0,,Matches
23,Noah Atubolu,de GER,GK,Freiburg,21,2002,34.0,0,0,0,0,3,0,0,0,0,0,0,0,62,7,0,100.0,Matches
24,Matthias Bader,de GER,"DF,MF",Darmstadt 98,26,1997,20.0,1,0,0,17,41,1,32,25,25,0,0,0,121,11,17,39.3,Matches
25,Ridle Baku,de GER,"DF,MF",Wolfsburg,25,1998,22.4,4,0,0,24,35,3,54,21,20,0,0,0,124,21,27,43.8,Matches
26,Samuel Bamba,de GER,FW,Dortmund,19,2004,0.5,0,0,0,1,1,0,4,0,1,0,0,0,1,0,0,,Matches
27,Aymen Barkok,ma MAR,"MF,FW",Mainz 05,25,1998,3.6,2,0,0,15,3,0,13,2,5,0,0,0,18,11,14,44.0,Matches
28,Leandro Barreiro Martins,lu LUX,MF,Mainz 05,23,2000,29.0,8,0,0,58,52,3,5,36,40,0,0,0,144,39,63,38.2,Matches
29,Daniel Batz,de GER,GK,Mainz 05,32,1991,4.0,0,0,0,0,0,0,0,0,0,0,0,0,5,1,0,100.0,Matches
30,Maximilian Bauer,de GER,DF,Augsburg,23,2000,9.0,3,0,0,13,11,0,1,11,12,0,0,0,27,17,17,50.0,Matches
31,Elias Baum,de GER,"DF,MF",Eint Frankfurt,17,2005,0.3,0,0,0,1,0,0,0,0,0,0,0,0,0,0,0,,Matches
32,Oliver Baumann,de GER,GK,Hoffenheim,33,1990,34.0,1,0,0,1,6,0,0,0,1,0,1,0,102,4,1,80.0,Matches
33,Christoph Baumgartner,at AUT,"MF,FW",RB Leipzig,23,1999,12.9,3,0,0,27,27,1,8,5,13,1,0,0,40,20,29,40.8,Matches
34,Ihlas Bebou,tg TOG,"FW,DF",Hoffenheim,29,1994,18.2,3,0,0,24,21,7,35,14,12,1,0,0,60,32,45,41.6,Matches
35,Adrian Beck,de GER,"MF,FW",Heidenheim,26,1997,10.8,1,0,0,14,10,2,6,4,13,0,0,0,76,18,26,40.9,Matches
36,Sheraldo Becker,sr SUR,"FW,MF",Union Berlin,28,1995,7.2,0,0,0,6,5,4,57,0,3,1,0,0,48,0,8,0.0,Matches
37,Chris Bedia,ci CIV,"FW,MF",Union Berlin,27,1996,1.6,0,0,0,7,2,0,0,0,1,0,0,0,2,3,7,30.0,Matches
38,Donny van de Beek,nl NED,"MF,FW",Eint Frankfurt,26,1997,4.0,1,0,0,7,1,5,7,3,3,0,0,0,15,4,5,44.4,Matches
39,Kevin Behrens,de GER,FW,Wolfsburg,32,1991,6.8,1,0,0,8,5,4,4,3,1,0,0,0,15,32,26,55.2,Matches
40,Kevin Behrens,de GER,FW,Union Berlin,32,1991,14.0,3,0,0,22,20,8,6,6,10,0,0,0,36,92,81,53.2,Matches
41,Maximilian Beier,de GER,"FW,MF",Hoffenheim,20,2002,26.9,0,0,0,21,32,13,38,9,12,2,0,0,62,20,40,33.3,Matches
42,Stefan Bell,de GER,DF,Mainz 05,31,1991,7.4,3,0,0,10,8,1,1,6,8,0,0,0,38,24,23,51.1,Matches
43,Ramy Bensebaini,dz ALG,DF,Dortmund,28,1995,11.5,4,1,1,15,29,0,21,16,21,0,0,1,84,18,13,58.1,Matches
44,Mergim Berisha,de GER,FW,Hoffenheim,25,1998,1.6,0,0,0,5,2,1,2,0,0,0,0,0,8,2,9,18.2,Matches
45,Mergim Berisha,de GER,FW,Augsburg,25,1998,1.4,0,0,0,0,3,1,1,0,0,0,0,0,1,2,1,66.7,Matches
46,Bernardo,br BRA,DF,Bochum,28,1995,32.5,9,0,0,54,28,2,30,55,58,0,2,0,197,145,81,64.2,Matches
47,Matúš Bero,sk SVK,"MF,FW",Bochum,27,1995,18.5,6,0,0,38,20,5,16,12,22,1,0,0,97,12,37,24.5,Matches
48,Jan-Niklas Beste,de GER,"FW,MF",Heidenheim,24,1999,28.9,4,0,0,28,51,4,279,18,49,1,0,0,133,8,20,28.6,Matches
49,Pep Biel,es ESP,"MF,FW",Augsburg,26,1996,3.2,1,0,0,8,0,0,14,2,3,0,0,0,19,3,3,50.0,Matches
50,Tom Bischof,de GER,"MF,FW",Hoffenheim,18,2005,2.0,0,0,0,1,1,2,11,1,4,0,0,0,11,1,1,50.0,Matches
51,Leonardo Bittencourt,de GER,MF,Werder Bremen,29,1993,17.5,9,0,0,34,31,2,40,13,18,0,0,0,110,6,16,27.3,Matches
52,Hendry Blank,de GER,DF,Dortmund,18,2004,0.5,0,0,0,0,0,0,0,0,0,0,0,0,0,2,2,50.0,Matches
53,Janis Blaswich,de GER,GK,RB Leipzig,32,1991,21.0,0,0,0,0,2,0,0,0,1,0,0,0,42,7,2,77.8,Matches
54,Sacha Boey,fr FRA,DF,Bayern Munich,22,2000,1.2,1,0,0,6,3,0,0,1,0,0,0,0,6,1,2,33.3,Matches
55,Victor Boniface,ng NGA,FW,Leverkusen,22,2000,17.2,2,0,0,16,17,18,3,0,4,0,0,0,31,27,18,60.0,Matches
56,Leonardo Bonucci,it ITA,DF,Union Berlin,36,1987,5.1,0,0,0,2,1,0,6,7,5,0,1,0,32,5,7,41.7,Matches
57,Yvandro Borges Sanches,lu LUX,"MF,FW",Gladbach,19,2004,0.2,0,0,0,2,2,0,3,0,0,1,0,0,2,0,1,0.0,Matches
58,Sebastiaan Bornauw,be BEL,DF,Wolfsburg,24,1999,15.9,5,0,0,27,5,1,1,18,12,0,0,2,66,29,24,54.7,Matches
59,Rafael Borré,co COL,FW,Werder Bremen,27,1995,11.0,0,0,0,17,8,14,12,2,7,0,0,0,34,26,31,45.6,Matches
60,Julian Brandt,de GER,"MF,FW",Dortmund,27,1996,24.7,2,0,0,8,15,5,165,8,14,0,0,0,117,9,28,24.3,Matches
61,Fabian Bredlow,de GER,GK,Stuttgart,28,1995,4.0,0,0,0,0,1,0,0,0,0,0,0,0,3,0,0,,Matches
62,Tim Breithaupt,de GER,MF,Augsburg,21,2002,7.0,3,0,0,12,4,0,2,8,11,0,0,0,48,11,7,61.1,Matches
63,Maximilian Breunig,de GER,FW,Freiburg,22,2000,0.1,0,0,0,1,0,0,0,0,0,0,0,0,0,1,3,25.0,Matches
64,Bennit Bröger,de GER,FW,Wolfsburg,17,2006,0.1,0,0,0,1,2,0,0,0,0,0,0,0,2,0,2,0.0,Matches
65,John Brooks,us USA,DF,Hoffenheim,30,1993,17.1,6,1,0,16,13,1,3,27,15,0,0,0,95,45,21,68.2,Matches
66,Moritz Broschinski,de GER,FW,Bochum,22,2000,13.9,4,0,0,32,13,11,12,0,7,0,0,0,40,34,102,25.0,Matches
67,Alexander Brunst,de GER,GK,Darmstadt 98,28,1995,3.0,2,0,0,0,2,0,0,0,0,0,0,0,7,0,0,,Matches
68,Marius Bülter,de GER,"DF,FW",Hoffenheim,30,1993,15.0,3,1,1,13,17,4,73,10,11,0,1,0,85,24,31,43.6,Matches
69,Jonathan Burkardt,de GER,"FW,MF",Mainz 05,23,2000,17.1,2,0,0,19,36,3,33,3,8,0,0,0,65,13,73,15.1,Matches
70,Oliver Burke,sct SCO,FW,Werder Bremen,26,1997,0.4,0,0,0,0,0,0,2,0,0,0,0,0,2,0,0,,Matches
71,Marnon Busch,de GER,DF,Heidenheim,28,1994,6.6,1,0,0,9,4,0,26,10,9,0,0,0,33,8,15,34.8,Matches
72,Aurélio Buta,pt POR,"DF,MF",Eint Frankfurt,26,1997,19.4,5,0,0,23,23,1,46,15,25,0,0,0,94,29,20,59.2,Matches
73,Anthony Caci,fr FRA,DF,Mainz 05,26,1997,27.6,8,0,0,34,15,0,73,32,23,0,1,0,173,29,29,50.0,Matches
74,Emre Can,de GER,"MF,DF",Dortmund,29,1994,21.7,5,0,0,27,23,0,2,22,45,0,0,0,156,29,21,58.0,Matches
75,Irvin Cardona,mt MLT,"MF,DF",Augsburg,25,1997,0.6,1,0,0,1,0,0,6,0,1,0,0,0,1,1,2,33.3,Matches
76,Rasmus Carstensen,dk DEN,"DF,FW",Köln,22,2000,18.4,2,1,1,22,13,3,58,20,22,0,1,0,95,16,19,45.7,Matches
77,Fabio Carvalho,pt POR,MF,RB Leipzig,20,2002,1.8,0,0,0,0,3,0,6,0,1,0,0,0,12,2,3,40.0,Matches
78,Koen Casteels,be BEL,GK,Wolfsburg,31,1992,25.0,2,0,0,1,3,0,0,0,1,0,1,0,33,8,0,100.0,Matches
79,Václav Černý,cz CZE,"FW,MF",Wolfsburg,25,1997,10.2,2,0,0,9,0,4,33,8,3,0,0,0,58,1,6,14.3,Matches
80,Julian Chabot,de GER,DF,Köln,25,1998,30.0,9,1,1,28,42,4,4,45,42,0,0,0,149,101,38,72.7,Matches
81,El Chadaille Bitshiabu,fr FRA,"DF,MF",RB Leipzig,18,2005,0.4,0,0,0,0,0,0,2,1,0,0,0,0,6,0,3,0.0,Matches
82,Fares Chaïbi,dz ALG,"MF,FW",Eint Frankfurt,20,2002,21.2,2,0,0,14,11,9,176,5,17,0,0,0,66,10,56,15.2,Matches
83,Timothy Chandler,us USA,"MF,DF",Eint Frankfurt,33,1990,0.2,0,0,0,0,0,0,4,0,0,0,0,0,0,2,1,66.7,Matches
84,Fabio Chiarodia,it ITA,DF,Gladbach,18,2005,1.7,0,0,0,1,0,0,1,3,5,0,1,0,4,5,3,62.5,Matches
85,Jacob Christensen,dk DEN,MF,Köln,22,2001,2.4,1,0,0,4,0,0,5,4,6,0,0,0,18,0,5,0.0,Matches
86,Nnamdi Collins,de GER,DF,Eint Frankfurt,19,2004,1.0,0,0,0,0,1,0,2,2,0,0,0,0,7,0,2,0.0,Matches
87,Kingsley Coman,fr FRA,FW,Bayern Munich,27,1996,12.4,1,0,0,6,19,1,60,2,7,0,0,0,50,6,5,54.5,Matches
88,Bambasé Conté,de GER,"MF,FW",Hoffenheim,20,2003,0.5,0,0,0,3,6,0,1,0,3,0,0,0,7,1,1,50.0,Matches
89,Danny da Costa,de GER,DF,Mainz 05,30,1993,9.2,1,0,0,7,4,0,40,16,9,0,1,0,60,10,20,33.3,Matches
90,Nicolas Cozza,fr FRA,DF,Wolfsburg,24,1999,3.1,1,0,0,1,0,0,4,4,6,0,0,0,12,3,9,25.0,Matches
91,Tomáš Čvančara,cz CZE,FW,Gladbach,22,2000,10.0,4,0,0,9,13,4,3,2,3,0,0,0,16,23,30,43.4,Matches
92,Finn Dahmen,de GER,GK,Augsburg,25,1998,31.0,4,0,0,2,4,0,0,0,0,0,2,1,64,6,3,66.7,Matches
93,Mahmoud Dahoud,de GER,MF,Stuttgart,27,1996,2.5,0,0,0,0,2,0,6,0,1,0,0,0,23,2,5,28.6,Matches
94,Lukas Daschner,de GER,"MF,FW",Bochum,24,1998,6.0,2,0,0,4,9,0,20,2,4,0,0,0,24,5,12,29.4,Matches
95,David Datro Fofana,ci CIV,"FW,MF",Union Berlin,20,2002,7.6,0,0,0,8,12,4,11,0,7,0,0,0,25,10,17,37.0,Matches
96,Alphonso Davies,ca CAN,DF,Bayern Munich,22,2000,22.9,0,0,0,16,20,0,31,26,24,0,1,0,179,14,9,60.9,Matches
97,Olivier Deman,be BEL,DF,Werder Bremen,23,2000,15.2,5,0,0,27,13,0,45,14,15,0,1,1,80,16,18,47.1,Matches
98,Ermedin Demirović,ba BIH,"FW,MF",Augsburg,25,1998,31.9,7,0,0,60,35,16,10,11,14,1,0,0,107,51,89,36.4,Matches
99,Sepp van den Berg,nl NED,DF,Mainz 05,21,2001,31.5,9,0,0,31,18,0,2,43,23,0,0,1,176,171,78,68.7,Matches
100,Samuele Di Benedetto,de GER,MF,Stuttgart,18,2005,0.1,0,0,0,0,2,0,0,1,0,0,0,0,1,0,0,,Matches
101,Justin Diehl,de GER,"FW,MF",Köln,18,2004,1.9,0,0,0,2,4,0,18,0,0,0,0,0,8,0,2,0.0,Matches
102,Eric Dier,eng ENG,DF,Bayern Munich,29,1994,13.0,1,0,0,12,9,1,7,10,8,0,0,0,66,34,15,69.4,Matches
103,Florian Dietz,de GER,"FW,MF",Köln,24,1998,0.8,0,0,0,1,0,0,0,0,0,0,0,0,2,2,8,20.0,Matches
104,Junior Dina Ebimbe,fr FRA,"MF,DF",Eint Frankfurt,22,2000,21.7,5,0,0,49,15,3,21,9,29,0,0,0,112,41,32,56.2,Matches
105,Eren Dinkçi,de GER,"FW,MF",Heidenheim,21,2001,29.4,8,0,0,28,22,2,79,12,18,0,0,0,155,11,24,31.4,Matches
106,Ritsu Doan,jp JPN,"DF,MF",Freiburg,25,1998,25.0,2,0,0,26,35,2,61,9,27,1,0,0,97,21,28,42.9,Matches
107,Danilho Doekhi,nl NED,DF,Union Berlin,25,1998,24.0,2,0,0,13,20,0,4,38,23,1,0,0,68,53,42,55.8,Matches
108,Niklas Dorsch,de GER,MF,Augsburg,25,1998,15.4,5,0,0,19,27,0,3,16,24,0,2,0,113,9,18,33.3,Matches
109,Nikola Dovedan,at AUT,"MF,FW",Heidenheim,29,1994,7.3,0,1,0,10,24,0,8,1,9,0,0,0,43,6,25,19.4,Matches
110,Damion Downs,us USA,"FW,MF",Köln,19,2004,2.0,0,0,0,1,0,0,1,0,1,0,0,0,4,1,6,14.3,Matches
111,Dion Drena Beljo,hr CRO,"FW,MF",Augsburg,21,2002,6.5,2,0,0,9,7,6,3,1,0,0,0,0,12,18,15,54.5,Matches
112,Tim Drexler,de GER,DF,Hoffenheim,18,2005,6.4,1,0,0,4,5,0,0,8,9,0,0,0,24,3,14,17.6,Matches
113,Marvin Ducksch,de GER,FW,Werder Bremen,29,1994,30.0,9,0,0,6,18,18,159,4,3,1,0,0,83,21,42,33.3,Matches
114,Julien Duranville,be BEL,"FW,MF",Dortmund,17,2006,0.1,0,0,0,3,0,0,0,0,0,0,0,0,0,1,0,100.0,Matches
115,Maximilian Eggestein,de GER,MF,Freiburg,26,1996,32.4,6,0,0,32,24,2,9,28,24,0,1,0,167,51,43,54.3,Matches
116,Lilian Egloff,de GER,"MF,DF",Stuttgart,20,2002,1.2,1,0,0,2,2,0,0,1,1,0,0,0,8,0,0,,Matches
117,Hugo Ekitike,fr FRA,FW,Eint Frankfurt,21,2002,8.0,3,0,0,12,12,6,9,2,7,0,0,0,21,14,27,34.1,Matches
118,Elif Elmas,mk MKD,"MF,FW",RB Leipzig,23,1999,3.0,0,0,0,4,4,0,0,1,6,0,0,0,9,0,2,0.0,Matches
119,Nico Elvedi,ch SUI,DF,Gladbach,26,1996,27.6,5,0,0,13,18,1,3,43,18,0,0,0,137,72,46,61.0,Matches
120,Arne Engels,be BEL,"MF,DF",Augsburg,19,2003,15.6,1,1,0,24,15,1,80,15,18,2,0,0,61,12,19,38.7,Matches
121,Ohis Felix Uduokhai,de GER,DF,Augsburg,25,1997,32.5,5,1,1,29,23,0,3,46,21,1,0,1,150,111,68,62.0,Matches
122,Edimilson Fernandes,ch SUI,DF,Mainz 05,27,1996,14.3,4,0,0,10,8,2,53,22,16,0,0,0,88,19,19,50.0,Matches
123,Nacho Ferri,es ESP,"FW,MF",Eint Frankfurt,18,2004,0.8,0,0,0,1,2,0,0,0,3,0,0,0,2,9,9,50.0,Matches
124,Max Finkgräfe,de GER,"DF,FW",Köln,19,2004,19.5,4,0,0,19,21,0,61,22,39,0,0,0,104,23,27,46.0,Matches
125,Kilian Fischer,de GER,"DF,MF",Wolfsburg,22,2000,3.2,1,0,0,4,3,0,11,1,6,0,0,0,10,0,5,0.0,Matches
126,Jonas Föhrenbach,de GER,DF,Heidenheim,27,1996,31.0,2,0,0,15,17,2,73,31,24,0,0,1,148,37,22,62.7,Matches
127,Emil Forsberg,se SWE,"MF,FW",RB Leipzig,31,1991,5.2,0,0,0,4,9,0,8,0,3,0,0,0,19,2,3,40.0,Matches
128,Philipp Förster,de GER,"MF,FW",Bochum,28,1995,4.3,1,0,0,6,9,0,28,7,5,0,0,0,27,2,7,22.2,Matches
129,Bartol Franjić,hr CRO,MF,Darmstadt 98,23,2000,13.7,5,0,0,20,2,0,4,30,12,0,0,0,63,17,19,47.2,Matches
130,Marco Friedl,at AUT,DF,Werder Bremen,25,1998,24.4,6,0,0,31,17,1,4,35,32,0,1,0,138,40,41,49.4,Matches
131,Marvin Friedrich,de GER,DF,Gladbach,27,1995,17.4,1,0,0,10,10,0,2,17,15,0,0,0,68,37,19,66.1,Matches
132,Jeremie Frimpong,nl NED,DF,Leverkusen,22,2000,25.0,6,0,0,21,34,12,93,7,17,1,0,0,94,13,13,50.0,Matches
133,Chris Führich,de GER,"FW,MF",Stuttgart,25,1998,28.5,2,0,0,6,10,3,100,7,19,0,0,0,119,4,14,22.2,Matches
134,Shiō Fukuda,jp JPN,"FW,MF",Gladbach,19,2004,0.4,0,0,0,1,0,0,0,1,0,0,0,0,2,3,4,42.9,Matches
135,Niclas Füllkrug,de GER,FW,Werder Bremen,30,1993,2.0,0,0,0,2,7,3,0,0,1,0,0,0,3,12,11,52.2,Matches
136,Niclas Füllkrug,de GER,FW,Dortmund,30,1993,24.6,1,0,0,26,37,11,5,2,2,0,0,0,39,67,104,39.2,Matches
137,Cristian Gamboa,cr CRC,DF,Bochum,33,1989,13.2,6,0,0,14,6,0,23,15,18,0,1,0,74,12,9,57.1,Matches
138,Dennis Geiger,de GER,MF,Hoffenheim,25,1998,0.7,1,0,0,2,0,0,0,0,0,0,0,0,1,1,1,50.0,Matches
139,Yannick Gerhardt,de GER,"MF,DF",Wolfsburg,29,1994,18.1,5,0,0,18,16,2,27,7,20,0,0,0,78,28,27,50.9,Matches
140,Anwar El Ghazi,nl NED,"MF,DF",Mainz 05,28,1995,0.6,0,0,0,1,0,0,1,0,0,0,0,0,2,0,0,,Matches
141,Benedikt Gimber,de GER,DF,Heidenheim,26,1997,22.5,9,0,0,40,27,0,3,16,24,0,2,1,87,48,41,53.9,Matches
142,Matthias Ginter,de GER,DF,Freiburg,29,1994,21.3,3,0,0,8,15,0,16,16,15,0,0,1,100,50,29,63.3,Matches
143,Jamie Gittens,eng ENG,"FW,MF",Dortmund,18,2004,11.8,1,0,0,12,25,0,13,4,7,2,0,0,37,4,10,28.6,Matches
144,Klaus Gjasula,al ALB,"DF,MF",Darmstadt 98,33,1989,15.1,7,1,0,23,11,0,7,19,22,0,1,0,69,34,27,55.7,Matches
145,Serge Gnabry,de GER,"FW,MF",Bayern Munich,28,1995,4.8,0,0,0,6,3,1,10,3,5,1,0,0,26,3,2,60.0,Matches
146,Leon Goretzka,de GER,MF,Bayern Munich,28,1995,24.9,3,0,0,23,14,2,10,31,23,0,0,0,171,36,29,55.4,Matches
147,Robin Gosens,de GER,"DF,MF",Union Berlin,29,1994,25.4,9,1,1,29,24,17,64,36,44,0,1,0,100,60,44,57.7,Matches
148,Mario Götze,de GER,MF,Eint Frankfurt,31,1992,23.0,5,1,1,14,35,1,54,14,34,0,1,0,152,8,13,38.1,Matches
149,Jeffrey Gouweleeuw,nl NED,DF,Augsburg,32,1991,28.8,7,0,0,25,9,4,18,35,23,0,0,0,156,52,39,57.1,Matches
150,Jens Grahl,de GER,GK,Eint Frankfurt,34,1988,2.0,0,0,0,0,0,0,0,0,0,0,0,0,1,1,0,100.0,Matches
151,Ryan Gravenberch,nl NED,FW,Bayern Munich,21,2002,0.1,1,0,0,1,0,0,0,0,0,0,0,0,0,0,0,,Matches
152,Michael Gregoritsch,at AUT,FW,Freiburg,29,1994,18.7,2,0,0,16,19,6,11,9,12,0,0,0,62,91,93,49.5,Matches
153,Vincenzo Grifo,it ITA,"MF,FW",Freiburg,30,1993,25.8,3,0,0,13,16,6,173,15,20,1,1,0,130,12,20,37.5,Matches
154,Florian Grillitsch,at AUT,"DF,MF",Hoffenheim,27,1995,25.5,8,0,0,27,24,0,17,52,28,0,0,0,171,34,31,52.3,Matches
155,Álex Grimaldo,es ESP,DF,Leverkusen,27,1995,30.9,1,0,0,14,26,3,202,22,24,1,0,0,168,12,19,38.7,Matches
156,Christian Groß,de GER,"DF,MF",Werder Bremen,34,1989,8.9,1,0,0,15,5,2,8,13,16,0,1,0,54,16,28,36.4,Matches
157,Brajan Gruda,de GER,"MF,FW",Mainz 05,19,2004,18.2,5,0,0,28,47,9,53,5,14,1,0,0,97,15,31,32.6,Matches
158,Ilia Gruev,bg BUL,MF,Werder Bremen,23,2000,0.0,0,0,0,0,0,0,0,0,0,0,0,0,0,0,0,,Matches
159,Raphaël Guerreiro,pt POR,"DF,MF",Bayern Munich,29,1993,13.2,2,0,0,3,7,0,42,15,16,0,0,0,59,2,5,28.6,Matches
160,Josuha Guilavogui,fr FRA,DF,Mainz 05,32,1990,4.5,1,0,0,5,2,0,0,13,10,0,0,0,29,7,6,53.8,Matches
161,Serhou Guirassy,gn GUI,FW,Stuttgart,27,1996,24.5,0,0,0,18,55,18,1,6,3,2,0,0,39,65,55,54.2,Matches
162,Péter Gulácsi,hu HUN,GK,RB Leipzig,33,1990,13.0,0,0,0,0,0,0,0,0,0,0,0,0,12,6,0,100.0,Matches
163,Manuel Gulde,de GER,DF,Freiburg,32,1991,22.7,5,1,1,17,15,1,3,25,23,0,0,0,78,49,33,59.8,Matches
164,Robert Gumny,pl POL,DF,Augsburg,25,1998,5.3,3,0,0,7,5,0,8,7,5,0,0,0,22,3,2,60.0,Matches
165,Christian Günter,de GER,DF,Freiburg,30,1993,11.8,1,0,0,8,3,1,62,2,12,0,0,0,32,5,10,33.3,Matches
166,Janik Haberer,de GER,"MF,DF",Union Berlin,29,1994,13.6,7,0,0,22,16,1,15,12,24,0,0,0,95,20,19,51.3,Matches
167,Robin Hack,de GER,"FW,MF",Gladbach,24,1998,15.0,2,0,0,17,22,9,44,14,8,0,0,0,79,16,22,42.1,Matches
168,Amadou Haidara,ml MLI,MF,RB Leipzig,25,1998,17.0,5,0,0,14,15,2,4,21,27,1,0,0,96,34,18,65.4,Matches
169,Sébastien Haller,ci CIV,FW,Dortmund,29,1994,4.4,2,0,0,8,10,3,0,0,0,0,1,0,10,19,21,47.5,Matches
170,Andreas Hanche-Olsen,no NOR,DF,Mainz 05,26,1997,11.0,5,0,0,13,8,1,0,11,12,0,1,0,38,29,15,65.9,Matches
171,Isak Hansen-Aarøen,no NOR,MF,Werder Bremen,18,2004,0.3,1,0,0,1,0,0,0,1,0,0,0,0,4,0,0,,Matches
172,Genki Haraguchi,jp JPN,MF,Stuttgart,32,1991,0.3,0,0,0,2,0,0,0,0,1,0,0,0,2,0,0,,Matches
173,Makoto Hasebe,jp JPN,"DF,MF",Eint Frankfurt,39,1984,2.4,1,0,0,4,3,0,1,2,2,0,1,0,13,4,3,57.1,Matches
174,Thorgan Hazard,be BEL,DF,Dortmund,30,1993,0.1,0,0,0,0,0,0,0,0,0,0,0,0,0,0,1,0.0,Matches
175,Dominique Heintz,de GER,DF,Köln,29,1993,6.3,0,0,0,7,4,1,23,3,5,0,0,0,30,11,11,50.0,Matches
176,Benjamin Henrichs,de GER,DF,RB Leipzig,26,1997,28.1,5,0,0,27,34,2,67,33,39,0,2,0,163,23,22,51.1,Matches
177,Patrick Herrmann,de GER,"FW,DF",Gladbach,32,1991,1.0,1,0,0,3,2,0,5,1,4,0,0,0,6,1,1,50.0,Matches
178,Piero Hincapié,ec ECU,DF,Leverkusen,21,2002,16.5,2,0,0,16,11,0,8,13,22,0,0,0,78,36,27,57.1,Matches
179,Adam Hložek,cz CZE,"MF,FW",Leverkusen,21,2002,5.1,1,0,0,8,7,1,0,2,4,0,0,0,20,8,10,44.4,Matches
180,Nicolas Höfler,de GER,MF,Freiburg,33,1990,25.9,10,1,0,29,31,0,2,31,40,0,0,0,152,49,48,50.5,Matches
181,Jonas Hofmann,de GER,MF,Leverkusen,31,1992,24.5,3,0,0,14,19,13,126,8,14,2,0,0,77,2,8,20.0,Matches
182,Philipp Hofmann,de GER,FW,Bochum,30,1993,17.5,1,0,0,20,26,4,3,4,5,0,0,0,44,111,94,54.1,Matches
183,Lucas Höler,de GER,"FW,MF",Freiburg,29,1994,25.6,7,0,0,25,48,7,12,15,24,2,0,0,104,80,102,44.0,Matches
184,Fabian Holland,de GER,"MF,DF",Darmstadt 98,33,1990,20.4,4,1,0,34,33,1,26,24,26,0,0,0,103,9,24,27.3,Matches
185,Benedict Hollerbach,de GER,"FW,MF",Union Berlin,22,2001,14.2,2,0,0,29,20,4,44,4,11,0,0,0,59,19,38,33.3,Matches
186,Gerrit Holtmann,ph PHI,"MF,FW",Darmstadt 98,28,1995,4.4,1,0,0,8,2,0,12,2,5,0,0,0,31,5,7,41.7,Matches
187,Franck Honorat,fr FRA,"DF,FW",Gladbach,26,1996,26.1,1,0,0,9,14,6,236,9,13,0,0,0,138,17,19,47.2,Matches
188,Mathias Honsak,at AUT,"FW,MF",Darmstadt 98,26,1996,11.3,1,0,0,14,12,3,11,8,7,0,0,0,32,15,24,38.5,Matches
189,Fraser Hornby,sct SCO,"FW,MF",Darmstadt 98,23,1999,2.4,1,0,0,5,1,1,4,0,0,0,0,0,8,11,13,45.8,Matches
190,Lukáš Hrádecký,fi FIN,GK,Leverkusen,33,1989,33.0,2,0,0,0,1,0,0,0,0,0,0,0,51,8,1,88.9,Matches
191,Timo Hübers,de GER,DF,Köln,27,1996,30.9,6,0,0,44,25,1,3,63,47,1,0,0,211,99,49,66.9,Matches
192,Mats Hummels,de GER,DF,Dortmund,34,1988,17.6,4,1,0,12,9,0,3,33,34,0,2,0,99,38,24,61.3,Matches
193,Denis Huseinbasic,ba BIH,MF,Köln,22,2001,18.1,5,0,0,28,14,0,15,13,18,0,0,0,114,8,8,50.0,Matches
194,Iago,br BRA,DF,Augsburg,26,1997,18.0,4,0,0,14,23,4,44,18,17,0,2,0,117,20,18,52.6,Matches
195,Borja Iglesias,es ESP,FW,Leverkusen,30,1993,2.8,0,0,0,2,3,1,1,1,0,0,0,0,5,4,6,40.0,Matches
196,Joel Imasuen,us USA,FW,Werder Bremen,18,2004,0.0,0,0,0,0,0,0,0,0,0,0,0,0,0,0,0,,Matches
197,Thomas Isherwood,se SWE,DF,Darmstadt 98,25,1998,7.1,1,0,0,8,3,1,1,10,5,0,0,1,17,8,6,57.1,Matches
198,Ko Itakura,jp JPN,"DF,MF",Gladbach,26,1997,17.7,9,0,0,28,4,0,5,22,21,0,0,0,78,38,30,55.9,Matches
199,Hiroki Ito,jp JPN,DF,Stuttgart,24,1999,24.8,1,0,0,17,8,2,23,29,18,0,0,0,125,30,38,44.1,Matches
200,Lee Jae-sung,kr KOR,"MF,FW",Mainz 05,30,1992,23.5,6,0,0,19,27,9,17,27,20,2,0,0,95,33,64,34.0,Matches
201,Paul Jaeckel,de GER,DF,Union Berlin,25,1998,2.6,0,0,0,0,2,0,0,4,2,0,0,0,14,5,2,71.4,Matches
202,Kristijan Jakić,hr CRO,MF,Augsburg,26,1997,11.7,4,0,0,18,17,0,6,20,14,0,0,0,79,13,12,52.0,Matches
203,Kristijan Jakić,hr CRO,"MF,FW",Eint Frankfurt,26,1997,2.2,1,0,0,5,3,0,1,2,3,0,0,0,12,5,3,62.5,Matches
204,Tony Jantschke,de GER,"DF,MF",Gladbach,33,1990,0.3,0,0,0,1,2,0,0,1,1,0,0,0,1,2,2,50.0,Matches
205,Nuha Jatta,gm GAM,FW,RB Leipzig,17,2006,0.0,0,0,0,0,0,0,0,0,0,0,0,0,0,0,0,,Matches
206,Fredrik Jensen,fi FIN,"MF,FW",Augsburg,25,1997,14.9,1,0,0,14,2,5,91,12,11,0,1,0,60,24,21,53.3,Matches
207,Moritz Jenz,de GER,DF,Wolfsburg,24,1999,19.4,7,1,1,26,3,0,0,26,24,0,0,1,81,48,22,68.6,Matches
208,Anthony Jung,de GER,DF,Werder Bremen,31,1991,28.7,4,1,0,15,15,1,23,24,23,0,1,0,142,44,26,62.9,Matches
209,Josip Juranović,hr CRO,DF,Union Berlin,27,1995,14.4,4,0,0,4,10,0,104,12,14,0,0,0,87,3,4,42.9,Matches
210,David Jurásek,cz CZE,DF,Hoffenheim,22,2000,5.5,1,0,0,3,1,0,24,3,11,0,0,0,29,5,3,62.5,Matches
211,Julian Justvan,de GER,"FW,MF",Hoffenheim,25,1998,0.5,0,0,0,0,0,0,9,0,0,0,0,0,3,0,0,,Matches
212,Julian Justvan,de GER,"MF,FW",Darmstadt 98,25,1998,11.4,1,0,0,2,5,0,41,11,4,0,0,0,52,1,15,6.3,Matches
213,Ozan Kabak,tr TUR,DF,Hoffenheim,23,2000,25.4,11,1,1,31,9,0,3,46,35,0,1,0,96,68,47,59.1,Matches
214,Pavel Kadeřábek,cz CZE,"DF,FW",Hoffenheim,31,1992,26.8,7,0,0,17,12,1,101,23,19,0,0,0,65,62,64,49.2,Matches
215,Florian Kainz,at AUT,"MF,FW",Köln,30,1992,24.4,4,0,0,19,33,1,167,13,20,0,0,0,126,12,25,32.4,Matches
216,Sasa Kalajdzic,at AUT,FW,Eint Frankfurt,26,1997,3.6,0,0,0,3,10,1,1,2,2,0,0,0,10,9,11,45.0,Matches
217,Jakub Kamiński,pl POL,"FW,MF",Wolfsburg,21,2002,5.3,0,0,0,3,5,2,16,2,5,0,0,0,24,4,12,25.0,Matches
218,Kevin Kampl,si SVN,MF,RB Leipzig,32,1990,15.1,3,0,0,16,3,0,11,11,8,0,1,0,102,3,10,23.1,Matches
219,Harry Kane,eng ENG,FW,Bayern Munich,30,1993,31.5,2,0,0,10,39,13,31,6,9,0,0,0,55,30,34,46.9,Matches
220,Atakan Karazor,tr TUR,MF,Stuttgart,26,1996,29.1,9,0,0,28,61,0,4,27,44,0,0,0,174,44,38,53.7,Matches
221,Emir Karic,ba BIH,DF,Darmstadt 98,26,1997,19.8,4,0,0,17,7,5,52,13,27,0,0,0,76,21,16,56.8,Matches
222,Silas Katompa,cd COD,"FW,MF",Stuttgart,24,1998,10.0,0,0,0,13,15,5,28,0,3,1,0,0,37,5,11,31.3,Matches
223,Mikkel Kaufmann,dk DEN,FW,Union Berlin,22,2001,5.4,0,0,0,7,10,0,5,1,3,0,0,0,19,26,34,43.3,Matches
224,Naby Keïta,gn GUI,"MF,DF",Werder Bremen,28,1995,1.2,2,0,0,2,1,0,0,2,1,0,0,0,14,0,3,0.0,Matches
225,Yannik Keitel,de GER,"DF,MF",Freiburg,23,2000,10.2,0,0,0,12,6,0,2,12,15,0,0,0,52,23,17,57.5,Matches
226,Thomas Keller,de GER,"MF,FW",Heidenheim,23,1999,0.0,0,0,0,1,0,0,0,0,0,0,0,0,1,0,0,,Matches
227,Aljoscha Kemlein,de GER,MF,Union Berlin,18,2004,0.3,0,0,0,2,0,0,0,0,0,0,0,0,2,0,2,0.0,Matches
228,Tobias Kempe,de GER,MF,Darmstadt 98,34,1989,15.0,1,0,0,14,11,0,81,9,13,1,0,0,65,13,20,39.4,Matches
229,Rani Khedira,de GER,MF,Union Berlin,29,1994,14.9,5,1,0,25,14,1,6,22,22,0,1,0,74,19,18,51.4,Matches
230,Luca Kilian,de GER,DF,Köln,23,1999,7.1,1,0,0,4,0,0,1,7,9,0,0,0,24,10,7,58.8,Matches
231,Joshua Kimmich,de GER,"MF,DF",Bayern Munich,28,1995,24.2,1,1,0,11,24,2,195,14,33,0,0,0,140,5,14,26.3,Matches
232,Christoph Klarer,at AUT,DF,Darmstadt 98,23,2000,26.2,9,0,0,29,13,4,8,21,22,0,0,0,87,42,38,52.5,Matches
233,Tim Kleindienst,de GER,FW,Heidenheim,27,1995,31.9,6,0,0,88,13,16,19,12,12,0,0,0,100,179,117,60.5,Matches
234,Lukas Klostermann,de GER,DF,RB Leipzig,27,1996,16.0,3,0,0,11,5,1,8,13,10,0,0,0,81,16,32,33.3,Matches
235,Ansgar Knauff,de GER,"MF,DF",Eint Frankfurt,21,2002,23.4,7,1,1,32,24,2,46,20,26,0,3,0,92,23,43,34.8,Matches
236,Robin Knoche,de GER,DF,Union Berlin,31,1992,21.3,1,0,0,10,10,0,3,13,22,0,1,1,152,46,41,52.9,Matches
237,Gregor Kobel,ch SUI,GK,Dortmund,25,1997,26.3,1,0,0,2,3,0,0,0,0,0,2,0,41,5,0,100.0,Matches
238,Robin Koch,de GER,DF,Eint Frankfurt,27,1996,30.4,10,0,0,20,13,0,4,32,23,0,2,0,138,80,50,61.5,Matches
239,Dominik Kohr,de GER,"DF,MF",Mainz 05,29,1994,24.3,15,1,1,48,26,0,22,43,42,0,0,0,134,42,41,50.6,Matches
240,Randal Kolo Muani,fr FRA,FW,Eint Frankfurt,24,1998,1.7,0,0,0,4,5,0,0,0,0,0,0,0,3,4,5,44.4,Matches
241,Mert Kömür,de GER,"MF,DF",Augsburg,18,2005,1.3,0,0,0,2,2,0,1,0,3,0,0,0,3,0,1,0.0,Matches
242,Manu Koné,fr FRA,MF,Gladbach,22,2001,17.3,4,1,0,28,35,3,3,15,26,1,1,0,111,21,24,46.7,Matches
243,Odilon Kossounou,ci CIV,DF,Leverkusen,22,2001,20.1,3,0,0,17,7,0,2,27,20,0,0,0,132,23,17,57.5,Matches
244,Tomáš Koubek,cz CZE,GK,Augsburg,30,1992,3.0,0,0,0,0,0,0,0,0,0,0,0,0,5,0,0,,Matches
245,Matej Kovar,cz CZE,GK,Leverkusen,23,2000,1.0,0,0,0,0,0,0,0,0,0,0,0,0,1,0,0,,Matches
246,Dawid Kownacki,pl POL,FW,Werder Bremen,26,1997,4.2,0,0,0,9,9,1,3,0,1,0,0,0,8,29,29,50.0,Matches
247,Alex Král,cz CZE,MF,Union Berlin,25,1998,15.2,2,0,0,16,13,2,17,11,14,0,0,0,85,16,17,48.5,Matches
248,Andrej Kramarić,hr CRO,"MF,FW",Hoffenheim,32,1991,24.4,4,0,0,8,35,8,113,10,2,1,0,0,113,9,13,40.9,Matches
249,Christoph Kramer,de GER,MF,Gladbach,32,1991,2.8,4,0,0,6,3,0,3,4,5,0,0,0,20,7,7,50.0,Matches
250,Frans Krätzig,de GER,DF,Bayern Munich,20,2003,0.6,0,0,0,0,0,1,0,0,0,0,0,0,4,0,0,,Matches
251,Tom Krauß,de GER,MF,Mainz 05,22,2001,15.0,5,0,0,31,16,0,7,17,33,0,0,0,148,15,11,57.7,Matches
252,Lukas Kübler,de GER,DF,Freiburg,30,1992,20.5,7,0,0,19,24,3,21,37,24,0,0,0,113,35,25,58.3,Matches
253,Mahmut Kücüksahin,,MF,Augsburg,19,2004,0.0,0,0,0,0,0,0,0,0,0,0,0,0,0,0,0,,Matches
254,Christian Kühlwetter,de GER,MF,Heidenheim,27,1996,0.1,0,0,0,0,0,0,0,0,0,0,0,0,1,0,2,0.0,Matches
255,Moritz-Broni Kwarteng,gh GHA,FW,Bochum,25,1998,3.1,1,1,0,5,5,2,5,2,0,0,0,0,18,0,8,0.0,Matches
256,Maxence Lacroix,fr FRA,DF,Wolfsburg,23,2000,26.2,5,3,1,27,19,0,5,24,29,0,0,0,126,64,50,56.1,Matches
257,Aïssa Laïdouni,tn TUN,MF,Union Berlin,26,1996,11.9,2,0,0,20,27,0,22,12,12,0,0,0,80,12,14,46.2,Matches
258,Konrad Laimer,at AUT,"DF,MF",Bayern Munich,26,1997,19.7,3,0,0,28,15,2,31,18,36,0,0,0,114,12,19,38.7,Matches
259,Stefan Lainer,at AUT,"DF,MF",Gladbach,30,1992,8.3,2,0,0,8,7,1,19,5,16,0,0,0,33,7,12,36.8,Matches
260,Hugo Larsson,se SWE,MF,Eint Frankfurt,19,2004,21.0,1,0,0,16,2,1,8,29,18,0,0,0,116,9,19,32.1,Matches
261,Diogo Leite,pt POR,DF,Union Berlin,24,1999,30.0,6,0,0,40,31,1,4,47,36,0,2,0,145,71,44,61.7,Matches
262,Maxim Leitsch,de GER,DF,Mainz 05,25,1998,4.2,0,0,0,2,2,0,0,4,3,0,0,0,28,13,6,68.4,Matches
263,Christopher Lenz,de GER,"DF,MF",RB Leipzig,28,1994,0.5,0,0,0,2,0,0,5,2,1,0,0,0,3,2,1,66.7,Matches
264,Christopher Lenz,de GER,DF,Eint Frankfurt,28,1994,0.1,0,0,0,0,1,0,0,0,1,0,0,0,1,0,0,,Matches
265,Jamie Leweling,de GER,"FW,MF",Stuttgart,22,2001,16.9,3,0,0,22,23,8,46,5,10,0,1,0,74,4,13,23.5,Matches
266,Philipp Lienhart,at AUT,DF,Freiburg,27,1996,14.1,3,0,0,12,6,1,4,14,13,0,1,0,77,33,14,70.2,Matches
267,Matthijs de Ligt,nl NED,DF,Bayern Munich,23,1999,15.4,5,0,0,12,8,0,2,19,12,0,0,0,73,41,28,59.4,Matches
268,Jesper Lindstrøm,dk DEN,FW,Eint Frankfurt,23,2000,0.9,0,0,0,1,0,0,1,0,1,0,0,0,2,0,1,0.0,Matches
269,Dejan Ljubicic,at AUT,"MF,FW",Köln,25,1997,22.8,6,0,0,32,13,1,31,18,27,0,0,0,112,8,11,42.1,Matches
270,Noah Loosli,ch SUI,DF,Bochum,26,1997,3.8,1,0,0,4,0,0,2,7,7,0,0,0,27,5,7,41.7,Matches
271,Anthony Losilla,fr FRA,MF,Bochum,37,1986,28.6,10,0,0,38,22,5,6,25,37,0,0,0,136,82,54,60.3,Matches
272,Castello Lukeba,fr FRA,DF,RB Leipzig,20,2002,24.3,3,0,0,8,23,1,5,12,12,0,0,0,158,32,27,54.2,Matches
273,Andreas Luthe,de GER,GK,Bochum,36,1987,1.0,0,0,0,0,0,0,0,0,0,0,0,0,2,0,0,,Matches
274,Senne Lynen,be BEL,MF,Werder Bremen,24,1999,20.0,6,0,0,35,17,0,4,41,38,0,0,0,118,12,29,29.3,Matches
275,Ian Maatsen,nl NED,DF,Dortmund,21,2002,14.0,5,0,0,19,9,0,26,13,22,0,0,0,79,2,9,18.2,Matches
276,Matej Maglica,hr CRO,DF,Darmstadt 98,24,1998,18.9,7,2,0,31,7,1,7,22,21,0,1,0,85,51,24,68.0,Matches
277,Arne Maier,de GER,MF,Augsburg,24,1999,11.1,0,0,0,4,4,0,85,6,9,0,1,0,58,6,4,60.0,Matches
278,Linton Maina,de GER,"FW,MF",Köln,24,1999,21.1,4,0,0,10,17,5,74,6,15,0,0,0,92,0,14,0.0,Matches
279,Patrick Mainka,de GER,DF,Heidenheim,28,1994,34.0,1,0,0,24,16,2,0,49,49,0,1,0,183,119,84,58.6,Matches
280,Lovro Majer,hr CRO,"MF,FW",Wolfsburg,25,1998,23.4,5,0,0,37,37,1,89,12,18,1,0,0,143,11,18,37.9,Matches
281,Jordy Makengo,fr FRA,DF,Freiburg,21,2001,11.4,1,0,0,14,11,1,23,11,11,0,2,0,46,17,15,53.1,Matches
282,Julián Malatini,ar ARG,DF,Werder Bremen,22,2001,6.7,1,0,0,10,1,0,6,13,13,0,1,0,31,9,10,47.4,Matches
283,Donyell Malen,nl NED,"FW,MF",Dortmund,24,1999,19.8,5,0,0,11,24,3,39,2,7,1,0,0,71,7,19,26.9,Matches
284,Lennard Maloney,us USA,MF,Heidenheim,23,1999,25.4,1,0,0,44,15,0,4,25,26,0,2,1,132,67,49,57.8,Matches
285,David Mamutovic,de GER,"FW,DF",Mainz 05,22,2000,0.1,0,0,0,0,2,0,1,0,1,0,0,0,2,0,1,0.0,Matches
286,Braydon Manu,gh GHA,MF,Darmstadt 98,26,1997,1.9,1,0,0,4,1,0,4,0,0,0,0,0,7,0,3,0.0,Matches
287,Omar Marmoush,eg EGY,"FW,MF",Eint Frankfurt,24,1999,25.6,7,0,0,28,74,12,33,11,11,2,1,0,90,27,29,48.2,Matches
288,Eric Martel,de GER,MF,Köln,21,2002,27.3,6,0,0,52,41,2,19,43,43,1,1,0,152,70,54,56.5,Matches
289,Erhan Mašović,rs SRB,"DF,MF",Bochum,24,1998,24.7,7,0,0,22,15,0,5,25,40,0,0,1,117,35,53,39.8,Matches
290,Roberto Massimo,de GER,"FW,DF",Stuttgart,22,2000,0.9,1,0,0,2,1,0,0,0,0,0,0,0,8,1,3,25.0,Matches
291,Jean Mattéo Bahoya,fr FRA,"MF,FW",Eint Frankfurt,18,2005,2.0,0,0,0,1,1,1,6,1,1,0,0,0,15,1,4,20.0,Matches
292,Philipp Max,de GER,DF,Eint Frankfurt,29,1993,15.0,2,0,0,7,9,2,59,7,17,0,1,0,65,12,16,42.9,Matches
293,Eric Maxim Choupo-Moting,cm CMR,"MF,FW",Bayern Munich,34,1989,8.0,1,0,0,10,7,2,11,7,12,0,0,0,41,15,9,62.5,Matches
294,Noussair Mazraoui,ma MAR,DF,Bayern Munich,25,1997,13.3,3,0,0,10,11,0,19,20,21,0,0,0,63,19,21,47.5,Matches
295,Kevin Mbabu,ch SUI,DF,Augsburg,28,1995,22.7,5,0,0,45,26,2,101,24,39,0,0,0,119,26,15,63.4,Matches
296,Noah Mbamba,be BEL,MF,Leverkusen,18,2005,0.2,0,0,0,1,0,0,1,1,0,0,0,0,1,0,0,,Matches
297,Nathanael Mbuku,cd COD,FW,Augsburg,21,2002,0.1,0,0,0,0,0,0,0,0,0,0,0,0,0,0,0,,Matches
298,Marvin Mehlem,de GER,MF,Darmstadt 98,25,1997,16.5,3,0,0,20,34,8,18,33,21,0,0,0,82,13,13,50.0,Matches
299,Thomas Meunier,be BEL,DF,Dortmund,31,1991,6.5,0,0,0,10,0,0,17,4,1,0,0,0,43,7,6,53.8,Matches
300,Alexander Meyer,de GER,GK,Dortmund,32,1991,7.7,0,0,0,0,0,0,0,0,1,0,0,0,12,0,0,,Matches
301,Sven Michel,de GER,"FW,MF",Augsburg,33,1990,6.5,2,0,0,12,4,4,10,0,5,0,0,0,22,18,30,37.5,Matches
302,Enzo Millot,fr FRA,"MF,FW",Stuttgart,21,2002,24.9,5,0,0,36,35,4,38,16,22,1,0,0,135,7,30,18.9,Matches
303,Jovan Milošević,rs SRB,"FW,MF",Stuttgart,18,2005,0.3,0,0,0,1,1,0,0,0,0,0,0,0,1,0,3,0.0,Matches
304,Kim Min-jae,kr KOR,DF,Bayern Munich,26,1996,21.9,3,0,0,19,2,1,2,45,24,0,0,0,143,75,29,72.1,Matches
305,Maximilian Mittelstädt,de GER,DF,Stuttgart,26,1997,23.4,5,0,0,28,31,1,105,46,51,0,0,0,140,30,20,60.0,Matches
306,Marko Mladenović,rs SRB,MF,Eint Frankfurt,18,2005,0.1,0,0,0,0,0,0,0,0,0,0,0,0,2,0,0,,Matches
307,Max Moerstedt,de GER,"DF,FW",Hoffenheim,17,2006,0.1,0,0,0,0,0,0,0,0,0,0,0,0,1,0,0,,Matches
308,Mateu Morey,es ESP,DF,Dortmund,23,2000,1.2,0,0,0,3,5,1,1,1,2,0,0,0,7,2,2,50.0,Matches
309,Youssoufa Moukoko,de GER,FW,Dortmund,18,2004,6.9,1,0,0,8,2,7,4,2,1,0,0,0,21,6,10,37.5,Matches
310,Andreas Müller,de GER,MF,Darmstadt 98,23,2000,3.9,3,0,0,5,4,0,2,4,9,0,0,0,20,3,1,75.0,Matches
311,Jannik Müller,de GER,"DF,MF",Darmstadt 98,29,1994,12.6,5,0,0,19,7,0,7,17,16,0,0,0,66,21,17,55.3,Matches
312,Kevin Müller,de GER,GK,Heidenheim,32,1991,34.0,1,0,0,1,2,0,0,0,0,0,1,0,33,4,1,80.0,Matches
313,Marcus Müller,de GER,MF,Mainz 05,20,2002,0.2,0,0,0,1,0,0,0,0,0,0,0,0,0,3,1,75.0,Matches
314,Thomas Müller,de GER,"MF,FW",Bayern Munich,33,1989,18.4,0,0,0,12,21,15,55,3,16,1,1,0,55,30,25,54.5,Matches
315,Jamal Musiala,de GER,"MF,FW",Bayern Munich,20,2003,19.5,2,0,0,26,39,2,11,16,25,0,0,0,91,7,11,38.9,Matches
316,Florent Muslija,xk KVX,"MF,FW",Freiburg,25,1998,1.2,0,0,0,1,2,0,9,0,4,0,0,0,7,1,1,50.0,Matches
317,Phillipp Mwene,at AUT,DF,Mainz 05,29,1994,22.2,4,1,0,34,13,3,86,17,15,1,0,0,88,18,18,50.0,Matches
318,Joakim Mæhle,dk DEN,"DF,MF",Wolfsburg,26,1997,27.2,5,0,0,19,15,2,60,29,39,0,1,0,134,22,24,47.8,Matches
319,Nathan N'Goumou,cm CMR,"FW,MF",Gladbach,23,2000,15.4,1,0,0,13,18,6,28,5,22,0,1,0,62,9,34,20.9,Matches
320,Stanley N'Soki,fr FRA,DF,Hoffenheim,24,1999,7.0,3,1,1,12,2,0,7,8,10,0,1,0,46,12,9,57.1,Matches
321,Luca Netz,de GER,DF,Gladbach,20,2003,24.7,2,0,0,26,16,1,74,22,22,0,2,0,130,37,29,56.1,Matches
322,Manuel Neuer,de GER,GK,Bayern Munich,37,1986,22.8,1,0,0,1,2,0,0,0,1,0,1,0,31,6,3,66.7,Matches
323,Florian Neuhaus,de GER,MF,Gladbach,26,1997,13.6,4,0,0,9,18,0,10,14,12,0,0,0,70,7,7,50.0,Matches
324,Jessic Ngankam,de GER,"FW,MF",Mainz 05,23,2000,2.0,0,1,0,8,3,1,1,3,1,0,0,0,7,2,7,22.2,Matches
325,Jessic Ngankam,de GER,FW,Eint Frankfurt,23,2000,3.1,2,0,0,11,7,2,0,0,2,0,0,0,11,3,14,17.6,Matches
326,Moritz Nicolas,de GER,GK,Gladbach,25,1997,27.0,2,0,0,1,2,0,0,0,0,0,1,0,35,10,0,100.0,Matches
327,Justin Njinmah,de GER,FW,Werder Bremen,22,2000,11.3,1,0,0,6,20,9,10,2,1,0,0,0,34,8,15,34.8,Matches
328,Niels Nkounkou,fr FRA,"DF,MF",Eint Frankfurt,22,2000,14.5,5,1,1,27,2,0,53,16,30,0,1,0,102,17,27,38.6,Matches
329,Felix Nmecha,de GER,MF,Dortmund,22,2000,11.3,3,0,0,9,27,1,3,11,13,0,0,0,47,20,8,71.4,Matches
330,Lukas Nmecha,de GER,FW,Wolfsburg,24,1998,0.5,0,0,0,1,1,0,0,0,1,0,0,0,0,3,3,50.0,Matches
331,Jonathan Norbye,no NOR,MF,RB Leipzig,16,2007,0.0,0,0,0,0,0,0,0,0,0,0,0,0,0,0,0,,Matches
332,Alexander Nübel,de GER,GK,Stuttgart,26,1996,30.0,1,0,0,0,4,0,0,0,2,0,0,1,65,8,1,88.9,Matches
333,Kasim Nuhu,gh GHA,DF,Hoffenheim,28,1995,0.1,0,0,0,1,0,0,0,0,0,0,0,0,0,0,0,,Matches
334,Fabian Nürnberger,bg BUL,"DF,MF",Darmstadt 98,24,1999,16.8,2,0,0,18,16,0,64,17,22,1,0,0,78,13,9,59.1,Matches
335,Tim Oermann,de GER,DF,Bochum,19,2003,7.9,2,0,0,8,8,0,8,2,11,0,0,0,27,7,12,36.8,Matches
336,Masaya Okugawa,jp JPN,"FW,DF",Augsburg,27,1996,0.4,0,0,0,0,0,0,0,0,0,0,0,0,1,1,0,100.0,Matches
337,Finn Ole Becker,de GER,MF,Hoffenheim,23,2000,6.7,1,0,0,6,7,0,7,1,9,0,0,0,49,5,9,35.7,Matches
338,Mathias Olesen,lu LUX,"MF,FW",Köln,22,2001,1.2,2,1,1,3,2,0,1,2,0,0,0,0,14,1,3,25.0,Matches
339,Dani Olmo,es ESP,MF,RB Leipzig,25,1998,16.1,0,0,0,15,17,1,21,13,18,0,0,0,75,11,19,36.7,Matches
340,Jonas Omlin,ch SUI,GK,Gladbach,29,1994,7.0,1,0,0,0,2,0,0,0,0,0,0,0,16,3,0,100.0,Matches
341,Karim Onisiwo,at AUT,"FW,MF",Mainz 05,31,1992,16.6,1,0,0,31,44,15,21,2,8,0,0,0,40,33,65,33.7,Matches
342,Loïs Openda,be BEL,FW,RB Leipzig,23,2000,30.0,4,0,0,38,64,33,32,5,3,1,1,0,59,22,31,41.5,Matches
343,Leon Opitz,de GER,"FW,DF",Werder Bremen,18,2005,0.2,0,0,0,0,0,0,2,0,2,0,0,0,2,0,0,,Matches
344,Willi Orban,hu HUN,DF,RB Leipzig,30,1992,17.6,2,0,0,16,10,0,1,16,12,0,0,0,87,54,28,65.9,Matches
345,Ivan Ordets,ua UKR,DF,Bochum,31,1992,20.9,4,0,0,29,20,3,1,31,14,1,4,1,89,133,55,70.7,Matches
346,Patrick Osterhage,de GER,MF,Bochum,23,2000,20.7,5,0,0,21,24,3,20,27,26,0,0,0,142,26,30,46.4,Matches
347,Salih Özcan,tr TUR,MF,Dortmund,25,1998,13.2,3,0,0,22,22,2,1,17,12,0,0,0,86,16,15,51.6,Matches
348,Willian Pacho,ec ECU,DF,Eint Frankfurt,21,2001,33.0,7,0,0,22,14,1,7,47,37,0,1,0,216,54,48,52.9,Matches
349,Gonçalo Paciência,pt POR,"FW,MF",Bochum,28,1994,7.2,3,0,0,9,22,2,10,0,4,0,0,0,29,20,34,37.0,Matches
350,Exequiel Palacios,ar ARG,MF,Leverkusen,24,1998,20.3,6,0,0,16,55,0,6,29,34,0,0,0,163,8,8,50.0,Matches
351,Miloš Pantović,rs SRB,MF,Union Berlin,27,1996,0.2,0,0,0,0,2,0,0,0,0,0,0,0,1,0,0,,Matches
352,Antonios Papadopoulos,de GER,DF,Dortmund,23,1999,1.3,0,0,0,1,1,0,0,2,3,0,0,0,7,5,4,55.6,Matches
353,Merveille Papela,de GER,"MF,DF",Mainz 05,22,2001,2.9,1,0,0,6,1,0,2,4,4,0,0,0,16,4,7,36.4,Matches
354,Leart Paqarada,xk KVX,DF,Köln,28,1994,11.9,0,0,0,7,8,1,92,10,11,0,0,0,56,9,21,30.0,Matches
355,Kevin Paredes,us USA,"FW,MF",Wolfsburg,20,2003,15.9,4,0,0,11,53,5,33,23,21,1,0,0,62,10,14,41.7,Matches
356,Felix Passlack,de GER,DF,Bochum,25,1998,10.7,2,1,0,14,13,2,40,10,14,0,0,0,51,6,8,42.9,Matches
357,Jiří Pavlenka,cz CZE,GK,Werder Bremen,31,1992,7.0,0,0,0,0,0,0,0,0,0,0,0,0,9,3,0,100.0,Matches
358,Aleksandar Pavlovic,de GER,MF,Bayern Munich,19,2004,13.6,6,0,0,20,16,0,18,17,16,0,0,0,75,10,13,43.5,Matches
359,Mads Pedersen,dk DEN,DF,Augsburg,26,1996,19.8,5,1,0,34,26,2,53,19,39,0,0,0,100,10,23,30.3,Matches
360,Jordan Pefok,us USA,FW,Gladbach,27,1996,15.8,2,0,0,35,30,7,0,5,4,1,0,0,35,47,45,51.1,Matches
361,Jordan Pefok,us USA,FW,Union Berlin,27,1996,0.3,0,0,0,2,0,0,0,0,0,0,0,0,0,0,2,0.0,Matches
362,Dženan Pejčinović,de GER,FW,Wolfsburg,18,2005,0.4,1,0,0,2,0,0,0,0,0,0,0,0,2,1,2,33.3,Matches
363,Daniel Peretz,il ISR,GK,Bayern Munich,23,2000,0.2,0,0,0,0,0,0,0,0,0,0,0,0,0,0,0,,Matches
364,Matteo Perez Vinlöf,se SWE,FW,Bayern Munich,17,2005,0.2,0,0,0,1,1,0,1,1,0,0,0,0,1,0,0,,Matches
365,Pavao Pervan,at AUT,GK,Wolfsburg,35,1987,9.0,1,0,0,0,1,0,0,0,0,0,0,0,7,1,0,100.0,Matches
366,Jens Petter Hauge,no NOR,"MF,FW",Eint Frankfurt,23,1999,1.6,0,0,0,1,2,1,2,0,1,0,0,0,10,1,3,25.0,Matches
367,Luca Pfeiffer,de GER,"FW,MF",Darmstadt 98,26,1996,18.0,3,0,0,28,27,1,5,2,6,0,0,0,67,54,55,49.5,Matches
368,Patric Pfeiffer,de GER,DF,Augsburg,23,1999,5.7,0,0,0,7,4,0,1,11,7,0,1,0,27,20,12,62.5,Matches
369,Maximilian Philipp,de GER,"FW,MF",Freiburg,29,1994,3.6,2,0,0,10,3,0,4,1,5,0,0,0,11,7,14,33.3,Matches
370,Florian Pick,de GER,"MF,FW",Heidenheim,27,1995,3.6,2,0,0,6,7,1,32,2,4,0,0,0,29,5,5,50.0,Matches
371,Amos Pieper,de GER,DF,Werder Bremen,25,1998,6.6,0,0,0,5,5,0,2,9,11,0,0,0,39,26,14,65.0,Matches
372,Marvin Pieringer,de GER,"MF,FW",Heidenheim,23,1999,16.8,5,0,0,38,30,6,7,12,12,0,0,0,80,60,56,51.7,Matches
373,Alassane Pléa,fr FRA,"FW,MF",Gladbach,30,1993,21.3,1,0,0,15,29,6,44,2,7,1,0,0,72,15,27,35.7,Matches
374,Ole Pohlmann,de GER,MF,Dortmund,22,2001,0.6,0,0,0,0,0,0,3,0,0,0,0,0,3,1,0,100.0,Matches
375,Sebastian Polter,de GER,FW,Darmstadt 98,32,1991,5.0,0,0,0,9,10,2,4,0,0,0,0,0,7,20,14,58.8,Matches
376,Yussuf Poulsen,dk DEN,FW,RB Leipzig,29,1994,13.5,0,0,0,22,29,4,4,4,8,1,0,0,42,19,34,35.8,Matches
377,Grischa Prömel,de GER,MF,Hoffenheim,28,1995,23.8,10,1,1,33,29,1,10,22,18,0,0,0,127,16,23,41.0,Matches
378,Gustavo Puerta,co COL,"DF,MF",Leverkusen,20,2003,0.5,0,0,0,2,1,0,1,0,3,0,0,0,4,1,1,50.0,Matches
379,Luca Raimund,de GER,"FW,MF",Stuttgart,18,2005,0.3,1,0,0,2,0,0,1,0,1,0,0,0,1,1,1,50.0,Matches
380,Grant Ranos,am ARM,"MF,FW",Gladbach,20,2003,0.5,0,0,0,0,0,1,1,0,0,0,0,0,5,1,5,16.7,Matches
381,Nicolai Rapp,de GER,DF,Werder Bremen,26,1996,0.8,1,0,0,2,0,0,0,2,2,0,0,0,10,1,0,100.0,Matches
382,David Raum,de GER,DF,RB Leipzig,25,1998,30.4,6,0,0,28,12,4,306,27,35,0,0,0,169,27,20,57.4,Matches
383,Rocco Reitz,de GER,MF,Gladbach,21,2002,23.7,2,0,0,26,45,2,15,44,36,0,0,0,171,13,26,33.3,Matches
384,Marco Reus,de GER,"MF,FW",Dortmund,34,1989,17.8,2,0,0,21,21,4,32,5,25,0,0,0,58,13,18,41.9,Matches
385,Elvis Rexhbeçaj,xk KVX,MF,Augsburg,25,1997,22.1,4,0,0,20,42,2,21,20,19,0,0,0,125,27,26,50.9,Matches
386,Gio Reyna,us USA,"MF,FW",Dortmund,20,2002,3.1,1,0,0,2,5,1,4,2,6,0,0,0,19,4,5,44.4,Matches
387,Marco Richter,de GER,"MF,FW",Mainz 05,25,1997,8.0,3,0,0,10,17,3,36,2,4,0,0,0,37,3,19,13.6,Matches
388,Clemens Riedel,de GER,DF,Darmstadt 98,20,2003,8.4,2,0,0,10,4,0,8,11,13,0,0,0,57,11,14,44.0,Matches
389,Manuel Riemann,de GER,GK,Bochum,34,1988,33.0,5,0,0,2,4,0,4,1,1,0,2,0,81,14,3,82.4,Matches
390,Sebastian Rode,de GER,MF,Eint Frankfurt,32,1990,0.7,0,0,0,0,1,0,1,1,4,0,0,0,10,2,3,40.0,Matches
391,Rogério,br BRA,DF,Wolfsburg,25,1998,10.1,0,0,0,7,12,0,27,5,6,0,0,0,55,7,14,33.3,Matches
392,Merlin Röhl,de GER,"MF,FW",Freiburg,21,2002,16.4,3,1,0,35,28,2,16,9,13,0,0,0,103,21,31,40.4,Matches
393,Frank Ronstadt,de GER,"DF,MF",Darmstadt 98,26,1997,0.8,0,0,0,0,2,0,2,1,0,0,0,0,2,1,0,100.0,Matches
394,Anthony Rouault,fr FRA,DF,Stuttgart,22,2001,11.2,3,0,0,9,4,1,3,8,12,0,1,0,58,19,27,41.3,Matches
395,Jérôme Roussillon,fr FRA,DF,Union Berlin,30,1993,8.4,2,0,0,4,10,0,21,5,9,0,0,0,52,9,8,52.9,Matches
396,Fabian Rüdlin,de GER,MF,Freiburg,26,1997,0.1,0,0,0,0,0,0,0,0,0,0,0,0,0,0,0,,Matches
397,Julian Ryerson,no NOR,DF,Dortmund,25,1997,19.6,3,0,0,18,25,0,40,10,23,0,0,0,121,8,12,40.0,Matches
398,Frederik Rønnow,dk DEN,GK,Union Berlin,30,1992,33.0,2,0,0,0,4,0,0,1,1,0,0,0,46,10,1,90.9,Matches
399,Marcel Sabitzer,at AUT,MF,Dortmund,29,1994,21.8,3,1,0,15,28,1,30,12,24,0,0,0,89,6,20,23.1,Matches
400,Roland Sallai,hu HUN,"MF,FW",Freiburg,26,1997,20.4,6,0,0,41,42,11,73,6,10,1,0,0,71,29,46,38.7,Matches
401,Diadie Samassékou,ml MLI,MF,Hoffenheim,27,1996,0.0,0,0,0,0,1,0,0,1,0,0,0,0,0,0,0,,Matches
402,Jadon Sancho,eng ENG,"FW,MF",Dortmund,23,2000,10.5,1,0,0,3,10,3,29,4,4,1,0,0,40,1,1,50.0,Matches
403,Leroy Sané,de GER,FW,Bayern Munich,27,1996,23.7,4,0,0,26,21,10,86,7,8,0,0,0,97,3,2,60.0,Matches
404,Amin Sarr,se SWE,"FW,MF",Wolfsburg,22,2001,4.3,0,0,0,3,3,2,1,2,2,0,0,0,14,13,11,54.2,Matches
405,Bouna Sarr,sn SEN,DF,Bayern Munich,31,1992,1.2,0,0,0,0,1,0,1,0,0,0,0,0,3,1,1,50.0,Matches
406,Joe Scally,us USA,DF,Gladbach,20,2002,24.8,4,0,0,16,46,1,46,18,28,0,0,0,92,22,32,40.7,Matches
407,András Schäfer,hu HUN,MF,Union Berlin,24,1999,13.5,1,1,0,22,17,2,18,20,16,0,0,0,74,22,24,47.8,Matches
408,Patrik Schick,cz CZE,FW,Leverkusen,27,1996,11.8,1,0,0,11,13,5,1,1,4,1,0,0,24,24,21,53.3,Matches
409,Stefan Schimmer,de GER,"MF,FW",Heidenheim,29,1994,1.7,0,0,0,1,1,0,2,1,1,0,0,0,4,9,14,39.1,Matches
410,Xaver Schlager,at AUT,MF,RB Leipzig,25,1997,27.5,7,0,0,34,25,2,14,19,50,0,0,0,203,23,18,56.1,Matches
411,Keven Schlotterbeck,de GER,DF,Bochum,26,1997,24.3,9,0,0,36,32,0,12,33,22,2,2,2,144,112,70,61.5,Matches
412,Nico Schlotterbeck,de GER,DF,Dortmund,23,1999,31.8,4,0,0,17,32,0,8,45,50,1,0,1,245,58,41,58.6,Matches
413,Romano Schmid,at AUT,"MF,FW",Werder Bremen,23,2000,28.9,5,0,0,33,53,4,62,11,20,0,0,0,189,24,50,32.4,Matches
414,Kenneth Schmidt,de GER,DF,Freiburg,21,2002,0.8,0,0,0,1,0,0,2,1,2,0,0,0,11,1,1,50.0,Matches
415,Benno Schmitz,de GER,DF,Köln,28,1994,12.8,5,0,0,9,10,0,40,7,15,0,0,0,59,14,22,38.9,Matches
416,Fabian Schnellhardt,de GER,MF,Darmstadt 98,29,1994,2.6,1,0,0,2,3,0,4,4,1,0,0,0,25,1,3,25.0,Matches
417,Jan Schöppner,de GER,MF,Heidenheim,24,1999,22.2,3,0,0,14,12,1,7,26,26,0,0,0,108,39,39,50.0,Matches
418,Marcel Schuhen,de GER,GK,Darmstadt 98,30,1993,31.0,2,0,0,0,8,0,0,2,0,0,0,0,53,8,2,80.0,Matches
419,Marvin Schwäbe,de GER,GK,Köln,28,1995,34.0,0,0,0,0,1,0,0,0,0,0,0,0,35,5,3,62.5,Matches
420,Alexander Schwolow,de GER,GK,Union Berlin,31,1992,1.0,0,0,0,0,0,0,0,0,0,0,0,0,0,0,0,,Matches
421,Nicolas Seiwald,at AUT,MF,RB Leipzig,22,2001,8.0,1,0,0,5,1,0,4,8,18,0,0,1,50,6,8,42.9,Matches
422,Davie Selke,de GER,FW,Köln,28,1995,14.1,3,0,0,24,18,10,4,0,2,0,0,0,9,67,55,54.9,Matches
423,Benjamin Šeško,si SVN,FW,RB Leipzig,20,2003,17.0,0,0,0,14,10,12,4,3,5,0,0,0,28,38,29,56.7,Matches
424,Kevin Sessa,de GER,"MF,FW",Heidenheim,23,2000,11.2,1,0,0,16,20,1,20,4,10,0,0,0,75,14,16,46.7,Matches
425,Aaron Seydel,de GER,FW,Darmstadt 98,27,1996,6.9,1,0,0,9,7,2,1,1,2,0,0,0,14,45,31,59.2,Matches
426,Tim Siersleben,de GER,DF,Heidenheim,23,2000,10.1,1,0,0,16,5,0,1,21,11,0,2,0,59,13,11,54.2,Matches
427,Kiliann Sildillia,fr FRA,DF,Freiburg,21,2002,20.1,2,1,0,29,10,4,37,22,19,0,0,0,107,32,37,46.4,Matches
428,Mohamed Simakan,fr FRA,DF,RB Leipzig,23,2000,23.8,8,0,0,35,25,3,18,29,29,1,1,0,113,60,36,62.5,Matches
429,Xavi Simons,nl NED,MF,RB Leipzig,20,2003,29.5,11,1,1,32,70,1,76,16,17,2,0,0,167,19,17,52.8,Matches
430,Tim Skarke,de GER,"FW,DF",Darmstadt 98,26,1996,26.7,7,0,0,31,40,17,94,6,16,0,0,0,125,11,50,18.0,Matches
431,Ellyes Skhiri,tn TUN,MF,Eint Frankfurt,28,1995,24.1,1,0,0,14,18,3,4,39,24,0,0,0,160,31,25,55.4,Matches
432,Robert Skov,dk DEN,"DF,FW",Hoffenheim,27,1996,14.0,2,0,0,15,20,1,70,10,16,0,0,0,71,13,9,59.1,Matches
433,Hrvoje Smolčić,hr CRO,DF,Eint Frankfurt,22,2000,3.9,0,0,0,3,2,0,0,6,3,0,0,0,20,14,12,53.8,Matches
434,Danilo Soares,br BRA,DF,Bochum,31,1991,3.9,0,0,0,5,5,0,3,7,6,0,0,0,35,4,7,36.4,Matches
435,Borna Sosa,hr CRO,"FW,DF",Stuttgart,25,1998,0.5,0,0,0,0,0,0,12,0,0,0,0,0,0,0,0,,Matches
436,Anton Stach,de GER,MF,Hoffenheim,24,1998,25.8,4,0,0,30,41,0,54,72,42,1,0,0,209,52,27,65.8,Matches
437,Anton Stach,de GER,MF,Mainz 05,24,1998,1.9,0,0,0,2,4,0,2,2,0,0,0,0,13,12,9,57.1,Matches
438,Jens Stage,dk DEN,MF,Werder Bremen,26,1996,25.9,5,1,0,49,39,2,10,23,22,1,0,0,165,63,34,64.9,Matches
439,Josip Stanišić,hr CRO,DF,Leverkusen,23,2000,14.0,3,0,0,5,7,1,16,9,20,0,0,0,87,12,14,46.2,Matches
440,Niklas Stark,de GER,DF,Werder Bremen,28,1995,12.1,4,0,0,20,16,1,0,19,15,0,1,0,54,29,23,55.8,Matches
441,Pascal Stenzel,de GER,DF,Stuttgart,27,1996,11.8,3,1,1,16,11,0,26,15,8,0,0,0,49,9,17,34.6,Matches
442,Leonidas Stergiou,ch SUI,DF,Stuttgart,21,2002,6.6,0,0,0,5,1,0,12,5,8,0,0,0,27,4,9,30.8,Matches
443,Angelo Stiller,de GER,MF,Hoffenheim,22,2001,0.9,0,0,0,0,1,0,3,0,0,0,0,0,1,2,0,100.0,Matches
444,Angelo Stiller,de GER,MF,Stuttgart,22,2001,29.9,5,0,0,36,33,0,81,28,33,0,0,0,196,30,30,50.0,Matches
445,Kevin Stöger,at AUT,MF,Bochum,29,1993,29.6,8,0,0,36,63,1,258,19,30,0,0,0,210,8,33,19.5,Matches
446,Filip Stojilković,ch SUI,"FW,MF",Darmstadt 98,23,2000,1.7,1,0,0,3,1,2,3,0,1,0,0,0,4,0,2,0.0,Matches
447,Niklas Süle,de GER,DF,Dortmund,27,1995,16.8,0,0,0,9,1,0,2,25,10,0,0,0,83,21,14,60.0,Matches
448,Mattias Svanberg,se SWE,MF,Wolfsburg,24,1999,19.1,8,0,0,42,32,2,55,21,17,1,0,0,98,20,11,64.5,Matches
449,Attila Szalai,hu HUN,DF,Hoffenheim,25,1998,3.2,1,0,0,7,0,0,5,1,1,0,0,1,11,5,5,50.0,Matches
450,Attila Szalai,hu HUN,DF,Freiburg,25,1998,1.1,0,0,0,0,0,1,0,1,1,0,0,0,4,2,2,50.0,Matches
451,Jonathan Tah,de GER,DF,Leverkusen,27,1996,29.2,6,0,0,33,4,1,3,23,9,0,0,0,161,62,22,73.8,Matches
452,Edmond Tapsoba,bf BFA,DF,Leverkusen,24,1999,23.2,4,0,0,25,4,1,5,24,25,0,0,0,175,40,38,51.3,Matches
453,Mathys Tel,fr FRA,"FW,MF",Bayern Munich,18,2005,11.7,2,0,0,18,15,3,18,6,2,0,0,0,42,14,13,51.9,Matches
454,Nathan Tella,ng NGA,"DF,MF",Leverkusen,24,1999,9.1,2,0,0,11,18,4,27,3,8,2,0,0,30,5,9,35.7,Matches
455,Norman Theuerkauf,de GER,"MF,DF",Heidenheim,36,1987,14.0,3,0,0,13,16,0,22,14,16,0,1,0,77,12,10,54.5,Matches
456,Jan Thielmann,de GER,"FW,DF",Köln,21,2002,17.5,4,1,0,27,27,6,42,8,18,0,0,0,75,20,27,42.6,Matches
457,Denis Thomalla,de GER,"MF,FW",Heidenheim,30,1992,5.0,0,0,0,6,2,0,2,4,6,0,0,0,29,18,16,52.9,Matches
458,Phillip Tietz,de GER,FW,Augsburg,26,1997,26.5,1,0,0,42,17,16,6,6,14,0,0,0,88,105,125,45.7,Matches
459,Steffen Tigges,de GER,FW,Köln,25,1998,8.1,0,0,0,7,8,2,7,1,6,0,0,0,25,38,41,48.1,Matches
460,Umut Tohumcu,de GER,MF,Hoffenheim,18,2004,11.2,5,0,0,10,24,0,6,6,12,0,0,0,62,2,10,16.7,Matches
461,Tiago Tomás,pt POR,"FW,MF",Wolfsburg,21,2002,11.5,3,0,0,12,26,3,28,3,2,0,0,0,37,15,14,51.7,Matches
462,Fabio Torsiello,it ITA,"FW,DF",Darmstadt 98,18,2005,1.7,0,0,0,4,0,0,2,1,0,0,0,0,4,0,3,0.0,Matches
463,Lucas Tousart,fr FRA,MF,Union Berlin,26,1997,17.5,5,0,0,31,8,0,9,25,20,0,0,0,93,38,38,50.0,Matches
464,Omar Traoré,de GER,DF,Heidenheim,25,1998,27.5,5,0,0,30,31,1,73,40,33,0,1,0,155,15,19,44.1,Matches
465,Kevin Trapp,de GER,GK,Eint Frankfurt,33,1990,32.0,2,0,0,0,6,0,0,1,0,0,0,0,58,8,1,88.9,Matches
466,Christopher Trimmel,at AUT,DF,Union Berlin,36,1987,18.3,2,1,0,13,4,3,165,13,15,1,1,0,78,26,20,56.5,Matches
467,Tuta,br BRA,DF,Eint Frankfurt,24,1999,28.9,3,2,1,29,17,0,11,36,33,0,0,0,171,52,43,54.7,Matches
468,Lukas Ullrich,de GER,"DF,FW",Gladbach,19,2004,0.5,0,0,0,0,1,0,5,0,0,0,0,0,3,0,2,0.0,Matches
469,Sven Ulreich,de GER,GK,Bayern Munich,34,1988,11.0,1,0,0,0,0,0,0,0,0,0,0,0,17,1,0,100.0,Matches
470,Deniz Undav,de GER,"FW,MF",Stuttgart,27,1996,23.2,5,0,0,29,27,3,7,6,13,2,0,0,71,17,33,34.0,Matches
471,Dayot Upamecano,fr FRA,DF,Bayern Munich,24,1998,19.6,3,1,1,22,8,2,3,19,21,0,1,0,156,42,25,62.7,Matches
472,Mark Uth,de GER,"MF,FW",Köln,31,1991,4.1,2,0,0,9,12,0,31,1,4,0,0,0,24,3,3,50.0,Matches
473,Josha Vagnoman,de GER,DF,Stuttgart,22,2000,13.1,2,0,0,11,8,2,22,2,18,0,0,0,58,8,15,34.8,Matches
474,Ruben Vargas,ch SUI,"MF,FW",Augsburg,24,1998,21.8,3,0,0,33,28,18,63,7,10,1,1,0,84,21,32,39.6,Matches
475,Miloš Veljković,rs SRB,DF,Werder Bremen,27,1995,21.3,2,0,0,9,5,0,20,17,15,0,0,0,95,38,44,46.3,Matches
476,Yorbe Vertessen,be BEL,"FW,MF",Union Berlin,22,2001,6.6,1,0,0,8,11,1,3,1,2,0,0,0,20,4,19,17.4,Matches
477,Oscar Vilhelmsson,se SWE,"FW,MF",Darmstadt 98,19,2003,15.3,2,0,0,32,27,7,10,3,6,0,0,0,22,42,81,34.1,Matches
478,Kevin Vogt,de GER,DF,Hoffenheim,31,1991,14.7,2,0,0,11,9,0,3,9,10,0,0,0,99,7,5,58.3,Matches
479,Kevin Vogt,de GER,DF,Union Berlin,31,1991,14.7,5,0,0,17,8,1,0,7,9,0,0,0,74,15,11,57.7,Matches
480,Kevin Volland,de GER,"FW,MF",Union Berlin,31,1992,14.9,3,2,1,28,13,7,56,6,9,0,0,0,56,23,41,35.9,Matches
481,Aster Vranckx,be BEL,MF,Wolfsburg,20,2002,12.8,6,0,0,29,24,0,10,14,15,0,0,0,72,15,6,71.4,Matches
482,Luca Waldschmidt,de GER,"MF,FW",Köln,27,1996,12.7,0,0,0,20,15,5,39,6,12,1,0,0,64,7,9,43.8,Matches
483,Kjell-Arik Wätjen,de GER,"MF,FW",Dortmund,17,2006,1.2,0,0,0,1,1,0,0,0,2,0,0,0,9,0,1,0.0,Matches
484,Wout Weghorst,nl NED,FW,Hoffenheim,30,1992,22.0,4,0,0,23,34,13,4,6,6,0,0,0,47,65,75,46.4,Matches
485,Julian Weigl,de GER,MF,Gladbach,27,1995,30.7,10,0,0,33,30,0,3,48,40,0,0,0,168,25,19,56.8,Matches
486,Nelson Weiper,de GER,"FW,MF",Mainz 05,18,2005,1.4,0,0,0,0,0,0,0,1,1,0,0,0,6,3,12,20.0,Matches
487,Mitchell Weiser,de GER,"DF,MF",Werder Bremen,29,1994,29.3,5,0,0,29,39,4,82,20,38,0,0,0,171,23,40,36.5,Matches
488,Noah Weißhaupt,de GER,"DF,FW",Freiburg,21,2001,8.4,1,0,0,8,31,2,52,8,4,2,0,0,37,3,10,23.1,Matches
489,Timo Werner,de GER,"FW,MF",RB Leipzig,27,1996,2.3,0,0,0,2,0,0,4,1,1,0,0,0,7,0,2,0.0,Matches
490,Silvan Widmer,ch SUI,DF,Mainz 05,30,1993,13.8,4,0,0,10,3,3,35,16,10,0,0,0,61,19,32,37.3,Matches
491,Patrick Wimmer,at AUT,"FW,MF",Wolfsburg,22,2001,6.5,3,1,0,14,11,1,12,3,5,0,0,0,27,13,9,59.1,Matches
492,Jonas Wind,dk DEN,FW,Wolfsburg,24,1999,29.5,3,0,0,28,45,9,8,3,10,0,0,0,60,90,85,51.4,Matches
493,Florian Wirtz,de GER,MF,Leverkusen,20,2003,26.4,3,0,0,23,27,6,36,9,18,0,0,0,143,9,15,37.5,Matches
494,Maximilian Wittek,de GER,"DF,FW",Bochum,27,1995,11.9,4,0,0,20,26,2,51,18,17,0,0,0,69,15,26,36.6,Matches
495,Maximilian Wöber,at AUT,DF,Gladbach,25,1998,23.0,4,1,1,27,3,5,21,38,31,0,0,0,147,47,32,59.5,Matches
496,Marius Wolf,de GER,DF,Dortmund,28,1995,13.0,2,0,0,12,7,1,45,8,12,0,1,0,79,6,8,42.9,Matches
497,Nick Woltemade,de GER,"FW,MF",Werder Bremen,21,2002,13.2,1,0,0,22,23,6,3,5,23,0,0,0,69,28,43,39.4,Matches
498,Jeong Woo-yeong,kr KOR,"MF,FW",Stuttgart,23,1999,7.0,1,0,0,4,9,2,8,7,9,0,0,0,28,3,11,21.4,Matches
499,Granit Xhaka,ch SUI,MF,Leverkusen,30,1992,31.3,5,0,0,30,43,0,10,19,21,0,0,0,226,26,22,54.2,Matches
500,Dan-Axel Zagadou,fr FRA,DF,Stuttgart,24,1999,16.1,1,0,0,17,3,1,0,20,14,0,0,1,109,60,13,82.2,Matches
501,Bryan Zaragoza,es ESP,"FW,MF",Bayern Munich,21,2001,2.0,1,0,0,2,1,1,10,2,4,0,0,0,4,1,0,100.0,Matches
502,Robin Zentner,de GER,GK,Mainz 05,28,1994,30.0,3,0,0,1,4,0,0,1,2,0,1,0,36,9,1,90.0,Matches
503,Cedric Zesiger,ch SUI,DF,Wolfsburg,25,1998,18.2,5,0,0,24,10,0,5,15,9,0,1,0,66,39,16,70.9,Matches
504,Michael Zetterer,de GER,GK,Werder Bremen,28,1995,27.0,2,0,0,0,7,0,0,0,1,0,0,0,20,13,3,81.3,Matches
505,Christoph Zimmermann,de GER,DF,Darmstadt 98,30,1993,13.6,5,0,0,13,10,1,0,21,21,0,0,1,53,29,21,58.0,Matches
506,Simon Zoller,de GER,"FW,MF",Bochum,32,1991,0.5,0,0,0,1,0,0,0,0,0,0,0,0,1,1,0,100.0,Matches
507,Lovro Zvonarek,hr CRO,"FW,MF",Bayern Munich,18,2005,1.8,0,0,0,3,0,1,1,0,0,0,0,0,6,2,5,28.6,Matches
