Unnamed: 0_level_0_Rk,Unnamed: 1_level_0_Player,Unnamed: 2_level_0_Nation,Unnamed: 3_level_0_Pos,Unnamed: 4_level_0_Squad,Unnamed: 5_level_0_Age,Unnamed: 6_level_0_Born,Unnamed: 7_level_0_90s,Tackles_Tkl,Tackles_TklW,Tackles_Def 3rd,Tackles_Mid 3rd,Tackles_Att 3rd,Challenges_Tkl,Challenges_Att,Challenges_Tkl%,Challenges_Lost,Blocks_Blocks,Blocks_Sh,Blocks_Pass,Unnamed: 20_level_0_Int,Unnamed: 21_level_0_Tkl+Int,Unnamed: 22_level_0_Clr,Unnamed: 23_level_0_Err,Unnamed: 24_level_0_Matches
1,Paxten Aaronson,us USA,"MF,DF",Eint Frankfurt,18,2003,1.9,6,5,2,2,2,2,3,66.7,1,2,1,1,0,6,2,0,Matches
2,Sargis Adamyan,am ARM,"FW,MF",Köln,29,1993,7.2,14,7,5,3,6,7,17,41.2,10,12,0,12,4,18,5,0,Matches
3,Karim Adeyemi,de GER,"FW,MF",Dortmund,20,2002,15.4,16,11,6,6,4,8,30,26.7,22,18,1,17,7,23,3,0,Matches
4,Amine Adli,ma MAR,"FW,MF",Leverkusen,22,2000,15.9,18,10,4,6,8,5,17,29.4,12,28,2,26,6,24,7,0,Matches
5,Felix Agu,ng NGA,"DF,FW",Werder Bremen,22,1999,0.5,1,0,0,1,0,0,0,,0,1,1,0,0,1,0,0,Matches
6,Naouirou Ahamada,fr FRA,MF,Stuttgart,20,2002,15.5,17,11,7,7,3,8,20,40.0,12,16,5,11,8,25,7,0,Matches
7,Ludovic Ajorque,fr FRA,"FW,MF",Mainz 05,28,1994,13.5,6,5,1,4,1,1,9,11.1,8,8,2,6,1,7,8,0,Matches
8,Kevin Akpoguma,ng NGA,DF,Hoffenheim,27,1995,21.7,75,44,45,27,3,32,45,71.1,13,45,16,29,24,99,70,1,Matches
9,Lucas Alario,ar ARG,"FW,MF",Eint Frankfurt,29,1992,3.7,3,2,1,0,2,0,1,0.0,1,0,0,0,2,5,13,0,Matches
10,Faride Alidou,de GER,"DF,MF",Eint Frankfurt,21,2001,2.0,8,5,3,4,1,3,9,33.3,6,3,0,3,1,9,3,0,Matches
11,Éder Álvarez Balanta,co COL,"MF,FW",Schalke 04,29,1993,2.6,5,4,2,3,0,2,6,33.3,4,0,0,0,3,8,4,0,Matches
12,Lukáš Ambros,cz CZE,MF,Wolfsburg,18,2004,0.2,1,0,1,0,0,1,4,25.0,3,1,0,1,0,1,2,1,Matches
13,Nadiem Amiri,de GER,"MF,FW",Leverkusen,25,1996,10.9,15,6,5,8,2,9,20,45.0,11,12,1,11,6,21,10,2,Matches
14,Robert Andrich,de GER,MF,Leverkusen,27,1994,26.7,61,38,30,27,4,26,45,57.8,19,27,9,18,42,103,55,2,Matches
15,Angeliño,es ESP,DF,Hoffenheim,25,1997,29.1,40,24,19,18,3,23,37,62.2,14,32,6,26,25,65,67,0,Matches
16,Waldemar Anton,de GER,DF,Stuttgart,26,1996,32.6,49,27,27,19,3,27,51,52.9,24,44,16,28,38,87,123,2,Matches
17,Christopher Antwi-Adjei,gh GHA,"FW,MF",Bochum,28,1994,22.0,23,15,7,8,8,10,29,34.5,19,17,0,17,5,28,16,0,Matches
18,Charles Aránguiz,cl CHI,MF,Leverkusen,33,1989,5.5,17,7,7,10,0,12,20,60.0,8,4,0,4,7,24,4,0,Matches
19,Maximilian Arnold,de GER,MF,Wolfsburg,28,1994,30.7,62,31,25,28,9,28,54,51.9,26,34,11,23,26,88,65,2,Matches
20,Takuma Asano,jp JPN,"FW,MF",Bochum,27,1994,19.0,14,9,4,4,6,7,16,43.8,9,17,1,16,8,22,8,0,Matches
21,Fisnik Asllani,xk KVX,FW,Hoffenheim,19,2002,1.9,0,0,0,0,0,0,4,0.0,4,2,0,2,3,3,3,0,Matches
22,Mehmet Aydin,de GER,"DF,FW",Schalke 04,20,2002,6.3,25,18,14,9,2,11,24,45.8,13,11,0,11,10,35,15,0,Matches
23,Ayman Azhil,ma MAR,MF,Leverkusen,21,2001,0.0,0,0,0,0,0,0,0,,0,0,0,0,0,0,0,0,Matches
24,Sardar Azmoun,ir IRN,"FW,MF",Leverkusen,27,1995,10.3,6,3,1,4,1,1,7,14.3,6,4,0,4,2,8,14,0,Matches
25,Sanoussy Ba,de GER,DF,RB Leipzig,18,2004,0.0,0,0,0,0,0,0,0,,0,0,0,0,0,0,0,0,Matches
26,Mitchel Bakker,nl NED,"DF,MF",Leverkusen,22,2000,18.4,16,8,9,7,0,6,15,40.0,9,20,2,18,15,31,20,2,Matches
27,Ridle Baku,de GER,"DF,FW",Wolfsburg,24,1998,28.7,50,26,29,17,4,32,58,55.2,26,44,6,38,21,71,59,0,Matches
28,Aymen Barkok,ma MAR,MF,Mainz 05,24,1998,6.5,18,8,10,5,3,5,10,50.0,5,7,0,7,3,21,9,0,Matches
29,Leandro Barreiro Martins,lu LUX,MF,Mainz 05,22,2000,23.8,60,38,19,28,13,22,49,44.9,27,38,13,25,41,101,39,1,Matches
30,Gil Bastião Dias,pt POR,FW,Stuttgart,25,1996,4.4,8,6,3,4,1,3,12,25.0,9,7,0,7,2,10,3,0,Matches
31,Maximilian Bauer,de GER,DF,Augsburg,22,2000,20.5,31,17,18,12,1,17,34,50.0,17,25,9,16,23,54,79,1,Matches
32,Oliver Baumann,de GER,GK,Hoffenheim,32,1990,34.0,0,0,0,0,0,0,0,,0,0,0,0,0,0,15,1,Matches
33,Timo Baumgartl,de GER,DF,Union Berlin,26,1996,6.2,11,6,5,4,2,5,18,27.8,13,12,4,8,2,13,14,0,Matches
34,Julian Baumgartlinger,at AUT,MF,Augsburg,34,1988,6.2,15,4,5,6,4,6,19,31.6,13,4,2,2,4,19,15,0,Matches
35,Christoph Baumgartner,at AUT,"MF,FW",Hoffenheim,22,1999,28.5,36,19,12,17,7,9,52,17.3,43,57,5,52,15,51,19,1,Matches
36,Noah Joel Sarenren Bazee,ng NGA,"MF,FW",Augsburg,25,1996,0.2,0,0,0,0,0,0,1,0.0,1,1,0,1,0,0,0,0,Matches
37,Ihlas Bebou,tg TOG,"FW,DF",Hoffenheim,28,1994,15.7,19,16,8,7,4,11,17,64.7,6,9,2,7,7,26,15,0,Matches
38,Sheraldo Becker,sr SUR,FW,Union Berlin,27,1995,28.4,15,5,1,7,7,2,11,18.2,9,13,1,12,3,18,7,1,Matches
39,Kevin Behrens,de GER,FW,Union Berlin,31,1991,17.1,11,7,4,4,3,4,18,22.2,14,18,3,15,5,16,25,0,Matches
40,Stefan Bell,de GER,DF,Mainz 05,30,1991,26.6,43,28,32,10,1,22,44,50.0,22,42,15,27,44,87,133,0,Matches
41,Karim Bellarabi,de GER,"FW,MF",Leverkusen,32,1990,0.9,2,0,1,1,0,2,3,66.7,1,0,0,0,0,2,0,0,Matches
42,Jude Bellingham,eng ENG,MF,Dortmund,19,2003,29.9,76,42,28,34,14,34,51,66.7,17,51,4,47,35,111,30,0,Matches
43,Ramy Bensebaini,dz ALG,DF,Gladbach,27,1995,27.6,34,21,21,10,3,26,39,66.7,13,44,14,30,36,70,98,1,Matches
44,Mergim Berisha,de GER,FW,Augsburg,24,1998,18.7,11,6,4,3,4,4,14,28.6,10,16,1,15,0,11,19,0,Matches
45,Ermin Bičakčić,ba BIH,DF,Hoffenheim,32,1990,2.9,8,4,6,1,1,2,6,33.3,4,4,3,1,5,13,14,0,Matches
46,Tom Bischof,de GER,"MF,FW",Hoffenheim,17,2005,3.5,15,10,8,3,4,7,10,70.0,3,5,1,4,1,16,1,0,Matches
47,Leonardo Bittencourt,de GER,"MF,DF",Werder Bremen,28,1993,18.1,53,28,20,25,8,25,62,40.3,37,13,0,13,10,63,15,0,Matches
48,Janis Blaswich,de GER,GK,RB Leipzig,31,1991,26.0,0,0,0,0,0,0,0,,0,0,0,0,0,0,10,0,Matches
49,Daley Blind,nl NED,"DF,MF",Bayern Munich,32,1990,1.5,2,0,2,0,0,0,1,0.0,1,4,2,2,2,4,6,0,Matches
50,Kevin-Prince Boateng,gh GHA,MF,Hertha BSC,35,1987,5.2,8,6,4,2,2,3,9,33.3,6,11,3,8,3,11,5,0,Matches
51,Jean-Paul Boëtius,sr SUR,MF,Hertha BSC,28,1994,11.7,30,16,19,9,2,8,25,32.0,17,25,5,20,14,44,10,0,Matches
52,Yvandro Borges Sanches,lu LUX,"FW,MF",Gladbach,18,2004,0.3,2,2,0,2,0,2,2,100.0,0,0,0,0,0,2,0,0,Matches
53,Sebastiaan Bornauw,be BEL,DF,Wolfsburg,23,1999,21.4,29,17,17,10,2,16,22,72.7,6,27,12,15,31,60,83,1,Matches
54,Rafael Borré,co COL,"MF,FW",Eint Frankfurt,26,1995,12.0,25,15,4,13,8,4,17,23.5,13,10,2,8,2,27,9,0,Matches
55,Julian Brandt,de GER,"MF,FW",Dortmund,26,1996,26.6,29,20,6,14,9,12,43,27.9,31,23,0,23,15,44,9,1,Matches
56,Fabian Bredlow,de GER,GK,Stuttgart,27,1995,15.0,1,1,1,0,0,1,1,100.0,0,0,0,0,0,1,4,2,Matches
57,Josip Brekalo,hr CRO,"MF,FW",Wolfsburg,24,1998,3.0,2,1,2,0,0,0,4,0.0,4,0,0,0,2,4,2,0,Matches
58,John Brooks,us USA,DF,Hoffenheim,29,1993,15.0,18,12,10,8,0,13,18,72.2,5,17,12,5,10,28,105,0,Matches
59,Moritz Broschinski,de GER,"FW,MF",Bochum,21,2000,2.4,0,0,0,0,0,0,5,0.0,5,1,0,1,0,0,6,0,Matches
60,Cédric Brunner,ch SUI,DF,Schalke 04,28,1994,25.7,39,27,26,11,2,30,45,66.7,15,24,7,17,43,82,79,0,Matches
61,Jacob Bruun Larsen,dk DEN,FW,Hoffenheim,23,1998,3.6,4,3,0,1,3,3,4,75.0,1,3,1,2,1,5,0,0,Matches
62,Lee Buchanan,eng ENG,"DF,FW",Werder Bremen,21,2001,5.2,14,10,2,11,1,6,12,50.0,6,5,0,5,12,26,21,0,Matches
63,Marius Bülter,de GER,"FW,MF",Schalke 04,29,1993,28.9,22,11,8,7,7,12,32,37.5,20,34,1,33,10,32,20,0,Matches
64,Delano Burgzorg,sr SUR,"FW,MF",Mainz 05,23,1998,2.7,3,3,1,1,1,2,3,66.7,1,2,0,2,0,3,2,0,Matches
65,Jonathan Burkardt,de GER,"MF,FW",Mainz 05,22,2000,5.9,3,1,0,1,2,1,4,25.0,3,6,1,5,1,4,1,0,Matches
66,Oliver Burke,sct SCO,"FW,MF",Werder Bremen,25,1997,3.0,1,0,0,0,1,0,0,,0,2,0,2,0,1,0,0,Matches
67,Aurélio Buta,pt POR,DF,Eint Frankfurt,25,1997,14.6,33,19,15,13,5,15,27,55.6,12,18,1,17,9,42,34,0,Matches
68,Anthony Caci,fr FRA,DF,Mainz 05,25,1997,22.6,58,33,32,20,6,28,42,66.7,14,28,4,24,54,112,40,0,Matches
69,Kerim Calhanoglu,de GER,DF,Schalke 04,19,2002,0.7,2,1,2,0,0,2,2,100.0,0,1,0,1,0,2,3,0,Matches
70,Daniel Caligiuri,it ITA,"DF,MF",Augsburg,34,1988,3.2,8,5,5,3,0,4,5,80.0,1,3,2,1,3,11,2,0,Matches
71,Emre Can,de GER,MF,Dortmund,28,1994,21.1,57,28,25,27,5,22,43,51.2,21,16,6,10,25,82,39,1,Matches
72,João Cancelo,pt POR,"DF,FW",Bayern Munich,28,1994,11.2,23,14,9,10,4,10,23,43.5,13,14,2,12,15,38,22,0,Matches
73,Irvin Cardona,mt MLT,"MF,FW",Augsburg,24,1997,3.5,1,1,1,0,0,1,5,20.0,4,3,0,3,4,5,8,0,Matches
74,Koen Casteels,be BEL,GK,Wolfsburg,30,1992,34.0,0,0,0,0,0,0,0,,0,0,0,0,1,1,10,1,Matches
75,Julian Chabot,de GER,DF,Köln,24,1998,20.0,36,23,19,14,3,20,35,57.1,15,30,18,12,41,77,105,0,Matches
76,Timothy Chandler,us USA,DF,Eint Frankfurt,32,1990,1.0,2,2,2,0,0,2,2,100.0,0,1,0,1,0,2,3,0,Matches
77,Fabio Chiarodia,it ITA,DF,Werder Bremen,17,2005,0.7,0,0,0,0,0,0,0,,0,1,0,1,2,2,4,0,Matches
78,Oliver Christensen,dk DEN,GK,Hertha BSC,23,1999,33.0,1,0,1,0,0,0,2,0.0,2,0,0,0,0,1,22,2,Matches
79,Darko Churlinov,mk MKD,FW,Stuttgart,22,2000,0.3,3,2,2,1,0,2,3,66.7,1,1,0,1,0,3,0,0,Matches
80,Tolga Ciğerci,tr TUR,MF,Hertha BSC,30,1992,7.5,16,13,6,9,1,10,16,62.5,6,6,2,4,8,24,5,0,Matches
81,David Čolina,hr CRO,"DF,FW",Augsburg,22,2000,1.8,4,1,1,1,2,2,2,100.0,0,8,0,8,4,8,3,0,Matches
82,Kingsley Coman,fr FRA,"FW,MF",Bayern Munich,26,1996,15.7,11,8,3,5,3,7,17,41.2,10,19,1,18,2,13,7,0,Matches
83,Danny da Costa,de GER,DF,Mainz 05,29,1993,13.7,20,16,7,8,5,12,20,60.0,8,22,3,19,9,29,26,0,Matches
84,Soumaïla Coulibaly,fr FRA,DF,Dortmund,18,2003,0.5,0,0,0,0,0,0,0,,0,0,0,0,0,0,0,1,Matches
85,Tanguy Coulibaly,fr FRA,"FW,DF",Stuttgart,21,2001,3.6,12,9,9,1,2,5,12,41.7,7,10,0,10,3,15,0,0,Matches
86,Nicolas Cozza,fr FRA,DF,Wolfsburg,23,1999,1.1,3,3,1,2,0,2,3,66.7,1,3,1,2,0,3,0,0,Matches
87,Moanes Dabbur,il ISR,FW,Hoffenheim,30,1992,10.4,11,8,4,5,2,3,9,33.3,6,8,0,8,5,16,0,0,Matches
88,Finn Dahmen,de GER,GK,Mainz 05,24,1998,8.0,0,0,0,0,0,0,0,,0,0,0,0,0,0,3,0,Matches
89,Mahmoud Dahoud,de GER,MF,Dortmund,26,1996,3.7,11,9,3,4,4,7,7,100.0,0,6,2,4,7,18,3,0,Matches
90,Muhammed Damar,de GER,MF,Hoffenheim,18,2004,1.8,6,3,1,2,3,1,2,50.0,1,3,0,3,0,6,0,0,Matches
91,Márton Dárdai,hu HUN,"DF,MF",Hertha BSC,20,2002,10.5,17,8,9,8,0,9,18,50.0,9,14,9,5,11,28,45,1,Matches
92,Vladimír Darida,cz CZE,MF,Hertha BSC,31,1990,0.3,1,1,0,1,0,0,0,,0,1,0,1,0,1,0,0,Matches
93,Alphonso Davies,ca CAN,DF,Bayern Munich,21,2000,22.7,45,28,25,13,7,18,39,46.2,21,28,4,24,24,69,24,4,Matches
94,Thomas Delaney,dk DEN,MF,Hoffenheim,30,1991,3.3,6,3,3,2,1,3,8,37.5,5,5,0,5,1,7,4,0,Matches
95,Kerem Demirbay,de GER,MF,Leverkusen,29,1993,17.2,36,18,16,17,3,18,34,52.9,16,26,6,20,16,52,11,0,Matches
96,Ermedin Demirović,ba BIH,"FW,MF",Augsburg,24,1998,26.3,31,14,9,12,10,9,22,40.9,13,31,4,27,14,45,37,0,Matches
97,Sepp van den Berg,nl NED,DF,Schalke 04,20,2001,7.7,5,4,2,2,1,1,4,25.0,3,8,5,3,13,18,33,2,Matches
98,Moussa Diaby,fr FRA,"FW,MF",Leverkusen,23,1999,30.0,14,8,4,8,2,7,14,50.0,7,8,0,8,5,19,3,0,Matches
99,Abdou Diallo,sn SEN,"DF,MF",RB Leipzig,26,1996,5.3,6,5,5,1,0,1,3,33.3,2,8,5,3,8,14,22,0,Matches
100,Justin Diehl,de GER,"MF,FW",Köln,17,2004,0.2,0,0,0,0,0,0,0,,0,0,0,0,0,0,0,0,Matches
101,Florian Dietz,de GER,FW,Köln,23,1998,4.4,2,1,0,2,0,1,4,25.0,3,4,1,3,0,2,2,0,Matches
102,Junior Dina Ebimbe,fr FRA,"DF,MF",Eint Frankfurt,21,2000,11.8,30,19,16,14,0,16,33,48.5,17,18,5,13,11,41,20,0,Matches
103,Eren Dinkçi,de GER,"FW,MF",Werder Bremen,20,2001,2.6,5,5,2,1,2,2,6,33.3,4,2,0,2,0,5,2,0,Matches
104,Ritsu Doan,jp JPN,"MF,FW",Freiburg,24,1998,26.9,61,29,19,29,13,25,55,45.5,30,40,1,39,14,75,12,0,Matches
105,Danilho Doekhi,nl NED,DF,Union Berlin,24,1998,24.6,38,23,21,17,0,14,26,53.8,12,27,12,15,29,67,93,0,Matches
106,Kasper Dolberg,dk DEN,"FW,MF",Hoffenheim,24,1997,4.5,7,5,1,4,2,4,6,66.7,2,6,2,4,0,7,5,0,Matches
107,Niklas Dorsch,de GER,MF,Augsburg,24,1998,5.4,21,12,8,11,2,9,16,56.3,7,9,3,6,6,27,9,0,Matches
108,Dion Drena Beljo,hr CRO,FW,Augsburg,20,2002,12.5,7,6,3,2,2,2,13,15.4,11,15,2,13,1,8,14,0,Matches
109,Dominick Drexler,de GER,"MF,FW",Schalke 04,32,1990,15.2,25,17,12,10,3,9,22,40.9,13,18,2,16,8,33,12,0,Matches
110,Marvin Ducksch,de GER,FW,Werder Bremen,28,1994,31.7,8,3,2,4,2,3,16,18.8,13,13,2,11,9,17,41,1,Matches
111,Ondrej Duda,sk SVK,MF,Köln,27,1994,7.7,9,8,2,5,2,4,11,36.4,7,7,1,6,2,11,3,0,Matches
112,Julien Duranville,be BEL,MF,Dortmund,16,2006,0.3,1,1,0,1,0,1,1,100.0,0,0,0,0,0,1,0,0,Matches
113,Maximilian Eggestein,de GER,MF,Freiburg,25,1996,27.2,51,29,21,24,6,17,35,48.6,18,37,8,29,36,87,27,0,Matches
114,Lilian Egloff,de GER,"MF,FW",Stuttgart,19,2002,2.7,12,10,4,5,3,4,6,66.7,2,2,0,2,1,13,1,0,Matches
115,Kingsley Ehizibue,nl NED,DF,Köln,27,1995,0.7,0,0,0,0,0,0,0,,0,1,0,1,2,2,1,0,Matches
116,Julian Eitschberger,de GER,FW,Hertha BSC,18,2004,0.0,0,0,0,0,0,0,0,,0,0,0,0,0,0,0,0,Matches
117,Chidera Ejuke,ng NGA,"FW,MF",Hertha BSC,24,1998,9.9,5,4,1,4,0,1,5,20.0,4,4,0,4,4,9,1,0,Matches
118,Nico Elvedi,ch SUI,DF,Gladbach,25,1996,31.4,46,24,32,12,2,27,41,65.9,14,31,16,15,35,81,149,3,Matches
119,Wataru Endo,jp JPN,MF,Stuttgart,29,1993,32.5,70,37,30,31,9,38,85,44.7,47,44,6,38,26,96,63,0,Matches
120,Arne Engels,be BEL,MF,Augsburg,18,2003,16.0,20,9,9,10,1,8,19,42.1,11,17,5,12,15,35,12,1,Matches
121,Tjark Ernst,de GER,GK,Hertha BSC,19,2003,1.0,0,0,0,0,0,0,0,,0,0,0,0,0,0,1,0,Matches
122,Kimberly Ezekwem,de GER,DF,Freiburg,21,2001,0.1,0,0,0,0,0,0,0,,0,1,0,1,0,0,0,0,Matches
123,Ralf Fährmann,de GER,GK,Schalke 04,33,1988,11.4,1,0,1,0,0,1,1,100.0,0,0,0,0,0,1,10,2,Matches
124,Ohis Felix Uduokhai,de GER,DF,Augsburg,24,1997,16.1,30,20,14,13,3,15,29,51.7,14,27,14,13,29,59,61,1,Matches
125,Edimilson Fernandes,ch SUI,DF,Mainz 05,26,1996,27.1,35,25,26,5,4,18,34,52.9,16,37,16,21,54,89,87,2,Matches
126,Kilian Fischer,de GER,"DF,FW",Wolfsburg,21,2000,5.6,9,6,3,4,2,6,11,54.5,5,6,0,6,5,14,18,0,Matches
127,Mark Flekken,nl NED,GK,Freiburg,29,1993,34.0,0,0,0,0,0,0,1,0.0,1,1,0,1,0,0,9,5,Matches
128,Florian Flick,de GER,MF,Schalke 04,22,2000,5.7,12,3,7,5,0,4,14,28.6,10,9,3,6,4,16,18,0,Matches
129,Emil Forsberg,se SWE,"MF,FW",RB Leipzig,30,1991,16.5,16,11,1,8,7,6,20,30.0,14,25,2,23,3,19,7,0,Matches
130,Philipp Förster,de GER,MF,Bochum,27,1995,14.5,31,19,11,15,5,12,40,30.0,28,22,0,22,6,37,6,0,Matches
131,Timothy Fosu-Mensah,nl NED,DF,Leverkusen,24,1998,2.1,7,5,3,3,1,4,4,100.0,0,2,0,2,0,7,1,0,Matches
132,Raphael Framberger,de GER,"DF,FW",Augsburg,26,1995,2.0,10,6,6,4,0,3,5,60.0,2,2,1,1,2,12,5,0,Matches
133,Bartol Franjić,hr CRO,MF,Wolfsburg,22,2000,2.5,4,2,2,2,0,0,2,0.0,2,4,1,3,5,9,4,0,Matches
134,Oscar Fraulo,dk DEN,"FW,MF",Gladbach,18,2003,0.1,0,0,0,0,0,0,0,,0,0,0,0,0,0,0,0,Matches
135,Michael Frey,ch SUI,FW,Schalke 04,28,1994,9.6,13,5,2,8,3,4,13,30.8,9,6,0,6,2,15,1,0,Matches
136,Marco Friedl,at AUT,DF,Werder Bremen,24,1998,28.8,62,46,40,22,0,41,68,60.3,27,46,17,29,58,120,127,1,Matches
137,Marvin Friedrich,de GER,DF,Gladbach,26,1995,13.9,17,11,13,3,1,10,13,76.9,3,14,6,8,11,28,52,0,Matches
138,Jeremie Frimpong,nl NED,"DF,MF",Leverkusen,21,2000,30.1,53,27,22,26,5,23,44,52.3,21,24,3,21,16,69,40,0,Matches
139,Chris Führich,de GER,"FW,MF",Stuttgart,24,1998,20.9,36,14,15,14,7,24,44,54.5,20,29,2,27,7,43,13,0,Matches
140,Angelo Fulgini,fr FRA,MF,Mainz 05,25,1996,5.8,6,5,2,3,1,5,12,41.7,7,5,0,5,5,11,7,0,Matches
141,Niclas Füllkrug,de GER,FW,Werder Bremen,29,1993,27.5,9,4,0,6,3,3,13,23.1,10,13,4,9,1,10,24,0,Matches
142,Cristian Gamboa,cr CRC,DF,Bochum,32,1989,16.4,42,24,27,14,1,21,31,67.7,10,20,7,13,16,58,34,1,Matches
143,Silvère Ganvoula M'Boussy,cg CGO,"FW,MF",Bochum,26,1996,2.7,2,2,0,1,1,0,0,,0,0,0,0,0,2,3,0,Matches
144,Dario Gebuhr,de GER,DF,Eint Frankfurt,19,2003,0.2,0,0,0,0,0,0,1,0.0,1,0,0,0,0,0,0,0,Matches
145,Dennis Geiger,de GER,MF,Hoffenheim,24,1998,21.7,45,25,15,28,2,22,35,62.9,13,27,3,24,24,69,18,2,Matches
146,Yannick Gerhardt,de GER,MF,Wolfsburg,28,1994,20.7,29,15,10,11,8,12,30,40.0,18,26,5,21,7,36,24,0,Matches
147,Niko Gießelmann,de GER,DF,Union Berlin,30,1991,14.5,21,11,9,9,3,13,31,41.9,18,17,5,12,9,30,28,0,Matches
148,Rafał Gikiewicz,pl POL,GK,Augsburg,34,1987,23.0,2,2,2,0,0,2,3,66.7,1,0,0,0,0,2,15,5,Matches
149,Matthias Ginter,de GER,DF,Freiburg,28,1994,34.0,43,20,29,12,2,26,40,65.0,14,40,24,16,35,78,153,3,Matches
150,Jamie Gittens,eng ENG,"FW,MF",Dortmund,17,2004,5.9,8,4,2,5,1,2,7,28.6,5,1,0,1,1,9,2,0,Matches
151,Serge Gnabry,de GER,"FW,MF",Bayern Munich,27,1995,21.6,35,23,11,14,10,17,43,39.5,26,24,1,23,11,46,5,1,Matches
152,Jacek Góralski,pl POL,MF,Bochum,29,1992,1.6,6,3,3,3,0,4,6,66.7,2,4,0,4,3,9,5,0,Matches
153,Leon Goretzka,de GER,MF,Bayern Munich,27,1995,19.2,43,24,21,16,6,27,48,56.3,21,40,3,37,30,73,32,0,Matches
154,Mario Götze,de GER,MF,Eint Frankfurt,30,1992,30.4,42,25,13,22,7,14,47,29.8,33,25,0,25,13,55,12,0,Matches
155,Jeffrey Gouweleeuw,nl NED,DF,Augsburg,31,1991,31.1,42,27,19,17,6,24,49,49.0,25,41,23,18,50,92,141,2,Matches
156,Ryan Gravenberch,nl NED,MF,Bayern Munich,20,2002,6.4,17,8,4,10,3,7,13,53.8,6,9,1,8,9,26,10,0,Matches
157,Michael Gregoritsch,at AUT,FW,Freiburg,28,1994,23.9,19,12,6,9,4,3,21,14.3,18,23,4,19,5,24,10,0,Matches
158,Leo Greiml,at AUT,DF,Schalke 04,21,2001,4.0,10,5,4,5,1,5,12,41.7,7,7,3,4,3,13,16,0,Matches
159,Vincenzo Grifo,it ITA,"MF,FW",Freiburg,29,1993,26.8,29,16,6,15,8,13,31,41.9,18,18,1,17,19,48,19,0,Matches
160,Lennart Grill,de GER,GK,Union Berlin,23,1999,5.0,0,0,0,0,0,0,1,0.0,1,0,0,0,0,0,1,1,Matches
161,Christian Groß,de GER,MF,Werder Bremen,33,1989,21.0,56,25,20,34,2,29,60,48.3,31,20,5,15,23,79,38,1,Matches
162,Brajan Gruda,de GER,MF,Mainz 05,18,2004,0.0,0,0,0,0,0,0,0,,0,0,0,0,0,0,0,0,Matches
163,Ilia Gruev,bg BUL,MF,Werder Bremen,22,2000,17.6,44,27,16,25,3,18,31,58.1,13,23,6,17,22,66,21,1,Matches
164,Carlos Gruezo,ec ECU,MF,Augsburg,27,1995,10.7,21,12,12,9,0,9,16,56.3,7,13,4,9,10,31,15,0,Matches
165,Raphaël Guerreiro,pt POR,"DF,MF",Dortmund,28,1993,25.4,36,20,13,15,8,21,34,61.8,13,21,2,19,36,72,23,0,Matches
166,Josuha Guilavogui,fr FRA,"DF,MF",Wolfsburg,31,1990,13.1,18,11,7,10,1,6,17,35.3,11,19,13,6,23,41,52,0,Matches
167,Serhou Guirassy,gn GUI,FW,Stuttgart,26,1996,18.3,4,1,2,2,0,1,2,50.0,1,7,2,5,0,4,14,0,Matches
168,Péter Gulácsi,hu HUN,GK,RB Leipzig,32,1990,6.0,0,0,0,0,0,0,0,,0,0,0,0,0,0,2,0,Matches
169,Manuel Gulde,de GER,DF,Freiburg,31,1991,7.1,14,8,10,4,0,2,4,50.0,2,5,1,4,19,33,25,0,Matches
170,Robert Gumny,pl POL,DF,Augsburg,24,1998,22.4,34,24,13,15,6,11,27,40.7,16,21,7,14,26,60,62,1,Matches
171,Christian Günter,de GER,"DF,MF",Freiburg,29,1993,30.5,29,21,18,9,2,13,43,30.2,30,22,4,18,16,45,41,0,Matches
172,Joško Gvardiol,hr CRO,DF,RB Leipzig,20,2002,24.1,23,17,15,8,0,9,22,40.9,13,34,17,17,34,57,76,1,Matches
173,Janik Haberer,de GER,MF,Union Berlin,28,1994,24.3,29,17,8,18,3,17,48,35.4,31,35,2,33,14,43,25,0,Matches
174,Alexander Hack,de GER,DF,Mainz 05,28,1993,12.6,30,18,21,9,0,19,33,57.6,14,18,5,13,24,54,45,1,Matches
175,André Hahn,de GER,"FW,MF",Augsburg,31,1990,4.3,9,5,4,4,1,8,12,66.7,4,9,2,7,4,13,14,0,Matches
176,Amadou Haidara,ml MLI,MF,RB Leipzig,24,1998,15.9,25,11,15,10,0,13,34,38.2,21,26,6,20,26,51,20,0,Matches
177,Sébastien Haller,ci CIV,FW,Dortmund,28,1994,13.6,5,4,2,1,2,0,4,0.0,4,8,0,8,1,6,10,0,Matches
178,Marcel Halstenberg,de GER,DF,RB Leipzig,30,1991,17.3,40,21,20,15,5,23,41,56.1,18,22,1,21,21,61,29,0,Matches
179,Andreas Hanche-Olsen,no NOR,DF,Mainz 05,25,1997,16.6,35,23,24,7,4,22,39,56.4,17,16,8,8,33,68,77,2,Matches
180,Genki Haraguchi,jp JPN,MF,Stuttgart,31,1991,8.3,16,7,7,7,2,4,16,25.0,12,13,2,11,8,24,6,0,Matches
181,Genki Haraguchi,jp JPN,MF,Union Berlin,31,1991,5.5,12,8,1,10,1,3,9,33.3,6,7,1,6,3,15,9,0,Matches
182,Makoto Hasebe,jp JPN,DF,Eint Frankfurt,38,1984,14.5,18,12,16,2,0,7,22,31.8,15,22,9,13,17,35,45,0,Matches
183,Thorgan Hazard,be BEL,"FW,DF",Dortmund,29,1993,5.2,17,6,5,11,1,12,17,70.6,5,6,0,6,5,22,5,0,Matches
184,Jonas Hector,de GER,DF,Köln,32,1990,31.4,112,66,59,43,10,66,113,58.4,47,61,9,52,39,151,74,1,Matches
185,Dominique Heintz,de GER,DF,Bochum,28,1993,8.8,13,9,5,7,1,6,17,35.3,11,11,7,4,12,25,34,0,Matches
186,Benjamin Henrichs,de GER,"DF,MF",RB Leipzig,25,1997,24.3,73,46,41,29,3,43,66,65.2,23,48,4,44,35,108,46,0,Matches
187,Lucas Hernández,fr FRA,DF,Bayern Munich,26,1996,5.3,6,4,3,3,0,5,6,83.3,1,2,1,1,5,11,7,0,Matches
188,Patrick Herrmann,de GER,"FW,MF",Gladbach,31,1991,1.8,6,2,4,1,1,2,4,50.0,2,2,0,2,2,8,1,0,Matches
189,Piero Hincapié,ec ECU,"DF,MF",Leverkusen,20,2002,27.3,51,34,28,20,3,25,38,65.8,13,41,20,21,31,82,83,1,Matches
190,Adam Hložek,cz CZE,"FW,MF",Leverkusen,20,2002,14.3,9,4,4,3,2,3,9,33.3,6,9,2,7,6,15,9,0,Matches
191,Nicolas Höfler,de GER,MF,Freiburg,32,1990,31.3,66,35,28,35,3,27,61,44.3,34,40,13,27,58,124,49,0,Matches
192,Jonas Hofmann,de GER,"FW,MF",Gladbach,30,1992,29.8,31,16,17,8,6,15,52,28.8,37,36,2,34,16,47,21,0,Matches
193,Philipp Hofmann,de GER,FW,Bochum,29,1993,29.2,18,11,0,13,5,5,12,41.7,7,20,8,12,6,24,48,0,Matches
194,Lucas Höler,de GER,"FW,MF",Freiburg,28,1994,16.7,19,14,5,7,7,6,22,27.3,16,22,5,17,10,29,17,0,Matches
195,Gerrit Holtmann,ph PHI,"FW,MF",Bochum,27,1995,10.5,14,7,6,7,1,12,21,57.1,9,15,1,14,2,16,4,0,Matches
196,Jannes Horn,de GER,"DF,FW",Bochum,25,1997,0.7,2,1,1,1,0,1,1,100.0,0,1,0,1,3,5,2,0,Matches
197,Lukáš Hrádecký,fi FIN,GK,Leverkusen,32,1989,33.0,0,0,0,0,0,0,0,,0,0,0,0,0,0,3,3,Matches
198,Timo Hübers,de GER,DF,Köln,26,1996,28.4,43,28,35,8,0,24,52,46.2,28,27,13,14,58,101,153,0,Matches
199,Callum Hudson-Odoi,eng ENG,"FW,MF",Leverkusen,21,2000,6.7,5,3,4,0,1,1,1,100.0,0,0,0,0,2,7,4,0,Matches
200,Mats Hummels,de GER,DF,Dortmund,33,1988,22.4,62,34,38,22,2,32,55,58.2,23,30,16,14,33,95,100,1,Matches
201,Denis Huseinbasic,ba BIH,"MF,FW",Köln,21,2001,8.8,23,9,8,11,4,10,25,40.0,15,16,2,14,4,27,5,0,Matches
202,Iago,br BRA,"DF,MF",Augsburg,25,1997,17.8,34,16,20,10,4,11,29,37.9,18,18,5,13,17,51,53,0,Matches
203,Arijon Ibrahimović,de GER,MF,Bayern Munich,16,2005,0.2,1,1,1,0,0,0,0,,0,0,0,0,0,1,0,0,Matches
204,Marcus Ingvartsen,dk DEN,"FW,MF",Mainz 05,26,1996,14.6,4,1,0,2,2,1,10,10.0,9,9,1,8,4,8,10,0,Matches
205,Ko Itakura,jp JPN,DF,Gladbach,25,1997,22.0,29,17,18,7,4,16,30,53.3,14,41,25,16,27,56,95,0,Matches
206,Hiroki Ito,jp JPN,DF,Stuttgart,23,1999,28.5,40,29,24,14,2,18,35,51.4,17,38,17,21,40,80,94,0,Matches
207,Andreas Ivan,ro ROU,MF,Schalke 04,27,1995,0.5,0,0,0,0,0,0,1,0.0,1,0,0,0,0,0,1,0,Matches
208,Lee Jae-sung,kr KOR,MF,Mainz 05,29,1992,21.0,38,17,9,21,8,16,36,44.4,20,29,5,24,17,55,21,0,Matches
209,Paul Jaeckel,de GER,DF,Union Berlin,24,1998,13.3,24,18,11,11,2,17,35,48.6,18,11,5,6,19,43,44,1,Matches
210,Kristijan Jakić,hr CRO,"DF,MF",Eint Frankfurt,25,1997,16.2,33,21,19,12,2,22,41,53.7,19,32,10,22,14,47,49,1,Matches
211,Saidy Janko,gm GAM,DF,Bochum,26,1995,12.6,23,15,13,8,2,12,20,60.0,8,24,10,14,11,34,33,1,Matches
212,Tony Jantschke,de GER,"DF,MF",Gladbach,32,1990,1.1,2,1,1,1,0,1,1,100.0,0,5,3,2,0,2,5,0,Matches
213,Fredrik Jensen,fi FIN,"FW,MF",Augsburg,24,1997,10.3,15,10,8,3,4,5,10,50.0,5,12,5,7,4,19,12,0,Matches
214,Moritz Jenz,de GER,DF,Schalke 04,23,1999,10.5,14,11,8,5,1,5,8,62.5,3,16,10,6,8,22,53,1,Matches
215,Stevan Jovetić,me MNE,"FW,MF",Hertha BSC,32,1989,9.9,3,2,2,1,0,1,11,9.1,10,2,1,1,2,5,10,0,Matches
216,Anthony Jung,de GER,"DF,FW",Werder Bremen,30,1991,29.1,46,27,19,20,7,31,58,53.4,27,30,6,24,22,68,63,0,Matches
217,Josip Juranović,hr CRO,DF,Union Berlin,26,1995,10.4,9,7,5,2,2,7,18,38.9,11,9,3,6,6,15,22,1,Matches
218,Ozan Kabak,tr TUR,DF,Hoffenheim,22,2000,26.5,51,34,27,21,3,17,30,56.7,13,35,23,12,45,96,83,0,Matches
219,Pavel Kadeřábek,cz CZE,DF,Hoffenheim,30,1992,18.5,26,20,10,9,7,15,23,65.2,8,12,2,10,14,40,37,1,Matches
220,Florian Kainz,at AUT,"MF,FW",Köln,29,1992,26.0,21,10,7,12,2,8,26,30.8,18,27,6,21,32,53,30,1,Matches
221,Sasa Kalajdzic,at AUT,FW,Stuttgart,25,1997,2.6,3,2,0,1,2,1,3,33.3,2,1,0,1,0,3,0,0,Matches
222,Daichi Kamada,jp JPN,MF,Eint Frankfurt,25,1996,25.2,51,31,10,37,4,31,57,54.4,26,31,2,29,16,67,17,1,Matches
223,Jakub Kamiński,pl POL,"FW,DF",Wolfsburg,20,2002,22.9,36,25,15,13,8,20,40,50.0,20,37,2,35,8,44,15,0,Matches
224,Marcin Kamiński,pl POL,DF,Schalke 04,30,1992,7.0,6,4,4,0,2,2,4,50.0,2,8,7,1,9,15,28,0,Matches
225,Kevin Kampl,si SVN,MF,RB Leipzig,31,1990,15.2,21,11,6,14,1,6,27,22.2,21,26,9,17,22,43,11,0,Matches
226,Wilfried Kanga,ci CIV,FW,Hertha BSC,24,1998,15.7,5,4,2,1,2,2,4,50.0,2,14,3,11,2,7,13,0,Matches
227,Kenan Karaman,tr TUR,FW,Schalke 04,28,1994,10.8,11,8,3,5,3,3,12,25.0,9,9,1,8,3,14,9,0,Matches
228,Atakan Karazor,tr TUR,MF,Stuttgart,25,1996,21.8,49,30,18,25,6,24,47,51.1,23,39,11,28,31,80,44,0,Matches
229,Thomas Kastanaras,gr GRE,"FW,DF",Stuttgart,19,2003,0.8,0,0,0,0,0,0,0,,0,1,0,1,0,0,0,0,Matches
230,Silas Katompa,cd COD,"FW,MF",Stuttgart,23,1998,22.1,25,17,5,14,6,6,20,30.0,14,17,2,15,8,33,1,0,Matches
231,Yannik Keitel,de GER,MF,Freiburg,22,2000,7.6,11,7,4,6,1,3,5,60.0,2,6,3,3,13,24,8,0,Matches
232,Marc-Oliver Kempf,de GER,DF,Hertha BSC,27,1995,30.1,44,27,29,14,1,16,22,72.7,6,42,32,10,51,95,143,0,Matches
233,Jonjoe Kenny,eng ENG,DF,Hertha BSC,25,1997,24.9,46,34,27,16,3,24,42,57.1,18,38,9,29,46,92,74,0,Matches
234,Rani Khedira,de GER,MF,Union Berlin,28,1994,32.0,60,33,21,32,7,25,50,50.0,25,33,10,23,40,100,33,0,Matches
235,Luca Kilian,de GER,DF,Köln,22,1999,12.5,22,16,14,7,1,12,21,57.1,9,16,8,8,11,33,48,0,Matches
236,Joshua Kimmich,de GER,MF,Bayern Munich,27,1995,31.2,78,49,24,46,8,38,72,52.8,34,36,7,29,41,119,39,2,Matches
237,Pascal Klemens,de GER,DF,Hertha BSC,17,2005,1.0,0,0,0,0,0,0,1,0.0,1,1,0,1,1,1,3,0,Matches
238,Lukas Klostermann,de GER,DF,RB Leipzig,26,1996,10.1,16,8,7,9,0,8,15,53.3,7,6,3,3,13,29,31,0,Matches
239,Ansgar Knauff,de GER,DF,Eint Frankfurt,20,2002,14.3,36,25,22,11,3,15,34,44.1,19,19,1,18,15,51,26,0,Matches
240,Robin Knoche,de GER,DF,Union Berlin,30,1992,31.9,45,29,29,12,4,24,47,51.1,23,35,18,17,38,83,140,0,Matches
241,Gregor Kobel,ch SUI,GK,Dortmund,24,1997,27.0,0,0,0,0,0,0,1,0.0,1,1,0,1,0,0,7,2,Matches
242,Dominik Kohr,de GER,MF,Mainz 05,28,1994,25.5,59,33,23,31,5,29,61,47.5,32,46,9,37,34,93,26,1,Matches
243,Randal Kolo Muani,fr FRA,FW,Eint Frankfurt,23,1998,29.2,14,10,3,3,8,1,9,11.1,8,19,2,17,3,17,13,0,Matches
244,Timothée Kolodziejczak,fr FRA,DF,Schalke 04,30,1991,0.3,0,0,0,0,0,0,1,0.0,1,0,0,0,1,1,1,0,Matches
245,Manu Koné,fr FRA,MF,Gladbach,21,2001,29.0,74,39,37,33,4,24,47,51.1,23,44,12,32,32,106,21,0,Matches
246,Odilon Kossounou,ci CIV,DF,Leverkusen,21,2001,16.9,21,14,12,7,2,8,16,50.0,8,26,11,15,24,45,58,1,Matches
247,Filip Kostić,rs SRB,"DF,MF",Eint Frankfurt,29,1992,0.8,2,0,1,1,0,0,0,,0,0,0,0,1,3,0,0,Matches
248,Tomáš Koubek,cz CZE,GK,Augsburg,29,1992,11.0,0,0,0,0,0,0,0,,0,0,0,0,0,0,7,0,Matches
249,Soichiro Kozuki,jp JPN,"FW,MF",Schalke 04,21,2000,4.2,6,4,3,3,0,4,6,66.7,2,5,0,5,3,9,3,0,Matches
250,Alex Král,cz CZE,MF,Schalke 04,24,1998,26.2,34,24,10,22,2,17,37,45.9,20,31,6,25,17,51,53,0,Matches
251,Andrej Kramarić,hr CRO,"MF,FW",Hoffenheim,31,1991,26.5,5,2,2,1,2,1,11,9.1,10,14,2,12,6,11,13,0,Matches
252,Christoph Kramer,de GER,MF,Gladbach,31,1991,24.7,44,33,24,15,5,22,55,40.0,33,34,2,32,17,61,40,0,Matches
253,Tom Krauß,de GER,MF,Schalke 04,21,2001,27.9,112,68,39,62,11,51,100,51.0,49,39,6,33,36,148,35,0,Matches
254,Max Kruse,de GER,"MF,FW",Wolfsburg,34,1988,3.0,1,1,0,1,0,0,1,0.0,1,2,1,1,0,1,1,0,Matches
255,Lukas Kübler,de GER,DF,Freiburg,29,1992,18.2,37,25,24,9,4,18,30,60.0,12,25,11,14,29,66,50,0,Matches
256,Pierre Kunde,cm CMR,"MF,FW",Bochum,27,1995,4.2,12,6,3,8,1,6,14,42.9,8,7,1,6,7,19,9,0,Matches
257,Alou Kuol,au AUS,FW,Stuttgart,21,2000,0.1,0,0,0,0,0,0,0,,0,0,0,0,0,0,0,0,Matches
258,Daniel Kyereh,gh GHA,"MF,FW",Freiburg,26,1996,6.2,6,4,2,4,0,3,6,50.0,3,4,0,4,2,8,6,0,Matches
259,Maxence Lacroix,fr FRA,DF,Wolfsburg,22,2000,18.1,22,13,15,7,0,8,16,50.0,8,22,11,11,26,48,85,0,Matches
260,Aïssa Laïdouni,tn TUN,MF,Union Berlin,25,1996,9.7,14,7,6,8,0,5,17,29.4,12,22,4,18,9,23,3,0,Matches
261,Konrad Laimer,at AUT,MF,RB Leipzig,25,1997,16.3,60,31,23,30,7,30,54,55.6,24,31,4,27,18,78,8,0,Matches
262,Stefan Lainer,at AUT,DF,Gladbach,29,1992,9.1,16,8,10,5,1,10,23,43.5,13,8,1,7,14,30,34,1,Matches
263,Vassilis Lambropoulos,gr GRE,DF,Bochum,32,1990,7.0,10,8,7,3,0,6,9,66.7,3,5,3,2,13,23,41,0,Matches
264,Jordan Larsson,se SWE,"FW,MF",Schalke 04,25,1997,5.1,8,5,1,7,0,2,9,22.2,7,9,0,9,4,12,3,0,Matches
265,Danny Latza,de GER,MF,Schalke 04,32,1989,9.5,17,13,8,8,1,5,17,29.4,12,16,1,15,5,22,15,0,Matches
266,Diogo Leite,pt POR,DF,Union Berlin,23,1999,25.0,35,20,21,14,0,21,34,61.8,13,23,14,9,26,61,99,1,Matches
267,Maxim Leitsch,de GER,DF,Mainz 05,24,1998,7.4,9,7,6,3,0,4,5,80.0,1,7,4,3,18,27,26,1,Matches
268,Tim Lemperle,de GER,"FW,MF",Köln,20,2002,1.5,6,4,3,1,2,3,5,60.0,2,5,0,5,1,7,4,0,Matches
269,Christopher Lenz,de GER,DF,Eint Frankfurt,27,1994,14.3,29,21,17,7,5,16,37,43.2,21,16,3,13,21,50,34,0,Matches
270,Jamie Leweling,de GER,"FW,MF",Union Berlin,21,2001,2.9,5,3,2,2,1,3,5,60.0,2,3,0,3,1,6,0,0,Matches
271,Philipp Lienhart,at AUT,DF,Freiburg,26,1996,27.8,29,18,19,10,0,13,27,48.1,14,29,15,14,35,64,97,0,Matches
272,Matthijs de Ligt,nl NED,DF,Bayern Munich,22,1999,26.7,32,23,15,16,1,15,24,62.5,9,31,20,11,23,55,85,0,Matches
273,Dimitris Limnios,gr GRE,FW,Köln,24,1998,0.4,0,0,0,0,0,0,0,,0,0,0,0,1,1,0,0,Matches
274,Jesper Lindstrøm,dk DEN,"MF,FW",Eint Frankfurt,22,2000,18.7,26,11,15,7,4,7,22,31.8,15,25,3,22,9,35,9,0,Matches
275,Dejan Ljubicic,at AUT,"MF,FW",Köln,24,1997,19.0,25,14,7,14,4,13,40,32.5,27,20,1,19,8,33,8,1,Matches
276,Anthony Losilla,fr FRA,MF,Bochum,36,1986,30.2,76,49,32,34,10,38,77,49.4,39,39,12,27,37,113,67,0,Matches
277,Dodi Lukebakio,be BEL,"FW,MF",Hertha BSC,24,1997,26.6,18,11,7,8,3,6,27,22.2,21,23,5,18,13,31,17,0,Matches
278,Andrey Lunyov,ru RUS,GK,Leverkusen,30,1991,1.0,0,0,0,0,0,0,0,,0,0,0,0,0,0,0,0,Matches
279,Arne Maier,de GER,MF,Augsburg,23,1999,21.8,31,22,17,11,3,10,18,55.6,8,21,0,21,15,46,22,0,Matches
280,Linton Maina,de GER,"FW,MF",Köln,23,1999,24.9,18,12,5,11,2,7,30,23.3,23,19,0,19,5,23,9,0,Matches
281,Donyell Malen,nl NED,FW,Dortmund,23,1999,19.0,13,5,3,4,6,5,12,41.7,7,14,1,13,4,17,11,0,Matches
282,Sadio Mané,sn SEN,"FW,MF",Bayern Munich,30,1992,15.8,11,5,3,3,5,1,9,11.1,8,15,2,13,0,11,4,0,Matches
283,Myziane Maolida,km COM,"FW,MF",Hertha BSC,23,1999,1.1,1,1,1,0,0,1,2,50.0,1,0,0,0,0,1,1,0,Matches
284,Omar Marmoush,eg EGY,FW,Wolfsburg,23,1999,16.4,16,10,8,2,6,4,16,25.0,12,21,1,20,7,23,4,0,Matches
285,Eric Martel,de GER,MF,Köln,20,2002,22.4,66,41,29,30,7,30,60,50.0,30,29,9,20,33,99,49,0,Matches
286,Aarón Martín,es ESP,DF,Mainz 05,25,1997,20.5,42,27,25,11,6,21,40,52.5,19,22,1,21,15,57,31,0,Matches
287,Erhan Mašović,rs SRB,"DF,MF",Bochum,23,1998,24.2,50,31,28,21,1,30,51,58.8,21,30,14,16,27,77,79,0,Matches
288,Henning Matriciani,de GER,DF,Schalke 04,22,2000,20.7,43,23,28,12,3,26,60,43.3,34,28,11,17,23,66,57,1,Matches
289,Konstantinos Mavropanos,gr GRE,DF,Stuttgart,24,1997,25.4,50,27,32,15,3,28,38,73.7,10,39,18,21,63,113,99,0,Matches
290,Philipp Max,de GER,DF,Eint Frankfurt,28,1993,7.7,12,9,4,7,1,5,16,31.3,11,10,2,8,3,15,11,0,Matches
291,Eric Maxim Choupo-Moting,cm CMR,FW,Bayern Munich,33,1989,12.4,10,7,2,6,2,1,2,50.0,1,8,0,8,0,10,5,0,Matches
292,Ibrahim Maza,dz ALG,"MF,FW",Hertha BSC,16,2005,0.8,1,1,1,0,0,0,1,0.0,1,2,0,2,0,1,1,0,Matches
293,Noussair Mazraoui,ma MAR,DF,Bayern Munich,24,1997,11.9,29,21,9,9,11,15,24,62.5,9,13,2,11,10,39,25,0,Matches
294,Noah Mbamba,be BEL,MF,Leverkusen,17,2005,0.0,0,0,0,0,0,0,0,,0,0,0,0,0,0,0,0,Matches
295,Jean-Manuel Mbom,de GER,MF,Werder Bremen,22,2000,0.1,0,0,0,0,0,0,1,0.0,1,0,0,0,0,0,0,0,Matches
296,Nathanael Mbuku,cd COD,"MF,FW",Augsburg,20,2002,0.4,1,0,0,1,0,0,0,,0,0,0,0,0,1,0,0,Matches
297,Thomas Meunier,be BEL,DF,Dortmund,30,1991,6.5,16,7,8,5,3,10,17,58.8,7,7,2,5,9,25,16,0,Matches
298,Alexander Meyer,de GER,GK,Dortmund,31,1991,7.0,0,0,0,0,0,0,1,0.0,1,0,0,0,0,0,1,0,Matches
299,Sven Michel,de GER,"FW,MF",Union Berlin,32,1990,5.5,9,5,1,5,3,4,8,50.0,4,5,1,4,0,9,4,0,Matches
300,Enzo Millot,fr FRA,MF,Stuttgart,20,2002,9.9,23,16,9,10,4,12,19,63.2,7,20,3,17,12,35,7,0,Matches
301,Maximilian Mittelstädt,de GER,"DF,MF",Hertha BSC,25,1997,9.4,39,20,31,6,2,17,39,43.6,22,13,2,11,26,65,27,0,Matches
302,Anthony Modeste,fr FRA,FW,Dortmund,34,1988,9.0,4,4,2,0,2,2,5,40.0,3,7,0,7,2,6,22,0,Matches
303,Tobias Mohr,de GER,"DF,MF",Schalke 04,26,1995,9.3,8,5,3,5,0,2,7,28.6,5,14,5,9,8,16,19,0,Matches
304,Clinton Mola,eng ENG,DF,Stuttgart,21,2001,0.2,3,1,2,1,0,1,1,100.0,0,1,1,0,1,4,2,0,Matches
305,Florent Mollet,fr FRA,MF,Schalke 04,30,1991,4.6,4,1,0,4,0,2,7,28.6,5,7,1,6,1,5,1,0,Matches
306,Youssoufa Moukoko,de GER,FW,Dortmund,17,2004,12.7,13,7,3,6,4,3,6,50.0,3,9,0,9,2,15,1,0,Matches
307,Florian Müller,de GER,GK,Stuttgart,24,1997,19.0,0,0,0,0,0,0,0,,0,0,0,0,0,0,7,4,Matches
308,Thomas Müller,de GER,"FW,MF",Bayern Munich,32,1989,18.5,21,12,5,9,7,6,16,37.5,10,19,3,16,4,25,16,0,Matches
309,Jamal Musiala,de GER,"MF,FW",Bayern Munich,19,2003,24.4,34,23,9,16,9,13,35,37.1,22,30,3,27,19,53,3,0,Matches
310,Marlon Mustapha,at AUT,"FW,MF",Mainz 05,21,2001,0.8,2,2,0,2,0,0,0,,0,4,0,4,0,2,0,0,Matches
311,Obite N'Dicka,ci CIV,DF,Eint Frankfurt,22,1999,29.9,25,18,10,11,4,18,32,56.3,14,47,19,28,31,56,150,0,Matches
312,Nathan N'Goumou,cm CMR,FW,Gladbach,22,2000,7.7,11,5,5,5,1,7,13,53.8,6,9,0,9,1,12,4,0,Matches
313,Stanley N'Soki,fr FRA,DF,Hoffenheim,23,1999,14.3,22,13,14,7,1,12,22,54.5,10,22,5,17,24,46,34,0,Matches
314,Nikolas Nartey,dk DEN,"DF,MF",Stuttgart,22,2000,5.3,11,6,7,3,1,5,9,55.6,4,9,0,9,4,15,12,0,Matches
315,Luca Netz,de GER,DF,Gladbach,19,2003,7.8,25,13,19,3,3,19,32,59.4,13,5,1,4,6,31,27,0,Matches
316,Manuel Neuer,de GER,GK,Bayern Munich,36,1986,12.0,0,0,0,0,0,0,0,,0,0,0,0,0,0,4,1,Matches
317,Florian Neuhaus,de GER,MF,Gladbach,25,1997,15.6,19,9,9,5,5,8,27,29.6,19,20,3,17,12,31,5,0,Matches
318,Jessic Ngankam,de GER,"FW,MF",Hertha BSC,22,2000,9.2,14,9,7,4,3,6,14,42.9,8,6,1,5,1,15,4,0,Matches
319,Florian Niederlechner,de GER,"FW,MF",Augsburg,31,1990,10.1,10,5,5,4,1,4,7,57.1,3,16,2,14,1,11,9,0,Matches
320,Florian Niederlechner,de GER,FW,Hertha BSC,31,1990,8.7,9,7,2,4,3,2,8,25.0,6,7,0,7,3,12,10,0,Matches
321,Justin Njinmah,de GER,FW,Dortmund,21,2000,0.2,0,0,0,0,0,0,0,,0,0,0,0,0,0,0,0,Matches
322,Christopher Nkunku,fr FRA,"FW,MF",RB Leipzig,24,1997,21.1,6,4,2,1,3,1,6,16.7,5,8,3,5,8,14,11,0,Matches
323,Felix Nmecha,de GER,MF,Wolfsburg,21,2000,20.4,41,24,11,23,7,16,34,47.1,18,26,10,16,25,66,31,0,Matches
324,Lukas Nmecha,de GER,FW,Wolfsburg,23,1998,10.0,5,3,0,2,3,3,3,100.0,0,5,1,4,3,8,4,0,Matches
325,Hugo Novoa,es ESP,"DF,FW",RB Leipzig,19,2003,2.0,8,2,1,3,4,4,7,57.1,3,4,0,4,1,9,0,0,Matches
326,Ørjan Nyland,no NOR,GK,RB Leipzig,31,1990,2.0,0,0,0,0,0,0,0,,0,0,0,0,0,0,0,0,Matches
327,Tim Oermann,de GER,DF,Bochum,18,2003,2.2,2,1,2,0,0,1,1,100.0,0,3,2,1,1,3,8,1,Matches
328,Finn Ole Becker,de GER,MF,Hoffenheim,22,2000,5.7,10,2,4,6,0,4,7,57.1,3,4,0,4,5,15,8,0,Matches
329,Mathias Olesen,lu LUX,MF,Köln,21,2001,5.3,10,5,4,4,2,5,8,62.5,3,6,1,5,2,12,3,0,Matches
330,Dani Olmo,es ESP,"MF,FW",RB Leipzig,24,1998,14.2,15,9,1,10,4,6,14,42.9,8,15,0,15,6,21,6,0,Matches
331,Jan Olschowsky,de GER,GK,Gladbach,20,2001,4.0,0,0,0,0,0,0,1,0.0,1,1,0,1,0,0,1,0,Matches
332,Jonas Omlin,ch SUI,GK,Gladbach,28,1994,14.3,1,1,1,0,0,1,3,33.3,2,1,0,1,0,1,9,1,Matches
333,Karim Onisiwo,at AUT,"FW,MF",Mainz 05,30,1992,28.2,19,12,3,10,6,4,21,19.0,17,19,0,19,2,21,7,0,Matches
334,Willi Orban,hu HUN,DF,RB Leipzig,29,1992,32.8,51,30,33,18,0,26,43,60.5,17,42,24,18,39,90,129,1,Matches
335,Ivan Ordets,ua UKR,DF,Bochum,30,1992,27.2,31,19,21,9,1,16,28,57.1,12,34,17,17,57,88,139,0,Matches
336,Jordi Osei-Tutu,eng ENG,"DF,FW",Bochum,23,1998,8.3,23,18,13,5,5,12,23,52.2,11,12,5,7,10,33,8,0,Matches
337,Patrick Osterhage,de GER,MF,Bochum,22,2000,11.4,20,17,8,10,2,11,16,68.8,5,17,6,11,12,32,25,0,Matches
338,Paulo Otávio,br BRA,DF,Wolfsburg,27,1994,22.7,72,46,46,17,9,44,66,66.7,22,42,6,36,30,102,70,1,Matches
339,Thomas Ouwejan,nl NED,DF,Schalke 04,25,1996,10.0,20,8,13,5,2,6,10,60.0,4,17,4,13,13,33,27,0,Matches
340,Reece Oxford,eng ENG,DF,Augsburg,23,1998,1.0,1,1,1,0,0,0,0,,0,4,3,1,1,2,5,0,Matches
341,Salih Özcan,tr TUR,MF,Dortmund,24,1998,17.5,31,18,10,16,5,16,39,41.0,23,24,2,22,28,59,19,1,Matches
342,Levin Öztunalı,de GER,MF,Union Berlin,26,1996,0.1,0,0,0,0,0,0,1,0.0,1,0,0,0,0,0,0,0,Matches
343,Exequiel Palacios,ar ARG,MF,Leverkusen,23,1998,18.4,59,36,20,33,6,29,48,60.4,19,29,2,27,33,92,28,0,Matches
344,Miloš Pantović,rs SRB,MF,Union Berlin,26,1996,2.3,4,2,4,0,0,3,5,60.0,2,3,0,3,0,4,5,0,Matches
345,Antonios Papadopoulos,de GER,DF,Dortmund,22,1999,0.1,0,0,0,0,0,0,0,,0,0,0,0,1,1,0,0,Matches
346,Kevin Paredes,us USA,"FW,MF",Wolfsburg,19,2003,5.9,13,9,6,3,4,9,12,75.0,3,7,0,7,6,19,8,0,Matches
347,Marco Pašalić,hr CRO,MF,Dortmund,21,2000,0.1,0,0,0,0,0,0,0,,0,0,0,0,0,0,0,0,Matches
348,Felix Passlack,de GER,DF,Dortmund,24,1998,0.7,4,3,0,4,0,1,1,100.0,0,1,1,0,0,4,1,0,Matches
349,Paulinho,br BRA,FW,Leverkusen,22,2000,0.9,0,0,0,0,0,0,0,,0,1,0,1,0,0,2,0,Matches
350,Benjamin Pavard,fr FRA,DF,Bayern Munich,26,1996,27.0,70,41,36,26,8,36,48,75.0,12,35,16,19,44,114,83,0,Matches
351,Jiří Pavlenka,cz CZE,GK,Werder Bremen,30,1992,32.3,1,0,1,0,0,1,5,20.0,4,1,0,1,3,4,21,1,Matches
352,Kristian Pedersen,dk DEN,DF,Köln,27,1994,3.1,5,4,4,1,0,0,2,0.0,2,3,0,3,6,11,17,0,Matches
353,Mads Pedersen,dk DEN,"DF,MF",Augsburg,25,1996,20.4,44,23,31,11,2,22,33,66.7,11,32,9,23,20,64,41,1,Matches
354,Jordan Pefok,us USA,FW,Union Berlin,26,1996,15.1,15,7,3,4,8,2,17,11.8,15,17,5,12,4,19,15,0,Matches
355,Dženan Pejčinović,de GER,FW,Wolfsburg,17,2005,0.1,0,0,0,0,0,0,0,,0,0,0,0,0,0,0,0,Matches
356,Peter Pekarík,sk SVK,DF,Hertha BSC,35,1986,2.3,4,3,4,0,0,4,6,66.7,2,6,2,4,4,8,7,0,Matches
357,Luca Pellegrini,it ITA,DF,Eint Frankfurt,23,1999,6.2,13,8,10,3,0,8,8,100.0,0,8,2,6,7,20,11,1,Matches
358,Ricardo Pepi,us USA,FW,Augsburg,19,2003,1.1,1,1,1,0,0,1,1,100.0,0,1,0,1,0,1,1,0,Matches
359,Juan Perea,co COL,FW,Stuttgart,22,2000,4.6,5,4,0,2,3,2,4,50.0,2,2,1,1,1,6,3,0,Matches
360,Nils Petersen,de GER,FW,Freiburg,33,1988,3.1,6,4,0,3,3,2,5,40.0,3,11,2,9,1,7,6,0,Matches
361,Lukas Petkov,bg BUL,"MF,FW",Augsburg,21,2000,1.6,5,1,4,1,0,2,3,66.7,1,4,1,3,1,6,0,0,Matches
362,Luca Pfeiffer,de GER,FW,Stuttgart,25,1996,7.8,1,1,1,0,0,0,1,0.0,1,4,0,4,1,2,5,0,Matches
363,Maximilian Philipp,de GER,FW,Wolfsburg,28,1994,1.3,2,1,1,1,0,1,1,100.0,0,1,0,1,0,2,0,0,Matches
364,Maximilian Philipp,de GER,"FW,MF",Werder Bremen,28,1994,4.9,6,5,3,2,1,1,9,11.1,8,7,1,6,3,9,4,0,Matches
365,Amos Pieper,de GER,DF,Werder Bremen,24,1998,21.7,46,28,25,19,2,24,40,60.0,16,23,11,12,30,76,94,1,Matches
366,Marvin Plattenhardt,de GER,DF,Hertha BSC,30,1992,26.7,43,33,24,15,4,29,47,61.7,18,25,11,14,15,58,82,0,Matches
367,Alassane Pléa,fr FRA,FW,Gladbach,29,1993,19.7,16,8,5,7,4,8,26,30.8,18,23,3,20,12,28,14,0,Matches
368,Joel Pohjanpalo,fi FIN,"FW,MF",Leverkusen,27,1994,0.0,0,0,0,0,0,0,0,,0,0,0,0,0,0,0,0,Matches
369,Sebastian Polter,de GER,FW,Schalke 04,31,1991,7.0,4,3,0,4,0,1,4,25.0,3,4,0,4,1,5,6,0,Matches
370,Stefan Posch,at AUT,DF,Hoffenheim,25,1997,0.2,0,0,0,0,0,0,0,,0,0,0,0,0,0,0,0,Matches
371,Yussuf Poulsen,dk DEN,FW,RB Leipzig,28,1994,4.6,6,4,1,4,1,2,5,40.0,3,3,1,2,0,6,5,0,Matches
372,Grischa Prömel,de GER,MF,Hoffenheim,27,1995,16.2,27,19,14,11,2,9,25,36.0,16,22,4,18,8,35,23,0,Matches
373,Tymoteusz Puchacz,pl POL,DF,Union Berlin,23,1999,0.6,1,0,1,0,0,0,0,,0,0,0,0,0,1,1,0,Matches
374,Eduardo Quaresma,pt POR,DF,Hoffenheim,20,2002,1.0,5,3,3,2,0,1,3,33.3,2,3,2,1,0,5,3,0,Matches
375,Joshua Quarshie,de GER,MF,Hoffenheim,18,2004,0.0,0,0,0,0,0,0,0,,0,0,0,0,0,0,0,0,Matches
376,Diant Ramaj,de GER,GK,Eint Frankfurt,20,2001,1.0,0,0,0,0,0,0,0,,0,0,0,0,0,0,1,0,Matches
377,Nicolai Rapp,de GER,"MF,DF",Werder Bremen,25,1996,0.8,3,1,3,0,0,0,3,0.0,3,0,0,0,0,3,1,0,Matches
378,David Raum,de GER,"DF,MF",RB Leipzig,24,1998,18.7,39,25,23,12,4,17,29,58.6,12,24,6,18,16,55,26,1,Matches
379,Rocco Reitz,de GER,MF,Gladbach,20,2002,0.0,0,0,0,0,0,0,0,,0,0,0,0,0,0,0,0,Matches
380,Marco Reus,de GER,"MF,FW",Dortmund,33,1989,15.0,30,17,12,14,4,7,24,29.2,17,12,4,8,8,38,8,0,Matches
381,Elvis Rexhbeçaj,xk KVX,MF,Augsburg,24,1997,28.0,51,30,18,24,9,29,59,49.2,30,39,12,27,17,68,40,0,Matches
382,Gio Reyna,us USA,"FW,MF",Dortmund,19,2002,6.9,14,7,2,5,7,5,10,50.0,5,8,2,6,3,17,5,0,Matches
383,Marco Richter,de GER,"MF,FW",Hertha BSC,24,1997,20.4,43,23,18,17,8,19,48,39.6,29,29,2,27,24,67,25,0,Matches
384,Manuel Riemann,de GER,GK,Bochum,33,1988,34.0,3,2,3,0,0,3,5,60.0,2,1,0,1,5,8,23,7,Matches
385,Sebastian Rode,de GER,MF,Eint Frankfurt,31,1990,15.7,38,24,7,28,3,14,45,31.1,31,18,2,16,16,54,12,0,Matches
386,Agustín Rogel,uy URU,DF,Hertha BSC,24,1997,15.8,18,9,13,5,0,11,17,64.7,6,15,8,7,11,29,74,1,Matches
387,Merlin Röhl,de GER,"MF,FW",Freiburg,20,2002,0.6,1,0,1,0,0,0,0,,0,0,0,0,0,1,1,0,Matches
388,Tony Rölke,de GER,FW,Hertha BSC,19,2003,0.2,0,0,0,0,0,0,0,,0,1,0,1,0,0,1,0,Matches
389,Tom Rothe,de GER,DF,Dortmund,17,2004,0.3,1,1,0,1,0,1,1,100.0,0,0,0,0,1,2,2,0,Matches
390,Jérôme Roussillon,fr FRA,"MF,DF",Wolfsburg,29,1993,0.2,0,0,0,0,0,0,0,,0,0,0,0,0,0,0,0,Matches
391,Jérôme Roussillon,fr FRA,DF,Union Berlin,29,1993,10.6,16,9,6,8,2,8,12,66.7,4,7,2,5,4,20,22,0,Matches
392,Sebastian Rudy,de GER,MF,Hoffenheim,32,1990,8.8,26,12,10,16,0,13,27,48.1,14,27,7,20,11,37,13,0,Matches
393,Georginio Rutter,fr FRA,FW,Hoffenheim,20,2002,11.2,7,4,1,4,2,1,3,33.3,2,10,2,8,5,12,6,0,Matches
394,Julian Ryerson,no NOR,DF,Union Berlin,24,1997,11.5,28,17,17,10,1,15,25,60.0,10,15,3,12,12,40,19,0,Matches
395,Julian Ryerson,no NOR,DF,Dortmund,24,1997,15.7,27,15,17,7,3,19,37,51.4,18,13,2,11,8,35,28,0,Matches
396,Frederik Rønnow,dk DEN,GK,Union Berlin,29,1992,29.0,0,0,0,0,0,0,5,0.0,5,0,0,0,0,0,9,1,Matches
397,Marcel Sabitzer,at AUT,MF,Bayern Munich,28,1994,7.0,27,14,11,10,6,10,17,58.8,7,3,0,3,10,37,9,0,Matches
398,Dikeni-Rafid Salifou,tg TOG,MF,Werder Bremen,19,2003,0.0,0,0,0,0,0,0,0,,0,0,0,0,0,0,0,0,Matches
399,Roland Sallai,hu HUN,"MF,FW",Freiburg,25,1997,11.1,11,8,4,3,4,4,10,40.0,6,7,1,6,2,13,11,0,Matches
400,Diadie Samassékou,ml MLI,"MF,FW",Hoffenheim,26,1996,0.4,1,0,0,1,0,0,1,0.0,1,0,0,0,0,1,0,0,Matches
401,Leroy Sané,de GER,"MF,FW",Bayern Munich,26,1996,22.3,38,30,11,19,8,18,36,50.0,18,11,1,10,3,41,1,2,Matches
402,Sidi Sané,de GER,FW,Schalke 04,19,2003,0.3,1,1,1,0,0,1,1,100.0,0,0,0,0,0,1,0,0,Matches
403,Bouna Sarr,sn SEN,FW,Bayern Munich,30,1992,0.0,0,0,0,0,0,0,0,,0,0,0,0,0,0,0,0,Matches
404,Joe Scally,us USA,DF,Gladbach,19,2002,24.5,31,20,25,5,1,24,31,77.4,7,17,6,11,8,39,61,0,Matches
405,Kevin Schade,de GER,"FW,MF",Freiburg,20,2001,2.0,6,4,3,2,1,3,5,60.0,2,0,0,0,0,6,2,0,Matches
406,András Schäfer,hu HUN,MF,Union Berlin,23,1999,9.6,21,9,7,12,2,6,14,42.9,8,12,2,10,4,25,11,0,Matches
407,Derry Scherhant,de GER,"FW,MF",Hertha BSC,19,2002,3.2,7,6,3,3,1,4,8,50.0,4,3,0,3,0,7,5,0,Matches
408,Patrik Schick,cz CZE,FW,Leverkusen,26,1996,10.5,0,0,0,0,0,0,1,0.0,1,4,1,3,1,1,7,0,Matches
409,Kingsley Schindler,gh GHA,"DF,MF",Köln,29,1993,12.1,23,12,13,8,2,18,28,64.3,10,14,2,12,15,38,24,0,Matches
410,Xaver Schlager,at AUT,MF,RB Leipzig,24,1997,16.7,41,24,13,26,2,20,43,46.5,23,19,2,17,17,58,23,0,Matches
411,Keven Schlotterbeck,de GER,DF,Freiburg,25,1997,0.2,0,0,0,0,0,0,0,,0,1,1,0,2,2,2,0,Matches
412,Keven Schlotterbeck,de GER,DF,Bochum,25,1997,8.2,17,9,12,5,0,9,11,81.8,2,11,5,6,14,31,49,0,Matches
413,Nico Schlotterbeck,de GER,DF,Dortmund,22,1999,25.0,59,34,34,24,1,37,53,69.8,16,38,21,17,32,91,71,1,Matches
414,Jonathan Schmid,fr FRA,DF,Freiburg,32,1990,0.5,1,1,1,0,0,0,0,,0,1,0,1,1,2,1,1,Matches
415,Romano Schmid,at AUT,"MF,FW",Werder Bremen,22,2000,16.9,24,15,5,13,6,10,22,45.5,12,21,3,18,7,31,12,0,Matches
416,Kenneth Schmidt,de GER,DF,Freiburg,20,2002,2.8,6,3,4,2,0,5,6,83.3,1,4,2,2,0,6,2,0,Matches
417,Niklas Schmidt,de GER,MF,Werder Bremen,24,1998,12.1,25,10,12,11,2,13,28,46.4,15,10,0,10,5,30,12,0,Matches
418,Benno Schmitz,de GER,DF,Köln,27,1994,26.9,64,42,31,28,5,42,82,51.2,40,34,4,30,26,90,57,0,Matches
419,Marvin Schwäbe,de GER,GK,Köln,27,1995,34.0,1,0,1,0,0,1,1,100.0,0,0,0,0,2,3,8,2,Matches
420,Alexander Schwolow,de GER,GK,Schalke 04,30,1992,22.6,0,0,0,0,0,0,2,0.0,2,0,0,0,1,1,6,3,Matches
421,Paul Seguin,de GER,MF,Union Berlin,27,1995,7.7,17,8,9,4,4,8,18,44.4,10,6,0,6,6,23,7,0,Matches
422,Davie Selke,de GER,FW,Hertha BSC,27,1995,3.1,2,1,1,1,0,0,1,0.0,1,3,1,2,1,3,5,0,Matches
423,Davie Selke,de GER,FW,Köln,27,1995,9.7,0,0,0,0,0,0,4,0.0,4,4,1,3,0,0,11,0,Matches
424,Suat Serdar,de GER,MF,Hertha BSC,25,1997,22.5,51,23,14,30,7,20,41,48.8,21,48,12,36,29,80,24,0,Matches
425,Eniss Shabani,al ALB,MF,Mainz 05,19,2003,0.1,0,0,0,0,0,0,0,,0,0,0,0,0,0,0,0,Matches
426,Kiliann Sildillia,fr FRA,"DF,MF",Freiburg,20,2002,22.0,33,20,10,19,4,18,30,60.0,12,24,9,15,21,54,47,1,Matches
427,André Silva,pt POR,FW,RB Leipzig,26,1995,19.3,12,6,2,5,5,3,8,37.5,5,11,1,10,3,15,3,0,Matches
428,Mohamed Simakan,fr FRA,DF,RB Leipzig,22,2000,16.2,21,14,12,5,4,14,21,66.7,7,21,4,17,16,37,55,0,Matches
429,Daley Sinkgraven,nl NED,"DF,MF",Leverkusen,27,1995,3.8,10,7,7,3,0,7,9,77.8,2,8,4,4,5,15,7,0,Matches
430,Tobias Sippel,de GER,GK,Gladbach,34,1988,5.7,0,0,0,0,0,0,0,,0,0,0,0,0,0,1,1,Matches
431,Hugo Siquet,be BEL,DF,Freiburg,20,2002,0.2,2,2,2,0,0,2,2,100.0,0,1,0,1,0,2,0,0,Matches
432,Tim Skarke,de GER,"DF,MF",Union Berlin,25,1996,0.6,1,1,0,0,1,0,0,,0,1,0,1,0,1,0,0,Matches
433,Tim Skarke,de GER,"FW,MF",Schalke 04,25,1996,4.9,13,7,3,8,2,8,11,72.7,3,5,0,5,0,13,4,0,Matches
434,Ellyes Skhiri,tn TUN,MF,Köln,27,1995,31.7,79,44,29,42,8,26,66,39.4,40,52,12,40,56,135,48,0,Matches
435,Robert Skov,dk DEN,DF,Hoffenheim,26,1996,15.0,22,11,14,7,1,10,26,38.5,16,22,8,14,8,30,20,2,Matches
436,Hrvoje Smolčić,hr CRO,DF,Eint Frankfurt,21,2000,5.2,8,7,6,2,0,5,10,50.0,5,11,4,7,6,14,38,0,Matches
437,Danilo Soares,br BRA,DF,Bochum,30,1991,19.6,72,46,42,23,7,43,72,59.7,29,29,6,23,30,102,56,1,Matches
438,Nikola Soldo,hr CRO,DF,Köln,21,2001,6.6,15,9,8,7,0,7,11,63.6,4,7,6,1,7,22,28,0,Matches
439,Yann Sommer,ch SUI,GK,Bayern Munich,33,1988,19.0,0,0,0,0,0,0,0,,0,0,0,0,1,1,5,1,Matches
440,Yann Sommer,ch SUI,GK,Gladbach,33,1988,10.0,1,0,1,0,0,1,1,100.0,0,0,0,0,0,1,8,0,Matches
441,Borna Sosa,hr CRO,DF,Stuttgart,24,1998,21.7,27,21,18,8,1,21,32,65.6,11,20,5,15,19,46,37,0,Matches
442,Djibril Sow,ch SUI,MF,Eint Frankfurt,25,1997,29.4,41,25,13,25,3,22,44,50.0,22,22,4,18,28,69,23,0,Matches
443,Anton Stach,de GER,MF,Mainz 05,23,1998,23.0,27,21,10,15,2,16,38,42.1,22,28,2,26,41,68,25,0,Matches
444,Kostas Stafylidis,gr GRE,"DF,MF",Bochum,28,1993,11.6,27,16,13,8,6,10,24,41.7,14,21,8,13,20,47,31,1,Matches
445,Jens Stage,dk DEN,MF,Werder Bremen,25,1996,20.6,34,17,15,18,1,10,37,27.0,27,34,11,23,16,50,37,0,Matches
446,Veit Stange,de GER,MF,Hertha BSC,18,2004,0.1,1,1,1,0,0,1,1,100.0,0,0,0,0,0,1,0,0,Matches
447,Josip Stanišić,hr CRO,DF,Bayern Munich,22,2000,6.4,19,11,14,2,3,12,17,70.6,5,9,1,8,7,26,11,3,Matches
448,Niklas Stark,de GER,DF,Werder Bremen,27,1995,23.1,56,36,29,24,3,27,42,64.3,15,24,13,11,37,93,110,0,Matches
449,Pascal Stenzel,de GER,DF,Stuttgart,26,1996,3.7,12,8,8,4,0,5,9,55.6,4,9,2,7,5,17,6,0,Matches
450,Angelo Stiller,de GER,MF,Hoffenheim,21,2001,7.8,26,12,9,13,4,8,12,66.7,4,12,2,10,10,36,14,0,Matches
451,Lars Stindl,de GER,"FW,MF",Gladbach,33,1988,19.3,24,14,4,17,3,10,28,35.7,18,24,5,19,11,35,19,0,Matches
452,Kevin Stöger,at AUT,MF,Bochum,28,1993,28.9,84,45,38,32,14,31,94,33.0,63,27,4,23,26,110,21,1,Matches
453,Niklas Süle,de GER,DF,Dortmund,26,1995,23.5,25,19,18,3,4,14,23,60.9,9,28,19,9,17,42,53,0,Matches
454,Ivan Šunjić,ba BIH,MF,Hertha BSC,25,1996,11.0,38,20,16,21,1,16,24,66.7,8,17,5,12,13,51,19,1,Matches
455,Mattias Svanberg,se SWE,"MF,FW",Wolfsburg,23,1999,20.4,25,16,8,16,1,10,30,33.3,20,27,5,22,21,46,25,1,Matches
456,Dominik Szoboszlai,hu HUN,"MF,FW",RB Leipzig,21,2000,27.2,45,28,12,20,13,17,42,40.5,25,43,2,41,17,62,27,0,Matches
457,Alexander Sørloth,no NOR,FW,RB Leipzig,26,1995,0.1,0,0,0,0,0,0,0,,0,0,0,0,0,0,0,0,Matches
458,Jonathan Tah,de GER,DF,Leverkusen,26,1996,27.6,25,12,21,4,0,12,18,66.7,6,30,18,12,40,65,118,0,Matches
459,Edmond Tapsoba,bf BFA,DF,Leverkusen,23,1999,31.9,51,30,35,12,4,30,42,71.4,12,40,17,23,36,87,109,1,Matches
460,Niklas Tauer,de GER,"DF,MF",Mainz 05,21,2001,1.0,2,1,2,0,0,1,3,33.3,2,2,1,1,2,4,4,0,Matches
461,Mathys Tel,fr FRA,FW,Bayern Munich,17,2005,4.6,2,2,0,1,1,1,1,100.0,0,5,1,4,0,2,2,0,Matches
462,Semir Telalovic,de GER,"MF,FW",Gladbach,22,1999,0.1,0,0,0,0,0,0,0,,0,0,0,0,0,0,0,0,Matches
463,Simon Terodde,de GER,FW,Schalke 04,34,1988,20.3,15,8,4,7,4,3,14,21.4,11,6,2,4,6,21,9,0,Matches
464,Malick Thiaw,de GER,DF,Schalke 04,20,2001,3.0,3,1,2,1,0,1,2,50.0,1,4,3,1,9,12,24,1,Matches
465,Jan Thielmann,de GER,FW,Köln,20,2002,9.7,9,8,3,4,2,2,11,18.2,9,16,3,13,9,18,7,0,Matches
466,Morten Thorsby,no NOR,MF,Union Berlin,26,1996,9.3,22,10,9,11,2,13,21,61.9,8,11,5,6,3,25,20,0,Matches
467,Marcus Thuram,fr FRA,FW,Gladbach,24,1997,27.9,14,7,3,6,5,6,13,46.2,7,20,3,17,6,20,22,0,Matches
468,Steffen Tigges,de GER,FW,Köln,24,1998,17.7,12,7,1,8,3,4,14,28.6,10,13,2,11,8,20,17,0,Matches
469,Umut Tohumcu,de GER,"MF,DF",Hoffenheim,17,2004,3.0,10,5,4,5,1,3,9,33.3,6,4,0,4,2,12,8,0,Matches
470,Tiago Tomás,pt POR,"FW,MF",Stuttgart,20,2002,14.3,10,4,2,4,4,8,13,61.5,5,9,2,7,1,11,5,0,Matches
471,Keke Topp,de GER,FW,Schalke 04,18,2004,0.2,0,0,0,0,0,0,0,,0,0,0,0,1,1,0,0,Matches
472,Almamy Touré,ml MLI,DF,Eint Frankfurt,26,1996,4.4,13,7,7,5,1,5,9,55.6,4,9,2,7,10,23,8,0,Matches
473,Lucas Tousart,fr FRA,MF,Hertha BSC,25,1997,32.7,73,38,35,28,10,27,60,45.0,33,42,6,36,48,121,75,1,Matches
474,Kevin Trapp,de GER,GK,Eint Frankfurt,32,1990,33.0,1,1,1,0,0,0,2,0.0,2,2,0,2,0,1,10,0,Matches
475,Christopher Trimmel,at AUT,DF,Union Berlin,35,1987,20.1,31,16,16,12,3,20,31,64.5,11,14,1,13,25,56,48,0,Matches
476,Tuta,br BRA,DF,Eint Frankfurt,23,1999,30.2,53,35,27,19,7,33,57,57.9,24,47,14,33,49,102,134,2,Matches
477,Sven Ulreich,de GER,GK,Bayern Munich,33,1988,3.0,1,1,1,0,0,1,1,100.0,0,0,0,0,0,1,0,1,Matches
478,Lauren Ulrich,de GER,MF,Stuttgart,17,2005,0.1,1,1,0,0,1,0,0,,0,0,0,0,0,1,0,0,Matches
479,Dayot Upamecano,fr FRA,DF,Bayern Munich,23,1998,26.1,65,37,43,22,0,28,45,62.2,17,26,6,20,27,92,71,4,Matches
480,Filip Uremović,hr CRO,DF,Hertha BSC,25,1997,19.2,38,23,29,8,1,14,22,63.6,8,18,13,5,36,74,88,2,Matches
481,Jere Uronen,fi FIN,DF,Schalke 04,28,1994,7.5,14,10,6,6,2,6,10,60.0,4,5,2,3,8,22,13,0,Matches
482,Mark Uth,de GER,"MF,FW",Köln,30,1991,0.5,0,0,0,0,0,0,0,,0,0,0,0,0,0,0,0,Matches
483,Josha Vagnoman,de GER,DF,Stuttgart,21,2000,16.4,26,15,12,11,3,15,27,55.6,12,20,2,18,8,34,29,1,Matches
484,Ruben Vargas,ch SUI,"MF,FW",Augsburg,23,1998,12.6,15,7,6,7,2,5,11,45.5,6,8,2,6,6,21,16,1,Matches
485,Renato Veiga,pt POR,DF,Augsburg,19,2003,7.1,9,6,4,3,2,7,9,77.8,2,20,6,14,7,16,29,1,Matches
486,Miloš Veljković,rs SRB,DF,Werder Bremen,26,1995,25.2,30,19,17,13,0,18,29,62.1,11,32,16,16,33,63,103,0,Matches
487,Micky van de Ven,nl NED,DF,Wolfsburg,21,2001,33.0,45,30,26,18,1,28,39,71.8,11,42,24,18,26,71,108,2,Matches
488,Gabriel Vidovic,hr CRO,FW,Bayern Munich,18,2003,0.2,0,0,0,0,0,0,0,,0,0,0,0,0,0,0,0,Matches
489,Kevin Vogt,de GER,DF,Hoffenheim,30,1991,19.7,15,10,10,5,0,9,22,40.9,13,18,11,7,26,41,67,0,Matches
490,Aster Vranckx,be BEL,MF,Wolfsburg,19,2002,0.1,0,0,0,0,0,0,0,,0,0,0,0,0,0,1,0,Matches
491,Robert Wagner,de GER,MF,Freiburg,19,2003,0.4,0,0,0,0,0,0,0,,0,2,0,2,0,0,2,0,Matches
492,Luca Waldschmidt,de GER,"FW,MF",Wolfsburg,26,1996,5.8,5,2,2,1,2,2,10,20.0,8,6,0,6,3,8,5,0,Matches
493,Paul Wanner,de GER,MF,Bayern Munich,16,2005,0.3,3,1,1,2,0,1,1,100.0,0,0,0,0,0,3,1,0,Matches
494,Julian Weigl,de GER,MF,Gladbach,26,1995,21.0,43,16,21,21,1,23,41,56.1,18,23,2,21,18,61,32,0,Matches
495,Nelson Weiper,de GER,"FW,DF",Mainz 05,17,2005,1.1,2,0,0,0,2,1,3,33.3,2,2,0,2,0,2,1,0,Matches
496,Mitchell Weiser,de GER,"DF,FW",Werder Bremen,28,1994,28.0,71,43,38,24,9,38,75,50.7,37,50,7,43,28,99,38,1,Matches
497,Noah Weißhaupt,de GER,"MF,DF",Freiburg,20,2001,4.7,11,6,3,7,1,2,7,28.6,5,4,0,4,6,17,8,0,Matches
498,Marcel Wenig,de GER,MF,Eint Frankfurt,18,2004,0.0,0,0,0,0,0,0,0,,0,0,0,0,0,0,0,0,Matches
499,Timo Werner,de GER,"FW,MF",RB Leipzig,26,1996,21.5,10,5,4,3,3,4,12,33.3,8,12,0,12,7,17,5,0,Matches
500,Silvan Widmer,ch SUI,DF,Mainz 05,29,1993,18.8,26,17,15,10,1,20,39,51.3,19,22,8,14,31,57,28,0,Matches
501,Patrick Wimmer,at AUT,"FW,MF",Wolfsburg,21,2001,18.3,39,26,18,11,10,12,38,31.6,26,27,2,25,15,54,15,0,Matches
502,Jonas Wind,dk DEN,FW,Wolfsburg,23,1999,14.3,14,6,2,7,5,5,10,50.0,5,14,4,10,1,15,10,0,Matches
503,Frederik Winther,dk DEN,DF,Augsburg,21,2001,1.0,2,2,1,1,0,0,2,0.0,2,1,1,0,0,2,7,0,Matches
504,Florian Wirtz,de GER,"FW,MF",Leverkusen,19,2003,12.1,18,10,9,7,2,8,16,50.0,8,15,1,14,1,19,6,0,Matches
505,Hannes Wolf,at AUT,FW,Gladbach,23,1999,5.0,11,8,4,5,2,5,13,38.5,8,3,0,3,3,14,9,0,Matches
506,Marius Wolf,de GER,DF,Dortmund,27,1995,17.4,25,18,9,12,4,16,29,55.2,13,40,10,30,18,43,22,1,Matches
507,Jeong Woo-yeong,kr KOR,"MF,FW",Freiburg,22,1999,7.3,7,3,4,2,1,2,5,40.0,3,7,1,6,1,8,7,0,Matches
508,Kelvin Yeboah,it ITA,"FW,MF",Augsburg,22,2000,3.9,6,4,2,4,0,2,5,40.0,3,7,0,7,1,7,2,0,Matches
509,Maya Yoshida,jp JPN,DF,Schalke 04,33,1988,28.4,34,22,19,13,2,18,29,62.1,11,40,29,11,46,80,132,2,Matches
510,Dan-Axel Zagadou,fr FRA,DF,Stuttgart,23,1999,14.1,14,9,10,4,0,5,14,35.7,9,19,16,3,21,35,81,1,Matches
511,Rodrigo Zalazar,uy URU,"MF,FW",Schalke 04,22,1999,14.7,16,8,5,9,2,9,24,37.5,15,16,1,15,7,23,13,0,Matches
512,Aaron Zehnter,de GER,DF,Augsburg,17,2004,0.0,0,0,0,0,0,0,1,0.0,1,0,0,0,1,1,0,0,Matches
513,Robin Zentner,de GER,GK,Mainz 05,27,1994,26.0,0,0,0,0,0,0,4,0.0,4,0,0,0,0,0,17,1,Matches
514,Michael Zetterer,de GER,GK,Werder Bremen,27,1995,1.7,0,0,0,0,0,0,0,,0,0,0,0,0,0,1,0,Matches
515,Simon Zoller,de GER,FW,Bochum,31,1991,16.2,11,4,2,8,1,4,12,33.3,8,14,1,13,6,17,21,0,Matches
