Unnamed: 0_level_0_Rk,Unnamed: 1_level_0_Player,Unnamed: 2_level_0_Nation,Unnamed: 3_level_0_Pos,Unnamed: 4_level_0_Squad,Unnamed: 5_level_0_Age,Unnamed: 6_level_0_Born,Unnamed: 7_level_0_90s,Performance_CrdY,Performance_CrdR,Performance_2CrdY,Performance_Fls,Performance_Fld,Performance_Off,Performance_Crs,Performance_Int,Performance_TklW,Performance_PKwon,Performance_PKcon,Performance_OG,Performance_Recov,Aerial Duels_Won,Aerial Duels_Lost,Aerial Duels_Won%,Unnamed: 24_level_0_Matches
1,Paxten Aaronson,us USA,"MF,DF",Eint Frankfurt,18,2003,1.9,1,0,0,5,3,1,7,0,5,0,0,0,8,1,1,50.0,Matches
2,Sargis Adamyan,am ARM,"FW,MF",Köln,29,1993,7.2,3,0,0,17,6,4,13,4,7,0,0,0,40,12,25,32.4,Matches
3,Karim Adeyemi,de GER,"FW,MF",Dortmund,20,2002,15.4,9,0,0,21,30,1,25,7,11,0,0,0,66,10,4,71.4,Matches
4,Amine Adli,ma MAR,"FW,MF",Leverkusen,22,2000,15.9,2,2,0,39,47,4,18,6,10,2,1,0,61,29,41,41.4,Matches
5,Felix Agu,ng NGA,"DF,FW",Werder Bremen,22,1999,0.5,0,0,0,3,3,0,1,0,0,0,1,0,3,1,1,50.0,Matches
6,Naouirou Ahamada,fr FRA,MF,Stuttgart,20,2002,15.5,4,1,1,16,17,1,6,8,11,0,1,0,88,7,16,30.4,Matches
7,Ludovic Ajorque,fr FRA,"FW,MF",Mainz 05,28,1994,13.5,5,0,0,23,19,5,4,1,5,0,0,0,50,91,85,51.7,Matches
8,Kevin Akpoguma,ng NGA,DF,Hoffenheim,27,1995,21.7,11,0,0,33,19,0,8,24,44,0,0,0,131,57,45,55.9,Matches
9,Lucas Alario,ar ARG,"FW,MF",Eint Frankfurt,29,1992,3.7,0,0,0,9,2,5,0,2,2,0,0,0,10,21,23,47.7,Matches
10,Faride Alidou,de GER,"DF,MF",Eint Frankfurt,21,2001,2.0,0,0,0,8,1,2,7,1,5,0,0,0,16,2,7,22.2,Matches
11,Éder Álvarez Balanta,co COL,"MF,FW",Schalke 04,29,1993,2.6,3,0,0,5,0,0,2,3,4,0,0,0,18,4,1,80.0,Matches
12,Lukáš Ambros,cz CZE,MF,Wolfsburg,18,2004,0.2,0,0,0,0,1,0,0,0,0,0,0,0,1,0,0,,Matches
13,Nadiem Amiri,de GER,"MF,FW",Leverkusen,25,1996,10.9,6,0,0,14,25,4,16,6,6,0,0,0,75,1,10,9.1,Matches
14,Robert Andrich,de GER,MF,Leverkusen,27,1994,26.7,7,0,0,35,20,0,4,42,38,0,0,1,153,56,43,56.6,Matches
15,Angeliño,es ESP,DF,Hoffenheim,25,1997,29.1,2,0,0,12,29,7,179,25,24,0,0,0,148,15,27,35.7,Matches
16,Waldemar Anton,de GER,DF,Stuttgart,26,1996,32.6,4,0,0,31,31,1,31,38,27,0,0,0,231,55,50,52.4,Matches
17,Christopher Antwi-Adjei,gh GHA,"FW,MF",Bochum,28,1994,22.0,2,0,0,24,40,15,63,5,15,1,0,0,109,16,45,26.2,Matches
18,Charles Aránguiz,cl CHI,MF,Leverkusen,33,1989,5.5,1,0,0,7,10,0,12,7,7,0,0,0,33,2,7,22.2,Matches
19,Maximilian Arnold,de GER,MF,Wolfsburg,28,1994,30.7,5,0,0,33,64,0,154,26,31,0,0,1,225,30,30,50.0,Matches
20,Takuma Asano,jp JPN,"FW,MF",Bochum,27,1994,19.0,1,0,0,10,24,7,28,8,9,0,0,0,82,19,28,40.4,Matches
21,Fisnik Asllani,xk KVX,FW,Hoffenheim,19,2002,1.9,0,0,0,2,3,2,3,3,0,0,0,0,4,6,7,46.2,Matches
22,Mehmet Aydin,de GER,"DF,FW",Schalke 04,20,2002,6.3,0,0,0,6,6,0,23,10,18,0,0,0,49,13,17,43.3,Matches
23,Ayman Azhil,ma MAR,MF,Leverkusen,21,2001,0.0,0,0,0,0,0,0,0,0,0,0,0,0,0,0,0,,Matches
24,Sardar Azmoun,ir IRN,"FW,MF",Leverkusen,27,1995,10.3,1,0,0,17,1,8,0,2,3,1,0,0,33,22,46,32.4,Matches
25,Sanoussy Ba,de GER,DF,RB Leipzig,18,2004,0.0,0,0,0,0,0,0,0,0,0,0,0,0,0,0,0,,Matches
26,Mitchel Bakker,nl NED,"DF,MF",Leverkusen,22,2000,18.4,6,1,1,18,14,2,26,15,8,0,0,0,114,12,13,48.0,Matches
27,Ridle Baku,de GER,"DF,FW",Wolfsburg,24,1998,28.7,6,0,0,27,32,4,70,21,26,0,0,0,156,22,31,41.5,Matches
28,Aymen Barkok,ma MAR,MF,Mainz 05,24,1998,6.5,1,0,0,17,4,0,12,3,8,0,0,0,52,15,14,51.7,Matches
29,Leandro Barreiro Martins,lu LUX,MF,Mainz 05,22,2000,23.8,5,0,0,48,33,3,6,41,38,1,2,0,142,39,43,47.6,Matches
30,Gil Bastião Dias,pt POR,FW,Stuttgart,25,1996,4.4,0,0,0,6,5,2,6,2,6,0,0,0,30,7,8,46.7,Matches
31,Maximilian Bauer,de GER,DF,Augsburg,22,2000,20.5,8,0,0,24,23,1,2,23,17,0,1,0,105,71,51,58.2,Matches
32,Oliver Baumann,de GER,GK,Hoffenheim,32,1990,34.0,2,0,0,0,0,0,0,0,0,0,0,0,71,16,0,100.0,Matches
33,Timo Baumgartl,de GER,DF,Union Berlin,26,1996,6.2,2,0,0,11,6,0,6,2,6,0,0,0,41,19,10,65.5,Matches
34,Julian Baumgartlinger,at AUT,MF,Augsburg,34,1988,6.2,1,0,0,5,9,0,2,4,4,0,0,0,39,7,9,43.8,Matches
35,Christoph Baumgartner,at AUT,"MF,FW",Hoffenheim,22,1999,28.5,7,0,0,66,49,9,29,15,19,5,0,0,142,72,75,49.0,Matches
36,Noah Joel Sarenren Bazee,ng NGA,"MF,FW",Augsburg,25,1996,0.2,0,0,0,1,1,0,0,0,0,0,0,0,1,0,4,0.0,Matches
37,Ihlas Bebou,tg TOG,"FW,DF",Hoffenheim,28,1994,15.7,2,0,0,22,9,8,11,7,16,1,1,0,65,28,54,34.1,Matches
38,Sheraldo Becker,sr SUR,FW,Union Berlin,27,1995,28.4,4,0,0,29,26,25,139,3,5,1,0,0,86,16,49,24.6,Matches
39,Kevin Behrens,de GER,FW,Union Berlin,31,1991,17.1,6,0,0,35,26,12,8,5,7,0,0,0,43,176,145,54.8,Matches
40,Stefan Bell,de GER,DF,Mainz 05,30,1991,26.6,9,0,0,47,11,4,15,44,28,0,0,0,191,103,65,61.3,Matches
41,Karim Bellarabi,de GER,"FW,MF",Leverkusen,32,1990,0.9,0,0,0,2,0,2,8,0,0,0,0,0,4,0,0,,Matches
42,Jude Bellingham,eng ENG,MF,Dortmund,19,2003,29.9,8,0,0,41,73,3,33,35,42,2,0,0,198,34,33,50.7,Matches
43,Ramy Bensebaini,dz ALG,DF,Gladbach,27,1995,27.6,7,1,1,25,44,3,31,36,21,1,0,1,174,68,41,62.4,Matches
44,Mergim Berisha,de GER,FW,Augsburg,24,1998,18.7,9,1,1,28,31,16,77,0,6,0,0,0,47,39,64,37.9,Matches
45,Ermin Bičakčić,ba BIH,DF,Hoffenheim,32,1990,2.9,0,0,0,1,1,1,1,5,4,0,0,0,10,9,11,45.0,Matches
46,Tom Bischof,de GER,"MF,FW",Hoffenheim,17,2005,3.5,0,0,0,9,5,0,7,1,10,0,0,0,16,2,5,28.6,Matches
47,Leonardo Bittencourt,de GER,"MF,DF",Werder Bremen,28,1993,18.1,10,0,0,43,40,3,49,10,28,0,0,0,115,11,21,34.4,Matches
48,Janis Blaswich,de GER,GK,RB Leipzig,31,1991,26.0,0,0,0,1,3,0,0,0,0,0,1,0,46,11,0,100.0,Matches
49,Daley Blind,nl NED,"DF,MF",Bayern Munich,32,1990,1.5,0,0,0,1,0,0,1,2,0,0,0,0,7,2,1,66.7,Matches
50,Kevin-Prince Boateng,gh GHA,MF,Hertha BSC,35,1987,5.2,3,0,0,23,8,0,7,3,6,0,0,0,27,19,16,54.3,Matches
51,Jean-Paul Boëtius,sr SUR,MF,Hertha BSC,28,1994,11.7,3,0,0,14,26,0,5,14,16,0,0,0,76,5,16,23.8,Matches
52,Yvandro Borges Sanches,lu LUX,"FW,MF",Gladbach,18,2004,0.3,0,0,0,1,0,0,2,0,2,0,0,0,3,0,0,,Matches
53,Sebastiaan Bornauw,be BEL,DF,Wolfsburg,23,1999,21.4,8,0,0,24,9,0,3,31,17,0,0,0,112,51,37,58.0,Matches
54,Rafael Borré,co COL,"MF,FW",Eint Frankfurt,26,1995,12.0,5,0,0,23,11,19,22,2,15,0,0,0,45,25,41,37.9,Matches
55,Julian Brandt,de GER,"MF,FW",Dortmund,26,1996,26.6,2,0,0,9,21,5,165,15,20,0,0,0,138,9,24,27.3,Matches
56,Fabian Bredlow,de GER,GK,Stuttgart,27,1995,15.0,2,0,0,1,0,0,0,0,1,0,1,0,29,0,0,,Matches
57,Josip Brekalo,hr CRO,"MF,FW",Wolfsburg,24,1998,3.0,0,0,0,2,3,1,13,2,1,0,0,0,14,0,2,0.0,Matches
58,John Brooks,us USA,DF,Hoffenheim,29,1993,15.0,4,0,0,21,14,2,0,10,12,0,1,0,106,64,30,68.1,Matches
59,Moritz Broschinski,de GER,"FW,MF",Bochum,21,2000,2.4,1,0,0,3,1,0,3,0,0,0,0,0,16,8,11,42.1,Matches
60,Cédric Brunner,ch SUI,DF,Schalke 04,28,1994,25.7,5,0,0,33,38,0,61,43,27,0,1,0,136,37,40,48.1,Matches
61,Jacob Bruun Larsen,dk DEN,FW,Hoffenheim,23,1998,3.6,0,0,0,1,1,4,4,1,3,0,0,0,7,3,5,37.5,Matches
62,Lee Buchanan,eng ENG,"DF,FW",Werder Bremen,21,2001,5.2,2,0,0,6,6,1,18,12,10,0,0,0,42,8,7,53.3,Matches
63,Marius Bülter,de GER,"FW,MF",Schalke 04,29,1993,28.9,5,0,0,26,50,7,118,10,11,1,0,0,134,43,56,43.4,Matches
64,Delano Burgzorg,sr SUR,"FW,MF",Mainz 05,23,1998,2.7,2,0,0,4,4,3,1,0,3,0,0,0,4,1,11,8.3,Matches
65,Jonathan Burkardt,de GER,"MF,FW",Mainz 05,22,2000,5.9,2,0,0,6,11,3,11,1,1,2,0,0,13,8,15,34.8,Matches
66,Oliver Burke,sct SCO,"FW,MF",Werder Bremen,25,1997,3.0,0,0,0,3,4,3,6,0,0,1,0,0,7,6,11,35.3,Matches
67,Aurélio Buta,pt POR,DF,Eint Frankfurt,25,1997,14.6,3,0,0,31,17,1,62,9,19,0,0,0,66,21,35,37.5,Matches
68,Anthony Caci,fr FRA,DF,Mainz 05,25,1997,22.6,4,0,0,19,9,0,71,54,33,0,1,0,154,20,32,38.5,Matches
69,Kerim Calhanoglu,de GER,DF,Schalke 04,19,2002,0.7,0,0,0,3,1,0,2,0,1,0,1,0,3,1,2,33.3,Matches
70,Daniel Caligiuri,it ITA,"DF,MF",Augsburg,34,1988,3.2,1,0,0,5,4,0,11,3,5,0,0,0,33,5,5,50.0,Matches
71,Emre Can,de GER,MF,Dortmund,28,1994,21.1,8,0,0,30,26,0,4,25,28,0,0,0,167,31,15,67.4,Matches
72,João Cancelo,pt POR,"DF,FW",Bayern Munich,28,1994,11.2,3,0,0,10,15,3,35,15,14,0,0,0,84,16,12,57.1,Matches
73,Irvin Cardona,mt MLT,"MF,FW",Augsburg,24,1997,3.5,2,0,0,2,5,1,9,4,1,1,0,0,9,3,8,27.3,Matches
74,Koen Casteels,be BEL,GK,Wolfsburg,30,1992,34.0,0,0,0,0,3,0,0,1,0,0,0,0,63,4,1,80.0,Matches
75,Julian Chabot,de GER,DF,Köln,24,1998,20.0,3,0,0,29,20,2,3,41,23,0,0,0,124,90,46,66.2,Matches
76,Timothy Chandler,us USA,DF,Eint Frankfurt,32,1990,1.0,0,0,0,0,0,0,3,0,2,0,0,0,5,1,0,100.0,Matches
77,Fabio Chiarodia,it ITA,DF,Werder Bremen,17,2005,0.7,0,0,0,0,0,0,0,2,0,0,0,0,1,1,1,50.0,Matches
78,Oliver Christensen,dk DEN,GK,Hertha BSC,23,1999,33.0,2,0,0,0,7,0,0,0,0,0,0,0,51,6,3,66.7,Matches
79,Darko Churlinov,mk MKD,FW,Stuttgart,22,2000,0.3,0,0,0,0,1,0,0,0,2,0,0,0,0,0,1,0.0,Matches
80,Tolga Ciğerci,tr TUR,MF,Hertha BSC,30,1992,7.5,2,0,0,13,3,0,22,8,13,0,1,0,71,10,11,47.6,Matches
81,David Čolina,hr CRO,"DF,FW",Augsburg,22,2000,1.8,0,0,0,1,4,0,6,4,1,0,0,0,20,1,4,20.0,Matches
82,Kingsley Coman,fr FRA,"FW,MF",Bayern Munich,26,1996,15.7,2,1,1,9,21,5,74,2,8,1,0,0,71,11,10,52.4,Matches
83,Danny da Costa,de GER,DF,Mainz 05,29,1993,13.7,0,0,0,8,3,4,52,9,16,0,0,0,81,18,11,62.1,Matches
84,Soumaïla Coulibaly,fr FRA,DF,Dortmund,18,2003,0.5,0,0,0,1,0,0,0,0,0,0,0,0,1,1,0,100.0,Matches
85,Tanguy Coulibaly,fr FRA,"FW,DF",Stuttgart,21,2001,3.6,3,0,0,8,5,3,10,3,9,0,0,0,26,0,5,0.0,Matches
86,Nicolas Cozza,fr FRA,DF,Wolfsburg,23,1999,1.1,0,0,0,0,1,0,0,0,3,0,0,0,6,1,0,100.0,Matches
87,Moanes Dabbur,il ISR,FW,Hoffenheim,30,1992,10.4,3,1,0,12,17,10,6,5,8,0,0,0,44,7,22,24.1,Matches
88,Finn Dahmen,de GER,GK,Mainz 05,24,1998,8.0,0,0,0,0,0,0,0,0,0,0,0,0,18,7,1,87.5,Matches
89,Mahmoud Dahoud,de GER,MF,Dortmund,26,1996,3.7,1,0,0,3,2,0,3,7,9,0,0,0,24,1,3,25.0,Matches
90,Muhammed Damar,de GER,MF,Hoffenheim,18,2004,1.8,0,0,0,6,1,0,2,0,3,0,0,0,12,2,2,50.0,Matches
91,Márton Dárdai,hu HUN,"DF,MF",Hertha BSC,20,2002,10.5,2,0,0,11,9,0,1,11,8,0,0,0,52,17,17,50.0,Matches
92,Vladimír Darida,cz CZE,MF,Hertha BSC,31,1990,0.3,0,0,0,1,1,0,0,0,1,0,0,0,1,0,1,0.0,Matches
93,Alphonso Davies,ca CAN,DF,Bayern Munich,21,2000,22.7,0,0,0,9,26,3,25,24,28,0,0,0,199,6,6,50.0,Matches
94,Thomas Delaney,dk DEN,MF,Hoffenheim,30,1991,3.3,0,0,0,3,6,0,3,1,3,0,0,0,25,11,4,73.3,Matches
95,Kerem Demirbay,de GER,MF,Leverkusen,29,1993,17.2,5,0,0,31,22,0,90,16,18,0,0,0,100,9,11,45.0,Matches
96,Ermedin Demirović,ba BIH,"FW,MF",Augsburg,24,1998,26.3,7,1,0,49,31,11,19,14,14,1,0,0,83,66,106,38.4,Matches
97,Sepp van den Berg,nl NED,DF,Schalke 04,20,2001,7.7,2,0,0,4,0,0,0,13,4,0,0,0,45,14,15,48.3,Matches
98,Moussa Diaby,fr FRA,"FW,MF",Leverkusen,23,1999,30.0,4,0,0,18,24,10,95,5,8,1,0,0,87,2,20,9.1,Matches
99,Abdou Diallo,sn SEN,"DF,MF",RB Leipzig,26,1996,5.3,2,0,0,3,2,1,1,8,5,0,1,0,40,12,11,52.2,Matches
100,Justin Diehl,de GER,"MF,FW",Köln,17,2004,0.2,0,0,0,0,1,1,0,0,0,0,0,0,0,0,0,,Matches
101,Florian Dietz,de GER,FW,Köln,23,1998,4.4,1,0,0,11,1,1,4,0,1,0,0,0,8,24,12,66.7,Matches
102,Junior Dina Ebimbe,fr FRA,"DF,MF",Eint Frankfurt,21,2000,11.8,4,0,0,15,11,2,8,11,19,0,0,0,73,23,20,53.5,Matches
103,Eren Dinkçi,de GER,"FW,MF",Werder Bremen,20,2001,2.6,0,0,0,5,2,2,4,0,5,0,0,0,7,5,13,27.8,Matches
104,Ritsu Doan,jp JPN,"MF,FW",Freiburg,24,1998,26.9,3,0,0,29,52,6,30,14,29,2,0,0,127,9,39,18.8,Matches
105,Danilho Doekhi,nl NED,DF,Union Berlin,24,1998,24.6,0,0,0,20,14,0,10,29,23,1,1,0,103,61,49,55.5,Matches
106,Kasper Dolberg,dk DEN,"FW,MF",Hoffenheim,24,1997,4.5,0,0,0,5,6,2,1,0,5,0,0,0,6,9,9,50.0,Matches
107,Niklas Dorsch,de GER,MF,Augsburg,24,1998,5.4,1,0,0,10,6,0,1,6,12,0,0,0,38,5,7,41.7,Matches
108,Dion Drena Beljo,hr CRO,FW,Augsburg,20,2002,12.5,2,0,0,26,10,7,5,1,6,0,0,0,38,47,56,45.6,Matches
109,Dominick Drexler,de GER,"MF,FW",Schalke 04,32,1990,15.2,3,1,0,26,24,2,47,8,17,0,0,0,89,22,28,44.0,Matches
110,Marvin Ducksch,de GER,FW,Werder Bremen,28,1994,31.7,4,0,0,3,17,12,164,9,3,1,0,0,98,25,34,42.4,Matches
111,Ondrej Duda,sk SVK,MF,Köln,27,1994,7.7,4,0,0,16,18,1,12,2,8,0,0,0,43,5,11,31.3,Matches
112,Julien Duranville,be BEL,MF,Dortmund,16,2006,0.3,0,0,0,1,1,0,7,0,1,0,0,0,1,0,0,,Matches
113,Maximilian Eggestein,de GER,MF,Freiburg,25,1996,27.2,6,0,0,31,21,1,12,36,29,0,0,0,142,57,50,53.3,Matches
114,Lilian Egloff,de GER,"MF,FW",Stuttgart,19,2002,2.7,1,0,0,3,5,0,2,1,10,0,0,0,13,3,4,42.9,Matches
115,Kingsley Ehizibue,nl NED,DF,Köln,27,1995,0.7,0,0,0,2,2,0,0,2,0,0,0,0,5,1,0,100.0,Matches
116,Julian Eitschberger,de GER,FW,Hertha BSC,18,2004,0.0,0,0,0,0,0,0,0,0,0,0,0,0,0,0,0,,Matches
117,Chidera Ejuke,ng NGA,"FW,MF",Hertha BSC,24,1998,9.9,0,0,0,2,10,1,16,4,4,0,0,0,66,5,3,62.5,Matches
118,Nico Elvedi,ch SUI,DF,Gladbach,25,1996,31.4,2,0,0,24,11,1,0,35,24,0,0,0,149,71,48,59.7,Matches
119,Wataru Endo,jp JPN,MF,Stuttgart,29,1993,32.5,3,0,0,40,55,3,7,26,37,1,0,0,231,74,54,57.8,Matches
120,Arne Engels,be BEL,MF,Augsburg,18,2003,16.0,5,0,0,26,20,0,101,15,9,0,0,0,74,10,15,40.0,Matches
121,Tjark Ernst,de GER,GK,Hertha BSC,19,2003,1.0,0,0,0,0,0,0,0,0,0,0,0,0,0,0,0,,Matches
122,Kimberly Ezekwem,de GER,DF,Freiburg,21,2001,0.1,0,0,0,0,0,0,0,0,0,0,0,0,1,0,1,0.0,Matches
123,Ralf Fährmann,de GER,GK,Schalke 04,33,1988,11.4,0,0,0,0,1,0,0,0,0,0,0,0,21,2,0,100.0,Matches
124,Ohis Felix Uduokhai,de GER,DF,Augsburg,24,1997,16.1,3,1,0,21,13,0,1,29,20,0,0,0,85,43,46,48.3,Matches
125,Edimilson Fernandes,ch SUI,DF,Mainz 05,26,1996,27.1,4,0,0,29,14,0,80,54,25,0,0,0,228,38,42,47.5,Matches
126,Kilian Fischer,de GER,"DF,FW",Wolfsburg,21,2000,5.6,2,0,0,8,5,0,12,5,6,1,1,0,24,2,6,25.0,Matches
127,Mark Flekken,nl NED,GK,Freiburg,29,1993,34.0,0,0,0,0,3,0,0,0,0,0,0,0,69,7,0,100.0,Matches
128,Florian Flick,de GER,MF,Schalke 04,22,2000,5.7,1,0,0,6,4,0,1,4,3,0,0,0,32,14,7,66.7,Matches
129,Emil Forsberg,se SWE,"MF,FW",RB Leipzig,30,1991,16.5,2,0,0,22,25,7,17,3,11,0,0,0,59,12,17,41.4,Matches
130,Philipp Förster,de GER,MF,Bochum,27,1995,14.5,4,0,0,28,13,0,77,6,19,1,0,0,90,7,10,41.2,Matches
131,Timothy Fosu-Mensah,nl NED,DF,Leverkusen,24,1998,2.1,1,0,0,3,1,1,4,0,5,0,1,0,12,2,2,50.0,Matches
132,Raphael Framberger,de GER,"DF,FW",Augsburg,26,1995,2.0,0,0,0,4,0,0,4,2,6,0,0,0,8,5,2,71.4,Matches
133,Bartol Franjić,hr CRO,MF,Wolfsburg,22,2000,2.5,0,0,0,1,1,0,1,5,2,0,0,0,12,5,3,62.5,Matches
134,Oscar Fraulo,dk DEN,"FW,MF",Gladbach,18,2003,0.1,0,0,0,0,0,0,0,0,0,0,0,0,3,0,0,,Matches
135,Michael Frey,ch SUI,FW,Schalke 04,28,1994,9.6,2,0,0,30,10,8,8,2,5,0,0,0,26,43,60,41.7,Matches
136,Marco Friedl,at AUT,DF,Werder Bremen,24,1998,28.8,8,1,0,24,24,2,27,58,46,0,0,2,247,46,47,49.5,Matches
137,Marvin Friedrich,de GER,DF,Gladbach,26,1995,13.9,2,0,0,3,3,0,1,11,11,0,0,0,67,41,30,57.7,Matches
138,Jeremie Frimpong,nl NED,"DF,MF",Leverkusen,21,2000,30.1,4,0,0,22,58,8,70,16,27,1,0,0,118,12,23,34.3,Matches
139,Chris Führich,de GER,"FW,MF",Stuttgart,24,1998,20.9,2,0,0,6,10,3,50,7,14,0,0,0,104,3,10,23.1,Matches
140,Angelo Fulgini,fr FRA,MF,Mainz 05,25,1996,5.8,1,0,0,7,15,1,7,5,5,0,0,0,30,4,12,25.0,Matches
141,Niclas Füllkrug,de GER,FW,Werder Bremen,29,1993,27.5,4,0,0,33,48,27,20,1,4,0,0,0,84,153,130,54.1,Matches
142,Cristian Gamboa,cr CRC,DF,Bochum,32,1989,16.4,2,0,0,14,5,2,43,16,24,0,1,1,91,12,9,57.1,Matches
143,Silvère Ganvoula M'Boussy,cg CGO,"FW,MF",Bochum,26,1996,2.7,1,0,0,2,0,5,1,0,2,0,0,0,4,24,17,58.5,Matches
144,Dario Gebuhr,de GER,DF,Eint Frankfurt,19,2003,0.2,0,0,0,0,0,0,0,0,0,0,0,0,1,0,0,,Matches
145,Dennis Geiger,de GER,MF,Hoffenheim,24,1998,21.7,9,0,0,42,20,1,49,24,25,0,0,0,115,8,18,30.8,Matches
146,Yannick Gerhardt,de GER,MF,Wolfsburg,28,1994,20.7,3,0,0,18,21,2,18,7,15,0,1,0,87,22,40,35.5,Matches
147,Niko Gießelmann,de GER,DF,Union Berlin,30,1991,14.5,4,0,0,16,21,0,88,9,11,0,0,0,60,21,18,53.8,Matches
148,Rafał Gikiewicz,pl POL,GK,Augsburg,34,1987,23.0,3,0,0,0,4,0,0,0,2,0,0,0,58,6,1,85.7,Matches
149,Matthias Ginter,de GER,DF,Freiburg,28,1994,34.0,3,0,0,23,28,1,8,35,20,0,0,0,184,119,69,63.3,Matches
150,Jamie Gittens,eng ENG,"FW,MF",Dortmund,17,2004,5.9,1,0,0,9,18,0,6,1,4,0,0,0,23,9,10,47.4,Matches
151,Serge Gnabry,de GER,"FW,MF",Bayern Munich,27,1995,21.6,0,0,0,33,10,9,39,11,23,2,2,0,91,11,19,36.7,Matches
152,Jacek Góralski,pl POL,MF,Bochum,29,1992,1.6,0,0,0,1,4,0,0,3,3,0,0,0,7,0,2,0.0,Matches
153,Leon Goretzka,de GER,MF,Bayern Munich,27,1995,19.2,5,0,0,23,19,3,10,30,24,0,0,0,140,46,23,66.7,Matches
154,Mario Götze,de GER,MF,Eint Frankfurt,30,1992,30.4,6,0,0,25,44,3,102,13,25,0,0,0,167,2,19,9.5,Matches
155,Jeffrey Gouweleeuw,nl NED,DF,Augsburg,31,1991,31.1,12,0,0,36,8,2,8,50,27,0,1,1,214,81,65,55.5,Matches
156,Ryan Gravenberch,nl NED,MF,Bayern Munich,20,2002,6.4,1,0,0,9,7,0,6,9,8,0,0,0,57,4,6,40.0,Matches
157,Michael Gregoritsch,at AUT,FW,Freiburg,28,1994,23.9,6,0,0,25,43,13,13,5,12,1,0,0,71,141,150,48.5,Matches
158,Leo Greiml,at AUT,DF,Schalke 04,21,2001,4.0,2,0,0,12,2,0,3,3,5,0,1,0,21,10,5,66.7,Matches
159,Vincenzo Grifo,it ITA,"MF,FW",Freiburg,29,1993,26.8,2,0,0,7,31,5,135,19,16,1,0,0,155,16,18,47.1,Matches
160,Lennart Grill,de GER,GK,Union Berlin,23,1999,5.0,0,0,0,0,0,0,0,0,0,0,0,0,5,3,0,100.0,Matches
161,Christian Groß,de GER,MF,Werder Bremen,33,1989,21.0,4,0,0,53,14,1,6,23,25,0,0,0,155,26,30,46.4,Matches
162,Brajan Gruda,de GER,MF,Mainz 05,18,2004,0.0,0,0,0,1,0,0,1,0,0,0,0,0,1,0,0,,Matches
163,Ilia Gruev,bg BUL,MF,Werder Bremen,22,2000,17.6,2,0,0,27,12,0,11,22,27,0,0,0,117,16,21,43.2,Matches
164,Carlos Gruezo,ec ECU,MF,Augsburg,27,1995,10.7,5,0,0,12,9,0,2,10,12,0,1,0,71,9,13,40.9,Matches
165,Raphaël Guerreiro,pt POR,"DF,MF",Dortmund,28,1993,25.4,4,0,0,8,10,2,114,36,20,1,0,0,177,5,12,29.4,Matches
166,Josuha Guilavogui,fr FRA,"DF,MF",Wolfsburg,31,1990,13.1,4,0,0,29,8,2,2,23,11,0,1,1,95,43,32,57.3,Matches
167,Serhou Guirassy,gn GUI,FW,Stuttgart,26,1996,18.3,4,1,1,17,43,10,6,0,1,1,0,0,43,42,39,51.9,Matches
168,Péter Gulácsi,hu HUN,GK,RB Leipzig,32,1990,6.0,0,0,0,0,0,0,0,0,0,0,0,0,12,0,0,,Matches
169,Manuel Gulde,de GER,DF,Freiburg,31,1991,7.1,2,0,0,9,2,0,4,19,8,0,0,0,37,22,20,52.4,Matches
170,Robert Gumny,pl POL,DF,Augsburg,24,1998,22.4,5,1,0,32,18,1,27,26,24,0,0,0,107,45,44,50.6,Matches
171,Christian Günter,de GER,"DF,MF",Freiburg,29,1993,30.5,5,0,0,32,14,6,198,16,21,0,1,0,121,13,29,31.0,Matches
172,Joško Gvardiol,hr CRO,DF,RB Leipzig,20,2002,24.1,2,0,0,20,13,1,4,34,17,0,1,1,167,43,34,55.8,Matches
173,Janik Haberer,de GER,MF,Union Berlin,28,1994,24.3,1,0,0,34,38,1,14,14,17,0,0,0,144,38,51,42.7,Matches
174,Alexander Hack,de GER,DF,Mainz 05,28,1993,12.6,2,1,0,25,12,1,2,24,18,0,2,0,87,33,32,50.8,Matches
175,André Hahn,de GER,"FW,MF",Augsburg,31,1990,4.3,1,0,0,8,3,1,6,4,5,0,0,0,19,13,15,46.4,Matches
176,Amadou Haidara,ml MLI,MF,RB Leipzig,24,1998,15.9,7,0,0,29,11,0,3,26,11,1,1,0,103,24,31,43.6,Matches
177,Sébastien Haller,ci CIV,FW,Dortmund,28,1994,13.6,1,0,0,13,14,4,3,1,4,1,0,0,32,42,40,51.2,Matches
178,Marcel Halstenberg,de GER,DF,RB Leipzig,30,1991,17.3,2,0,0,19,7,0,45,21,21,1,0,0,102,26,16,61.9,Matches
179,Andreas Hanche-Olsen,no NOR,DF,Mainz 05,25,1997,16.6,5,0,0,22,9,0,6,33,23,0,1,0,117,69,40,63.3,Matches
180,Genki Haraguchi,jp JPN,MF,Stuttgart,31,1991,8.3,1,0,0,4,16,0,8,8,7,0,0,1,38,6,12,33.3,Matches
181,Genki Haraguchi,jp JPN,MF,Union Berlin,31,1991,5.5,0,0,0,4,12,0,4,3,8,0,0,0,19,8,7,53.3,Matches
182,Makoto Hasebe,jp JPN,DF,Eint Frankfurt,38,1984,14.5,1,0,0,7,15,0,2,17,12,0,0,0,98,15,24,38.5,Matches
183,Thorgan Hazard,be BEL,"FW,DF",Dortmund,29,1993,5.2,1,0,0,14,5,4,37,5,6,0,0,0,44,4,8,33.3,Matches
184,Jonas Hector,de GER,DF,Köln,32,1990,31.4,3,0,0,23,77,1,114,39,66,0,1,0,221,56,33,62.9,Matches
185,Dominique Heintz,de GER,DF,Bochum,28,1993,8.8,1,0,0,11,4,0,8,12,9,0,0,0,54,18,12,60.0,Matches
186,Benjamin Henrichs,de GER,"DF,MF",RB Leipzig,25,1997,24.3,8,0,0,37,28,3,47,35,46,0,0,0,169,22,14,61.1,Matches
187,Lucas Hernández,fr FRA,DF,Bayern Munich,26,1996,5.3,1,0,0,4,4,0,2,5,4,0,0,0,33,4,2,66.7,Matches
188,Patrick Herrmann,de GER,"FW,MF",Gladbach,31,1991,1.8,2,0,0,4,4,0,12,2,2,0,1,0,16,2,5,28.6,Matches
189,Piero Hincapié,ec ECU,"DF,MF",Leverkusen,20,2002,27.3,13,3,2,40,35,1,26,31,34,0,2,0,177,59,48,55.1,Matches
190,Adam Hložek,cz CZE,"FW,MF",Leverkusen,20,2002,14.3,2,0,0,19,20,1,15,6,4,0,0,0,37,24,43,35.8,Matches
191,Nicolas Höfler,de GER,MF,Freiburg,32,1990,31.3,9,1,0,66,50,1,1,58,35,0,2,0,204,69,53,56.6,Matches
192,Jonas Hofmann,de GER,"FW,MF",Gladbach,30,1992,29.8,2,0,0,17,39,23,203,16,16,2,1,0,141,10,21,32.3,Matches
193,Philipp Hofmann,de GER,FW,Bochum,29,1993,29.2,5,0,0,46,41,16,4,6,11,0,0,0,82,214,171,55.6,Matches
194,Lucas Höler,de GER,"FW,MF",Freiburg,28,1994,16.7,1,0,0,21,37,9,11,10,14,0,0,0,60,70,49,58.8,Matches
195,Gerrit Holtmann,ph PHI,"FW,MF",Bochum,27,1995,10.5,0,0,0,7,7,3,52,2,7,0,0,0,57,14,19,42.4,Matches
196,Jannes Horn,de GER,"DF,FW",Bochum,25,1997,0.7,1,0,0,1,0,0,0,3,1,0,1,0,2,0,0,,Matches
197,Lukáš Hrádecký,fi FIN,GK,Leverkusen,32,1989,33.0,0,1,0,1,0,0,0,0,0,0,0,0,37,10,0,100.0,Matches
198,Timo Hübers,de GER,DF,Köln,26,1996,28.4,8,0,0,31,23,1,2,58,28,0,1,1,232,94,65,59.1,Matches
199,Callum Hudson-Odoi,eng ENG,"FW,MF",Leverkusen,21,2000,6.7,0,0,0,2,20,2,12,2,3,0,0,0,26,0,5,0.0,Matches
200,Mats Hummels,de GER,DF,Dortmund,33,1988,22.4,4,0,0,18,19,2,6,33,34,0,0,0,137,71,40,64.0,Matches
201,Denis Huseinbasic,ba BIH,"MF,FW",Köln,21,2001,8.8,3,0,0,14,7,0,12,4,9,0,0,0,55,7,12,36.8,Matches
202,Iago,br BRA,"DF,MF",Augsburg,25,1997,17.8,6,1,1,13,13,1,43,17,16,0,0,0,97,13,25,34.2,Matches
203,Arijon Ibrahimović,de GER,MF,Bayern Munich,16,2005,0.2,0,0,0,0,1,0,0,0,1,0,0,0,1,2,0,100.0,Matches
204,Marcus Ingvartsen,dk DEN,"FW,MF",Mainz 05,26,1996,14.6,2,0,0,33,21,9,6,4,1,0,0,0,48,30,55,35.3,Matches
205,Ko Itakura,jp JPN,DF,Gladbach,25,1997,22.0,1,2,0,11,14,0,2,27,17,0,1,0,108,42,29,59.2,Matches
206,Hiroki Ito,jp JPN,DF,Stuttgart,23,1999,28.5,5,0,0,16,19,3,53,40,29,0,0,0,219,38,30,55.9,Matches
207,Andreas Ivan,ro ROU,MF,Schalke 04,27,1995,0.5,0,0,0,1,0,0,0,0,0,0,0,0,1,0,0,,Matches
208,Lee Jae-sung,kr KOR,MF,Mainz 05,29,1992,21.0,2,0,0,18,25,6,32,17,17,0,0,0,133,39,45,46.4,Matches
209,Paul Jaeckel,de GER,DF,Union Berlin,24,1998,13.3,4,1,1,16,3,0,3,19,18,0,0,0,69,19,22,46.3,Matches
210,Kristijan Jakić,hr CRO,"DF,MF",Eint Frankfurt,25,1997,16.2,4,0,0,18,7,1,10,14,21,0,0,0,135,29,30,49.2,Matches
211,Saidy Janko,gm GAM,DF,Bochum,26,1995,12.6,1,0,0,20,7,0,22,11,15,0,2,0,70,10,22,31.3,Matches
212,Tony Jantschke,de GER,"DF,MF",Gladbach,32,1990,1.1,0,0,0,2,0,0,1,0,1,0,0,0,1,4,1,80.0,Matches
213,Fredrik Jensen,fi FIN,"FW,MF",Augsburg,24,1997,10.3,1,0,0,15,7,3,31,4,10,0,0,0,29,19,33,36.5,Matches
214,Moritz Jenz,de GER,DF,Schalke 04,23,1999,10.5,5,0,0,19,5,2,1,8,11,0,1,0,62,34,19,64.2,Matches
215,Stevan Jovetić,me MNE,"FW,MF",Hertha BSC,32,1989,9.9,0,0,0,8,19,6,8,2,2,0,0,0,35,14,28,33.3,Matches
216,Anthony Jung,de GER,"DF,FW",Werder Bremen,30,1991,29.1,2,0,0,23,24,1,46,22,27,0,0,0,174,37,29,56.1,Matches
217,Josip Juranović,hr CRO,DF,Union Berlin,26,1995,10.4,0,0,0,2,4,3,74,6,7,0,0,0,63,3,7,30.0,Matches
218,Ozan Kabak,tr TUR,DF,Hoffenheim,22,2000,26.5,12,2,2,55,16,0,6,45,34,0,0,1,144,80,52,60.6,Matches
219,Pavel Kadeřábek,cz CZE,DF,Hoffenheim,30,1992,18.5,1,0,0,24,18,2,74,14,20,0,0,0,72,46,48,48.9,Matches
220,Florian Kainz,at AUT,"MF,FW",Köln,29,1992,26.0,6,1,1,30,40,1,251,32,10,1,1,0,151,9,31,22.5,Matches
221,Sasa Kalajdzic,at AUT,FW,Stuttgart,25,1997,2.6,1,0,0,6,1,0,0,0,2,0,0,0,2,9,9,50.0,Matches
222,Daichi Kamada,jp JPN,MF,Eint Frankfurt,25,1996,25.2,3,0,0,40,26,7,50,16,31,1,1,0,142,18,34,34.6,Matches
223,Jakub Kamiński,pl POL,"FW,DF",Wolfsburg,20,2002,22.9,0,0,0,9,13,3,35,8,25,1,0,0,98,13,27,32.5,Matches
224,Marcin Kamiński,pl POL,DF,Schalke 04,30,1992,7.0,0,0,0,1,0,0,3,9,4,0,0,0,41,29,17,63.0,Matches
225,Kevin Kampl,si SVN,MF,RB Leipzig,31,1990,15.2,8,0,0,22,7,1,4,22,11,0,0,0,117,7,19,26.9,Matches
226,Wilfried Kanga,ci CIV,FW,Hertha BSC,24,1998,15.7,3,0,0,18,12,11,8,2,4,0,0,0,25,53,61,46.5,Matches
227,Kenan Karaman,tr TUR,FW,Schalke 04,28,1994,10.8,2,0,0,12,24,7,22,3,8,0,0,0,34,32,23,58.2,Matches
228,Atakan Karazor,tr TUR,MF,Stuttgart,25,1996,21.8,10,0,0,24,31,0,0,31,30,0,0,0,173,49,33,59.8,Matches
229,Thomas Kastanaras,gr GRE,"FW,DF",Stuttgart,19,2003,0.8,0,0,0,0,0,0,1,0,0,0,0,0,3,0,2,0.0,Matches
230,Silas Katompa,cd COD,"FW,MF",Stuttgart,23,1998,22.1,4,0,0,38,22,15,33,8,17,1,0,0,77,18,18,50.0,Matches
231,Yannik Keitel,de GER,MF,Freiburg,22,2000,7.6,4,0,0,21,3,0,4,13,7,0,2,0,35,14,21,40.0,Matches
232,Marc-Oliver Kempf,de GER,DF,Hertha BSC,27,1995,30.1,5,0,0,27,24,0,2,51,27,0,0,0,190,129,83,60.8,Matches
233,Jonjoe Kenny,eng ENG,DF,Hertha BSC,25,1997,24.9,3,0,0,29,6,0,54,46,34,0,0,0,146,25,21,54.3,Matches
234,Rani Khedira,de GER,MF,Union Berlin,28,1994,32.0,8,0,0,52,14,0,11,40,33,0,0,0,194,44,30,59.5,Matches
235,Luca Kilian,de GER,DF,Köln,22,1999,12.5,5,2,2,7,2,0,1,11,16,0,2,0,62,23,19,54.8,Matches
236,Joshua Kimmich,de GER,MF,Bayern Munich,27,1995,31.2,6,1,1,22,51,0,240,41,49,0,0,0,262,16,32,33.3,Matches
237,Pascal Klemens,de GER,DF,Hertha BSC,17,2005,1.0,0,0,0,0,0,0,0,1,0,0,0,0,8,1,1,50.0,Matches
238,Lukas Klostermann,de GER,DF,RB Leipzig,26,1996,10.1,0,0,0,6,3,1,4,13,8,0,0,0,72,15,18,45.5,Matches
239,Ansgar Knauff,de GER,DF,Eint Frankfurt,20,2002,14.3,1,0,0,15,17,2,29,15,25,1,0,0,97,9,16,36.0,Matches
240,Robin Knoche,de GER,DF,Union Berlin,30,1992,31.9,4,0,0,14,23,0,5,38,29,0,1,0,246,55,56,49.5,Matches
241,Gregor Kobel,ch SUI,GK,Dortmund,24,1997,27.0,0,0,0,0,4,0,0,0,0,0,0,1,43,4,0,100.0,Matches
242,Dominik Kohr,de GER,MF,Mainz 05,28,1994,25.5,11,0,0,45,35,1,5,34,33,0,1,0,205,35,41,46.1,Matches
243,Randal Kolo Muani,fr FRA,FW,Eint Frankfurt,23,1998,29.2,6,1,1,50,71,21,25,3,10,3,0,0,96,60,79,43.2,Matches
244,Timothée Kolodziejczak,fr FRA,DF,Schalke 04,30,1991,0.3,0,0,0,0,0,0,1,1,0,0,0,0,0,0,2,0.0,Matches
245,Manu Koné,fr FRA,MF,Gladbach,21,2001,29.0,12,0,0,52,74,0,6,32,39,0,1,0,221,16,25,39.0,Matches
246,Odilon Kossounou,ci CIV,DF,Leverkusen,21,2001,16.9,3,0,0,17,4,1,4,24,14,0,0,0,123,29,17,63.0,Matches
247,Filip Kostić,rs SRB,"DF,MF",Eint Frankfurt,29,1992,0.8,1,0,0,1,1,0,7,1,0,0,0,0,3,0,0,,Matches
248,Tomáš Koubek,cz CZE,GK,Augsburg,29,1992,11.0,0,0,0,0,1,0,0,0,0,0,0,0,27,8,0,100.0,Matches
249,Soichiro Kozuki,jp JPN,"FW,MF",Schalke 04,21,2000,4.2,1,0,0,7,5,0,15,3,4,0,0,0,18,3,8,27.3,Matches
250,Alex Král,cz CZE,MF,Schalke 04,24,1998,26.2,3,0,0,21,18,3,27,17,24,0,0,1,158,48,50,49.0,Matches
251,Andrej Kramarić,hr CRO,"MF,FW",Hoffenheim,31,1991,26.5,3,0,0,9,36,9,47,6,2,0,0,0,119,8,16,33.3,Matches
252,Christoph Kramer,de GER,MF,Gladbach,31,1991,24.7,4,0,0,37,13,4,11,17,33,0,0,0,109,24,28,46.2,Matches
253,Tom Krauß,de GER,MF,Schalke 04,21,2001,27.9,8,0,0,46,32,0,16,36,68,0,0,0,223,27,34,44.3,Matches
254,Max Kruse,de GER,"MF,FW",Wolfsburg,34,1988,3.0,0,0,0,3,3,0,6,0,1,0,0,0,9,6,1,85.7,Matches
255,Lukas Kübler,de GER,DF,Freiburg,29,1992,18.2,1,0,0,18,15,1,33,29,25,0,1,0,101,25,17,59.5,Matches
256,Pierre Kunde,cm CMR,"MF,FW",Bochum,27,1995,4.2,0,0,0,3,10,1,8,7,6,0,0,0,42,4,6,40.0,Matches
257,Alou Kuol,au AUS,FW,Stuttgart,21,2000,0.1,0,0,0,0,0,0,0,0,0,0,0,0,0,0,3,0.0,Matches
258,Daniel Kyereh,gh GHA,"MF,FW",Freiburg,26,1996,6.2,2,0,0,12,16,3,3,2,4,0,0,0,25,7,7,50.0,Matches
259,Maxence Lacroix,fr FRA,DF,Wolfsburg,22,2000,18.1,1,0,0,19,11,0,3,26,13,0,1,0,85,50,33,60.2,Matches
260,Aïssa Laïdouni,tn TUN,MF,Union Berlin,25,1996,9.7,4,0,0,12,35,1,11,9,7,1,1,0,73,7,10,41.2,Matches
261,Konrad Laimer,at AUT,MF,RB Leipzig,25,1997,16.3,8,0,0,30,22,2,12,18,31,0,0,0,121,3,17,15.0,Matches
262,Stefan Lainer,at AUT,DF,Gladbach,29,1992,9.1,2,0,0,10,7,1,18,14,8,0,0,0,45,8,8,50.0,Matches
263,Vassilis Lambropoulos,gr GRE,DF,Bochum,32,1990,7.0,2,0,0,8,6,0,0,13,8,0,2,0,33,18,16,52.9,Matches
264,Jordan Larsson,se SWE,"FW,MF",Schalke 04,25,1997,5.1,0,0,0,7,6,1,2,4,5,0,0,0,23,6,11,35.3,Matches
265,Danny Latza,de GER,MF,Schalke 04,32,1989,9.5,2,0,0,13,12,0,20,5,13,0,0,0,60,14,21,40.0,Matches
266,Diogo Leite,pt POR,DF,Union Berlin,23,1999,25.0,6,1,0,44,32,1,4,26,20,1,2,0,144,70,50,58.3,Matches
267,Maxim Leitsch,de GER,DF,Mainz 05,24,1998,7.4,0,0,0,3,3,0,0,18,7,0,0,0,35,18,13,58.1,Matches
268,Tim Lemperle,de GER,"FW,MF",Köln,20,2002,1.5,0,0,0,2,0,0,1,1,4,0,0,0,15,4,8,33.3,Matches
269,Christopher Lenz,de GER,DF,Eint Frankfurt,27,1994,14.3,1,0,0,19,13,0,93,21,21,0,0,0,94,14,22,38.9,Matches
270,Jamie Leweling,de GER,"FW,MF",Union Berlin,21,2001,2.9,1,0,0,6,9,1,10,1,3,0,0,0,19,1,8,11.1,Matches
271,Philipp Lienhart,at AUT,DF,Freiburg,26,1996,27.8,3,0,0,17,31,1,1,35,18,0,0,0,155,64,40,61.5,Matches
272,Matthijs de Ligt,nl NED,DF,Bayern Munich,22,1999,26.7,4,0,0,19,17,2,2,23,23,0,2,0,165,96,64,60.0,Matches
273,Dimitris Limnios,gr GRE,FW,Köln,24,1998,0.4,0,0,0,0,1,0,6,1,0,0,0,0,1,1,2,33.3,Matches
274,Jesper Lindstrøm,dk DEN,"MF,FW",Eint Frankfurt,22,2000,18.7,2,0,0,19,19,3,46,9,11,1,0,0,94,6,24,20.0,Matches
275,Dejan Ljubicic,at AUT,"MF,FW",Köln,24,1997,19.0,3,0,0,26,12,5,42,8,14,0,0,0,117,9,22,29.0,Matches
276,Anthony Losilla,fr FRA,MF,Bochum,36,1986,30.2,6,1,0,47,17,3,10,37,49,0,1,0,203,92,76,54.8,Matches
277,Dodi Lukebakio,be BEL,"FW,MF",Hertha BSC,24,1997,26.6,8,0,0,33,59,17,65,13,11,0,1,0,121,16,32,33.3,Matches
278,Andrey Lunyov,ru RUS,GK,Leverkusen,30,1991,1.0,0,0,0,0,0,0,0,0,0,0,0,0,1,0,0,,Matches
279,Arne Maier,de GER,MF,Augsburg,23,1999,21.8,3,0,0,12,18,2,64,15,22,0,1,0,118,12,17,41.4,Matches
280,Linton Maina,de GER,"FW,MF",Köln,23,1999,24.9,1,0,0,17,21,18,87,5,12,0,0,0,104,1,26,3.7,Matches
281,Donyell Malen,nl NED,FW,Dortmund,23,1999,19.0,0,0,0,12,39,3,69,4,5,1,0,0,51,6,11,35.3,Matches
282,Sadio Mané,sn SEN,"FW,MF",Bayern Munich,30,1992,15.8,2,0,0,16,24,21,22,0,5,1,0,0,42,22,18,55.0,Matches
283,Myziane Maolida,km COM,"FW,MF",Hertha BSC,23,1999,1.1,0,0,0,1,0,0,1,0,1,0,0,0,3,0,1,0.0,Matches
284,Omar Marmoush,eg EGY,FW,Wolfsburg,23,1999,16.4,2,0,0,29,32,13,25,7,10,0,0,0,74,43,45,48.9,Matches
285,Eric Martel,de GER,MF,Köln,20,2002,22.4,6,0,0,40,27,0,20,33,41,0,0,0,154,57,51,52.8,Matches
286,Aarón Martín,es ESP,DF,Mainz 05,25,1997,20.5,3,0,0,28,12,2,145,15,27,0,0,0,104,1,13,7.1,Matches
287,Erhan Mašović,rs SRB,"DF,MF",Bochum,23,1998,24.2,3,0,0,24,5,0,2,27,31,0,1,1,146,46,54,46.0,Matches
288,Henning Matriciani,de GER,DF,Schalke 04,22,2000,20.7,1,0,0,19,11,0,20,23,23,0,0,0,120,32,24,57.1,Matches
289,Konstantinos Mavropanos,gr GRE,DF,Stuttgart,24,1997,25.4,9,1,1,24,23,1,6,63,27,0,0,0,183,81,34,70.4,Matches
290,Philipp Max,de GER,DF,Eint Frankfurt,28,1993,7.7,1,0,0,6,2,1,60,3,9,0,0,0,31,5,6,45.5,Matches
291,Eric Maxim Choupo-Moting,cm CMR,FW,Bayern Munich,33,1989,12.4,0,0,0,4,7,11,3,0,7,0,0,0,28,18,21,46.2,Matches
292,Ibrahim Maza,dz ALG,"MF,FW",Hertha BSC,16,2005,0.8,0,0,0,1,2,0,0,0,1,0,0,0,2,0,2,0.0,Matches
293,Noussair Mazraoui,ma MAR,DF,Bayern Munich,24,1997,11.9,0,0,0,16,11,3,22,10,21,0,1,0,46,17,16,51.5,Matches
294,Noah Mbamba,be BEL,MF,Leverkusen,17,2005,0.0,0,0,0,0,0,0,0,0,0,0,0,0,0,0,0,,Matches
295,Jean-Manuel Mbom,de GER,MF,Werder Bremen,22,2000,0.1,0,0,0,1,1,0,0,0,0,0,0,0,0,0,2,0.0,Matches
296,Nathanael Mbuku,cd COD,"MF,FW",Augsburg,20,2002,0.4,0,0,0,0,0,0,1,0,0,0,0,0,2,0,0,,Matches
297,Thomas Meunier,be BEL,DF,Dortmund,30,1991,6.5,2,0,0,12,4,1,16,9,7,0,0,0,44,7,3,70.0,Matches
298,Alexander Meyer,de GER,GK,Dortmund,31,1991,7.0,0,0,0,0,0,0,0,0,0,0,0,0,14,1,0,100.0,Matches
299,Sven Michel,de GER,"FW,MF",Union Berlin,32,1990,5.5,2,0,0,13,4,4,17,0,5,0,0,0,29,25,46,35.2,Matches
300,Enzo Millot,fr FRA,MF,Stuttgart,20,2002,9.9,3,0,0,16,19,1,23,12,16,0,1,0,46,8,15,34.8,Matches
301,Maximilian Mittelstädt,de GER,"DF,MF",Hertha BSC,25,1997,9.4,5,0,0,13,9,0,39,26,20,0,1,0,84,10,16,38.5,Matches
302,Anthony Modeste,fr FRA,FW,Dortmund,34,1988,9.0,4,0,0,14,7,6,2,2,4,0,0,0,15,33,37,47.1,Matches
303,Tobias Mohr,de GER,"DF,MF",Schalke 04,26,1995,9.3,0,0,0,5,4,0,87,8,5,0,0,0,51,8,12,40.0,Matches
304,Clinton Mola,eng ENG,DF,Stuttgart,21,2001,0.2,1,0,0,0,0,0,1,1,1,0,0,0,1,1,1,50.0,Matches
305,Florent Mollet,fr FRA,MF,Schalke 04,30,1991,4.6,1,0,0,4,7,2,9,1,1,0,0,0,25,1,11,8.3,Matches
306,Youssoufa Moukoko,de GER,FW,Dortmund,17,2004,12.7,0,0,0,8,8,1,5,2,7,0,0,0,36,5,4,55.6,Matches
307,Florian Müller,de GER,GK,Stuttgart,24,1997,19.0,0,0,0,0,2,0,0,0,0,0,0,0,39,3,0,100.0,Matches
308,Thomas Müller,de GER,"FW,MF",Bayern Munich,32,1989,18.5,0,0,0,9,11,5,31,4,12,0,0,0,70,39,24,61.9,Matches
309,Jamal Musiala,de GER,"MF,FW",Bayern Munich,19,2003,24.4,1,0,0,23,43,1,11,19,23,1,0,0,144,12,12,50.0,Matches
310,Marlon Mustapha,at AUT,"FW,MF",Mainz 05,21,2001,0.8,1,0,0,3,0,1,0,0,2,0,0,0,4,1,2,33.3,Matches
311,Obite N'Dicka,ci CIV,DF,Eint Frankfurt,22,1999,29.9,4,0,0,31,14,0,4,31,18,0,1,1,193,77,48,61.6,Matches
312,Nathan N'Goumou,cm CMR,FW,Gladbach,22,2000,7.7,0,0,0,7,6,3,20,1,5,0,0,0,28,8,4,66.7,Matches
313,Stanley N'Soki,fr FRA,DF,Hoffenheim,23,1999,14.3,2,1,0,13,8,0,1,24,13,0,1,0,117,22,12,64.7,Matches
314,Nikolas Nartey,dk DEN,"DF,MF",Stuttgart,22,2000,5.3,1,0,0,5,7,1,9,4,6,0,0,0,34,9,6,60.0,Matches
315,Luca Netz,de GER,DF,Gladbach,19,2003,7.8,0,0,0,5,2,1,6,6,13,0,0,0,43,8,12,40.0,Matches
316,Manuel Neuer,de GER,GK,Bayern Munich,36,1986,12.0,0,0,0,0,1,0,0,0,0,0,0,0,21,3,0,100.0,Matches
317,Florian Neuhaus,de GER,MF,Gladbach,25,1997,15.6,2,0,0,10,21,2,7,12,9,0,1,0,76,3,10,23.1,Matches
318,Jessic Ngankam,de GER,"FW,MF",Hertha BSC,22,2000,9.2,5,0,0,19,13,1,2,1,9,1,0,0,24,14,52,21.2,Matches
319,Florian Niederlechner,de GER,"FW,MF",Augsburg,31,1990,10.1,1,0,0,13,12,8,4,1,5,0,0,0,28,29,39,42.6,Matches
320,Florian Niederlechner,de GER,FW,Hertha BSC,31,1990,8.7,2,0,0,8,16,10,4,3,7,0,0,0,25,18,39,31.6,Matches
321,Justin Njinmah,de GER,FW,Dortmund,21,2000,0.2,0,0,0,0,3,0,0,0,0,0,0,0,1,0,0,,Matches
322,Christopher Nkunku,fr FRA,"FW,MF",RB Leipzig,24,1997,21.1,4,0,0,18,37,12,17,8,4,3,0,0,59,17,26,39.5,Matches
323,Felix Nmecha,de GER,MF,Wolfsburg,21,2000,20.4,3,0,0,29,38,1,7,25,24,1,0,0,117,44,30,59.5,Matches
324,Lukas Nmecha,de GER,FW,Wolfsburg,23,1998,10.0,3,0,0,6,27,8,2,3,3,0,0,0,19,17,19,47.2,Matches
325,Hugo Novoa,es ESP,"DF,FW",RB Leipzig,19,2003,2.0,0,0,0,6,2,4,10,1,2,0,0,0,4,3,4,42.9,Matches
326,Ørjan Nyland,no NOR,GK,RB Leipzig,31,1990,2.0,0,0,0,0,0,0,0,0,0,0,0,0,5,0,1,0.0,Matches
327,Tim Oermann,de GER,DF,Bochum,18,2003,2.2,0,0,0,3,0,0,0,1,1,0,0,0,5,4,5,44.4,Matches
328,Finn Ole Becker,de GER,MF,Hoffenheim,22,2000,5.7,0,0,0,4,5,1,3,5,2,0,0,0,43,3,11,21.4,Matches
329,Mathias Olesen,lu LUX,MF,Köln,21,2001,5.3,1,0,0,6,5,1,2,2,5,0,0,0,29,3,6,33.3,Matches
330,Dani Olmo,es ESP,"MF,FW",RB Leipzig,24,1998,14.2,2,0,0,17,40,1,11,6,9,0,0,0,84,8,17,32.0,Matches
331,Jan Olschowsky,de GER,GK,Gladbach,20,2001,4.0,0,0,0,0,0,0,0,0,0,0,0,0,8,0,0,,Matches
332,Jonas Omlin,ch SUI,GK,Gladbach,28,1994,14.3,0,0,0,0,2,0,0,0,1,0,0,0,31,3,0,100.0,Matches
333,Karim Onisiwo,at AUT,"FW,MF",Mainz 05,30,1992,28.2,4,0,0,49,33,22,57,2,12,1,0,0,67,56,67,45.5,Matches
334,Willi Orban,hu HUN,DF,RB Leipzig,29,1992,32.8,3,0,0,17,34,3,3,39,30,0,0,1,194,111,75,59.7,Matches
335,Ivan Ordets,ua UKR,DF,Bochum,30,1992,27.2,4,0,0,32,23,3,1,57,19,1,1,0,150,138,70,66.3,Matches
336,Jordi Osei-Tutu,eng ENG,"DF,FW",Bochum,23,1998,8.3,3,0,0,8,23,3,15,10,18,0,0,0,48,6,12,33.3,Matches
337,Patrick Osterhage,de GER,MF,Bochum,22,2000,11.4,3,0,0,19,9,0,12,12,17,0,0,0,55,11,23,32.4,Matches
338,Paulo Otávio,br BRA,DF,Wolfsburg,27,1994,22.7,7,0,0,25,40,0,68,30,46,0,0,1,110,27,36,42.9,Matches
339,Thomas Ouwejan,nl NED,DF,Schalke 04,25,1996,10.0,1,0,0,6,6,1,96,13,8,0,1,0,61,4,13,23.5,Matches
340,Reece Oxford,eng ENG,DF,Augsburg,23,1998,1.0,0,0,0,0,2,0,0,1,1,0,0,0,6,7,7,50.0,Matches
341,Salih Özcan,tr TUR,MF,Dortmund,24,1998,17.5,6,0,0,26,24,0,3,28,18,0,0,0,126,20,19,51.3,Matches
342,Levin Öztunalı,de GER,MF,Union Berlin,26,1996,0.1,0,0,0,0,0,0,0,0,0,0,0,0,1,0,1,0.0,Matches
343,Exequiel Palacios,ar ARG,MF,Leverkusen,23,1998,18.4,4,0,0,23,40,1,5,33,36,0,1,0,172,13,14,48.1,Matches
344,Miloš Pantović,rs SRB,MF,Union Berlin,26,1996,2.3,1,0,0,4,5,2,3,0,2,0,0,0,15,6,9,40.0,Matches
345,Antonios Papadopoulos,de GER,DF,Dortmund,22,1999,0.1,0,0,0,2,0,0,0,1,0,0,0,0,2,1,0,100.0,Matches
346,Kevin Paredes,us USA,"FW,MF",Wolfsburg,19,2003,5.9,2,0,0,4,18,2,22,6,9,0,0,0,38,3,5,37.5,Matches
347,Marco Pašalić,hr CRO,MF,Dortmund,21,2000,0.1,0,0,0,1,0,0,1,0,0,0,0,0,2,0,0,,Matches
348,Felix Passlack,de GER,DF,Dortmund,24,1998,0.7,0,0,0,0,1,0,2,0,3,0,0,0,5,1,1,50.0,Matches
349,Paulinho,br BRA,FW,Leverkusen,22,2000,0.9,0,0,0,0,1,0,0,0,0,0,0,0,5,1,4,20.0,Matches
350,Benjamin Pavard,fr FRA,DF,Bayern Munich,26,1996,27.0,6,0,0,28,17,5,45,44,41,0,3,0,153,64,33,66.0,Matches
351,Jiří Pavlenka,cz CZE,GK,Werder Bremen,30,1992,32.3,1,0,0,0,7,0,0,3,0,0,0,0,50,8,1,88.9,Matches
352,Kristian Pedersen,dk DEN,DF,Köln,27,1994,3.1,1,0,0,5,1,0,4,6,4,0,0,0,19,10,4,71.4,Matches
353,Mads Pedersen,dk DEN,"DF,MF",Augsburg,25,1996,20.4,6,0,0,23,23,0,46,20,23,0,0,0,122,7,23,23.3,Matches
354,Jordan Pefok,us USA,FW,Union Berlin,26,1996,15.1,3,0,0,37,13,9,2,4,7,0,0,0,41,106,92,53.5,Matches
355,Dženan Pejčinović,de GER,FW,Wolfsburg,17,2005,0.1,0,0,0,0,0,0,0,0,0,0,0,0,0,1,4,20.0,Matches
356,Peter Pekarík,sk SVK,DF,Hertha BSC,35,1986,2.3,0,0,0,0,0,0,4,4,3,0,0,0,14,4,5,44.4,Matches
357,Luca Pellegrini,it ITA,DF,Eint Frankfurt,23,1999,6.2,1,0,0,8,8,0,54,7,8,0,0,0,53,5,3,62.5,Matches
358,Ricardo Pepi,us USA,FW,Augsburg,19,2003,1.1,0,0,0,0,0,0,0,0,1,0,0,0,5,3,8,27.3,Matches
359,Juan Perea,co COL,FW,Stuttgart,22,2000,4.6,0,0,0,12,12,6,6,1,4,0,0,0,16,6,18,25.0,Matches
360,Nils Petersen,de GER,FW,Freiburg,33,1988,3.1,1,0,0,5,2,3,0,1,4,0,0,0,8,14,23,37.8,Matches
361,Lukas Petkov,bg BUL,"MF,FW",Augsburg,21,2000,1.6,1,0,0,4,1,0,0,1,1,0,0,0,6,5,15,25.0,Matches
362,Luca Pfeiffer,de GER,FW,Stuttgart,25,1996,7.8,1,1,0,14,9,1,1,1,1,0,0,0,16,30,28,51.7,Matches
363,Maximilian Philipp,de GER,FW,Wolfsburg,28,1994,1.3,0,0,0,0,7,1,7,0,1,0,0,0,3,1,2,33.3,Matches
364,Maximilian Philipp,de GER,"FW,MF",Werder Bremen,28,1994,4.9,1,0,0,7,12,3,0,3,5,0,0,0,16,7,23,23.3,Matches
365,Amos Pieper,de GER,DF,Werder Bremen,24,1998,21.7,9,0,0,24,15,2,17,30,28,0,1,0,131,68,31,68.7,Matches
366,Marvin Plattenhardt,de GER,DF,Hertha BSC,30,1992,26.7,3,0,0,21,31,1,156,15,33,1,0,0,117,19,17,52.8,Matches
367,Alassane Pléa,fr FRA,FW,Gladbach,29,1993,19.7,5,0,0,24,32,4,48,12,8,0,1,0,88,14,29,32.6,Matches
368,Joel Pohjanpalo,fi FIN,"FW,MF",Leverkusen,27,1994,0.0,0,0,0,0,0,1,0,0,0,0,0,0,1,0,1,0.0,Matches
369,Sebastian Polter,de GER,FW,Schalke 04,31,1991,7.0,3,0,0,23,11,3,2,1,3,0,0,0,24,39,35,52.7,Matches
370,Stefan Posch,at AUT,DF,Hoffenheim,25,1997,0.2,2,1,1,2,0,0,0,0,0,0,0,0,0,0,0,,Matches
371,Yussuf Poulsen,dk DEN,FW,RB Leipzig,28,1994,4.6,1,0,0,10,9,2,4,0,4,0,0,0,21,27,12,69.2,Matches
372,Grischa Prömel,de GER,MF,Hoffenheim,27,1995,16.2,4,0,0,32,36,2,6,8,19,0,0,0,83,21,29,42.0,Matches
373,Tymoteusz Puchacz,pl POL,DF,Union Berlin,23,1999,0.6,0,0,0,0,0,0,5,0,0,0,0,0,1,0,1,0.0,Matches
374,Eduardo Quaresma,pt POR,DF,Hoffenheim,20,2002,1.0,0,0,0,1,1,0,0,0,3,0,0,0,10,1,1,50.0,Matches
375,Joshua Quarshie,de GER,MF,Hoffenheim,18,2004,0.0,0,0,0,0,0,0,1,0,0,0,0,0,0,0,0,,Matches
376,Diant Ramaj,de GER,GK,Eint Frankfurt,20,2001,1.0,0,0,0,0,0,0,0,0,0,0,0,0,3,1,0,100.0,Matches
377,Nicolai Rapp,de GER,"MF,DF",Werder Bremen,25,1996,0.8,0,0,0,2,0,0,1,0,1,0,0,0,6,1,2,33.3,Matches
378,David Raum,de GER,"DF,MF",RB Leipzig,24,1998,18.7,5,0,0,21,14,2,141,16,25,0,2,0,113,16,12,57.1,Matches
379,Rocco Reitz,de GER,MF,Gladbach,20,2002,0.0,0,0,0,0,0,0,0,0,0,0,0,0,0,0,0,,Matches
380,Marco Reus,de GER,"MF,FW",Dortmund,33,1989,15.0,4,0,0,18,18,3,19,8,17,1,0,0,52,12,21,36.4,Matches
381,Elvis Rexhbeçaj,xk KVX,MF,Augsburg,24,1997,28.0,6,0,0,27,49,0,17,17,30,0,0,1,152,35,33,51.5,Matches
382,Gio Reyna,us USA,"FW,MF",Dortmund,19,2002,6.9,2,0,0,8,17,1,17,3,7,0,1,0,23,7,14,33.3,Matches
383,Marco Richter,de GER,"MF,FW",Hertha BSC,24,1997,20.4,8,0,0,36,33,6,82,24,23,0,0,0,161,12,31,27.9,Matches
384,Manuel Riemann,de GER,GK,Bochum,33,1988,34.0,3,0,0,1,4,0,1,5,2,0,1,1,105,11,3,78.6,Matches
385,Sebastian Rode,de GER,MF,Eint Frankfurt,31,1990,15.7,6,0,0,22,18,0,8,16,24,0,0,0,108,12,10,54.5,Matches
386,Agustín Rogel,uy URU,DF,Hertha BSC,24,1997,15.8,7,0,0,21,6,1,0,11,9,0,0,0,62,49,35,58.3,Matches
387,Merlin Röhl,de GER,"MF,FW",Freiburg,20,2002,0.6,0,0,0,1,4,0,0,0,0,0,0,0,6,1,0,100.0,Matches
388,Tony Rölke,de GER,FW,Hertha BSC,19,2003,0.2,0,0,0,1,0,0,0,0,0,0,0,0,0,0,2,0.0,Matches
389,Tom Rothe,de GER,DF,Dortmund,17,2004,0.3,0,0,0,2,0,0,2,1,1,0,0,0,4,0,0,,Matches
390,Jérôme Roussillon,fr FRA,"MF,DF",Wolfsburg,29,1993,0.2,0,0,0,1,0,0,0,0,0,0,0,0,2,1,1,50.0,Matches
391,Jérôme Roussillon,fr FRA,DF,Union Berlin,29,1993,10.6,2,0,0,12,13,0,36,4,9,0,0,0,54,6,11,35.3,Matches
392,Sebastian Rudy,de GER,MF,Hoffenheim,32,1990,8.8,3,0,0,22,9,0,41,11,12,0,0,0,54,7,10,41.2,Matches
393,Georginio Rutter,fr FRA,FW,Hoffenheim,20,2002,11.2,2,0,0,17,19,17,11,5,4,1,0,0,25,9,23,28.1,Matches
394,Julian Ryerson,no NOR,DF,Union Berlin,24,1997,11.5,2,0,0,16,12,1,41,12,17,0,0,0,77,5,11,31.3,Matches
395,Julian Ryerson,no NOR,DF,Dortmund,24,1997,15.7,2,0,0,15,19,1,50,8,15,0,0,0,96,13,9,59.1,Matches
396,Frederik Rønnow,dk DEN,GK,Union Berlin,29,1992,29.0,2,0,0,0,4,0,0,0,0,0,0,0,42,10,2,83.3,Matches
397,Marcel Sabitzer,at AUT,MF,Bayern Munich,28,1994,7.0,2,0,0,7,1,1,5,10,14,0,0,0,47,8,11,42.1,Matches
398,Dikeni-Rafid Salifou,tg TOG,MF,Werder Bremen,19,2003,0.0,0,0,0,0,0,0,0,0,0,0,0,0,0,0,0,,Matches
399,Roland Sallai,hu HUN,"MF,FW",Freiburg,25,1997,11.1,6,0,0,29,30,3,35,2,8,2,0,0,58,21,18,53.8,Matches
400,Diadie Samassékou,ml MLI,"MF,FW",Hoffenheim,26,1996,0.4,1,0,0,3,0,0,0,0,0,0,0,0,3,0,0,,Matches
401,Leroy Sané,de GER,"MF,FW",Bayern Munich,26,1996,22.3,4,0,0,17,23,7,16,3,30,0,0,0,115,6,7,46.2,Matches
402,Sidi Sané,de GER,FW,Schalke 04,19,2003,0.3,0,0,0,0,0,0,0,0,1,0,0,0,1,0,0,,Matches
403,Bouna Sarr,sn SEN,FW,Bayern Munich,30,1992,0.0,0,0,0,0,0,0,0,0,0,0,0,0,0,0,0,,Matches
404,Joe Scally,us USA,DF,Gladbach,19,2002,24.5,2,0,0,13,51,3,41,8,20,0,0,0,94,18,15,54.5,Matches
405,Kevin Schade,de GER,"FW,MF",Freiburg,20,2001,2.0,0,0,0,4,6,0,3,0,4,0,0,0,7,17,12,58.6,Matches
406,András Schäfer,hu HUN,MF,Union Berlin,23,1999,9.6,0,0,0,14,15,1,8,4,9,0,0,0,65,11,14,44.0,Matches
407,Derry Scherhant,de GER,"FW,MF",Hertha BSC,19,2002,3.2,0,0,0,2,2,0,3,0,6,0,0,0,11,2,7,22.2,Matches
408,Patrik Schick,cz CZE,FW,Leverkusen,26,1996,10.5,0,0,0,5,16,0,4,1,0,0,0,0,18,30,38,44.1,Matches
409,Kingsley Schindler,gh GHA,"DF,MF",Köln,29,1993,12.1,4,0,0,11,12,2,45,15,12,0,0,0,66,24,11,68.6,Matches
410,Xaver Schlager,at AUT,MF,RB Leipzig,24,1997,16.7,2,0,0,27,24,1,2,17,24,0,0,0,132,13,20,39.4,Matches
411,Keven Schlotterbeck,de GER,DF,Freiburg,25,1997,0.2,0,0,0,0,1,0,0,2,0,0,0,0,0,2,0,100.0,Matches
412,Keven Schlotterbeck,de GER,DF,Bochum,25,1997,8.2,3,0,0,11,9,1,3,14,9,0,1,0,54,34,26,56.7,Matches
413,Nico Schlotterbeck,de GER,DF,Dortmund,22,1999,25.0,3,0,0,16,17,1,11,32,34,0,0,0,194,60,33,64.5,Matches
414,Jonathan Schmid,fr FRA,DF,Freiburg,32,1990,0.5,0,0,0,1,0,0,4,1,1,0,0,0,4,0,0,,Matches
415,Romano Schmid,at AUT,"MF,FW",Werder Bremen,22,2000,16.9,3,0,0,16,23,2,20,7,15,0,0,0,97,18,33,35.3,Matches
416,Kenneth Schmidt,de GER,DF,Freiburg,20,2002,2.8,1,0,0,1,0,0,1,0,3,0,0,0,17,4,4,50.0,Matches
417,Niklas Schmidt,de GER,MF,Werder Bremen,24,1998,12.1,3,0,0,20,14,0,31,5,10,0,0,0,101,13,13,50.0,Matches
418,Benno Schmitz,de GER,DF,Köln,27,1994,26.9,6,0,0,32,18,0,96,26,42,0,0,2,152,30,30,50.0,Matches
419,Marvin Schwäbe,de GER,GK,Köln,27,1995,34.0,1,0,0,0,2,0,0,2,0,0,0,0,33,6,1,85.7,Matches
420,Alexander Schwolow,de GER,GK,Schalke 04,30,1992,22.6,1,0,0,0,4,0,0,1,0,0,0,0,30,3,1,75.0,Matches
421,Paul Seguin,de GER,MF,Union Berlin,27,1995,7.7,4,0,0,13,3,0,18,6,8,0,1,0,54,13,11,54.2,Matches
422,Davie Selke,de GER,FW,Hertha BSC,27,1995,3.1,1,0,0,7,6,0,2,1,1,1,0,0,6,22,24,47.8,Matches
423,Davie Selke,de GER,FW,Köln,27,1995,9.7,2,0,0,15,12,7,7,0,0,0,0,0,16,65,48,57.5,Matches
424,Suat Serdar,de GER,MF,Hertha BSC,25,1997,22.5,7,0,0,33,31,1,5,29,23,0,0,0,139,30,31,49.2,Matches
425,Eniss Shabani,al ALB,MF,Mainz 05,19,2003,0.1,1,0,0,1,0,0,0,0,0,0,0,0,1,0,0,,Matches
426,Kiliann Sildillia,fr FRA,"DF,MF",Freiburg,20,2002,22.0,4,1,1,38,6,2,26,21,20,0,0,0,107,42,43,49.4,Matches
427,André Silva,pt POR,FW,RB Leipzig,26,1995,19.3,3,0,0,32,44,10,4,3,6,0,0,0,48,20,35,36.4,Matches
428,Mohamed Simakan,fr FRA,DF,RB Leipzig,22,2000,16.2,2,0,0,24,25,2,14,16,14,0,1,0,92,38,25,60.3,Matches
429,Daley Sinkgraven,nl NED,"DF,MF",Leverkusen,27,1995,3.8,1,0,0,6,4,0,3,5,7,0,0,0,17,3,5,37.5,Matches
430,Tobias Sippel,de GER,GK,Gladbach,34,1988,5.7,1,0,0,0,0,0,0,0,0,0,0,0,7,2,1,66.7,Matches
431,Hugo Siquet,be BEL,DF,Freiburg,20,2002,0.2,0,0,0,0,1,0,0,0,2,0,0,0,0,0,0,,Matches
432,Tim Skarke,de GER,"DF,MF",Union Berlin,25,1996,0.6,1,0,0,3,0,0,8,0,1,0,0,0,1,0,1,0.0,Matches
433,Tim Skarke,de GER,"FW,MF",Schalke 04,25,1996,4.9,0,0,0,4,7,3,22,0,7,0,0,0,29,4,12,25.0,Matches
434,Ellyes Skhiri,tn TUN,MF,Köln,27,1995,31.7,5,0,0,34,11,4,13,56,44,0,0,0,250,40,22,64.5,Matches
435,Robert Skov,dk DEN,DF,Hoffenheim,26,1996,15.0,1,0,0,17,21,1,75,8,11,0,0,0,74,15,17,46.9,Matches
436,Hrvoje Smolčić,hr CRO,DF,Eint Frankfurt,21,2000,5.2,0,0,0,0,5,0,0,6,7,0,0,0,31,27,13,67.5,Matches
437,Danilo Soares,br BRA,DF,Bochum,30,1991,19.6,6,0,0,28,24,0,17,30,46,0,2,0,175,24,18,57.1,Matches
438,Nikola Soldo,hr CRO,DF,Köln,21,2001,6.6,1,0,0,5,2,0,1,7,9,0,0,0,44,7,9,43.8,Matches
439,Yann Sommer,ch SUI,GK,Bayern Munich,33,1988,19.0,1,0,0,1,2,0,0,1,0,0,0,0,39,6,2,75.0,Matches
440,Yann Sommer,ch SUI,GK,Gladbach,33,1988,10.0,0,0,0,0,0,0,0,0,0,0,0,0,14,0,1,0.0,Matches
441,Borna Sosa,hr CRO,DF,Stuttgart,24,1998,21.7,5,0,0,12,12,0,255,19,21,0,0,0,113,15,13,53.6,Matches
442,Djibril Sow,ch SUI,MF,Eint Frankfurt,25,1997,29.4,9,0,0,39,49,0,5,28,25,0,0,0,210,24,28,46.2,Matches
443,Anton Stach,de GER,MF,Mainz 05,23,1998,23.0,4,0,0,26,40,3,62,41,21,0,1,0,167,72,31,69.9,Matches
444,Kostas Stafylidis,gr GRE,"DF,MF",Bochum,28,1993,11.6,4,0,0,16,16,0,26,20,16,0,0,0,73,14,20,41.2,Matches
445,Jens Stage,dk DEN,MF,Werder Bremen,25,1996,20.6,5,0,0,32,19,0,13,16,17,0,0,0,95,52,45,53.6,Matches
446,Veit Stange,de GER,MF,Hertha BSC,18,2004,0.1,0,0,0,0,0,0,0,0,1,0,0,0,0,0,0,,Matches
447,Josip Stanišić,hr CRO,DF,Bayern Munich,22,2000,6.4,1,0,0,5,3,0,8,7,11,0,0,0,33,6,3,66.7,Matches
448,Niklas Stark,de GER,DF,Werder Bremen,27,1995,23.1,9,0,0,41,18,1,2,37,36,0,0,0,113,45,53,45.9,Matches
449,Pascal Stenzel,de GER,DF,Stuttgart,26,1996,3.7,0,0,0,3,2,0,21,5,8,0,0,0,29,1,2,33.3,Matches
450,Angelo Stiller,de GER,MF,Hoffenheim,21,2001,7.8,1,0,0,11,3,0,6,10,12,0,0,0,51,16,10,61.5,Matches
451,Lars Stindl,de GER,"FW,MF",Gladbach,33,1988,19.3,9,0,0,30,39,8,19,11,14,0,0,0,72,9,28,24.3,Matches
452,Kevin Stöger,at AUT,MF,Bochum,28,1993,28.9,3,0,0,41,54,0,156,26,45,0,0,0,181,11,42,20.8,Matches
453,Niklas Süle,de GER,DF,Dortmund,26,1995,23.5,2,0,0,8,5,0,16,17,19,0,0,0,150,32,17,65.3,Matches
454,Ivan Šunjić,ba BIH,MF,Hertha BSC,25,1996,11.0,4,0,0,17,9,1,1,13,20,0,0,0,67,7,14,33.3,Matches
455,Mattias Svanberg,se SWE,"MF,FW",Wolfsburg,23,1999,20.4,4,0,0,27,28,4,37,21,16,0,0,0,97,20,34,37.0,Matches
456,Dominik Szoboszlai,hu HUN,"MF,FW",RB Leipzig,21,2000,27.2,5,2,1,25,39,2,117,17,28,0,1,0,151,7,18,28.0,Matches
457,Alexander Sørloth,no NOR,FW,RB Leipzig,26,1995,0.1,1,0,0,1,0,0,0,0,0,0,0,0,0,0,0,,Matches
458,Jonathan Tah,de GER,DF,Leverkusen,26,1996,27.6,6,0,0,22,3,2,3,40,12,0,0,0,167,57,46,55.3,Matches
459,Edmond Tapsoba,bf BFA,DF,Leverkusen,23,1999,31.9,5,0,0,28,17,2,3,36,30,1,2,1,270,55,43,56.1,Matches
460,Niklas Tauer,de GER,"DF,MF",Mainz 05,21,2001,1.0,0,0,0,1,0,0,1,2,1,0,0,0,3,2,1,66.7,Matches
461,Mathys Tel,fr FRA,FW,Bayern Munich,17,2005,4.6,2,0,0,9,6,4,4,0,2,0,0,0,16,8,11,42.1,Matches
462,Semir Telalovic,de GER,"MF,FW",Gladbach,22,1999,0.1,0,0,0,1,0,0,0,0,0,0,0,0,0,1,4,20.0,Matches
463,Simon Terodde,de GER,FW,Schalke 04,34,1988,20.3,5,0,0,37,36,26,2,6,8,2,0,0,40,71,119,37.4,Matches
464,Malick Thiaw,de GER,DF,Schalke 04,20,2001,3.0,2,0,0,3,0,0,0,9,1,0,0,0,11,10,5,66.7,Matches
465,Jan Thielmann,de GER,FW,Köln,20,2002,9.7,5,0,0,14,19,9,37,9,8,1,0,0,39,13,24,35.1,Matches
466,Morten Thorsby,no NOR,MF,Union Berlin,26,1996,9.3,3,0,0,21,6,0,3,3,10,0,0,0,37,21,25,45.7,Matches
467,Marcus Thuram,fr FRA,FW,Gladbach,24,1997,27.9,3,0,0,34,44,18,11,6,7,0,0,0,73,41,58,41.4,Matches
468,Steffen Tigges,de GER,FW,Köln,24,1998,17.7,1,0,0,11,11,10,15,8,7,0,0,0,42,67,90,42.7,Matches
469,Umut Tohumcu,de GER,"MF,DF",Hoffenheim,17,2004,3.0,0,0,0,4,5,0,0,2,5,0,0,0,12,2,0,100.0,Matches
470,Tiago Tomás,pt POR,"FW,MF",Stuttgart,20,2002,14.3,2,0,0,13,49,3,34,1,4,1,0,0,48,6,20,23.1,Matches
471,Keke Topp,de GER,FW,Schalke 04,18,2004,0.2,0,0,0,1,0,0,1,1,0,0,0,0,0,1,0,100.0,Matches
472,Almamy Touré,ml MLI,DF,Eint Frankfurt,26,1996,4.4,1,0,0,5,1,1,5,10,7,0,0,0,32,14,11,56.0,Matches
473,Lucas Tousart,fr FRA,MF,Hertha BSC,25,1997,32.7,1,0,0,36,42,2,28,48,38,1,0,0,168,91,94,49.2,Matches
474,Kevin Trapp,de GER,GK,Eint Frankfurt,32,1990,33.0,3,0,0,0,4,0,0,0,1,0,0,0,37,4,0,100.0,Matches
475,Christopher Trimmel,at AUT,DF,Union Berlin,35,1987,20.1,1,0,0,17,7,1,180,25,16,0,1,0,107,23,19,54.8,Matches
476,Tuta,br BRA,DF,Eint Frankfurt,23,1999,30.2,8,0,0,33,18,1,7,49,35,0,0,0,240,51,61,45.5,Matches
477,Sven Ulreich,de GER,GK,Bayern Munich,33,1988,3.0,1,0,0,1,1,0,0,0,1,0,1,0,5,0,0,,Matches
478,Lauren Ulrich,de GER,MF,Stuttgart,17,2005,0.1,0,0,0,0,0,0,1,0,1,0,0,0,0,0,0,,Matches
479,Dayot Upamecano,fr FRA,DF,Bayern Munich,23,1998,26.1,6,1,0,30,14,1,2,27,37,0,1,0,212,47,47,50.0,Matches
480,Filip Uremović,hr CRO,DF,Hertha BSC,25,1997,19.2,8,1,1,27,10,0,1,36,23,0,3,0,83,55,38,59.1,Matches
481,Jere Uronen,fi FIN,DF,Schalke 04,28,1994,7.5,2,0,0,5,13,0,30,8,10,0,0,0,45,16,10,61.5,Matches
482,Mark Uth,de GER,"MF,FW",Köln,30,1991,0.5,2,0,0,2,1,0,2,0,0,0,0,0,0,1,0,100.0,Matches
483,Josha Vagnoman,de GER,DF,Stuttgart,21,2000,16.4,3,1,1,19,9,2,27,8,15,0,0,0,74,23,19,54.8,Matches
484,Ruben Vargas,ch SUI,"MF,FW",Augsburg,23,1998,12.6,4,0,0,16,16,3,48,6,7,1,0,0,70,14,23,37.8,Matches
485,Renato Veiga,pt POR,DF,Augsburg,19,2003,7.1,3,0,0,9,4,0,7,7,6,0,0,0,60,12,14,46.2,Matches
486,Miloš Veljković,rs SRB,DF,Werder Bremen,26,1995,25.2,2,0,0,24,9,0,3,33,19,0,1,0,131,58,45,56.3,Matches
487,Micky van de Ven,nl NED,DF,Wolfsburg,21,2001,33.0,5,0,0,23,27,1,12,26,30,1,2,0,195,35,32,52.2,Matches
488,Gabriel Vidovic,hr CRO,FW,Bayern Munich,18,2003,0.2,0,0,0,0,0,0,0,0,0,0,0,0,3,0,1,0.0,Matches
489,Kevin Vogt,de GER,DF,Hoffenheim,30,1991,19.7,8,0,0,22,11,0,3,26,10,0,0,0,134,11,14,44.0,Matches
490,Aster Vranckx,be BEL,MF,Wolfsburg,19,2002,0.1,0,0,0,0,1,0,0,0,0,0,0,0,3,0,0,,Matches
491,Robert Wagner,de GER,MF,Freiburg,19,2003,0.4,1,0,0,0,1,0,0,0,0,0,0,0,3,2,2,50.0,Matches
492,Luca Waldschmidt,de GER,"FW,MF",Wolfsburg,26,1996,5.8,0,0,0,14,4,1,3,3,2,0,1,0,21,1,9,10.0,Matches
493,Paul Wanner,de GER,MF,Bayern Munich,16,2005,0.3,1,0,0,1,0,0,0,0,1,0,0,0,1,1,0,100.0,Matches
494,Julian Weigl,de GER,MF,Gladbach,26,1995,21.0,6,0,0,21,29,0,0,18,16,0,0,0,116,18,13,58.1,Matches
495,Nelson Weiper,de GER,"FW,DF",Mainz 05,17,2005,1.1,0,0,0,2,2,3,2,0,0,0,0,0,5,7,7,50.0,Matches
496,Mitchell Weiser,de GER,"DF,FW",Werder Bremen,28,1994,28.0,7,0,0,36,57,5,75,28,43,1,0,0,196,25,29,46.3,Matches
497,Noah Weißhaupt,de GER,"MF,DF",Freiburg,20,2001,4.7,0,0,0,2,20,1,15,6,6,0,0,0,30,4,5,44.4,Matches
498,Marcel Wenig,de GER,MF,Eint Frankfurt,18,2004,0.0,0,0,0,0,0,0,0,0,0,0,0,0,0,0,0,,Matches
499,Timo Werner,de GER,"FW,MF",RB Leipzig,26,1996,21.5,2,0,0,6,13,25,29,7,5,0,0,0,55,5,11,31.3,Matches
500,Silvan Widmer,ch SUI,DF,Mainz 05,29,1993,18.8,0,0,0,11,16,3,32,31,17,1,0,0,98,17,25,40.5,Matches
501,Patrick Wimmer,at AUT,"FW,MF",Wolfsburg,21,2001,18.3,7,0,0,42,32,7,66,15,26,2,0,0,91,22,31,41.5,Matches
502,Jonas Wind,dk DEN,FW,Wolfsburg,23,1999,14.3,1,0,0,17,22,0,2,1,6,0,0,0,43,61,55,52.6,Matches
503,Frederik Winther,dk DEN,DF,Augsburg,21,2001,1.0,0,0,0,0,0,0,0,0,2,0,0,0,2,6,3,66.7,Matches
504,Florian Wirtz,de GER,"FW,MF",Leverkusen,19,2003,12.1,4,0,0,13,27,1,43,1,10,0,0,0,77,2,12,14.3,Matches
505,Hannes Wolf,at AUT,FW,Gladbach,23,1999,5.0,0,0,0,7,12,1,2,3,8,0,0,0,31,4,8,33.3,Matches
506,Marius Wolf,de GER,DF,Dortmund,27,1995,17.4,2,0,0,12,22,3,61,18,18,0,0,0,92,6,6,50.0,Matches
507,Jeong Woo-yeong,kr KOR,"MF,FW",Freiburg,22,1999,7.3,2,0,0,12,7,1,10,1,3,1,0,0,27,3,16,15.8,Matches
508,Kelvin Yeboah,it ITA,"FW,MF",Augsburg,22,2000,3.9,0,0,0,11,11,1,6,1,4,0,0,0,19,14,22,38.9,Matches
509,Maya Yoshida,jp JPN,DF,Schalke 04,33,1988,28.4,4,0,0,20,18,1,8,46,22,0,1,0,168,83,42,66.4,Matches
510,Dan-Axel Zagadou,fr FRA,DF,Stuttgart,23,1999,14.1,3,0,0,12,2,0,0,21,9,0,3,0,83,53,20,72.6,Matches
511,Rodrigo Zalazar,uy URU,"MF,FW",Schalke 04,22,1999,14.7,4,0,0,22,36,4,115,7,8,0,0,0,97,24,39,38.1,Matches
512,Aaron Zehnter,de GER,DF,Augsburg,17,2004,0.0,0,0,0,0,0,0,0,1,0,0,0,0,0,0,0,,Matches
513,Robin Zentner,de GER,GK,Mainz 05,27,1994,26.0,1,0,0,0,3,0,0,0,0,0,0,0,43,16,0,100.0,Matches
514,Michael Zetterer,de GER,GK,Werder Bremen,27,1995,1.7,0,0,0,0,0,0,0,0,0,0,0,0,1,1,0,100.0,Matches
515,Simon Zoller,de GER,FW,Bochum,31,1991,16.2,5,0,0,21,8,7,16,6,4,0,1,0,57,15,20,42.9,Matches
