Unnamed: 0_level_0_Rk,Unnamed: 1_level_0_Player,Unnamed: 2_level_0_Nation,Unnamed: 3_level_0_Pos,Unnamed: 4_level_0_Squad,Unnamed: 5_level_0_Age,Unnamed: 6_level_0_Born,Unnamed: 7_level_0_90s,Performance_CrdY,Performance_CrdR,Performance_2CrdY,Performance_Fls,Performance_Fld,Performance_Off,Performance_Crs,Performance_Int,Performance_TklW,Performance_PKwon,Performance_PKcon,Performance_OG,Performance_Recov,Aerial Duels_Won,Aerial Duels_Lost,Aerial Duels_Won%,Unnamed: 24_level_0_Matches
1,James Abankwah,ie IRL,DF,Watford,21-341,2004,9.1,1,1,0,13,7,0,3,8,8,0,0,0,25,25,8,75.8,Matches
2,Ebou Adams,gm GAM,MF,Derby County,29-342,1996,14.3,7,0,0,31,31,4,8,21,30,0,0,0,87,22,19,53.7,Matches
3,Kealey Adamson,au AUS,DF,QPR,22-289,2003,0.5,0,0,0,1,1,0,0,0,1,0,0,0,0,0,1,0.0,Matches
4,Patrick Agyemang,us USA,"FW,MF",Derby County,25-046,2000,14.5,1,0,0,26,23,8,5,1,1,0,0,0,51,48,51,48.5,Matches
5,Semi Ajayi,ng NGA,DF,Hull City,32-044,1993,9.7,0,0,0,4,7,0,5,14,9,0,1,0,36,25,17,59.5,Matches
6,Babajide Akintola,ng NGA,"FW,MF",Hull City,29-344,1996,4.7,3,0,0,12,4,5,4,1,8,0,0,0,25,9,11,45.0,Matches
7,Chuba Akpom,eng ENG,"MF,FW",Ipswich Town,30-075,1995,7.3,0,0,0,5,21,2,0,0,5,1,0,0,26,13,15,46.4,Matches
8,Yisa Alao,,DF,Sheffield Weds,,,0.0,0,0,0,1,0,0,0,0,0,0,0,0,1,0,0,,Matches
9,Ryan Alebiosu,ng NGA,DF,Blackburn,24-006,2001,19.1,2,0,0,12,5,2,100,16,28,0,0,0,65,10,22,31.3,Matches
10,Jamie Allen,eng ENG,MF,Coventry City,30-328,1995,5.1,0,0,0,5,1,0,0,5,5,0,0,0,26,7,8,46.7,Matches
11,Max Alleyne,eng ENG,DF,Watford,20-155,2005,11.0,2,0,0,4,7,0,3,12,18,0,0,1,39,29,21,58.0,Matches
12,Ryan Allsop,eng ENG,GK,Birmingham City,33-189,1992,10.0,2,0,0,0,4,0,0,0,1,0,0,0,16,0,0,,Matches
13,Olabade Aluko,,"DF,FW",Leicester City,,,0.6,2,1,1,2,1,0,0,0,0,0,0,0,1,2,0,100.0,Matches
14,Papa Amadou Diallo,sn SEN,"DF,FW",Norwich City,21-181,2004,4.3,1,0,0,3,3,3,9,3,7,0,0,0,17,6,6,50.0,Matches
15,Harry Amass,eng ENG,DF,Sheffield Weds,18-282,2007,16.7,2,0,0,18,27,1,29,18,29,0,0,1,108,22,32,40.7,Matches
16,Karoy Anderson,jm JAM,MF,Charlton Ath,21-083,2004,2.6,1,0,0,7,0,1,2,1,8,0,0,0,9,3,8,27.3,Matches
17,Keshi Anderson,eng ENG,"FW,MF",Birmingham City,30-261,1995,7.2,2,0,0,8,19,3,30,2,9,0,0,0,36,7,8,46.7,Matches
18,Kai Andrews,wls WAL,"FW,MF",Coventry City,19-139,2006,0.6,0,0,0,0,1,0,0,0,1,0,0,0,1,0,0,,Matches
19,Ryan Andrews,eng ENG,DF,Watford,21-119,2004,0.3,1,0,0,1,1,0,0,0,1,0,0,0,3,0,0,,Matches
20,Robert Apter,sct SCO,"FW,MF",Charlton Ath,22-244,2003,6.2,1,0,0,3,5,0,47,1,7,0,0,0,25,3,5,37.5,Matches
21,Oliver Arblaster,eng ENG,MF,Sheffield Utd,21-232,2004,1.8,0,0,0,0,0,0,1,2,1,0,0,0,9,1,1,50.0,Matches
22,Cameron Archer,eng ENG,"FW,MF",Southampton,24-155,2001,5.6,1,0,0,9,7,6,1,0,2,0,0,0,16,6,23,20.7,Matches
23,Joe Aribo,ng NGA,"MF,FW",Southampton,29-155,1996,1.3,1,0,0,1,0,0,1,1,1,0,0,0,3,1,8,11.1,Matches
24,Adam Armstrong,eng ENG,"FW,MF",Southampton,28-316,1997,17.6,4,0,0,23,12,12,7,4,9,0,0,0,36,8,23,25.8,Matches
25,Harrison Armstrong,eng ENG,MF,Preston,18-338,2007,10.9,3,0,0,11,18,0,5,12,9,0,0,0,46,19,5,79.2,Matches
26,Sinclair Armstrong,ie IRL,FW,Bristol City,22-184,2003,9.0,3,0,0,16,18,4,3,1,5,0,0,0,22,9,20,31.0,Matches
27,Tom Atcheson,nir NIR,DF,Blackburn,19-092,2006,0.2,0,0,0,0,0,0,0,0,0,0,0,0,0,2,0,100.0,Matches
28,Robert Atkinson,eng ENG,DF,Bristol City,27-163,1998,11.8,1,0,0,2,11,1,2,13,18,0,0,0,39,51,19,72.9,Matches
29,Jordan Ayew,gh GHA,"FW,MF",Leicester City,34-103,1991,15.4,3,0,0,29,32,5,39,8,16,0,0,0,50,27,45,37.5,Matches
30,Luke Ayling,eng ENG,DF,Middlesbrough,34-120,1991,16.7,4,0,0,11,27,0,20,16,26,0,0,0,97,28,22,56.0,Matches
31,Finn Azaz,ie IRL,"MF,FW",Southampton,25-107,2000,12.8,0,0,0,13,16,2,18,3,12,0,0,0,61,12,14,46.2,Matches
32,Finn Azaz,ie IRL,MF,Middlesbrough,25-107,2000,1.0,0,0,0,0,0,0,3,2,1,0,0,0,8,0,0,,Matches
33,Femi Azeez,eng ENG,"FW,MF",Millwall,24-201,2001,10.1,1,1,0,24,10,7,60,6,13,1,0,0,44,21,28,42.9,Matches
34,Ivan Azón,es ESP,FW,Ipswich Town,22-364,2002,6.3,0,0,0,8,10,6,2,0,0,0,0,0,14,16,29,35.6,Matches
35,Kwadwo Baah,eng ENG,"FW,MF",Watford,22-330,2003,6.6,4,0,0,15,16,2,21,1,2,0,0,0,24,3,7,30.0,Matches
36,Lewis Baker,eng ENG,MF,Stoke City,30-242,1995,11.1,1,0,0,13,9,1,12,7,7,0,0,0,44,5,10,33.3,Matches
37,Thierno Ballo,at AUT,"FW,MF",Millwall,23-355,2002,12.3,3,0,0,20,7,6,19,7,13,0,0,0,61,10,29,25.6,Matches
38,Patrick Bamford,eng ENG,FW,Sheffield Utd,32-109,1993,3.8,0,0,0,4,9,3,0,1,4,0,0,0,6,9,12,42.9,Matches
39,Alex Bangura,sl SLE,DF,Middlesbrough,26-163,1999,2.6,0,0,0,2,8,0,6,2,0,0,0,0,7,1,4,20.0,Matches
40,Raees Bangura-Williams,,MF,Millwall,,,4.3,2,0,0,12,6,2,3,3,4,0,0,0,16,3,1,75.0,Matches
41,Tamer Bani Odeh,jo JOR,MF,West Brom,22-065,2003,0.0,0,0,0,0,0,0,0,0,0,0,0,0,0,0,0,,Matches
42,Barry Bannan,sct SCO,MF,Sheffield Weds,36-022,1989,20.3,5,1,1,10,9,1,121,19,16,0,0,0,101,6,8,42.9,Matches
43,Moussa Baradji,fr FRA,MF,Blackburn,25-033,2000,1.1,0,0,0,3,1,0,3,2,4,0,0,0,8,8,2,80.0,Matches
44,Ryan Barnett,eng ENG,DF,Wrexham,26-091,1999,4.4,0,0,0,0,5,0,36,2,2,0,0,0,13,2,7,22.2,Matches
45,Louie Barry,eng ENG,"FW,MF",Sheffield Utd,22-185,2003,4.9,1,0,0,3,2,2,24,0,7,0,0,0,15,1,6,14.3,Matches
46,Danny Batth,eng ENG,DF,Derby County,35-093,1990,3.7,0,0,0,5,5,0,0,4,0,0,0,0,8,17,9,65.4,Matches
47,Nathan Baxter,eng ENG,GK,Watford,27-045,1998,6.5,0,0,0,0,0,0,0,0,0,0,0,0,20,1,0,100.0,Matches
48,Gavin Bazunu,ie IRL,GK,Southampton,23-306,2002,15.0,1,0,0,1,8,0,0,0,0,0,0,0,21,3,0,100.0,Matches
49,James Beadle,eng ENG,GK,Birmingham City,21-160,2004,12.0,2,0,0,1,1,0,0,0,0,0,0,0,24,6,0,100.0,Matches
50,Asmir Begović,ba BIH,GK,Leicester City,38-186,1987,4.5,1,0,0,0,3,0,0,0,0,0,0,0,6,2,0,100.0,Matches
51,Amari'i Bell,jm JAM,DF,Charlton Ath,31-232,1994,12.0,2,0,0,6,19,0,5,16,10,0,0,0,43,18,9,66.7,Matches
52,Sam Bell,eng ENG,MF,Bristol City,23-214,2002,0.2,0,0,0,1,0,0,0,2,0,0,0,0,1,0,0,,Matches
53,Bachir Belloumi,dz ALG,"FW,MF",Hull City,23-205,2002,5.0,1,0,0,4,5,5,10,10,7,0,0,0,25,3,17,15.0,Matches
54,Anis Ben Slimane,tn TUN,MF,Norwich City,24-282,2001,0.2,0,0,0,0,1,0,0,0,1,0,0,0,1,1,1,50.0,Matches
55,Steven Benda,de GER,GK,Millwall,27-083,1998,9.0,0,0,0,0,6,0,0,0,0,0,0,0,11,0,2,0.0,Matches
56,Victor Bernth Kristiansen,dk DEN,DF,Leicester City,23-007,2002,1.4,0,0,0,0,0,0,4,0,4,0,0,0,4,3,0,100.0,Matches
57,Luke Berry,eng ENG,MF,Charlton Ath,33-164,1992,2.2,1,0,0,4,3,0,1,0,1,0,0,0,5,3,2,60.0,Matches
58,Florian Bianchini,fr FRA,FW,Portsmouth,24-181,2001,5.7,0,0,0,8,9,1,27,1,11,1,0,0,21,12,14,46.2,Matches
59,Jake Bidwell,eng ENG,DF,Coventry City,32-277,1993,1.9,1,0,0,0,0,0,2,1,1,0,0,0,7,1,2,33.3,Matches
60,Krystian Bielik,pl POL,DF,West Brom,27-353,1998,5.6,0,0,0,10,7,0,1,12,6,0,0,0,25,29,12,70.7,Matches
61,Tyler Bindon,nz NZL,DF,Sheffield Utd,20-330,2005,6.4,0,0,0,8,5,2,0,3,5,0,0,0,28,24,13,64.9,Matches
62,Max Bird,eng ENG,MF,Bristol City,25-096,2000,1.1,0,0,0,0,1,0,6,1,1,0,0,0,4,0,0,,Matches
63,Colby Bishop,eng ENG,FW,Portsmouth,29-049,1996,18.6,2,0,0,20,17,12,3,1,6,0,0,0,29,94,125,42.9,Matches
64,Corey Blackett-Taylor,eng ENG,"MF,DF",Derby County,28-091,1997,1.5,0,0,0,0,0,0,5,4,0,0,0,0,4,1,0,100.0,Matches
65,Harvey Blair,eng ENG,FW,Portsmouth,22-100,2003,1.1,0,0,0,0,1,0,7,0,0,0,0,0,1,3,3,50.0,Matches
66,Eric Bocat,fr FRA,DF,Stoke City,26-160,1999,6.0,0,0,0,2,4,0,12,16,7,0,0,0,31,12,6,66.7,Matches
67,Marc Bola,eng ENG,DF,Watford,28-014,1997,16.9,2,0,0,8,8,2,78,25,9,1,0,0,52,27,14,65.9,Matches
68,Neto Borges,br BRA,DF,Middlesbrough,29-101,1996,0.1,0,0,0,0,0,0,0,0,0,0,0,0,1,0,1,0.0,Matches
69,Neto Borges,br BRA,DF,Bristol City,29-101,1996,10.8,1,0,0,11,8,2,45,24,16,0,0,0,50,20,23,46.5,Matches
70,Raphael Borges Rodrigues,au AUS,FW,Coventry City,22-103,2003,0.4,0,0,0,2,1,0,0,0,1,0,0,0,2,0,0,,Matches
71,Oliver Bostock,wls WAL,MF,West Brom,18-306,2007,0.0,0,0,0,0,1,0,1,0,0,0,0,0,0,0,1,0.0,Matches
72,Ibane Bowat,sct SCO,DF,Portsmouth,23-099,2002,4.5,0,0,0,5,2,0,2,11,4,0,0,0,18,21,13,61.8,Matches
73,Róbert Boženík,sk SVK,FW,Stoke City,26-035,1999,5.9,1,0,0,26,7,11,2,2,3,0,0,0,8,24,33,42.1,Matches
74,Tom Bradshaw,wls WAL,FW,Oxford United,33-149,1992,0.8,0,0,0,0,3,0,0,0,0,0,0,0,3,7,15,31.8,Matches
75,Cameron Bragg,eng ENG,MF,Southampton,20-257,2005,2.1,0,0,0,2,2,0,0,1,5,0,0,0,11,3,4,42.9,Matches
76,Cameron Brannagan,eng ENG,MF,Oxford United,29-228,1996,14.9,3,0,0,12,21,0,20,12,15,0,0,0,82,2,4,33.3,Matches
77,Brau,es ESP,"DF,FW",Coventry City,23-361,2001,0.9,0,0,0,1,1,0,2,0,1,0,0,0,3,0,1,0.0,Matches
78,James Bree,eng ENG,"DF,FW",Charlton Ath,28-073,1997,14.1,4,0,0,15,6,1,93,11,11,0,0,0,51,24,20,54.5,Matches
79,Ben Brereton,cl CHI,"MF,FW",Derby County,26-249,1999,14.0,3,0,0,15,6,3,16,2,2,0,0,0,43,11,22,33.3,Matches
80,Rhian Brewster,eng ENG,"MF,FW",Derby County,25-266,2000,5.5,1,0,0,7,6,0,6,2,2,0,0,0,19,11,17,39.3,Matches
81,Callum Brittain,eng ENG,DF,Middlesbrough,27-286,1998,20.6,4,0,0,21,12,1,90,24,19,1,2,0,72,25,24,51.0,Matches
82,Nathan Broadhead,wls WAL,MF,Ipswich Town,27-262,1998,0.3,0,0,0,1,1,0,0,0,0,0,0,0,0,1,0,100.0,Matches
83,Nathan Broadhead,wls WAL,"FW,MF",Wrexham,27-262,1998,8.7,0,0,0,3,8,3,3,3,4,1,0,0,37,6,12,33.3,Matches
84,Andre Brooks,eng ENG,"MF,FW",Sheffield Utd,22-125,2003,10.7,2,0,0,13,7,2,23,3,16,1,0,0,49,17,24,41.5,Matches
85,Ciaron Brown,nir NIR,DF,Oxford United,27-343,1998,12.9,2,0,0,7,13,0,1,21,7,0,0,0,35,63,49,56.3,Matches
86,Dajaune Brown,jm JAM,FW,Derby County,20-068,2005,0.0,0,0,0,0,0,0,0,0,0,0,0,0,0,1,0,100.0,Matches
87,George Brown,,FW,Sheffield Weds,,,3.4,0,0,0,4,8,2,2,2,0,0,0,0,9,10,28,26.3,Matches
88,Alan Browne,ie IRL,"MF,DF",Middlesbrough,30-252,1995,10.4,1,0,0,10,16,0,8,20,10,0,0,0,49,19,18,51.4,Matches
89,Lewis Brunt,eng ENG,DF,Wrexham,25-047,2000,6.1,1,0,0,5,5,0,0,8,5,0,0,0,20,20,10,66.7,Matches
90,Joe Bryan,eng ENG,DF,Millwall,32-097,1993,6.3,4,1,0,12,3,0,17,14,9,0,0,0,34,10,7,58.8,Matches
91,Solomon Brynn,eng ENG,GK,Middlesbrough,25-054,2000,22.0,0,0,0,1,3,0,0,0,0,0,1,0,26,10,0,100.0,Matches
92,Cameron Burgess,au AUS,DF,Swansea City,30-063,1995,22.0,4,0,0,5,10,3,4,25,14,0,0,3,80,84,52,61.8,Matches
93,Delano Burgzorg,sr SUR,"FW,MF",Middlesbrough,27-046,1998,8.7,1,0,0,5,18,10,9,3,6,0,0,0,20,6,15,28.6,Matches
94,Reece Burke,eng ENG,DF,Charlton Ath,29-112,1996,4.6,0,0,0,2,3,2,3,8,4,0,0,0,13,15,15,50.0,Matches
95,Rumarn Burrell,jm JAM,"FW,MF",QPR,25-007,2000,18.1,3,0,0,25,12,15,21,4,5,0,0,0,40,36,74,32.7,Matches
96,Harrison Burrows,eng ENG,DF,Sheffield Utd,23-345,2002,13.3,1,0,0,5,17,0,96,8,13,0,0,0,58,9,18,33.3,Matches
97,Josef Bursik,eng ENG,GK,Portsmouth,25-164,2000,9.0,1,0,0,0,3,0,0,0,0,0,0,0,20,2,1,66.7,Matches
98,Ben Cabango,wls WAL,DF,Swansea City,25-207,2000,20.8,6,0,0,10,12,2,3,22,25,0,0,0,62,69,52,57.0,Matches
99,Liberato Cacace,nz NZL,"DF,FW",Wrexham,25-087,2000,5.4,0,0,0,8,8,1,17,4,1,0,0,0,22,1,5,16.7,Matches
100,Bailey-Tye Cadamarteri,jm JAM,FW,Sheffield Weds,20-228,2005,15.4,2,0,0,25,9,2,4,5,6,0,1,0,32,41,94,30.4,Matches
101,Jens Cajuste,se SWE,MF,Ipswich Town,26-135,1999,9.1,1,0,0,8,15,0,8,6,12,0,0,0,42,9,9,50.0,Matches
102,George Campbell,us USA,DF,West Brom,24-184,2001,15.6,4,0,0,14,10,0,33,11,24,0,0,0,56,26,31,45.6,Matches
103,Tyreece Campbell,jm JAM,"FW,MF",Charlton Ath,22-100,2003,16.7,1,0,0,13,21,7,36,5,8,0,0,0,49,12,34,26.1,Matches
104,Tyrese Campbell,eng ENG,FW,Sheffield Utd,25-360,1999,15.4,2,0,0,26,3,9,16,0,8,0,0,0,30,26,24,52.0,Matches
105,Thomas Cannon,ie IRL,"FW,MF",Sheffield Utd,22-360,2002,7.9,0,0,0,13,8,2,1,1,2,0,0,0,9,14,31,31.1,Matches
106,Todd Cantwell,eng ENG,MF,Blackburn,27-299,1998,9.4,4,0,0,10,23,2,49,6,16,0,0,0,59,8,13,38.1,Matches
107,Sonny Carey,eng ENG,MF,Charlton Ath,24-337,2001,18.3,2,0,0,14,18,0,35,10,12,0,0,0,72,14,35,28.6,Matches
108,Julián Carranza,ar ARG,"FW,MF",Leicester City,25-215,2000,3.5,1,0,0,9,4,2,1,2,5,0,0,0,8,6,15,28.6,Matches
109,Hayden Carter,eng ENG,DF,Blackburn,26-006,1999,1.0,0,0,0,1,0,0,0,0,2,0,0,0,1,3,0,100.0,Matches
110,Kaelan Casey,eng ENG,DF,Swansea City,21-056,2004,3.2,0,0,0,1,1,1,0,2,0,0,0,0,15,15,5,75.0,Matches
111,Eiran Cashin,ie IRL,DF,Birmingham City,24-044,2001,2.4,0,0,0,0,2,0,1,3,6,0,0,0,12,12,4,75.0,Matches
112,Žan Celar,si SVN,FW,QPR,26-284,1999,0.8,0,0,0,0,0,0,0,0,0,0,0,0,0,0,1,0.0,Matches
113,Ilias Chair,ma MAR,"FW,MF",QPR,28-054,1997,8.9,1,0,0,4,2,5,60,3,6,0,0,0,36,2,9,18.2,Matches
114,Giorgi Chakvetadze,ge GEO,"MF,FW",Watford,26-116,1999,2.7,2,0,0,3,2,0,8,2,2,0,0,0,7,0,4,0.0,Matches
115,Nathaniel Chalobah,eng ENG,"MF,FW",Sheffield Weds,31-011,1994,0.8,1,0,0,1,0,0,0,2,1,0,0,0,2,0,1,0.0,Matches
116,Archie Chaplin,eng ENG,"DF,FW",Middlesbrough,20-056,2005,0.0,0,0,0,0,0,0,0,0,0,0,0,0,0,0,1,0.0,Matches
117,Conor Chaplin,eng ENG,"MF,FW",Portsmouth,28-310,1997,11.2,0,0,0,7,17,0,50,3,8,0,0,0,33,11,13,45.8,Matches
118,Conor Chaplin,eng ENG,"FW,MF",Ipswich Town,28-310,1997,1.5,1,0,0,0,2,1,2,0,0,0,0,0,3,0,4,0.0,Matches
119,Pierce Charles,nir NIR,GK,Sheffield Weds,20-155,2005,5.0,0,0,0,0,2,0,0,0,0,0,0,0,8,2,0,100.0,Matches
120,Shea Charles,nir NIR,MF,Southampton,22-048,2003,11.3,3,0,0,17,31,0,8,13,20,0,0,0,66,21,16,56.8,Matches
121,Tahith Chong,cw CUW,"MF,FW",Sheffield Utd,26-019,1999,2.6,0,0,0,2,4,0,8,2,3,0,0,0,7,2,1,66.7,Matches
122,Hamza Choudhury,bd BAN,"DF,MF",Leicester City,28-083,1997,8.1,3,0,0,4,7,0,5,5,10,0,0,0,21,9,5,64.3,Matches
123,Benjamin Chrisene,eng ENG,DF,Norwich City,21-345,2004,3.7,0,0,0,3,1,1,4,0,3,0,0,0,9,3,11,21.4,Matches
124,Lamine Cissé,fr FRA,FW,Stoke City,22-311,2003,3.3,1,0,0,11,4,2,10,4,3,0,0,0,23,6,11,35.3,Matches
125,Bobby Clark,eng ENG,"MF,FW",Derby County,20-319,2005,16.3,3,0,0,26,18,2,19,13,19,0,0,0,98,14,13,51.9,Matches
126,Jack Clarke,eng ENG,FW,Ipswich Town,25-030,2000,10.6,1,0,0,17,23,1,31,6,12,0,0,0,40,3,7,30.0,Matches
127,Matthew Clarke,eng ENG,DF,Derby County,29-092,1996,22.0,3,0,0,21,12,3,4,28,26,0,0,1,81,77,60,56.2,Matches
128,Jake Clarke-Salter,eng ENG,DF,QPR,28-092,1997,2.7,0,0,0,0,0,0,2,4,0,0,0,0,5,13,3,81.3,Matches
129,Max Cleworth,wls WAL,DF,Wrexham,23-136,2002,22.0,1,0,0,14,3,2,13,21,29,0,0,0,76,58,42,58.0,Matches
130,Conor Coady,eng ENG,DF,Wrexham,32-301,1993,4.9,0,0,0,3,0,0,0,2,4,0,0,1,18,3,7,30.0,Matches
131,Josh Coburn,eng ENG,"FW,MF",Millwall,23-017,2002,7.1,1,0,0,11,13,2,5,2,4,0,0,0,22,19,31,38.0,Matches
132,Alex Cochrane,eng ENG,DF,Birmingham City,25-246,2000,16.3,3,0,0,8,19,0,90,19,9,0,0,0,39,23,25,47.9,Matches
133,Toby Collyer,eng ENG,MF,West Brom,21-354,2004,2.9,0,0,0,5,1,0,2,4,5,0,0,0,18,3,4,42.9,Matches
134,Tommy Conway,sct SCO,"FW,MF",Middlesbrough,23-139,2002,18.2,3,0,0,19,29,10,2,3,11,0,0,0,46,5,18,21.7,Matches
135,Steve Cook,eng ENG,DF,QPR,34-248,1991,13.3,2,0,0,6,10,0,3,11,5,0,0,0,35,51,21,70.8,Matches
136,Jake Cooper,eng ENG,DF,Millwall,30-323,1995,21.0,6,0,0,22,15,7,3,16,11,0,1,1,66,117,41,74.1,Matches
137,Liam Cooper,sct SCO,DF,Sheffield Weds,34-115,1991,4.4,2,0,0,4,4,0,0,9,2,0,0,0,16,25,14,64.1,Matches
138,Michael Cooper,eng ENG,GK,Sheffield Utd,26-076,1999,21.5,0,0,0,1,5,0,0,0,0,0,1,0,28,8,2,80.0,Matches
139,José Cordoba,pa PAN,DF,Norwich City,24-292,2001,6.4,1,0,0,5,5,0,7,8,9,0,0,0,32,8,10,44.4,Matches
140,Harry Cornick,eng ENG,MF,Bristol City,30-258,1995,0.1,0,0,0,0,0,0,0,0,1,0,0,0,0,0,0,,Matches
141,Conor Coventry,ie IRL,MF,Charlton Ath,25-273,2000,18.9,4,0,0,26,5,1,57,22,19,0,0,0,94,22,21,51.2,Matches
142,Lewie Coyle,eng ENG,DF,Hull City,30-069,1995,14.9,3,0,0,16,21,0,55,9,16,0,0,0,58,19,23,45.2,Matches
143,Tristan Crama,fr FRA,DF,Millwall,24-045,2001,21.7,5,0,0,25,10,1,40,32,21,0,0,0,72,87,39,69.0,Matches
144,Aaron Cresswell,eng ENG,DF,Stoke City,36-008,1989,16.5,2,0,0,4,8,2,81,16,11,0,0,0,52,18,21,46.2,Matches
145,Ante Crnac,hr CRO,"FW,MF",Norwich City,22-006,2003,8.4,2,0,0,8,3,2,7,1,4,0,0,0,24,5,7,41.7,Matches
146,Max Crocombe,nz NZL,GK,Millwall,32-133,1993,13.0,0,0,0,0,1,0,0,0,0,0,0,0,17,6,1,85.7,Matches
147,Matt Crooks,eng ENG,MF,Hull City,31-337,1994,13.5,7,0,0,34,10,1,5,12,19,0,1,0,50,21,18,53.8,Matches
148,Liam Cullen,wls WAL,"MF,FW",Swansea City,26-244,1999,9.7,4,0,0,18,10,4,6,4,7,0,0,0,20,13,24,35.1,Matches
149,Jamie Cumming,eng ENG,GK,Oxford United,26-110,1999,22.0,0,0,0,1,0,0,0,0,0,0,0,0,33,12,0,100.0,Matches
150,Luke Cundle,eng ENG,MF,Millwall,23-241,2002,8.6,0,0,0,7,7,0,14,5,8,0,0,0,45,10,10,50.0,Matches
151,Jack Currie,eng ENG,DF,Oxford United,23-059,2002,12.2,3,0,0,18,14,0,27,25,28,0,1,0,42,26,22,54.2,Matches
152,Patson Daka,zm ZAM,FW,Leicester City,27-075,1998,9.1,1,0,0,12,17,3,4,0,3,0,0,0,5,27,32,45.8,Matches
153,Harry Darling,eng ENG,DF,Norwich City,26-137,1999,21.0,5,0,0,11,29,2,3,21,11,0,1,0,70,49,38,56.3,Matches
154,Jay Dasilva,wls WAL,DF,Coventry City,27-245,1998,19.8,4,1,0,15,6,0,56,23,25,0,0,0,87,8,22,26.7,Matches
155,Adam Davies,wls WAL,GK,Sheffield Utd,33-159,1992,0.5,0,0,0,0,0,0,0,0,0,0,0,0,0,1,0,100.0,Matches
156,Ben Davies,eng ENG,DF,Oxford United,30-134,1995,5.1,0,0,0,2,3,0,0,5,3,0,0,0,21,9,4,69.2,Matches
157,Tom Davies,eng ENG,MF,Sheffield Utd,27-176,1998,2.0,0,0,0,3,3,0,2,4,1,0,0,0,8,2,2,50.0,Matches
158,Leif Davis,eng ENG,DF,Ipswich Town,25-345,2000,20.5,2,0,0,13,32,6,115,17,10,1,1,0,71,36,29,55.4,Matches
159,Bobby De Cordova-Reid,jm JAM,MF,Leicester City,32-324,1993,7.1,1,0,0,4,4,2,6,4,7,0,0,0,29,4,8,33.3,Matches
160,Brian De Keersmaecker,be BEL,MF,Oxford United,25-231,2000,19.7,3,0,0,14,16,0,116,23,21,0,0,0,115,11,16,40.7,Matches
161,Dion De Neve,be BEL,"DF,FW",Blackburn,23-194,2002,6.4,0,0,0,2,0,0,58,2,11,0,0,0,27,5,27,15.6,Matches
162,Tom Dele-Bashiru,ng NGA,MF,Watford,26-097,1999,0.1,0,0,0,0,0,0,0,0,0,0,0,0,1,0,0,,Matches
163,Karamoko Dembélé,eng ENG,"FW,MF",QPR,22-304,2003,12.1,2,0,0,10,19,2,53,3,13,0,0,0,40,5,17,22.7,Matches
164,Siriki Dembélé,ci CIV,"MF,FW",Oxford United,29-107,1996,5.9,1,0,0,8,17,0,20,5,6,0,0,0,40,6,12,33.3,Matches
165,Enis Destan,tr TUR,FW,Hull City,23-191,2002,4.6,3,0,0,11,2,0,1,1,0,0,0,0,18,27,33,45.0,Matches
166,Alfie Devine,eng ENG,MF,Preston,21-144,2004,14.9,3,0,0,12,11,2,72,9,22,0,0,0,61,12,17,41.4,Matches
167,Terry Devlin,nir NIR,DF,Portsmouth,22-047,2003,7.7,1,1,0,6,5,0,26,13,16,0,1,0,45,23,15,60.5,Matches
168,Ousmane Diakité,ml MLI,MF,West Brom,25-151,2000,9.7,1,0,0,8,19,0,4,14,14,0,1,0,67,15,17,46.9,Matches
169,Tyler Dibling,eng ENG,FW,Southampton,19-286,2006,0.1,0,0,0,1,0,0,0,1,0,0,0,0,0,0,1,0.0,Matches
170,Robert Dickie,eng ENG,DF,Bristol City,29-295,1996,19.7,2,0,0,7,20,0,2,28,14,0,0,0,99,84,39,68.3,Matches
171,Daryl Dike,us USA,"MF,FW",West Brom,25-203,2000,0.2,0,0,0,0,0,0,0,0,0,0,0,0,0,3,3,50.0,Matches
172,Nathan Dlamini,,FW,Blackburn,,,0.0,0,0,0,0,0,0,0,0,0,0,0,0,0,0,0,,Matches
173,Lewis Dobbin,eng ENG,FW,Preston,22-354,2003,11.8,0,0,0,6,13,1,6,1,3,0,0,0,34,0,15,0.0,Matches
174,George Dobson,eng ENG,MF,Wrexham,28-038,1997,19.1,4,0,0,21,14,1,19,17,42,0,0,0,99,21,21,50.0,Matches
175,Greg Docherty,sct SCO,MF,Charlton Ath,29-104,1996,16.5,4,0,0,28,11,1,3,12,16,0,0,0,67,30,24,55.6,Matches
176,Jamie Donley,nir NIR,MF,Stoke City,20-354,2005,0.9,0,0,0,0,1,0,0,0,1,0,0,0,3,1,1,50.0,Matches
177,Alfie Doughty,eng ENG,"DF,MF",Millwall,26-002,1999,6.5,2,0,0,11,3,1,66,8,8,0,0,0,46,10,6,62.5,Matches
178,Mamadou Doumbia,ml MLI,FW,Watford,19-308,2006,10.7,2,0,0,17,8,7,12,2,3,0,0,0,33,24,42,36.4,Matches
179,Flynn Downes,eng ENG,MF,Southampton,26-337,1999,11.2,6,0,0,24,11,0,4,19,14,0,0,0,46,17,13,56.7,Matches
180,Damion Downs,us USA,"FW,MF",Southampton,21-170,2004,3.1,1,0,0,4,1,2,0,0,0,0,0,0,4,2,8,20.0,Matches
181,Callum Doyle,eng ENG,DF,Wrexham,22-081,2003,7.9,2,1,0,6,4,1,11,13,9,0,0,0,40,19,24,44.2,Matches
182,Tommy Doyle,eng ENG,"MF,FW",Birmingham City,24-067,2001,12.9,1,1,0,15,10,0,72,13,10,0,0,0,67,3,10,23.1,Matches
183,Andre Dozzell,eng ENG,MF,Portsmouth,26-235,1999,19.2,6,0,0,20,9,2,37,11,14,0,1,0,58,19,21,47.5,Matches
184,Cody Drameh,eng ENG,"DF,FW",Hull City,24-015,2001,8.6,1,0,0,1,6,0,11,7,14,0,0,0,33,10,13,43.5,Matches
185,Marvin Ducksch,de GER,FW,Birmingham City,31-291,1994,7.5,0,0,0,3,2,4,8,0,0,1,0,0,8,11,16,40.7,Matches
186,Shane Duffy,ie IRL,DF,Norwich City,33-356,1992,2.9,2,0,0,4,1,1,0,0,3,0,0,0,13,14,1,93.3,Matches
187,Jimmy Dunne,ie IRL,DF,QPR,28-065,1997,19.7,2,0,0,16,12,1,20,19,26,0,0,0,55,91,60,60.3,Matches
188,Pierre Dwomoh,be BEL,MF,Watford,21-185,2004,0.0,0,0,0,0,0,0,0,0,0,0,0,0,0,0,0,,Matches
189,Lyndon Dykes,sct SCO,"FW,MF",Birmingham City,30-077,1995,4.2,0,0,0,11,4,1,3,3,3,1,1,0,11,30,38,44.1,Matches
190,Josh Eccles,eng ENG,"MF,FW",Coventry City,25-261,2000,6.5,2,0,0,9,16,0,5,5,5,0,0,0,21,11,15,42.3,Matches
191,George Edmundson,eng ENG,DF,Middlesbrough,28-114,1997,2.1,1,0,0,2,0,0,0,5,3,0,0,1,6,5,4,55.6,Matches
192,Joshua Edwards,eng ENG,DF,Charlton Ath,25-210,2000,6.1,1,0,0,7,15,0,30,2,6,0,0,0,13,19,16,54.3,Matches
193,Ronnie Edwards,eng ENG,DF,Southampton,22-270,2003,7.4,0,0,0,4,4,0,3,4,5,0,1,0,25,15,13,53.6,Matches
194,John Egan,ie IRL,DF,Hull City,33-064,1992,17.1,2,0,0,9,15,0,1,18,16,0,0,0,44,53,41,56.4,Matches
195,Sindre Egeli,no NOR,FW,Ipswich Town,19-185,2006,10.1,2,0,0,16,6,1,36,3,5,0,0,0,40,7,12,36.8,Matches
196,Callum Elder,au AUS,DF,Derby County,30-330,1995,15.5,4,0,0,15,12,0,117,19,24,0,0,0,38,44,35,55.7,Matches
197,Aidomo Emakhu,ie IRL,"FW,MF",Millwall,22-058,2003,10.7,0,0,0,11,15,6,88,4,11,0,0,0,32,7,9,43.8,Matches
198,Esquerdinha,br BRA,DF,QPR,19-298,2006,4.0,0,0,0,2,3,0,8,2,7,0,0,0,19,8,4,66.7,Matches
199,Milan van Ewijk,nl NED,DF,Coventry City,25-106,2000,19.4,6,0,0,16,3,1,65,19,28,0,0,0,70,14,18,43.8,Matches
200,Wout Faes,be BEL,DF,Leicester City,27-264,1998,9.5,1,0,0,6,3,0,2,8,5,0,1,0,33,10,20,33.3,Matches
201,Akin Famewo,eng ENG,"DF,MF",Hull City,27-044,1998,0.8,0,0,0,0,1,0,1,2,6,0,0,0,6,3,0,100.0,Matches
202,Abdul Fatawu Issahaku,gh GHA,FW,Leicester City,21-290,2004,20.5,4,0,0,30,34,8,98,13,12,0,0,0,89,18,35,34.0,Matches
203,Tom Fellows,eng ENG,"DF,FW",Southampton,22-151,2003,10.8,2,0,0,10,19,4,50,4,11,0,0,0,27,1,6,14.3,Matches
204,Tom Fellows,eng ENG,FW,West Brom,22-151,2003,2.6,0,0,0,2,3,1,15,0,0,0,0,0,7,1,3,25.0,Matches
205,Bruno Fernandes,pt POR,MF,Sheffield Weds,19-348,2006,0.0,0,0,0,0,0,0,0,0,0,0,0,0,0,0,0,,Matches
206,Mateus Fernandes,pt POR,MF,Southampton,21-166,2004,2.1,0,0,0,2,2,0,12,1,2,0,0,0,9,0,2,0.0,Matches
207,Sam Field,eng ENG,"DF,MF",QPR,27-229,1998,7.7,0,0,0,6,6,1,1,6,7,0,1,0,26,22,14,61.1,Matches
208,Kellen Fisher,eng ENG,DF,Norwich City,21-232,2004,15.5,6,0,0,22,21,0,38,25,33,0,1,0,76,11,13,45.8,Matches
209,Adam Forshaw,eng ENG,MF,Blackburn,34-076,1991,2.4,1,0,0,2,2,0,5,2,2,0,0,0,16,3,5,37.5,Matches
210,Amankwah Forson,gh GHA,"FW,MF",Norwich City,22-357,2002,4.9,0,0,0,3,2,0,7,0,8,0,0,0,14,4,11,26.7,Matches
211,Marcus Forss,fi FIN,FW,Middlesbrough,26-188,1999,0.0,0,0,0,1,1,0,0,0,0,0,0,0,0,0,3,0.0,Matches
212,Craig Forsyth,sct SCO,"DF,MF",Derby County,36-302,1989,8.9,2,0,0,4,2,0,21,16,12,0,0,0,32,15,12,55.6,Matches
213,Gonçalo Franco,pt POR,MF,Swansea City,25-036,2000,17.3,5,0,0,30,37,1,17,16,34,0,0,0,67,11,34,24.4,Matches
214,Ryan Fraser,sct SCO,"DF,FW",Southampton,31-302,1994,9.5,0,0,0,3,8,3,54,1,2,0,0,0,23,7,18,28.0,Matches
215,Michael Frey,ch SUI,FW,QPR,31-157,1994,3.4,0,0,0,8,0,3,3,1,4,0,0,0,13,12,18,40.0,Matches
216,Dael Fry,eng ENG,DF,Middlesbrough,28-115,1997,9.4,0,0,0,5,4,1,0,6,3,0,0,0,24,30,23,56.6,Matches
217,Mads Frøkjær-Jensen,dk DEN,"FW,MF",Preston,26-147,1999,4.1,0,0,0,7,4,0,10,3,8,0,0,0,19,3,9,25.0,Matches
218,Kanya Fujimoto,jp JPN,MF,Birmingham City,26-175,1999,0.0,0,0,0,0,0,0,1,0,0,0,0,0,0,0,2,0.0,Matches
219,Ibrahim Fullah,eng ENG,FW,Charlton Ath,18-262,2007,2.2,1,0,0,2,3,0,3,1,2,0,0,0,9,3,4,42.9,Matches
220,Jay Fulton,sct SCO,MF,Swansea City,31-266,1994,2.4,2,0,0,5,5,1,0,2,5,0,0,0,8,7,5,58.3,Matches
221,Darnell Furlong,eng ENG,DF,West Brom,30-053,1995,3.0,2,1,1,6,2,0,4,2,2,0,0,0,8,8,4,66.7,Matches
222,Darnell Furlong,eng ENG,DF,Ipswich Town,30-053,1995,15.6,2,0,0,17,15,1,17,17,17,0,0,0,42,26,15,63.4,Matches
223,Kyogo Furuhashi,jp JPN,FW,Birmingham City,30-337,1995,8.2,1,0,0,15,6,6,6,4,2,0,0,0,9,4,20,16.7,Matches
224,Sean Fusire,zw ZIM,"DF,MF",Sheffield Weds,20-206,2005,11.4,3,0,0,9,10,0,10,11,16,0,0,0,55,9,10,47.4,Matches
225,Ethan Galbraith,nir NIR,"MF,DF",Swansea City,24-226,2001,20.4,5,0,0,20,25,1,41,16,16,1,0,0,111,24,18,57.1,Matches
226,Sam Gallagher,eng ENG,FW,Stoke City,30-099,1995,1.5,0,0,0,2,4,2,0,0,2,0,0,0,1,9,11,45.0,Matches
227,Taylor Gardner-Hickman,eng ENG,MF,Blackburn,23-358,2001,11.4,6,0,0,13,14,0,36,15,16,0,0,0,49,14,19,42.4,Matches
228,Taylor Gardner-Hickman,eng ENG,MF,Birmingham City,23-358,2001,0.0,0,0,0,1,0,0,0,0,0,0,0,0,0,0,0,,Matches
229,Joe Gelhardt,eng ENG,"FW,MF",Hull City,23-233,2002,16.0,3,0,0,13,34,0,39,9,16,1,0,0,75,19,41,31.7,Matches
230,Liam Gibbs,eng ENG,"MF,FW",Norwich City,23-007,2002,3.5,0,0,0,3,5,0,21,1,1,0,0,0,10,3,3,50.0,Matches
231,Lewis Gibson,eng ENG,DF,Preston,25-157,2000,11.4,0,0,0,7,11,0,4,15,8,0,0,0,48,27,12,69.2,Matches
232,Alexander Gilbert,ie IRL,"MF,DF",Middlesbrough,23-360,2001,3.2,1,0,0,0,1,0,1,3,5,0,0,0,19,1,4,20.0,Matches
233,Alfie Gilchrist,eng ENG,DF,West Brom,22-025,2003,3.1,0,1,0,5,3,0,2,5,6,0,0,0,11,7,1,87.5,Matches
234,Ryan Giles,eng ENG,DF,Hull City,25-331,2000,21.3,5,0,0,13,2,3,154,11,13,0,0,0,57,7,5,58.3,Matches
235,Macaulay Gillesphey,eng ENG,DF,Charlton Ath,30-029,1995,14.7,1,0,0,9,3,0,17,7,11,0,0,0,50,36,26,58.1,Matches
236,Brodie Gilmore,nir NIR,DF,Oxford United,21-231,2004,10.0,1,0,0,12,10,0,16,12,20,0,0,0,38,27,23,54.0,Matches
237,Ben Godfrey,eng ENG,DF,Sheffield Utd,27-342,1998,3.5,0,0,0,3,0,0,5,4,5,0,0,0,6,10,6,62.5,Matches
238,Tyler Goodhram,eng ENG,"MF,FW",Oxford United,22-138,2003,5.3,1,0,0,8,12,0,13,3,5,0,0,0,21,4,11,26.7,Matches
239,Kenzo Goudmijn,nl NED,MF,Derby County,24-005,2001,1.1,0,0,0,4,0,0,4,0,2,0,0,0,4,2,0,100.0,Matches
240,Keenan Gough,eng ENG,DF,Charlton Ath,19-298,2006,0.0,0,0,0,0,0,0,0,0,0,0,0,0,0,0,0,,Matches
241,Karlan Grant,eng ENG,"FW,MF",West Brom,28-096,1997,11.1,2,0,0,6,19,3,49,7,8,0,0,0,57,12,25,32.4,Matches
242,Demarai Gray,jm JAM,"FW,MF",Birmingham City,29-178,1996,18.2,2,0,0,14,30,4,84,6,18,0,0,0,66,7,12,36.8,Matches
243,Jacob Greaves,eng ENG,DF,Ipswich Town,25-102,2000,9.1,1,0,0,6,9,0,4,7,4,0,1,0,27,52,21,71.2,Matches
244,Jack Grieves,eng ENG,MF,Watford,21-018,2004,0.2,0,0,0,0,0,0,0,1,0,0,0,0,0,0,1,0.0,Matches
245,Joshua Griffiths,eng ENG,GK,West Brom,24-109,2001,18.0,0,0,0,0,2,0,0,0,0,0,0,0,32,4,1,80.0,Matches
246,Matt Grimes,eng ENG,MF,Coventry City,30-161,1995,21.9,3,0,0,10,15,0,143,14,28,0,0,0,112,21,25,45.7,Matches
247,Makhtar Gueye,sn SEN,FW,Blackburn,28-019,1997,2.2,1,0,0,6,0,8,2,1,2,0,0,0,11,28,21,57.1,Matches
248,Andri Guðjohnsen,is ISL,FW,Blackburn,23-328,2002,13.5,1,0,0,14,19,3,2,2,1,0,0,0,45,56,82,40.6,Matches
249,Darko Gyabi,eng ENG,"MF,FW",Hull City,21-308,2004,5.7,0,0,0,9,7,1,2,3,5,0,0,0,32,9,11,45.0,Matches
250,Hayden Hackney,eng ENG,MF,Middlesbrough,23-180,2002,21.2,3,0,0,29,29,2,93,16,29,0,1,0,128,8,11,42.1,Matches
251,Amir Hadžiahmetović,ba BIH,MF,Hull City,28-290,1997,10.9,0,0,0,9,14,0,11,6,19,0,0,0,61,11,14,44.0,Matches
252,Ali Al Hamadi,iq IRQ,MF,Ipswich Town,23-297,2002,0.1,0,0,0,1,0,0,0,0,0,0,0,0,0,0,1,0.0,Matches
253,Ben Hamer,eng ENG,GK,QPR,38-033,1987,3.2,0,0,0,0,0,0,0,0,0,0,0,0,2,3,1,75.0,Matches
254,Gustavo Hamer,nl NED,"MF,FW",Sheffield Utd,28-182,1997,11.7,4,0,0,21,15,2,74,8,6,0,0,0,56,3,7,30.0,Matches
255,Micah Hamilton,eng ENG,MF,Middlesbrough,22-040,2003,0.0,0,0,0,0,0,0,0,0,0,0,0,0,0,0,0,,Matches
256,Sontje Hansen,cw CUW,"MF,FW",Middlesbrough,23-225,2002,3.7,0,0,0,3,8,0,3,0,4,0,0,0,10,1,2,33.3,Matches
257,Ryan Hardie,sct SCO,FW,Wrexham,28-281,1997,2.0,0,0,0,0,0,0,3,1,1,0,0,0,4,2,5,28.6,Matches
258,Wes Harding,jm JAM,DF,Millwall,29-064,1996,2.3,0,0,0,5,1,2,2,2,4,0,0,0,8,8,4,66.7,Matches
259,Luke Harris,wls WAL,"MF,FW",Oxford United,20-264,2005,5.4,2,0,0,8,4,1,2,4,7,0,0,0,17,10,12,45.5,Matches
260,Mark Harris,wls WAL,FW,Oxford United,26-359,1998,6.7,3,0,0,12,6,5,6,1,2,0,0,0,18,0,11,0.0,Matches
261,Taylor Harwood-Bellis,eng ENG,DF,Southampton,23-327,2002,17.0,5,0,0,14,15,1,7,18,12,1,0,1,65,61,44,58.1,Matches
262,Isaac Hayden,jm JAM,MF,QPR,30-276,1995,4.2,2,0,0,6,7,1,3,6,6,0,0,0,13,12,6,66.7,Matches
263,Ryan Hedges,wls WAL,"DF,FW",Blackburn,30-168,1995,14.7,3,0,0,24,10,3,56,18,20,0,0,0,83,28,25,52.8,Matches
264,Aune Heggebø,no NOR,FW,West Brom,24-147,2001,18.1,1,0,0,32,28,16,1,1,13,0,0,0,25,62,108,36.5,Matches
265,Torbjørn Heggem,no NOR,DF,West Brom,26-345,1999,1.0,0,0,0,0,1,0,0,2,0,0,0,0,1,1,2,33.3,Matches
266,Michał Helik,pl POL,DF,Oxford United,30-105,1995,22.0,1,0,0,21,11,0,2,36,12,0,0,0,47,100,61,62.1,Matches
267,Axel Henriksson,se SWE,"MF,FW",Blackburn,23-251,2002,5.0,2,0,0,19,5,1,3,2,6,0,0,1,16,13,16,44.8,Matches
268,Onel Hernández,cu CUB,"FW,MF",Charlton Ath,32-325,1993,2.5,1,0,0,5,2,0,3,3,3,0,1,0,9,0,3,0.0,Matches
269,Yu Hirakawa,jp JPN,"DF,MF",Bristol City,24-353,2001,4.9,2,0,0,5,9,0,11,6,10,0,0,0,22,2,9,18.2,Matches
270,George Hirst,sct SCO,FW,Ipswich Town,26-311,1999,14.4,4,0,0,27,9,5,2,1,4,0,0,0,17,40,36,52.6,Matches
271,Ethan Horvath,us USA,GK,Sheffield Weds,30-197,1995,14.0,1,1,0,1,3,0,0,0,0,0,0,0,16,2,1,66.7,Matches
272,Andrew Hughes,wls WAL,DF,Preston,33-201,1992,20.8,8,0,0,28,12,0,26,26,14,0,0,1,76,84,38,68.9,Matches
273,Charlie Hughes,eng ENG,DF,Hull City,22-068,2003,19.5,2,0,0,17,15,0,2,21,17,0,1,0,94,54,25,68.4,Matches
274,Cameron Humphreys,eng ENG,MF,Ipswich Town,22-054,2003,0.1,0,0,0,0,0,0,2,1,0,0,0,0,0,0,0,,Matches
275,Dominic Hyam,sct SCO,DF,Wrexham,30-003,1995,16.9,1,0,0,11,12,3,1,20,6,0,0,0,55,48,37,56.5,Matches
276,Dominic Hyam,sct SCO,DF,Blackburn,30-003,1995,4.0,0,0,0,2,2,0,0,2,3,0,0,0,13,8,3,72.7,Matches
277,Adam Idah,ie IRL,FW,Swansea City,24-315,2001,6.9,1,0,0,6,3,3,4,1,2,0,0,0,17,13,29,31.0,Matches
278,Samuel Iling-Junior,eng ENG,"FW,MF",West Brom,22-080,2003,8.7,0,0,0,12,13,2,29,7,4,0,0,0,34,10,15,40.0,Matches
279,Tom Ince,eng ENG,MF,Watford,33-327,1992,4.6,0,0,0,1,5,0,7,5,6,0,0,0,19,1,2,33.3,Matches
280,Svante Ingelsson,se SWE,MF,Sheffield Weds,27-192,1998,19.7,1,0,0,40,23,3,46,15,26,0,0,0,80,20,56,26.3,Matches
281,Danny Ings,eng ENG,FW,Sheffield Utd,33-153,1992,5.3,0,0,0,4,6,7,5,0,1,1,0,0,12,8,10,44.4,Matches
282,Zeidane Inoussa,se SWE,"FW,MF",Swansea City,23-224,2002,10.1,2,0,0,23,23,5,16,5,10,0,0,0,49,14,23,37.8,Matches
283,Dominic Iorfa,eng ENG,DF,Sheffield Weds,30-182,1995,18.0,6,0,0,19,13,1,1,17,21,0,0,0,51,92,51,64.3,Matches
284,Nestory Irankunda,au AUS,"FW,MF",Watford,19-317,2006,10.0,5,0,0,15,21,1,11,1,8,1,0,0,28,24,17,58.5,Matches
285,Mihailo Ivanović,rs SRB,FW,Millwall,21-024,2004,18.5,0,0,0,23,10,13,9,4,7,0,0,0,29,92,147,38.5,Matches
286,Daniel Iversen,dk DEN,GK,Preston,28-157,1997,22.0,1,0,0,0,0,0,0,0,0,0,0,0,37,6,2,75.0,Matches
287,Tomoki Iwata,jp JPN,"DF,MF",Birmingham City,28-260,1997,20.5,6,0,0,23,16,1,62,15,20,0,0,0,82,30,17,63.8,Matches
288,Kayden Jackson,eng ENG,"MF,FW",Derby County,31-304,1994,4.1,1,0,0,7,9,0,12,2,2,0,0,0,18,6,11,35.3,Matches
289,Jordan James,wls WAL,MF,Leicester City,21-174,2004,14.0,2,0,0,18,9,1,77,6,12,0,0,0,47,4,13,23.5,Matches
290,Matty James,eng ENG,MF,Wrexham,34-154,1991,12.7,2,0,0,2,10,0,35,12,22,0,0,0,59,16,18,47.1,Matches
291,Caspar Jander,de GER,MF,Southampton,22-275,2003,15.3,2,0,0,18,21,0,2,17,26,0,0,0,59,13,15,46.4,Matches
292,Daniel Jebbison,ca CAN,FW,Preston,22-132,2003,8.9,2,0,0,14,16,9,2,4,4,0,0,0,23,21,43,32.8,Matches
293,Elias Jelert,dk DEN,DF,Southampton,22-194,2003,0.9,0,0,0,1,0,0,9,2,1,0,0,0,3,0,1,0.0,Matches
294,Eom Jisung,kr KOR,"FW,MF",Swansea City,23-228,2002,11.6,0,0,0,16,24,3,80,8,12,0,0,0,33,21,26,44.7,Matches
295,Viktor Johansson,se SWE,GK,Stoke City,27-100,1998,22.0,2,0,0,0,12,0,0,0,1,0,0,0,47,11,2,84.6,Matches
296,Ben Johnson,eng ENG,DF,Ipswich Town,25-333,2000,3.8,1,0,0,6,1,0,17,3,4,0,0,0,18,3,2,60.0,Matches
297,Reece Johnson,eng ENG,"DF,MF",Sheffield Weds,19-326,2006,0.6,0,0,0,1,0,0,2,0,1,0,0,0,2,0,2,0.0,Matches
298,Max Johnston,sct SCO,DF,Derby County,21-362,2003,8.7,1,0,0,4,0,2,68,2,8,0,0,0,23,3,11,21.4,Matches
299,Michael Johnston,ie IRL,"FW,MF",West Brom,26-248,1999,16.3,1,0,0,14,13,2,136,5,10,0,0,0,81,7,12,36.8,Matches
300,Alfie Jones,ca CAN,DF,Middlesbrough,28-077,1997,20.7,3,1,0,17,6,0,2,19,26,0,0,0,90,42,40,51.2,Matches
301,Lloyd Jones,eng ENG,DF,Charlton Ath,30-077,1995,20.9,4,0,0,29,28,1,1,31,14,0,0,0,56,126,59,68.1,Matches
302,Kyle Joseph,sct SCO,FW,Hull City,24-104,2001,15.6,3,0,0,32,22,9,7,7,16,0,0,0,38,33,68,32.7,Matches
303,Bae Junho,kr KOR,MF,Stoke City,22-124,2003,16.8,0,0,0,11,21,1,10,7,9,0,0,0,67,19,28,40.4,Matches
304,Matěj Jurásek,cz CZE,"FW,MF",Norwich City,22-115,2003,2.9,0,0,0,5,6,1,18,1,5,0,0,0,13,2,6,25.0,Matches
305,James Justin,eng ENG,DF,Leicester City,27-303,1998,1.7,0,0,0,1,5,0,1,1,1,0,0,0,4,7,6,53.8,Matches
306,Issa Kaboré,bf BFA,DF,Wrexham,24-225,2001,9.3,1,0,0,10,18,1,52,10,11,0,0,0,42,7,4,63.6,Matches
307,Mamadou Kaly Sene,sn SEN,"FW,MF",Middlesbrough,24-209,2001,5.6,2,0,0,9,6,5,7,1,5,0,0,0,13,6,22,21.4,Matches
308,Abu Kamara,eng ENG,FW,Hull City,22-155,2003,1.1,0,0,0,0,1,0,1,0,1,0,0,0,3,1,2,33.3,Matches
309,Thomas Kaminski,be BEL,GK,Charlton Ath,33-061,1992,21.0,0,0,0,0,5,0,0,0,0,0,0,0,41,2,1,66.7,Matches
310,Abdoulaye Kanté,fr FRA,MF,Middlesbrough,20-167,2005,0.9,0,0,0,2,0,0,1,1,3,0,0,0,6,2,2,50.0,Matches
311,Augustus Kargbo,sl SLE,FW,Blackburn,26-121,1999,5.0,0,0,0,7,10,4,15,2,5,0,0,0,23,3,10,23.1,Matches
312,Edo Kayembe,cd COD,MF,Watford,27-203,1998,12.4,2,0,0,11,4,0,17,6,5,0,0,0,69,16,18,47.1,Matches
313,Will Keane,ie IRL,MF,Preston,32-346,1993,0.1,0,0,0,0,0,0,0,0,0,0,0,0,1,1,0,100.0,Matches
314,Kévin Keben Biakolo,cm CMR,DF,Watford,21-331,2004,15.6,3,0,0,12,10,1,1,15,11,0,0,0,48,31,24,56.4,Matches
315,Daniel Kelly,sct SCO,"MF,FW",Millwall,20-081,2005,3.8,0,0,0,4,3,0,3,1,4,0,0,0,11,2,4,33.3,Matches
316,Charlie Kelman,us USA,FW,Charlton Ath,24-051,2001,7.9,1,0,0,13,4,8,7,0,2,0,0,0,14,15,49,23.4,Matches
317,Kaine Kesler-Hayden,eng ENG,"DF,FW",Coventry City,23-061,2002,4.5,1,0,0,4,10,0,10,5,9,0,0,0,24,7,8,46.7,Matches
318,Josh Key,eng ENG,DF,Swansea City,26-034,1999,16.9,1,0,0,17,15,0,54,12,15,0,0,0,70,11,31,26.2,Matches
319,Bilal El Khannouss,ma MAR,"MF,FW",Leicester City,21-227,2004,1.5,0,0,0,0,1,0,15,3,2,0,0,0,8,1,1,50.0,Matches
320,Ben Killip,eng ENG,GK,Portsmouth,30-029,1995,1.7,0,0,0,0,0,0,0,0,0,0,0,0,9,1,0,100.0,Matches
321,Cédric Kipré,ci CIV,DF,Ipswich Town,29-014,1996,13.0,3,0,0,7,11,3,5,14,9,0,0,1,51,37,19,66.1,Matches
322,Makenzie Kirk,nir NIR,FW,Portsmouth,21-320,2004,2.9,1,0,0,2,4,6,3,0,1,0,0,0,6,5,14,26.3,Matches
323,Liam Kitching,eng ENG,DF,Coventry City,26-083,1999,20.6,4,0,0,17,17,1,9,18,12,0,0,0,56,78,52,60.0,Matches
324,Luca Kjerrumgaard,dk DEN,FW,Watford,22-317,2003,14.9,1,0,0,20,8,5,2,2,4,0,0,0,26,56,64,46.7,Matches
325,Christoph Klarer,at AUT,DF,Birmingham City,25-192,2000,22.0,5,0,0,18,13,2,6,30,11,0,0,0,89,109,50,68.6,Matches
326,Harvey Knibbs,eng ENG,MF,Charlton Ath,26-241,1999,4.9,3,0,0,12,7,2,5,1,5,0,0,0,9,7,21,25.0,Matches
327,Jason Knight,ie IRL,MF,Bristol City,24-313,2001,10.5,2,0,0,8,16,0,15,13,6,0,0,0,60,10,8,55.6,Matches
328,Josh Knight,eng ENG,DF,Portsmouth,28-107,1997,10.8,0,0,0,7,6,0,1,8,5,0,0,0,41,31,29,51.7,Matches
329,Olaf Kobacki,pl POL,DF,Sheffield Weds,24-166,2001,2.4,0,0,0,2,2,0,5,2,4,0,0,0,10,2,2,50.0,Matches
330,Rayan Kolli,dz ALG,"FW,MF",QPR,20-316,2005,2.2,0,0,0,3,7,0,7,0,2,0,0,0,12,1,10,9.1,Matches
331,Richard Kone,ci CIV,"MF,FW",QPR,22-161,2003,15.8,2,0,0,27,9,10,4,1,17,0,0,0,55,50,75,40.0,Matches
332,Márk Kosznovszky,hu HUN,"MF,FW",Portsmouth,23-250,2002,6.2,1,0,0,10,3,0,19,6,6,0,0,0,29,12,18,40.0,Matches
333,Lewis Koumas,wls WAL,"FW,MF",Birmingham City,20-095,2005,4.8,1,0,0,12,6,2,27,1,5,0,0,0,14,3,9,25.0,Matches
334,Vladan Kovačević,ba BIH,GK,Norwich City,27-256,1998,22.0,2,0,0,0,6,0,0,0,0,0,0,0,37,12,0,100.0,Matches
335,Filip Krastev,bg BUL,"MF,FW",Oxford United,24-069,2001,8.0,1,0,0,14,17,1,2,12,25,0,0,0,46,7,12,36.8,Matches
336,Mathias Kvistgaarden,dk DEN,"MF,FW",Norwich City,23-252,2002,4.5,0,0,0,2,9,6,4,2,2,0,0,0,14,7,20,25.9,Matches
337,Hector Kyprianou,cy CYP,MF,Watford,24-210,2001,15.4,5,0,0,28,23,0,0,24,13,0,0,0,50,31,20,60.8,Matches
338,Ethan Laird,eng ENG,DF,Birmingham City,24-229,2001,4.1,0,0,0,1,16,0,8,8,7,1,0,0,14,16,13,55.2,Matches
339,Callum Lang,eng ENG,FW,Portsmouth,27-106,1998,5.4,1,0,0,8,11,2,19,2,7,0,0,0,23,3,11,21.4,Matches
340,Sondre Langås,no NOR,DF,Derby County,24-324,2001,11.4,1,0,0,5,6,0,1,14,11,0,0,0,35,31,30,50.8,Matches
341,Macaulay Langstaff,eng ENG,"MF,FW",Millwall,28-323,1997,3.2,1,0,0,5,5,2,3,1,2,0,0,0,9,5,14,26.3,Matches
342,Will Lankshear,eng ENG,FW,Oxford United,20-247,2005,15.1,1,0,0,36,25,25,6,3,4,0,0,0,28,20,40,33.3,Matches
343,Joshua Laqeretabua,fj FIJ,FW,Charlton Ath,20-088,2005,0.0,0,0,0,0,0,0,0,0,0,0,0,0,0,0,0,,Matches
344,Joël Latibeaudière,jm JAM,DF,Coventry City,25-351,2000,1.0,0,0,0,0,1,0,0,1,0,0,0,0,5,4,1,80.0,Matches
345,Mohammed Lawal,ie IRL,"DF,MF",Stoke City,22-207,2003,11.6,3,0,0,10,11,0,3,7,9,0,0,0,49,36,20,64.3,Matches
346,Luke Le Roux,za RSA,MF,Portsmouth,25-288,2000,3.5,2,0,0,10,0,0,4,6,5,0,0,0,22,4,2,66.7,Matches
347,Miles Leaburn,eng ENG,FW,Charlton Ath,22-025,2003,12.7,1,0,0,18,19,7,10,5,6,0,0,0,33,99,73,57.6,Matches
348,Greg Leigh,jm JAM,"DF,FW",Oxford United,31-084,1994,9.6,0,0,0,3,8,3,19,13,11,0,0,1,24,25,27,48.1,Matches
349,Darragh Lenihan,ie IRL,DF,Middlesbrough,31-282,1994,1.0,1,0,0,1,0,0,0,1,0,0,0,0,3,7,1,87.5,Matches
350,Marc Leonard,sct SCO,MF,Birmingham City,24-004,2001,6.2,1,0,0,10,3,0,11,9,15,0,0,0,39,8,7,53.3,Matches
351,Ryan Leonard,eng ENG,DF,Millwall,33-213,1992,10.5,2,0,0,20,15,0,23,10,22,0,0,0,40,27,18,60.0,Matches
352,Jamal Lewis,nir NIR,"DF,FW",Preston,27-332,1998,2.4,0,0,0,2,0,0,9,3,1,0,0,0,9,2,3,40.0,Matches
353,Liam Lindsay,sct SCO,DF,Preston,30-072,1995,9.6,4,1,0,19,7,2,0,14,6,0,0,0,29,50,24,67.6,Matches
354,Matty Litherland,,DF,Blackburn,,,0.8,0,0,0,0,0,0,1,0,3,0,0,0,5,0,4,0.0,Matches
355,Sam Long,eng ENG,DF,Oxford United,30-341,1995,15.5,1,0,0,10,7,0,15,19,21,0,0,0,34,36,34,51.4,Matches
356,Ryan Longman,eng ENG,"DF,FW",Wrexham,25-047,2000,14.7,1,0,0,15,12,1,86,15,17,0,0,0,69,14,12,53.8,Matches
357,Imran Louza,ma MAR,MF,Watford,26-236,1999,18.5,4,1,0,25,18,0,105,19,16,0,0,0,113,19,16,54.3,Matches
358,Zak Lovelace,eng ENG,FW,Millwall,19-334,2006,0.0,0,0,0,0,0,0,0,0,0,0,0,0,1,0,0,,Matches
359,Jamal Lowe,jm JAM,"FW,MF",Sheffield Weds,31-155,1994,15.2,0,0,0,24,25,6,16,7,16,0,0,0,48,15,46,24.6,Matches
360,Max Lowe,eng ENG,DF,Sheffield Weds,28-226,1997,19.7,2,0,0,17,6,1,18,32,22,0,0,0,74,30,24,55.6,Matches
361,Joe Lumley,eng ENG,GK,Sheffield Weds,30-311,1995,2.0,1,0,0,0,0,0,0,0,0,0,0,0,5,0,0,,Matches
362,John Lundstram,eng ENG,MF,Hull City,31-308,1994,8.0,4,0,0,12,1,0,1,15,11,0,0,0,33,11,12,47.8,Matches
363,Massimo Luongo,au AUS,MF,Millwall,33-089,1992,6.3,1,0,0,20,4,0,6,10,14,0,0,0,47,22,10,68.8,Matches
364,Othmane Maamma,ma MAR,"MF,FW",Watford,20-078,2005,6.4,1,0,0,10,11,0,27,5,12,0,0,0,32,2,8,20.0,Matches
365,Nicolas Madsen,dk DEN,MF,QPR,25-281,2000,20.0,1,0,0,5,7,0,62,19,21,0,0,0,93,28,16,63.6,Matches
366,Lucien Mahovo,eng ENG,DF,Norwich City,20-199,2005,0.4,0,0,0,1,0,0,1,0,0,0,0,0,1,0,1,0.0,Matches
367,Josh Maja,ng NGA,"FW,MF",West Brom,26-361,1998,6.1,1,0,0,5,3,4,2,4,2,0,0,0,15,10,23,30.3,Matches
368,Jovon Makama,eng ENG,FW,Norwich City,21-325,2004,10.9,2,0,0,23,10,5,14,3,6,0,0,0,33,30,37,44.8,Matches
369,Million Manhoef,nl NED,FW,Stoke City,23-354,2002,18.1,0,0,0,21,17,15,59,2,8,0,0,0,90,4,11,26.7,Matches
370,Ryan Manning,ie IRL,"DF,MF",Southampton,29-192,1996,18.0,3,0,0,14,20,0,143,18,14,0,0,0,85,17,14,54.8,Matches
371,Benson Manuel,ao ANG,"FW,MF",Swansea City,28-270,1997,1.6,0,0,0,0,7,0,5,1,2,0,0,0,8,0,2,0.0,Matches
372,Emiliano Marcondes,dk DEN,MF,Norwich City,30-289,1995,7.0,0,0,0,9,12,1,6,6,7,0,0,0,28,5,22,18.5,Matches
373,Ephron Mason-Clark,eng ENG,"FW,MF",Coventry City,26-120,1999,15.2,1,0,0,35,32,17,36,2,12,1,0,0,49,16,17,48.5,Matches
374,Alex Matos,eng ENG,"MF,DF",Sheffield Utd,21-081,2004,3.6,0,0,0,12,12,0,3,5,7,0,1,0,16,10,7,58.8,Matches
375,Kuryū Matsuki,jp JPN,MF,Southampton,22-237,2003,0.4,1,0,0,1,0,0,0,0,0,0,0,0,1,1,0,100.0,Matches
376,Hayden Matthews,au AUS,DF,Portsmouth,21-187,2004,5.2,1,0,0,3,5,0,1,6,6,0,0,2,10,15,16,48.4,Matches
377,Pelle Mattsson,dk DEN,MF,Norwich City,24-141,2001,14.3,4,0,0,28,25,0,6,24,31,0,0,0,76,37,19,66.1,Matches
378,Azor Matusiwa,nl NED,MF,Ipswich Town,27-239,1998,20.1,8,0,0,25,20,0,2,39,22,0,0,0,126,27,25,51.9,Matches
379,Stephy Mavididi,eng ENG,FW,Leicester City,27-206,1998,11.6,1,0,0,13,13,1,18,5,13,1,0,0,54,5,17,22.7,Matches
380,Noah Mawene,eng ENG,MF,Preston,20-315,2005,0.0,0,0,0,0,0,0,0,0,0,0,0,0,1,0,0,,Matches
381,Fally Mayulu,fr FRA,"FW,MF",Bristol City,23-161,2002,1.5,0,0,0,7,1,2,0,0,1,0,0,0,5,7,13,35.0,Matches
382,Derek Mazou-Sacko,fr FRA,MF,Millwall,21-078,2004,7.4,0,0,0,8,6,0,4,4,9,0,0,0,40,7,6,53.8,Matches
383,Amadou Mbengue,sn SEN,DF,QPR,23-352,2002,17.7,8,0,0,25,24,0,21,14,20,0,0,1,65,36,24,60.0,Matches
384,Kasey McAteer,ie IRL,"DF,FW",Leicester City,24-031,2001,0.2,0,0,0,0,0,0,2,0,1,0,0,0,0,1,0,100.0,Matches
385,Kasey McAteer,ie IRL,FW,Ipswich Town,24-031,2001,6.5,2,0,0,11,16,7,13,2,6,0,0,0,25,9,7,56.3,Matches
386,Oliver McBurnie,sct SCO,FW,Hull City,29-202,1996,10.4,3,0,0,15,12,4,0,2,4,0,0,0,28,39,77,33.6,Matches
387,Sam McCallum,eng ENG,DF,Sheffield Utd,25-112,2000,9.0,2,0,0,5,17,1,66,21,8,0,0,0,41,30,14,68.2,Matches
388,Alistair McCann,nir NIR,MF,Preston,26-019,1999,9.1,1,0,0,13,8,0,4,11,14,0,0,0,42,12,11,52.2,Matches
389,Alex McCarthy,eng ENG,GK,Southampton,36-020,1989,7.0,0,0,0,0,2,0,0,0,0,0,0,0,7,2,0,100.0,Matches
390,Cathal McCarthy,ie IRL,"DF,MF",Hull City,19-114,2006,1.0,0,0,0,4,2,0,0,1,3,0,0,0,6,3,5,37.5,Matches
391,James McClean,ie IRL,"DF,FW",Wrexham,36-245,1989,10.1,2,0,0,16,7,3,44,13,21,0,0,0,47,10,10,50.0,Matches
392,Ruairi Mcconville,nir NIR,DF,Norwich City,20-236,2005,8.1,2,0,0,5,1,0,0,5,3,0,0,0,25,27,12,69.2,Matches
393,George McCormick,eng ENG,DF,Middlesbrough,20-330,2005,0.3,0,0,0,0,1,0,0,1,0,0,0,0,1,1,1,50.0,Matches
394,Ross McCrorie,sct SCO,DF,Bristol City,27-280,1998,17.1,3,0,0,36,23,10,35,23,25,0,1,0,71,60,60,50.0,Matches
395,Riley McGree,au AUS,MF,Middlesbrough,27-051,1998,5.2,1,0,0,6,4,0,11,6,6,0,0,0,23,5,6,45.5,Matches
396,Mark McGuinness,ie IRL,DF,Sheffield Utd,24-352,2001,11.6,2,0,0,9,5,2,2,13,4,0,0,0,16,59,21,73.8,Matches
397,Kenny McLean,sct SCO,"MF,DF",Norwich City,33-349,1992,17.3,3,0,0,13,36,1,89,18,20,0,0,0,91,17,16,51.5,Matches
398,Sean McLoughlin,ie IRL,DF,Blackburn,29-040,1996,18.4,5,1,0,9,8,0,8,31,14,0,1,0,67,89,60,59.7,Matches
399,Dan McNamara,ie IRL,DF,Millwall,26-361,1998,2.9,2,0,0,4,4,0,4,7,3,0,0,0,20,2,6,25.0,Matches
400,Charlie McNeill,eng ENG,"MF,FW",Sheffield Weds,22-105,2003,9.2,1,0,0,11,4,0,28,6,7,0,0,0,41,5,19,20.8,Matches
401,Jakov Medić,hr CRO,DF,Norwich City,27-107,1998,12.5,3,0,0,3,7,1,4,14,3,0,0,0,33,30,23,56.6,Matches
402,Ben Mee,eng ENG,DF,Sheffield Utd,36-093,1989,11.4,2,0,0,5,6,0,8,11,5,0,0,0,35,50,19,72.5,Matches
403,Anis Mehmeti,al ALB,"MF,FW",Bristol City,24-348,2001,21.0,5,0,0,25,21,16,121,6,21,0,0,0,105,3,12,20.0,Matches
404,Formose Mendy,sn SEN,DF,Watford,24-355,2001,1.0,0,0,0,1,0,0,7,0,4,0,0,0,4,3,3,50.0,Matches
405,Nampalys Mendy,sn SEN,MF,Watford,33-183,1992,3.1,0,0,0,3,3,0,1,6,1,0,0,0,17,5,3,62.5,Matches
406,Chris Mepham,wls WAL,DF,West Brom,28-048,1997,15.5,5,0,0,11,8,1,1,21,13,0,0,0,54,58,30,65.9,Matches
407,Liam Millar,ca CAN,"FW,MF",Hull City,26-087,1999,4.4,1,0,0,2,5,2,18,2,1,0,0,0,28,2,5,28.6,Matches
408,Lewis Miller,au AUS,DF,Blackburn,25-121,2000,16.8,2,0,0,19,28,0,15,26,26,0,0,0,75,56,36,60.9,Matches
409,Stanley Mills,eng ENG,"MF,FW",Oxford United,22-059,2003,9.2,1,0,0,14,6,4,52,2,14,0,0,0,38,15,17,46.9,Matches
410,Yang Minhyeok,kr KOR,FW,Portsmouth,19-251,2006,7.1,2,0,0,7,11,4,13,3,6,0,0,0,36,3,17,15.0,Matches
411,Billy Mitchell,eng ENG,MF,Millwall,25-245,2000,6.8,3,0,0,12,6,0,6,9,14,0,0,0,46,6,6,50.0,Matches
412,Jayson Molumby,ie IRL,MF,West Brom,26-139,1999,13.8,3,1,1,22,14,1,13,11,7,0,0,0,69,15,16,48.4,Matches
413,Jeremy Monga,eng ENG,FW,Leicester City,16-166,2009,6.1,1,0,0,7,12,2,19,0,4,0,0,0,22,1,1,50.0,Matches
414,Kristi Montgomery,sct SCO,MF,Blackburn,21-206,2004,3.4,0,0,0,1,8,0,3,1,5,0,0,0,19,4,6,40.0,Matches
415,Elliott Moore,eng ENG,DF,Oxford United,28-282,1997,1.7,0,0,0,1,0,0,0,0,1,0,0,0,2,4,3,57.1,Matches
416,Kieffer Moore,wls WAL,FW,Wrexham,33-137,1992,19.9,4,0,0,32,32,10,7,5,3,1,0,0,54,154,91,62.9,Matches
417,Kieran Morgan,eng ENG,"DF,MF",QPR,19-281,2006,3.4,1,0,0,5,0,1,6,1,3,0,0,0,10,3,3,50.0,Matches
418,Ryoya Morishita,jp JPN,"MF,FW",Blackburn,28-256,1997,11.7,0,0,0,14,15,2,43,4,10,0,0,0,48,8,16,33.3,Matches
419,Aidan Morris,us USA,MF,Middlesbrough,24-037,2001,13.9,0,0,0,21,41,0,9,8,25,0,0,0,73,10,7,58.8,Matches
420,Carlton Morris,eng ENG,"FW,MF",Derby County,30-007,1995,14.9,4,0,0,20,21,2,6,0,6,0,0,0,38,108,70,60.7,Matches
421,James Morris,eng ENG,DF,Watford,24-030,2001,0.0,1,0,0,0,0,0,0,0,0,0,0,0,0,0,0,,Matches
422,Liam Morrison,sct SCO,DF,QPR,22-260,2003,10.5,3,0,0,10,4,0,0,13,4,0,0,0,25,33,30,52.4,Matches
423,Alex Mowatt,eng ENG,MF,West Brom,30-313,1995,17.4,2,0,0,13,27,0,71,19,14,0,0,0,87,14,20,41.2,Matches
424,Divin Mubama,eng ENG,FW,Stoke City,21-059,2004,15.2,3,1,1,28,35,22,1,5,3,0,0,0,19,36,52,40.9,Matches
425,Errol Mundle-Smith,eng ENG,"FW,MF",Norwich City,19-279,2006,0.8,0,0,0,1,0,1,1,0,4,0,0,0,3,0,4,0.0,Matches
426,Josh Murphy,eng ENG,"FW,MF",Portsmouth,30-302,1995,11.8,3,0,0,5,30,5,124,5,3,0,0,0,42,5,9,35.7,Matches
427,Paul Nardi,fr FRA,GK,QPR,31-219,1994,14.8,1,0,0,0,4,0,0,0,2,0,0,0,20,1,1,50.0,Matches
428,Joel Ndala,eng ENG,"FW,MF",Hull City,19-206,2006,7.1,0,0,0,7,11,3,5,5,9,0,0,0,28,1,14,6.7,Matches
429,Camiel Neghli,nl NED,"MF,FW",Millwall,24-047,2001,13.0,2,0,0,15,5,0,36,8,12,0,0,0,61,17,22,43.6,Matches
430,Benjamin Nelson,eng ENG,DF,Leicester City,21-280,2004,5.4,1,0,0,1,3,0,0,4,10,0,0,0,11,11,10,52.4,Matches
431,Curtis Nelson,eng ENG,DF,Derby County,32-216,1993,0.0,0,0,0,0,0,0,0,0,0,0,0,0,0,0,1,0.0,Matches
432,Phil Neumann,de GER,DF,Birmingham City,28-168,1997,16.5,3,0,0,19,12,1,7,12,10,0,0,0,49,33,25,56.9,Matches
433,Jeremy Ngakia,,DF,Watford,25-107,2000,17.4,1,0,0,17,8,1,73,17,35,0,0,0,69,19,23,45.2,Matches
434,Kevin Nisbet,sct SCO,FW,Millwall,28-290,1997,0.2,0,0,0,0,1,0,0,0,0,0,0,0,0,1,1,50.0,Matches
435,Casper de Norre,be BEL,MF,Millwall,28-319,1997,11.9,0,0,0,9,8,0,8,19,21,0,0,0,57,15,13,53.6,Matches
436,Rhys Norrington-Davies,wls WAL,DF,Sheffield Utd,26-245,1999,0.6,0,0,0,0,0,0,0,0,0,0,0,0,2,3,3,50.0,Matches
437,Rhys Norrington-Davies,wls WAL,DF,QPR,26-245,1999,12.8,5,0,0,16,9,0,46,9,13,0,0,0,43,40,17,70.2,Matches
438,Marcelino Núñez,cl CHI,MF,Norwich City,25-297,2000,0.8,0,0,0,1,2,0,1,1,1,0,0,0,5,0,1,0.0,Matches
439,Marcelino Núñez,cl CHI,MF,Ipswich Town,25-297,2000,11.3,1,0,0,16,7,0,48,6,9,0,0,0,53,6,14,30.0,Matches
440,Ryan Nyambe,na NAM,DF,Derby County,28-019,1997,2.9,1,0,0,3,0,0,5,1,2,0,0,0,4,6,7,46.2,Matches
441,Sverre Nypan,no NOR,"MF,FW",Middlesbrough,19-004,2006,6.1,2,0,0,3,6,0,6,2,5,0,0,0,13,5,7,41.7,Matches
442,Steven Nzonzi,fr FRA,MF,Stoke City,37-008,1988,4.7,1,0,0,6,2,0,1,6,5,0,0,0,15,12,17,41.4,Matches
443,Lewis O'Brien,eng ENG,MF,Wrexham,27-070,1998,14.1,5,0,0,15,24,3,39,11,15,0,0,0,72,12,16,42.9,Matches
444,Gatlin O'Donkor,eng ENG,MF,Oxford United,21-070,2004,0.0,0,0,0,1,0,0,0,0,0,0,0,0,0,1,0,100.0,Matches
445,Callum O'Hare,eng ENG,MF,Sheffield Utd,27-236,1998,19.6,1,0,0,21,31,1,13,13,19,0,0,0,109,14,39,26.4,Matches
446,Max O'Leary,ie IRL,GK,Bristol City,29-074,1996,1.0,0,0,0,0,0,0,0,0,0,0,0,0,0,0,0,,Matches
447,Dara O'Shea,ie IRL,DF,Ipswich Town,26-294,1999,22.0,0,0,0,6,13,2,2,15,5,0,0,0,80,85,37,69.7,Matches
448,Odeluga Offiah,eng ENG,"DF,FW",Preston,23-058,2002,12.6,3,0,0,12,13,2,10,5,24,0,1,0,48,11,15,42.3,Matches
449,Chiedozie Ogbene,ie IRL,"DF,FW",Sheffield Utd,28-236,1997,8.2,0,0,0,6,14,3,41,0,9,0,0,0,42,14,41,25.5,Matches
450,Chiedozie Ogbene,ie IRL,"MF,FW",Ipswich Town,28-236,1997,1.0,0,0,0,0,1,0,2,1,1,0,0,0,4,0,2,0.0,Matches
451,Connor Ogilvie,eng ENG,DF,Portsmouth,29-312,1996,11.6,2,0,0,11,26,1,21,12,10,0,0,0,28,32,23,58.2,Matches
452,Yuki Ohashi,jp JPN,FW,Blackburn,29-149,1996,18.0,3,0,0,28,28,14,13,7,10,1,0,0,54,50,104,32.5,Matches
453,Caleb Okoli,it ITA,DF,Leicester City,24-163,2001,8.9,0,0,0,11,8,0,1,17,12,0,0,0,32,38,25,60.3,Matches
454,Arthur Okonkwo,eng ENG,GK,Wrexham,24-105,2001,18.0,1,0,0,0,1,0,0,0,0,0,0,0,20,9,0,100.0,Matches
455,Isaac Olaofe,eng ENG,FW,Charlton Ath,26-032,1999,6.6,2,0,0,9,13,12,2,0,5,0,0,0,27,12,21,36.4,Matches
456,Ryan One,sct SCO,"MF,FW",Sheffield Utd,19-180,2006,1.5,0,0,0,4,1,1,9,0,0,0,0,0,2,5,7,41.7,Matches
457,Bright Osayi-Samuel,ng NGA,DF,Birmingham City,27-357,1997,8.7,5,0,0,13,17,2,13,11,5,0,0,1,35,15,15,50.0,Matches
458,Milutin Osmajić,me MNE,FW,Preston,26-151,1999,8.6,2,0,0,8,12,6,1,1,4,1,0,0,7,8,27,22.9,Matches
459,Gabriel Otegbayo,,DF,Sheffield Weds,,,5.4,1,0,0,7,5,0,0,6,1,0,0,0,15,11,10,52.4,Matches
460,Nicholas Oyekunle,eng ENG,DF,Southampton,18-348,2007,0.1,0,0,0,1,0,0,0,0,0,0,0,0,0,0,2,0.0,Matches
461,David Ozoh,eng ENG,MF,Derby County,20-206,2005,8.3,4,0,0,21,4,0,3,8,12,0,1,0,52,7,8,46.7,Matches
462,Marlon Pack,eng ENG,MF,Portsmouth,34-273,1991,9.4,5,0,0,14,8,0,16,2,7,0,0,0,39,18,11,62.1,Matches
463,Louis Page,eng ENG,MF,Leicester City,17-060,2008,1.6,0,0,0,1,1,0,0,1,1,0,0,0,4,1,7,12.5,Matches
464,Alex Palmer,eng ENG,GK,Ipswich Town,29-135,1996,9.3,0,0,0,0,3,0,0,0,1,0,0,0,28,1,0,100.0,Matches
465,Kasey Palmer,jm JAM,"MF,FW",Hull City,29-044,1996,2.4,0,0,0,4,6,1,7,0,4,0,0,0,8,3,5,37.5,Matches
466,Liam Palmer,sct SCO,DF,Sheffield Weds,34-095,1991,17.7,3,0,0,14,8,1,22,16,16,0,1,0,66,13,15,46.4,Matches
467,Ivor Pandur,hr CRO,GK,Hull City,25-273,2000,22.0,4,0,0,0,3,0,0,0,1,0,0,0,28,9,0,100.0,Matches
468,Aynsley Pears,eng ENG,GK,Blackburn,27-244,1998,8.0,1,0,0,0,1,0,0,0,0,0,0,0,15,2,1,66.7,Matches
469,Ben Pearson,eng ENG,MF,Stoke City,30-353,1995,9.0,4,0,0,17,6,0,2,3,11,0,0,0,33,7,10,41.2,Matches
470,Sydie Peck,eng ENG,MF,Sheffield Utd,21-101,2004,18.7,4,0,0,20,14,0,40,21,24,0,0,0,94,50,33,60.2,Matches
471,Leo Pecover,,"MF,FW",Bristol City,,,0.4,0,0,0,0,1,0,0,1,1,0,0,0,0,0,1,0.0,Matches
472,Ricardo Pereira,pt POR,DF,Leicester City,32-078,1993,11.9,5,0,0,17,6,0,4,15,23,0,0,0,64,10,13,43.5,Matches
473,Jérémy Pétris,fr FRA,"DF,MF",Watford,27-329,1998,4.5,2,0,0,5,13,0,12,6,4,0,0,0,19,5,7,41.7,Matches
474,Ashley Phillips,wls WAL,DF,Stoke City,20-150,2005,14.2,5,0,0,12,4,2,0,13,3,0,1,0,28,46,26,63.9,Matches
475,Matt Phillips,sct SCO,"DF,MF",Oxford United,34-285,1991,1.9,0,0,0,2,1,1,3,1,2,0,0,0,10,3,4,42.9,Matches
476,Nathaniel Phillips,eng ENG,DF,West Brom,28-277,1997,20.5,5,0,0,16,11,1,1,26,22,0,1,1,89,90,49,64.7,Matches
477,Jaden Philogene Bidace,eng ENG,FW,Ipswich Town,23-318,2002,15.0,1,0,0,17,32,9,62,16,17,0,0,0,76,5,19,20.8,Matches
478,Harry Pickering,eng ENG,DF,Blackburn,26-359,1998,1.7,0,0,0,1,0,0,4,0,0,0,0,0,5,4,6,40.0,Matches
479,Kwame Poku,gh GHA,"FW,MF",QPR,24-134,2001,1.3,0,0,0,0,1,0,4,0,1,0,0,0,5,2,3,40.0,Matches
480,Matthew Pollock,eng ENG,DF,Watford,24-086,2001,16.5,3,0,0,14,17,2,2,16,9,0,0,0,54,63,28,69.2,Matches
481,Regan Poole,wls WAL,DF,Portsmouth,27-188,1998,19.0,4,0,0,15,12,3,5,24,9,0,0,0,52,53,54,49.5,Matches
482,Brad Potts,eng ENG,DF,Preston,31-173,1994,0.1,0,0,0,0,2,0,2,0,0,0,0,0,1,1,1,50.0,Matches
483,George Pratt,eng ENG,DF,Blackburn,22-097,2003,5.5,0,0,0,4,2,0,1,3,2,0,0,0,12,8,29,21.6,Matches
484,Nik Prelec,si SVN,"FW,MF",Oxford United,24-196,2001,10.1,0,0,0,4,13,4,3,2,3,0,0,0,22,33,44,42.9,Matches
485,Isaac Price,nir NIR,"MF,FW",West Brom,22-088,2003,19.4,3,0,0,10,18,8,37,4,18,0,0,0,64,16,23,41.0,Matches
486,Cameron Pring,eng ENG,DF,Bristol City,27-335,1998,2.9,2,0,0,5,2,1,3,7,5,0,0,0,12,3,4,42.9,Matches
487,Przemysław Płacheta,pl POL,"MF,FW",Oxford United,27-275,1998,7.8,0,0,0,8,4,2,21,1,3,0,0,0,32,0,8,0.0,Matches
488,Joshua Quarshie,de GER,DF,Southampton,21-150,2004,9.0,2,0,0,9,4,0,1,8,4,0,0,0,35,18,14,56.3,Matches
489,Aaron Ramsey,eng ENG,MF,Leicester City,22-336,2003,2.8,0,1,0,3,1,1,1,1,2,0,0,0,5,2,5,28.6,Matches
490,Kayne Ramsey,eng ENG,DF,Charlton Ath,25-074,2000,17.6,6,1,1,25,13,1,14,24,24,0,0,0,66,39,35,52.7,Matches
491,Adam Randell,eng ENG,MF,Bristol City,25-083,2000,21.0,2,0,0,11,24,0,14,19,19,0,0,0,97,26,12,68.4,Matches
492,Joe Rankin-Costello,eng ENG,"MF,DF",Charlton Ath,26-150,1999,1.5,2,0,0,4,0,0,0,0,3,0,0,0,7,0,1,0.0,Matches
493,Oliver Rathbone,eng ENG,MF,Wrexham,29-074,1996,0.2,0,0,0,1,0,0,1,0,0,0,0,0,1,1,0,100.0,Matches
494,Nathan Redmond,eng ENG,DF,Sheffield Weds,31-292,1994,0.1,0,0,0,1,0,0,2,0,0,0,0,0,1,0,1,0.0,Matches
495,Yuri Ribeiro,pt POR,DF,Blackburn,28-333,1997,8.6,0,0,0,10,12,1,27,6,14,0,0,0,25,17,12,58.6,Matches
496,Jaïro Riedewald,nl NED,MF,Sheffield Utd,29-105,1996,7.4,1,0,0,3,2,0,2,7,5,0,0,0,22,10,6,62.5,Matches
497,Tomas Rigo,sk SVK,MF,Stoke City,23-173,2002,7.8,1,0,0,6,6,1,7,6,9,0,0,0,34,7,6,53.8,Matches
498,Emil Riis Jakobsen,dk DEN,FW,Bristol City,27-182,1998,16.8,1,0,0,17,13,5,12,6,6,0,0,0,32,20,65,23.5,Matches
499,Haydon Roberts,eng ENG,DF,Bristol City,23-227,2002,4.1,1,0,0,4,2,0,6,3,2,0,0,0,18,6,6,50.0,Matches
500,Patrick Roberts,eng ENG,FW,Birmingham City,28-321,1997,12.2,2,0,0,10,19,0,24,2,15,0,0,0,53,1,14,6.7,Matches
501,Jack Robinson,eng ENG,DF,Sheffield Utd,32-113,1993,2.4,0,0,0,2,3,0,0,1,1,0,0,0,4,14,5,73.7,Matches
502,Jack Robinson,eng ENG,DF,Birmingham City,32-113,1993,4.9,4,2,2,3,3,1,2,4,6,0,0,1,13,24,12,66.7,Matches
503,Jay Robinson,eng ENG,"MF,FW",Southampton,18-283,2007,8.0,0,0,0,14,13,1,7,5,4,0,0,0,28,4,9,30.8,Matches
504,Mads Roerslev,dk DEN,"DF,MF",Southampton,26-182,1999,5.2,1,0,0,6,4,1,14,2,5,0,0,0,17,6,18,25.0,Matches
505,Ole Romeny,id IDN,MF,Oxford United,25-186,2000,2.2,0,0,0,2,7,2,2,0,2,0,0,0,6,3,3,50.0,Matches
506,Oriol Romeu,es ESP,MF,Southampton,34-090,1991,0.4,2,0,0,3,0,0,0,0,1,0,0,0,4,3,0,100.0,Matches
507,Ronald,br BRA,"FW,MF",Swansea City,24-192,2001,17.5,1,0,0,13,47,10,42,9,16,0,0,0,51,16,41,28.1,Matches
508,Jack Rudoni,eng ENG,"MF,FW",Coventry City,25-211,2000,10.9,0,0,0,6,16,0,48,3,9,0,0,0,47,11,18,37.9,Matches
509,Carl Rushworth,eng ENG,GK,Coventry City,24-174,2001,22.0,2,0,0,1,6,0,0,0,0,0,1,0,57,3,1,75.0,Matches
510,Koki Saito,jp JPN,"FW,MF",QPR,24-135,2001,11.8,0,0,0,13,23,5,15,2,10,0,1,0,55,3,12,20.0,Matches
511,Tatsuhiro Sakamoto,jp JPN,"FW,MF",Coventry City,29-062,1996,14.4,1,0,0,8,22,5,43,7,10,0,0,0,50,14,32,30.4,Matches
512,Lars-Jørgen Salvesen,no NOR,FW,Derby County,29-307,1996,3.3,2,0,0,7,1,0,0,4,1,0,0,0,14,14,24,36.8,Matches
513,Alfons Sampsted,is ISL,"DF,MF",Birmingham City,27-261,1998,0.3,0,0,0,0,0,0,1,0,0,0,0,0,1,1,2,33.3,Matches
514,Ishé Samuels-Smith,eng ENG,DF,Swansea City,19-201,2006,1.5,2,0,0,2,0,0,3,1,1,0,0,0,6,1,3,25.0,Matches
515,Dion Sanderson,eng ENG,DF,Derby County,26-008,1999,19.7,5,0,0,19,8,1,2,31,13,0,2,0,42,51,40,56.0,Matches
516,Ricardo Santos,,DF,Swansea City,30-188,1995,0.3,0,0,0,1,0,0,0,0,1,0,0,0,0,0,0,,Matches
517,Josh Sargent,us USA,FW,Norwich City,25-306,2000,18.9,0,0,0,12,20,9,7,5,5,1,0,0,46,40,68,37.0,Matches
518,Dan Scarr,eng ENG,DF,Wrexham,30-364,1994,8.0,3,0,0,5,1,0,0,7,1,0,0,0,10,35,18,66.0,Matches
519,Jeffrey Schlupp,gh GHA,"DF,MF",Norwich City,33-000,1992,4.7,2,0,0,4,7,1,12,8,2,0,0,0,17,10,11,47.6,Matches
520,Nicolas Schmid,at AUT,GK,Portsmouth,28-304,1997,10.3,0,0,0,0,4,0,0,0,0,0,0,0,25,1,1,50.0,Matches
521,Oscar Schwartau,dk DEN,"FW,MF",Norwich City,19-220,2006,14.3,0,0,0,12,10,7,22,8,20,0,0,0,58,8,23,25.8,Matches
522,Léo Scienza,br BRA,"MF,FW",Southampton,27-101,1998,11.5,0,0,0,7,58,0,69,2,3,1,0,0,44,0,11,0.0,Matches
523,Adrian Segecic,au AUS,"MF,FW",Portsmouth,21-205,2004,9.6,0,0,0,8,13,1,30,2,7,0,0,0,30,8,13,38.1,Matches
524,Tatsuki Seko,jp JPN,MF,Stoke City,28-001,1997,13.2,2,0,0,19,16,0,10,11,12,0,0,0,39,11,16,40.7,Matches
525,Egil Selvik,no NOR,GK,Watford,28-146,1997,15.5,1,0,0,0,1,0,0,0,0,0,0,0,24,5,0,100.0,Matches
526,Vivaldo Semedo,pt POR,FW,Watford,20-329,2005,6.0,2,0,0,13,4,1,5,0,2,1,0,0,15,12,24,33.3,Matches
527,Femi Seriki,eng ENG,DF,Sheffield Utd,23-239,2002,10.5,1,0,0,12,33,1,33,10,27,0,0,0,45,11,13,45.8,Matches
528,Paik Seung-ho,kr KOR,MF,Birmingham City,28-281,1997,19.3,4,0,0,20,15,0,13,17,21,0,0,0,84,29,18,61.7,Matches
529,Jamie Shackleton,eng ENG,"DF,MF",Sheffield Utd,26-076,1999,0.3,0,0,0,0,0,0,0,0,0,0,0,0,0,1,2,33.3,Matches
530,Conor Shaughnessy,ie IRL,DF,Portsmouth,29-176,1996,5.6,0,0,0,3,2,0,0,6,1,0,0,0,15,29,4,87.9,Matches
531,Ben Sheaf,eng ENG,MF,Wrexham,27-321,1998,11.3,5,0,0,11,17,0,7,14,18,0,0,0,79,15,12,55.6,Matches
532,Ben Sheaf,eng ENG,MF,Coventry City,27-321,1998,0.1,0,0,0,0,0,0,1,0,0,0,0,0,1,0,0,,Matches
533,Louie Sibley,eng ENG,"MF,DF",Oxford United,24-113,2001,0.2,0,0,0,0,0,1,1,0,0,0,0,0,2,0,0,,Matches
534,Sam Silvera,au AUS,DF,Middlesbrough,25-059,2000,8.2,3,0,0,8,16,1,31,4,13,0,0,0,31,13,10,56.5,Matches
535,Ellis Simms,eng ENG,FW,Coventry City,24-352,2001,7.2,0,0,0,8,0,4,5,1,2,0,0,0,11,49,26,65.3,Matches
536,Moussa Sissoko,fr FRA,MF,Watford,36-129,1989,7.9,0,0,0,12,1,1,6,3,8,0,0,0,35,5,8,38.5,Matches
537,Oliver Skipp,eng ENG,"MF,DF",Leicester City,25-098,2000,11.6,3,0,0,13,11,0,1,10,10,0,0,0,51,11,10,52.4,Matches
538,Regan Slater,eng ENG,MF,Hull City,26-103,1999,17.5,4,0,0,13,15,1,33,19,13,0,0,0,79,11,14,44.0,Matches
539,Thierry Small,eng ENG,"DF,FW",Preston,21-144,2004,16.8,4,0,0,8,7,4,135,6,11,0,0,0,63,9,14,39.1,Matches
540,William Smallbone,ie IRL,"MF,FW",Millwall,25-305,2000,3.3,0,0,0,4,2,0,14,2,5,0,0,0,13,4,5,44.4,Matches
541,Michael Smith,eng ENG,FW,Preston,34-067,1991,12.2,2,0,0,21,9,9,8,3,4,0,0,0,22,71,60,54.2,Matches
542,Sam Smith,eng ENG,FW,Wrexham,27-290,1998,3.0,2,0,0,7,3,7,0,1,0,0,0,0,5,21,17,55.3,Matches
543,Paul Smyth,nir NIR,"FW,MF",QPR,28-104,1997,6.9,2,0,0,12,21,1,22,5,4,1,0,0,27,6,10,37.5,Matches
544,Boubakary Soumaré,fr FRA,MF,Leicester City,26-299,1999,9.9,2,0,0,10,11,0,3,8,8,0,0,1,57,9,5,64.3,Matches
545,Djibril Soumaré,sn SEN,"MF,FW",Sheffield Utd,22-350,2003,7.2,3,0,0,11,4,1,1,9,12,0,0,1,42,15,11,57.7,Matches
546,Tony Springett,ie IRL,"DF,FW",Norwich City,23-092,2002,2.0,1,0,0,1,2,1,3,2,4,0,0,0,8,2,5,28.6,Matches
547,Jack Stacey,eng ENG,"DF,MF",Norwich City,29-261,1996,12.1,2,0,0,15,8,2,41,7,22,0,0,0,53,15,10,60.0,Matches
548,Marko Stamenic,nz NZL,MF,Swansea City,23-307,2002,13.4,6,0,0,26,10,0,4,20,13,0,0,0,59,16,16,50.0,Matches
549,Jay Stansfield,eng ENG,"MF,FW",Birmingham City,23-029,2002,19.2,4,0,0,36,7,3,25,8,13,0,0,0,67,3,46,6.1,Matches
550,Jack Stephens,eng ENG,DF,Southampton,31-330,1994,12.1,2,0,0,3,7,2,8,11,8,0,0,0,36,15,23,39.5,Matches
551,Ross Stewart,sct SCO,"FW,MF",Southampton,29-165,1996,3.0,2,0,0,6,3,2,3,2,2,1,0,0,4,10,15,40.0,Matches
552,Jakub Stolarczyk,pl POL,GK,Leicester City,25-004,2000,17.5,1,0,0,0,4,0,0,0,0,0,0,0,27,5,0,100.0,Matches
553,Jordan Storey,eng ENG,DF,Preston,28-112,1997,21.7,4,0,0,12,22,1,14,29,20,0,0,0,52,99,44,69.2,Matches
554,Dávid Strelec,sk SVK,"FW,MF",Middlesbrough,24-263,2001,8.4,1,0,0,7,5,3,4,1,3,0,0,0,13,7,21,25.0,Matches
555,Zak Sturge,eng ENG,DF,Millwall,21-191,2004,10.8,4,0,0,7,6,0,13,5,11,0,0,0,56,20,16,55.6,Matches
556,Callum Styles,hu HUN,DF,West Brom,25-270,2000,18.1,4,0,0,22,23,0,49,23,28,0,0,0,86,32,23,58.2,Matches
557,Yukinari Sugawara,jp JPN,DF,Southampton,25-178,2000,0.7,0,0,0,0,0,0,8,0,0,0,0,0,5,0,2,0.0,Matches
558,Zak Swanson,eng ENG,DF,Portsmouth,25-086,2000,10.2,3,0,0,14,7,0,13,17,20,0,0,0,38,19,12,61.3,Matches
559,John Swift,eng ENG,MF,Portsmouth,30-183,1995,11.2,6,0,0,8,11,0,36,8,12,0,0,0,69,9,19,32.1,Matches
560,Mark Sykes,ie IRL,"DF,MF",Bristol City,28-141,1997,13.1,1,0,0,8,13,4,32,10,10,0,0,0,77,15,18,45.5,Matches
561,Sammie Szmodics,ie IRL,"MF,FW",Ipswich Town,30-090,1995,6.6,0,0,0,8,8,4,17,3,1,0,0,0,18,3,6,33.3,Matches
562,Maksym Talovierov,ua UKR,DF,Stoke City,25-178,2000,3.0,3,0,0,6,5,1,2,8,3,0,0,0,10,11,4,73.3,Matches
563,Japhet Tanganga,eng ENG,DF,Sheffield Utd,26-267,1999,19.0,4,0,0,18,15,4,14,25,12,0,0,1,65,87,44,66.4,Matches
564,Japhet Tanganga,eng ENG,DF,Millwall,26-267,1999,2.0,1,0,0,1,3,0,0,2,0,0,0,0,4,5,2,71.4,Matches
565,George Tanner,eng ENG,DF,Bristol City,26-037,1999,15.7,0,0,0,8,13,0,3,16,29,0,0,0,51,25,21,54.3,Matches
566,Matt Targett,eng ENG,DF,Middlesbrough,30-096,1995,16.3,2,0,0,10,11,0,81,25,13,0,0,0,72,15,20,42.9,Matches
567,Sidnei Tavares,,MF,Blackburn,24-085,2001,6.3,2,0,0,11,10,0,1,6,4,0,1,0,30,5,6,45.5,Matches
568,Caleb Taylor,eng ENG,DF,Millwall,22-343,2003,8.0,0,0,0,6,4,0,0,20,6,0,0,0,26,37,19,66.1,Matches
569,Charlie Taylor,eng ENG,DF,West Brom,32-096,1993,7.1,1,0,0,2,5,1,11,5,8,0,0,0,23,10,15,40.0,Matches
570,Jack Taylor,ie IRL,MF,Ipswich Town,27-183,1998,11.4,4,0,0,14,17,3,7,11,10,1,0,0,54,8,11,42.1,Matches
571,Junior Tchamadeu,cm CMR,DF,Stoke City,22-001,2003,19.2,10,0,0,20,18,2,47,23,25,0,0,0,74,14,16,46.7,Matches
572,Hidde ter Avest,nl NED,"DF,FW",Oxford United,28-217,1997,4.4,0,0,0,10,2,0,5,5,8,0,0,0,14,8,6,57.1,Matches
573,Bobby Thomas,eng ENG,DF,Coventry City,24-327,2001,19.6,4,0,0,19,20,3,9,17,14,0,1,1,80,76,47,61.8,Matches
574,Luke Thomas,eng ENG,DF,Leicester City,24-196,2001,18.3,6,0,0,30,15,0,51,22,16,0,0,0,49,27,30,47.4,Matches
575,Olly Thomas,eng ENG,"FW,DF",Bristol City,20-148,2005,0.2,0,0,0,2,1,0,0,0,0,0,0,0,3,1,0,100.0,Matches
576,Silko Thomas,eng ENG,"FW,DF",Leicester City,21-181,2004,1.7,0,0,0,2,4,0,6,0,2,0,0,0,7,1,6,14.3,Matches
577,Sorba Thomas,wls WAL,FW,Stoke City,26-123,1999,21.3,5,0,0,21,13,6,171,7,5,0,0,0,89,5,25,16.7,Matches
578,Brandon Thomas-Asante,gh GHA,"FW,MF",Coventry City,26-359,1998,14.0,0,0,0,16,18,2,15,13,9,0,0,0,62,22,39,36.1,Matches
579,George Thomason,eng ENG,MF,Wrexham,23-345,2002,7.0,2,0,0,5,3,0,13,5,7,0,0,0,30,7,9,43.8,Matches
580,Jordan Thompson,nir NIR,MF,Preston,28-354,1997,2.3,0,0,0,3,1,0,0,2,0,0,0,0,6,4,1,80.0,Matches
581,Liam Thompson,eng ENG,MF,Derby County,23-238,2002,6.1,3,0,0,6,6,0,3,5,1,0,0,0,32,3,8,27.3,Matches
582,Jarvis Thornton,eng ENG,MF,Sheffield Weds,19-347,2006,0.1,0,0,0,0,0,0,0,0,1,0,0,0,2,0,1,0.0,Matches
583,Nathan Tinsdale,,MF,Hull City,,,0.0,0,0,0,0,0,0,0,0,0,0,0,0,0,0,0,,Matches
584,Mirko Topić,rs SRB,MF,Norwich City,24-321,2001,11.5,3,0,0,9,5,0,5,17,13,0,0,0,66,17,15,53.1,Matches
585,Victor Torp,dk DEN,MF,Coventry City,26-146,1999,16.4,4,0,0,21,18,2,48,13,13,0,0,0,55,14,14,50.0,Matches
586,Balázs Tóth,hu HUN,GK,Blackburn,28-110,1997,13.0,0,0,0,0,0,0,1,0,1,0,0,0,23,2,1,66.7,Matches
587,Lewis Travis,eng ENG,MF,Derby County,28-068,1997,5.9,4,0,0,10,9,1,10,3,12,0,0,0,32,5,3,62.5,Matches
588,Lewis Travis,eng ENG,MF,Blackburn,28-068,1997,0.9,0,0,0,2,2,0,1,0,3,0,0,0,4,0,0,,Matches
589,Sondre Tronstad,no NOR,MF,Blackburn,30-119,1995,14.3,5,0,0,14,10,0,2,15,21,0,0,0,74,19,10,65.5,Matches
590,Scott Twine,eng ENG,MF,Bristol City,26-162,1999,17.5,2,0,0,22,30,0,60,16,14,0,1,0,72,8,16,33.3,Matches
591,Josh Tymon,eng ENG,DF,Swansea City,26-215,1999,21.0,6,0,0,10,12,3,112,26,18,0,0,0,74,17,28,37.8,Matches
592,Ike Ugbo,ca CAN,FW,Sheffield Weds,27-093,1998,6.6,1,0,0,6,3,2,1,3,6,0,0,0,15,10,34,22.7,Matches
593,Harvey Vale,eng ENG,"FW,MF",QPR,22-103,2003,6.4,1,0,0,6,5,2,41,3,4,0,0,0,33,8,11,42.1,Matches
594,Pol Valentín,es ESP,DF,Preston,28-305,1997,8.8,1,0,0,8,12,0,28,7,16,0,0,0,36,3,8,27.3,Matches
595,Yan Valery,tn TUN,"MF,DF",Sheffield Weds,26-304,1999,18.8,3,0,0,16,22,2,32,10,24,0,0,0,99,35,30,53.8,Matches
596,Jonathan Varane,mq MTQ,MF,QPR,24-105,2001,15.7,2,0,0,21,24,0,10,22,27,0,0,0,76,29,13,69.0,Matches
597,Rocco Vata,ie IRL,"MF,FW",Watford,20-249,2005,5.1,0,0,0,4,3,2,13,1,1,0,0,0,33,3,2,60.0,Matches
598,Will Vaulks,wls WAL,MF,Oxford United,32-101,1993,13.1,4,0,0,11,6,0,37,15,18,0,0,0,70,24,13,64.9,Matches
599,Jannik Vestergaard,dk DEN,DF,Leicester City,33-142,1992,21.7,4,0,0,11,18,0,0,22,24,0,0,0,80,81,31,72.3,Matches
600,Lawrence Vigouroux,cl CHI,GK,Swansea City,32-034,1993,22.0,0,0,0,0,2,0,0,0,0,0,0,0,31,5,1,83.3,Matches
601,Žan Vipotnik,si SVN,FW,Swansea City,23-280,2002,13.3,1,0,0,12,12,9,3,3,1,0,0,0,17,26,60,30.2,Matches
602,Radek Vítek,,GK,Bristol City,22-060,2003,21.0,2,0,0,0,8,0,0,0,1,0,0,1,54,8,0,100.0,Matches
603,Andrija Vukčević,me MNE,"DF,FW",Preston,29-073,1996,5.5,0,0,0,8,1,0,30,2,3,0,0,0,21,11,15,42.3,Matches
604,Zak Vyner,ke KEN,"DF,MF",Bristol City,28-223,1997,20.5,4,0,0,21,9,0,8,16,15,0,0,0,93,35,28,55.6,Matches
605,Thomas Waddingham,au AUS,"MF,FW",Portsmouth,20-233,2005,0.6,1,0,0,3,1,0,0,0,0,0,0,0,0,2,6,25.0,Matches
606,Bobby Wales,sct SCO,FW,Swansea City,20-183,2005,0.0,0,0,0,0,0,0,0,0,0,0,0,0,0,0,0,,Matches
607,Jed Wallace,eng ENG,"FW,MF",West Brom,31-272,1994,3.9,0,0,0,2,1,3,20,3,4,0,0,0,14,3,4,42.9,Matches
608,Joe Walsh,eng ENG,GK,QPR,23-266,2002,4.0,0,0,0,0,2,0,0,0,0,0,0,0,4,1,0,100.0,Matches
609,Christian Walton,eng ENG,GK,Ipswich Town,30-044,1995,12.7,1,0,0,1,2,0,0,0,0,0,0,0,43,3,1,75.0,Matches
610,Danny Ward,wls WAL,GK,Wrexham,32-184,1993,4.0,0,0,0,0,0,0,0,0,0,0,0,0,2,1,0,100.0,Matches
611,Joe Ward,eng ENG,"DF,MF",Derby County,30-123,1995,10.6,0,0,0,2,6,1,95,11,14,0,1,0,49,10,8,55.6,Matches
612,Ernie Weaver,eng ENG,DF,Sheffield Weds,19-106,2006,3.9,0,0,0,3,7,0,0,2,2,0,0,0,12,10,15,40.0,Matches
613,Andreas Weimann,at AUT,"MF,FW",Derby County,34-140,1991,6.9,1,0,0,6,2,5,6,3,5,0,0,0,19,5,5,50.0,Matches
614,Welington,br BRA,DF,Southampton,24-307,2001,4.9,1,1,0,11,5,0,21,7,9,0,0,0,16,11,6,64.7,Matches
615,Scott Wharton,eng ENG,DF,Blackburn,28-081,1997,7.5,1,0,0,6,5,1,1,13,4,0,0,0,24,39,26,60.0,Matches
616,Ben Whiteman,eng ENG,MF,Preston,29-189,1996,21.0,7,0,0,24,8,0,73,27,18,0,0,1,76,22,21,51.2,Matches
617,Morgan Whittaker,eng ENG,"MF,FW",Middlesbrough,24-350,2001,15.3,3,0,0,15,24,7,41,4,15,0,0,0,61,10,9,52.6,Matches
618,Melker Widell,se SWE,"MF,FW",Swansea City,23-248,2002,5.2,1,0,0,7,11,0,11,7,8,0,0,0,13,8,19,29.6,Matches
619,Jacob Widell Zetterström,se SWE,GK,Derby County,27-165,1998,22.0,1,0,0,0,10,0,0,0,0,0,0,0,34,1,0,100.0,Matches
620,Joe Wildsmith,eng ENG,GK,West Brom,29-360,1995,4.0,0,0,0,0,1,0,0,0,0,0,0,0,2,0,0,,Matches
621,Caleb Wiley,us USA,DF,Watford,21-001,2004,2.5,0,0,0,1,2,0,7,1,4,0,0,0,9,1,11,8.3,Matches
622,Alex Williams,wls WAL,"MF,FW",West Brom,20-355,2005,0.0,0,0,0,0,0,0,0,0,1,0,0,0,0,1,0,100.0,Matches
623,Barnaby Williams,,MF,Southampton,,,0.5,0,0,0,2,0,0,0,1,2,0,0,0,3,0,0,,Matches
624,Brandon Williams,eng ENG,DF,Hull City,25-111,2000,0.1,0,0,0,0,0,0,0,0,0,0,0,0,1,0,0,,Matches
625,Jordan Williams,eng ENG,DF,Portsmouth,26-062,1999,11.3,3,0,0,11,7,1,20,9,16,0,0,0,40,17,14,54.8,Matches
626,Ben Wilmot,eng ENG,DF,Stoke City,26-049,1999,20.5,2,0,0,8,11,3,3,6,11,0,0,0,83,60,32,65.2,Matches
627,Josh Windass,eng ENG,"FW,MF",Wrexham,31-348,1994,11.9,2,0,0,7,9,10,43,1,5,0,0,0,43,5,14,26.3,Matches
628,Harry Winks,eng ENG,MF,Leicester City,29-324,1996,14.5,2,0,0,15,11,0,18,13,15,0,1,0,75,4,6,40.0,Matches
629,Nathan Wood-Gordon,eng ENG,DF,Southampton,23-206,2002,17.7,3,0,0,14,13,1,0,12,13,0,0,0,48,33,41,44.6,Matches
630,Luke Woolfenden,eng ENG,DF,Coventry City,27-063,1998,4.9,1,0,0,3,0,0,0,7,2,0,0,0,14,17,8,68.0,Matches
631,Haji Wright,us USA,FW,Coventry City,27-271,1998,14.4,4,0,0,17,17,23,6,0,4,0,0,0,17,37,51,42.0,Matches
632,Jacob Wright,eng ENG,MF,Norwich City,20-093,2005,5.7,2,1,0,8,6,0,39,3,8,0,0,0,34,6,16,27.3,Matches
633,Malick Yalcouye,ci CIV,MF,Swansea City,20-035,2005,4.2,0,1,0,3,9,0,2,2,6,0,0,0,23,3,8,27.3,Matches
634,Ashley Young,eng ENG,DF,Ipswich Town,40-167,1985,4.3,0,0,0,1,4,0,31,2,6,0,0,0,28,5,5,50.0,Matches
635,Willum Þór Willumsson,is ISL,MF,Birmingham City,27-061,1998,2.4,0,0,0,3,0,0,10,1,3,0,0,0,6,3,7,30.0,Matches
636,Stefán Þórðarson,is ISL,MF,Preston,27-068,1998,5.8,3,0,0,3,5,0,16,2,4,0,0,0,27,7,7,50.0,Matches
