Unnamed: 0_level_0_Rk,Unnamed: 1_level_0_Player,Unnamed: 2_level_0_Nation,Unnamed: 3_level_0_Pos,Unnamed: 4_level_0_Squad,Unnamed: 5_level_0_Age,Unnamed: 6_level_0_Born,Unnamed: 7_level_0_90s,Tackles_Tkl,Tackles_TklW,Tackles_Def 3rd,Tackles_Mid 3rd,Tackles_Att 3rd,Challenges_Tkl,Challenges_Att,Challenges_Tkl%,Challenges_Lost,Blocks_Blocks,Blocks_Sh,Blocks_Pass,Unnamed: 20_level_0_Int,Unnamed: 21_level_0_Tkl+Int,Unnamed: 22_level_0_Clr,Unnamed: 23_level_0_Err,Unnamed: 24_level_0_Matches
1,James Abankwah,ie IRL,"DF,MF",Udinese,20,2004,1.0,4,2,4,0,0,2,3,66.7,1,2,1,1,1,5,3,0,Matches
2,Saud Abdulhamid,sa KSA,DF,Roma,25,1999,2.3,3,2,2,0,1,1,1,100.0,0,2,0,2,2,5,0,0,Matches
3,Oliver Abildgaard,dk DEN,MF,Como,28,1996,0.1,0,0,0,0,0,0,0,,0,1,0,1,0,0,0,0,Matches
4,Tammy Abraham,eng ENG,FW,Roma,26,1997,0.0,0,0,0,0,0,0,1,0.0,1,0,0,0,0,0,0,0,Matches
5,Tammy Abraham,eng ENG,FW,Milan,26,1997,13.1,17,11,2,10,5,6,8,75.0,2,13,0,13,2,19,16,0,Matches
6,Federico Accornero,it ITA,MF,Genoa,20,2004,0.1,0,0,0,0,0,0,0,,0,0,0,0,0,0,0,0,Matches
7,Francesco Acerbi,it ITA,DF,Inter,36,1988,19.0,23,19,16,7,0,11,17,64.7,6,22,16,6,26,49,81,0,Matches
8,Che Adams,sct SCO,FW,Torino,28,1996,29.5,12,6,2,4,6,1,7,14.3,6,13,6,7,2,14,18,0,Matches
9,Yacine Adli,fr FRA,MF,Fiorentina,24,2000,13.7,32,19,11,16,5,17,39,43.6,22,13,1,12,6,38,19,0,Matches
10,Vasilije Adžić,me MNE,"MF,FW",Juventus,18,2006,0.5,2,2,0,1,1,0,1,0.0,1,0,0,0,0,2,0,0,Matches
11,Michel Aebischer,ch SUI,MF,Bologna,27,1997,8.0,18,13,8,7,3,10,14,71.4,4,4,1,3,7,25,6,0,Matches
12,Honest Ahanor,it ITA,"DF,MF",Genoa,16,2008,3.0,7,5,2,3,2,7,10,70.0,3,4,0,4,1,8,9,0,Matches
13,Junior Ajayi,ci CIV,FW,Hellas Verona,19,2004,0.1,0,0,0,0,0,0,0,,0,0,0,0,0,0,0,0,Matches
14,Jean-Daniel Akpa-Akpro,ci CIV,MF,Monza,31,1992,10.7,30,18,15,14,1,9,21,42.9,12,19,6,13,13,43,16,1,Matches
15,David Akpan Ankeye,ng NGA,"FW,MF",Genoa,22,2002,0.5,0,0,0,0,0,0,1,0.0,1,0,0,0,0,0,1,0,Matches
16,Faride Alidou,de GER,"FW,MF",Hellas Verona,23,2001,0.8,0,0,0,0,0,0,0,,0,1,0,1,1,1,3,1,Matches
17,Dele Alli,eng ENG,MF,Como,28,1996,0.1,0,0,0,0,0,0,0,,0,0,0,0,0,0,0,0,Matches
18,Pontus Almqvist,se SWE,"FW,MF",Parma,25,1999,12.4,17,13,7,7,3,8,17,47.1,9,13,0,13,19,36,8,0,Matches
19,Giorgio Altare,it ITA,DF,Venezia,25,1998,8.4,13,12,8,3,2,8,15,53.3,7,21,11,10,17,30,49,0,Matches
20,Sofyan Amrabat,ma MAR,MF,Fiorentina,27,1996,2.0,3,2,1,2,0,2,2,100.0,0,1,1,0,0,3,2,0,Matches
21,Angeliño,es ESP,DF,Roma,27,1997,35.3,46,24,20,24,2,17,34,50.0,17,33,9,24,28,74,98,0,Matches
22,Lorenzo Anghelè,it ITA,FW,Juventus,19,2005,0.1,0,0,0,0,0,0,0,,0,0,0,0,0,0,0,0,Matches
23,Faustino Anjorin,eng ENG,MF,Empoli,22,2001,12.4,29,13,9,14,6,9,18,50.0,9,18,3,15,13,42,20,0,Matches
24,Marko Arnautović,at AUT,FW,Inter,35,1989,6.1,7,6,1,3,3,3,5,60.0,2,3,0,3,1,8,1,0,Matches
25,Kristjan Asllani,al ALB,MF,Inter,22,2002,11.0,14,3,8,4,2,8,22,36.4,14,8,1,7,9,23,13,1,Matches
26,Arthur Atta,fr FRA,"MF,FW",Udinese,21,2003,13.9,20,12,9,10,1,10,15,66.7,5,9,5,4,7,27,15,1,Matches
27,Emil Audero,id IDN,GK,Como,27,1997,8.0,0,0,0,0,0,0,1,0.0,1,0,0,0,0,0,4,1,Matches
28,Tommaso Augello,it ITA,DF,Cagliari,29,1994,30.1,49,28,28,17,4,30,43,69.8,13,23,8,15,16,65,109,2,Matches
29,Carlos Augusto,br BRA,DF,Inter,25,1999,18.8,29,14,12,11,6,12,19,63.2,7,21,9,12,9,38,50,0,Matches
30,Yann Aurel Bisseck,de GER,DF,Inter,23,2000,18.3,17,12,11,4,2,11,16,68.8,5,23,12,11,17,34,64,1,Matches
31,Paulo Azzi,br BRA,DF,Cagliari,30,1994,4.7,11,9,3,6,2,5,9,55.6,4,5,2,3,5,16,11,0,Matches
32,Oussama El Azzouzi,ma MAR,MF,Bologna,23,2001,0.2,0,0,0,0,0,0,0,,0,0,0,0,2,2,0,0,Matches
33,Jacopo Bacci,it ITA,MF,Empoli,19,2005,0.3,1,0,1,0,0,1,1,100.0,0,0,0,0,1,2,1,0,Matches
34,Milan Badelj,hr CRO,MF,Genoa,35,1989,16.4,29,16,14,10,5,15,35,42.9,20,19,7,12,20,49,43,0,Matches
35,Mitchel Bakker,nl NED,MF,Atalanta,24,2000,0.2,1,0,1,0,0,1,1,100.0,0,0,0,0,0,1,0,0,Matches
36,Tommaso Baldanzi,it ITA,"MF,FW",Roma,21,2003,9.2,12,4,5,4,3,4,12,33.3,8,4,0,4,6,18,8,0,Matches
37,Keita Baldé,sn SEN,FW,Monza,29,1995,7.1,1,1,0,1,0,1,2,50.0,1,4,0,4,2,3,0,0,Matches
38,Botond Balogh,hu HUN,DF,Parma,22,2002,22.8,36,16,22,13,1,20,28,71.4,8,34,26,8,25,61,141,2,Matches
39,Mario Balotelli,it ITA,"FW,MF",Genoa,33,1990,0.7,0,0,0,0,0,0,0,,0,0,0,0,0,0,1,0,Matches
40,Lameck Banda,zm ZAM,"FW,MF",Lecce,23,2001,6.8,8,5,4,2,2,3,12,25.0,9,7,0,7,2,10,8,1,Matches
41,Daniel Bandeira,pt POR,MF,Hellas Verona,24,2000,4.5,4,0,1,3,0,3,6,50.0,3,2,1,1,6,10,8,0,Matches
42,Mattia Bani,it ITA,DF,Genoa,30,1993,16.7,19,10,11,6,2,7,11,63.6,4,13,8,5,22,41,85,2,Matches
43,Antonín Barák,cz CZE,MF,Fiorentina,29,1994,0.6,2,0,0,2,0,0,2,0.0,2,1,1,0,0,2,0,0,Matches
44,Federico Barba,it ITA,DF,Como,30,1993,4.8,2,2,1,1,0,1,4,25.0,3,2,2,0,4,6,15,0,Matches
45,Nicolò Barella,it ITA,MF,Inter,27,1997,27.7,50,31,19,20,11,26,59,44.1,33,26,3,23,12,62,16,1,Matches
46,Davide Bartesaghi,it ITA,DF,Milan,18,2005,1.3,4,2,1,1,2,4,4,100.0,0,1,1,0,3,7,1,0,Matches
47,Federico Baschirotto,it ITA,DF,Lecce,27,1996,38.0,37,25,30,5,2,22,28,78.6,6,44,32,12,23,60,237,2,Matches
48,Daniele Baselli,it ITA,MF,Como,32,1992,0.2,0,0,0,0,0,0,0,,0,0,0,0,1,1,1,0,Matches
49,Alessandro Bastoni,it ITA,DF,Inter,25,1999,26.7,46,24,26,14,6,20,30,66.7,10,25,13,12,22,68,52,1,Matches
50,Reda Belahyane,ma MAR,MF,Hellas Verona,20,2004,18.4,36,26,16,13,7,13,17,76.5,4,20,9,11,10,46,22,1,Matches
51,Reda Belahyane,ma MAR,MF,Lazio,20,2004,2.2,8,6,8,0,0,6,6,100.0,0,3,2,1,1,9,5,0,Matches
52,Raoul Bellanova,it ITA,DF,Torino,24,2000,1.0,0,0,0,0,0,0,1,0.0,1,0,0,0,0,0,4,0,Matches
53,Raoul Bellanova,it ITA,DF,Atalanta,24,2000,26.7,24,14,8,13,3,13,21,61.9,8,12,3,9,18,42,45,0,Matches
54,Andrea Belotti,it ITA,FW,Como,30,1993,6.6,7,5,1,4,2,1,4,25.0,3,4,0,4,1,8,8,0,Matches
55,Lucas Beltrán,ar ARG,"FW,MF",Fiorentina,23,2001,21.7,23,10,10,7,6,7,21,33.3,14,15,2,13,5,28,14,0,Matches
56,Adrian Benedyczak,pl POL,"FW,MF",Parma,23,2000,2.4,0,0,0,0,0,0,1,0.0,1,3,1,2,0,0,8,0,Matches
57,Ismaël Bennacer,dz ALG,MF,Milan,26,1997,3.3,5,4,1,3,1,1,7,14.3,6,5,3,2,3,8,1,0,Matches
58,Medon Berisha,al ALB,MF,Lecce,20,2003,8.0,12,8,7,3,2,4,8,50.0,4,6,0,6,11,23,5,2,Matches
59,Adrian Bernabe,es ESP,MF,Parma,23,2001,16.1,29,18,16,9,4,14,32,43.8,18,22,9,13,7,36,26,1,Matches
60,Antoine Bernede,fr FRA,MF,Hellas Verona,25,1999,6.6,15,8,4,9,2,10,16,62.5,6,6,1,5,5,20,3,0,Matches
61,Sam Beukema,nl NED,DF,Bologna,25,1998,33.5,54,29,27,24,3,22,41,53.7,19,36,21,15,30,84,111,0,Matches
62,Alessandro Bianco,it ITA,MF,Monza,21,2002,28.9,51,28,26,17,8,27,41,65.9,14,40,14,26,22,73,53,4,Matches
63,Alessandro Bianco,it ITA,MF,Fiorentina,21,2002,0.2,0,0,0,0,0,0,1,0.0,1,0,0,0,0,0,0,0,Matches
64,Jaka Bijol,si SVN,DF,Udinese,25,1999,32.9,43,25,32,10,1,21,40,52.5,19,38,18,20,38,81,182,1,Matches
65,Philip Billing,dk DEN,MF,Napoli,28,1996,2.2,9,6,4,4,1,1,4,25.0,3,4,1,3,4,13,6,0,Matches
66,Cristiano Biraghi,it ITA,DF,Torino,31,1992,12.9,16,10,9,3,4,11,18,61.1,7,15,4,11,8,24,44,0,Matches
67,Cristiano Biraghi,it ITA,DF,Fiorentina,31,1992,4.8,4,4,1,3,0,2,7,28.6,5,2,0,2,4,8,11,0,Matches
68,Samuele Birindelli,it ITA,"DF,MF",Monza,25,1999,16.3,22,15,13,4,5,6,14,42.9,8,15,2,13,10,32,34,2,Matches
69,Bjarki Bjarkason,is ISL,"DF,MF",Venezia,24,2000,1.8,3,2,2,1,0,1,2,50.0,1,1,0,1,2,5,4,0,Matches
70,Emil Bohinen,no NOR,MF,Genoa,25,1999,1.8,4,4,3,0,1,2,5,40.0,3,2,0,2,1,5,6,0,Matches
71,Warren Bondo,fr FRA,MF,Monza,20,2003,18.0,35,24,19,12,4,13,19,68.4,6,16,6,10,5,40,8,4,Matches
72,Warren Bondo,fr FRA,MF,Milan,20,2003,1.8,5,3,4,1,0,3,3,100.0,0,1,0,1,0,5,2,0,Matches
73,Kevin Bonifazi,it ITA,DF,Lecce,28,1996,0.7,1,1,1,0,0,1,1,100.0,0,1,1,0,2,3,3,0,Matches
74,Ange-Yoan Bonny,fr FRA,FW,Parma,20,2003,28.1,34,16,4,23,7,8,14,57.1,6,17,2,15,3,37,17,0,Matches
75,Edoardo Bove,it ITA,"MF,FW",Fiorentina,22,2002,9.5,24,17,7,14,3,14,28,50.0,14,12,0,12,6,30,8,0,Matches
76,Domagoj Bradarić,hr CRO,DF,Hellas Verona,24,1999,21.5,36,28,21,11,4,18,29,62.1,11,17,4,13,15,51,49,1,Matches
77,Matthias Braunöder,at AUT,MF,Como,22,2002,3.0,10,4,6,3,1,7,11,63.6,4,3,0,3,2,12,4,1,Matches
78,Iker Bravo,es ESP,"FW,MF",Udinese,19,2005,7.6,10,6,3,5,2,5,9,55.6,4,4,1,3,1,11,4,0,Matches
79,Gleison Bremer,br BRA,DF,Juventus,27,1997,6.0,15,7,9,5,1,4,5,80.0,1,15,11,4,6,21,16,0,Matches
80,Brenner,br BRA,"MF,FW",Udinese,24,2000,4.3,6,4,2,3,1,3,8,37.5,5,4,0,4,1,7,6,0,Matches
81,Marco Brescianini,it ITA,MF,Atalanta,24,2000,11.0,18,11,5,9,4,8,10,80.0,2,15,2,13,2,20,6,0,Matches
82,Arvid Brorsson,se SWE,DF,Monza,25,1999,4.0,4,3,2,2,0,2,5,40.0,3,9,8,1,2,6,35,1,Matches
83,Tajon Buchanan,ca CAN,"DF,FW",Inter,25,1999,1.1,3,0,2,0,1,1,2,50.0,1,0,0,0,0,3,3,0,Matches
84,Alessandro Buongiorno,it ITA,DF,Napoli,25,1999,21.4,39,23,26,12,1,24,32,75.0,8,30,18,12,35,74,73,2,Matches
85,Rareș-Cătălin Burnete,ro ROU,FW,Lecce,20,2004,0.3,0,0,0,0,0,0,1,0.0,1,0,0,0,0,0,0,0,Matches
86,Gianluca Busio,us USA,MF,Venezia,22,2002,28.0,46,31,24,12,10,20,47,42.6,27,36,8,28,19,65,52,0,Matches
87,Jean Butez,fr FRA,GK,Como,29,1995,18.5,0,0,0,0,0,0,2,0.0,2,0,0,0,0,0,18,1,Matches
88,Liberato Cacace,nz NZL,"MF,DF",Empoli,23,2000,24.8,37,25,20,13,4,22,31,71.0,9,26,9,17,22,59,59,0,Matches
89,Alessio Cacciamani,it ITA,"MF,DF",Torino,17,2007,0.3,0,0,0,0,0,0,0,,0,0,0,0,1,1,0,0,Matches
90,Davide Calabria,it ITA,DF,Bologna,27,1996,7.0,12,8,5,5,2,5,12,41.7,7,4,0,4,3,15,22,1,Matches
91,Davide Calabria,it ITA,DF,Milan,27,1996,3.5,10,7,10,0,0,4,7,57.1,3,1,0,1,8,18,8,0,Matches
92,Luca Caldirola,it ITA,DF,Monza,33,1991,9.7,11,7,8,3,0,4,7,57.1,3,9,6,3,11,22,43,1,Matches
93,Hakan Çalhanoğlu,tr TUR,MF,Inter,30,1994,21.6,43,23,7,23,13,21,36,58.3,15,17,8,9,18,61,24,0,Matches
94,Drissa Camara,ci CIV,"MF,FW",Parma,22,2002,5.0,9,7,2,6,1,1,10,10.0,9,8,0,8,3,12,1,0,Matches
95,Francesco Camarda,it ITA,"FW,MF",Milan,16,2008,2.3,5,2,0,2,3,2,6,33.3,4,2,1,1,0,5,3,0,Matches
96,Nicolò Cambiaghi,it ITA,FW,Bologna,23,2000,6.9,16,10,6,7,3,5,10,50.0,5,9,0,9,2,18,2,0,Matches
97,Andrea Cambiaso,it ITA,"DF,FW",Juventus,24,2000,24.7,46,30,27,13,6,27,44,61.4,17,24,4,20,16,62,34,5,Matches
98,Thomas Campaniello,it ITA,FW,Empoli,16,2008,0.3,0,0,0,0,0,0,2,0.0,2,0,0,0,0,0,0,0,Matches
99,Matteo Cancellieri,it ITA,"FW,MF",Parma,22,2002,15.8,26,16,15,9,2,11,32,34.4,21,15,1,14,13,39,30,0,Matches
100,Fali Candé,gw GNB,DF,Venezia,26,1998,17.0,25,19,14,10,1,16,23,69.6,7,21,15,6,15,40,90,2,Matches
101,Antonio Candela,it ITA,DF,Venezia,24,2000,11.2,31,21,13,11,7,18,26,69.2,8,7,5,2,8,39,22,2,Matches
102,Gianluca Caprari,it ITA,"MF,FW",Monza,31,1993,18.3,19,11,8,8,3,7,14,50.0,7,14,0,14,8,27,2,1,Matches
103,Elia Caprile,it ITA,GK,Cagliari,22,2001,18.0,1,0,1,0,0,0,2,0.0,2,0,0,0,0,1,9,1,Matches
104,Elia Caprile,it ITA,GK,Napoli,22,2001,3.6,0,0,0,0,0,0,0,,0,0,0,0,0,0,2,0,Matches
105,Francesco Caputo,it ITA,FW,Empoli,36,1987,0.1,0,0,0,0,0,0,0,,0,0,0,0,0,0,0,0,Matches
106,Maxence Caqueret,fr FRA,MF,Como,24,2000,12.1,36,21,14,18,4,20,38,52.6,18,15,1,14,7,43,4,1,Matches
107,Andrea Carboni,it ITA,DF,Monza,23,2001,24.3,60,35,39,17,4,35,53,66.0,18,31,16,15,27,87,106,4,Matches
108,Franco Carboni,it ITA,DF,Venezia,21,2003,2.5,5,3,5,0,0,5,8,62.5,3,1,1,0,0,5,11,0,Matches
109,Marco Carnesecchi,it ITA,GK,Atalanta,24,2000,34.0,0,0,0,0,0,0,0,,0,1,0,1,0,0,26,2,Matches
110,Cesare Casadei,it ITA,MF,Torino,21,2003,11.3,12,5,4,8,0,5,10,50.0,5,4,2,2,5,17,26,0,Matches
111,Nicolò Casale,it ITA,DF,Bologna,26,1998,10.0,11,5,4,6,1,5,10,50.0,5,15,7,8,17,28,43,3,Matches
112,Nicolò Casale,it ITA,DF,Lazio,26,1998,1.5,5,3,4,1,0,0,0,,0,4,3,1,1,6,2,0,Matches
113,Federico Cassa,it ITA,"MF,FW",Atalanta,18,2006,0.2,0,0,0,0,0,0,0,,0,1,0,1,0,0,0,0,Matches
114,Valentín Castellanos,ar ARG,FW,Lazio,25,1998,26.5,13,6,2,4,7,1,10,10.0,9,18,2,16,6,19,25,0,Matches
115,Santiago Castro,ar ARG,FW,Bologna,19,2004,25.5,18,10,4,9,5,6,17,35.3,11,13,2,11,3,21,20,0,Matches
116,Gaetano Castrovilli,it ITA,MF,Monza,27,1997,6.6,12,7,10,2,0,4,11,36.4,7,8,2,6,2,14,9,0,Matches
117,Gaetano Castrovilli,it ITA,"MF,FW",Lazio,27,1997,1.6,5,2,3,1,1,2,4,50.0,2,3,0,3,3,8,1,0,Matches
118,Danilo Cataldi,it ITA,MF,Fiorentina,29,1994,19.2,25,16,13,10,2,14,27,51.9,13,17,8,9,22,47,35,0,Matches
119,Zeki Çelik,tr TUR,DF,Roma,27,1997,25.1,62,37,21,31,10,23,43,53.5,20,28,9,19,15,77,84,3,Matches
120,Alberto Cerri,it ITA,FW,Como,28,1996,1.0,0,0,0,0,0,0,0,,0,2,0,2,0,0,1,0,Matches
121,Gabriel Charpentier,cg CGO,FW,Parma,25,1999,3.0,4,3,2,1,1,3,4,75.0,1,3,0,3,0,4,9,0,Matches
122,Walid Cheddira,ma MAR,FW,Napoli,26,1998,0.1,0,0,0,0,0,0,0,,0,0,0,0,0,0,0,0,Matches
123,Leandro Chichizola,ar ARG,GK,Parma,34,1990,1.0,0,0,0,0,0,0,0,,0,0,0,0,0,0,2,0,Matches
124,Samuel Chukwueze,ng NGA,"FW,MF",Milan,25,1999,10.3,17,11,7,6,4,5,19,26.3,14,3,0,3,2,19,9,0,Matches
125,Aaron Ciammaglichella,it ITA,MF,Torino,19,2005,0.0,0,0,0,0,0,0,0,,0,0,0,0,0,0,0,0,Matches
126,Giuseppe Ciocci,it ITA,GK,Cagliari,22,2002,0.1,0,0,0,0,0,0,0,,0,0,0,0,0,0,0,0,Matches
127,Alessandro Circati,au AUS,DF,Parma,20,2003,6.0,7,5,6,1,0,1,2,50.0,1,5,4,1,3,10,42,1,Matches
128,Alphadjo Cissè,it ITA,"FW,MF",Hellas Verona,17,2006,0.1,0,0,0,0,0,0,0,,0,0,0,0,0,0,0,0,Matches
129,Patrick Ciurria,it ITA,"MF,DF",Monza,29,1995,12.3,22,14,11,7,4,4,11,36.4,7,13,3,10,6,28,22,0,Matches
130,Saúl Coco,gq EQG,DF,Torino,25,1999,31.6,46,26,31,14,1,19,30,63.3,11,49,31,18,38,84,157,4,Matches
131,Lorenzo Colombo,it ITA,"FW,MF",Empoli,22,2002,24.8,31,14,7,16,8,7,21,33.3,14,33,2,31,2,33,16,1,Matches
132,Andrea Colpani,it ITA,"FW,MF",Fiorentina,25,1999,16.1,15,9,5,7,3,4,12,33.3,8,7,0,7,9,24,10,0,Matches
133,Florinel Coman,ro ROU,"FW,MF",Cagliari,26,1998,2.9,5,3,3,1,1,2,2,100.0,0,2,0,2,1,6,3,0,Matches
134,Pietro Comuzzo,it ITA,DF,Fiorentina,19,2005,24.4,43,21,29,11,3,23,29,79.3,6,35,22,13,29,72,113,4,Matches
135,Francisco Conceição,pt POR,"FW,MF",Juventus,21,2002,14.9,23,14,6,9,8,13,30,43.3,17,7,0,7,6,29,6,0,Matches
136,Diego Coppola,it ITA,DF,Hellas Verona,20,2003,32.5,66,36,48,14,4,28,40,70.0,12,44,24,20,72,138,194,2,Matches
137,Maxwel Cornet,ci CIV,"FW,MF",Genoa,27,1996,2.7,2,1,1,0,1,0,1,0.0,1,1,1,0,2,4,2,0,Matches
138,Joaquín Correa,ar ARG,"FW,MF",Inter,29,1994,8.1,11,5,4,7,0,4,13,30.8,9,3,0,3,0,11,6,0,Matches
139,Alberto costa,pt POR,DF,Juventus,20,2003,4.0,14,10,7,5,2,7,9,77.8,2,5,1,4,4,18,14,0,Matches
140,Lassana Coulibaly,ml MLI,MF,Lecce,28,1996,29.6,48,29,16,28,4,24,61,39.3,37,45,12,33,18,66,46,1,Matches
141,Woyo Coulibaly,ml MLI,DF,Parma,25,1999,12.0,13,10,9,2,2,5,11,45.5,6,19,2,17,8,21,25,0,Matches
142,Bryan Cristante,it ITA,MF,Roma,29,1995,22.7,48,29,18,24,6,15,26,57.7,11,20,10,10,19,67,36,1,Matches
143,Domen Črnigoj,si SVN,MF,Venezia,28,1995,1.5,4,2,0,1,3,1,2,50.0,1,5,2,3,4,8,4,0,Matches
144,Juan Cuadrado,co COL,"DF,MF",Atalanta,36,1988,9.2,19,9,9,6,4,11,23,47.8,12,14,2,12,7,26,9,0,Matches
145,Patrick Cutrone,it ITA,FW,Como,26,1998,22.7,16,11,0,10,6,7,14,50.0,7,11,0,11,5,21,7,0,Matches
146,Wylan Cyprien,fr FRA,MF,Parma,29,1995,0.3,0,0,0,0,0,0,1,0.0,1,1,0,1,1,1,0,0,Matches
147,Danilo D'Ambrosio,it ITA,DF,Monza,35,1988,12.2,28,15,17,10,1,14,23,60.9,9,12,8,4,15,43,36,2,Matches
148,Lucas Da Cunha,fr FRA,MF,Como,23,2001,29.0,45,25,17,19,9,20,39,51.3,19,18,3,15,17,62,30,1,Matches
149,Samuel Dahl,se SWE,"DF,MF",Roma,24,2000,0.5,2,2,0,2,0,1,2,50.0,1,2,0,2,0,2,0,0,Matches
150,Thijs Dallinga,nl NED,FW,Bologna,23,2000,12.8,10,5,0,4,6,3,3,100.0,0,10,1,9,1,11,13,1,Matches
151,Maat Daniel Caprini,it ITA,FW,Fiorentina,18,2006,0.1,0,0,0,0,0,0,0,,0,0,0,0,0,0,0,0,Matches
152,Flavius Daniliuc,at AUT,DF,Hellas Verona,23,2001,11.2,26,21,14,9,3,15,24,62.5,9,10,3,7,7,33,27,0,Matches
153,Danilo,br BRA,DF,Juventus,33,1991,6.5,10,4,7,2,1,5,10,50.0,5,4,3,1,9,19,21,1,Matches
154,Matteo Darmian,it ITA,DF,Inter,34,1989,19.8,28,17,12,12,4,14,25,56.0,11,14,6,8,10,38,39,0,Matches
155,Juan David Cabal,co COL,DF,Juventus,23,2001,5.1,10,4,7,3,0,8,12,66.7,4,2,0,2,2,12,14,1,Matches
156,Keinan Davis,eng ENG,FW,Udinese,26,1998,11.8,9,4,1,4,4,3,6,50.0,3,2,1,1,1,10,5,0,Matches
157,Paweł Dawidowicz,pl POL,"DF,MF",Hellas Verona,29,1995,20.5,45,24,20,22,3,18,27,66.7,9,16,6,10,20,65,70,2,Matches
158,Charles De Ketelaere,be BEL,"MF,FW",Atalanta,23,2001,23.0,13,9,2,9,2,4,15,26.7,11,14,3,11,3,16,9,1,Matches
159,Mattia De Sciglio,it ITA,DF,Empoli,31,1992,8.5,18,13,10,8,0,14,17,82.4,3,10,3,7,8,26,35,1,Matches
160,Lorenzo De Silvestri,it ITA,DF,Bologna,36,1988,11.8,11,6,7,1,3,7,16,43.8,9,12,4,8,10,21,32,0,Matches
161,Koni De Winter,be BEL,DF,Genoa,22,2002,23.7,33,19,21,8,4,17,25,68.0,8,11,7,4,25,58,118,3,Matches
162,Alessandro Deiola,it ITA,MF,Cagliari,28,1995,15.9,31,20,11,17,3,10,32,31.3,22,26,12,14,13,44,38,0,Matches
163,Enrico Del Prato,it ITA,DF,Parma,24,1999,32.7,33,17,24,8,1,19,26,73.1,7,69,35,34,19,52,132,2,Matches
164,Fisayo Dele-Bashiru,ng NGA,"MF,FW",Lazio,23,2001,10.5,10,6,3,3,4,2,6,33.3,4,10,2,8,4,14,5,0,Matches
165,Ali Dembélé,fr FRA,DF,Torino,20,2004,4.3,9,5,6,3,0,4,4,100.0,0,6,2,4,1,10,11,1,Matches
166,Michele Di Gregorio,it ITA,GK,Juventus,27,1997,33.0,0,0,0,0,0,0,0,,0,0,0,0,1,1,14,0,Matches
167,Giovanni Di Lorenzo,it ITA,DF,Napoli,30,1993,37.0,66,44,35,25,6,42,65,64.6,23,19,6,13,31,97,85,1,Matches
168,Boulaye Dia,sn SEN,"MF,FW",Lazio,27,1996,24.2,22,10,5,12,5,7,16,43.8,9,12,1,11,6,28,16,1,Matches
169,Assane Diao,sn SEN,"FW,MF",Como,18,2005,13.9,25,14,9,10,6,12,28,42.9,16,8,1,7,3,28,19,0,Matches
170,Federico Dimarco,it ITA,"DF,FW",Inter,26,1997,24.2,25,14,10,12,3,10,19,52.6,9,24,4,20,14,39,33,2,Matches
171,Berat Djimsiti,al ALB,DF,Atalanta,31,1993,29.3,53,33,29,23,1,29,40,72.5,11,34,21,13,40,93,141,2,Matches
172,Dodô,br BRA,DF,Fiorentina,25,1998,34.6,44,30,25,11,8,25,49,51.0,24,22,5,17,35,79,58,2,Matches
173,Benjamín Domínguez,ar ARG,FW,Bologna,20,2003,14.2,18,7,2,11,5,6,20,30.0,14,15,1,14,4,22,7,0,Matches
174,Patrick Dorgu,dk DEN,"DF,FW",Lecce,19,2004,20.4,45,27,21,19,5,23,45,51.1,22,24,6,18,18,63,42,2,Matches
175,Alberto Dossena,it ITA,DF,Como,25,1998,20.3,33,20,23,8,2,16,28,57.1,12,22,11,11,22,55,89,1,Matches
176,Issa Doumbia,it ITA,MF,Venezia,20,2003,10.4,14,8,6,7,1,7,17,41.2,10,17,5,12,9,23,14,1,Matches
177,Anastasios Douvikas,gr GRE,FW,Como,24,1999,6.4,3,2,0,3,0,1,4,25.0,3,3,0,3,1,4,3,0,Matches
178,Artem Dovbyk,ua UKR,FW,Roma,27,1997,26.9,4,2,0,1,3,0,4,0.0,4,10,3,7,2,6,12,0,Matches
179,Ondrej Duda,sk SVK,MF,Hellas Verona,29,1994,26.6,46,27,21,22,3,29,64,45.3,35,28,9,19,31,77,30,4,Matches
180,Denzel Dumfries,nl NED,"DF,FW",Inter,28,1996,21.7,25,18,12,9,4,14,27,51.9,13,31,8,23,6,31,26,1,Matches
181,Alfred Duncan,gh GHA,MF,Venezia,31,1993,10.6,17,8,4,11,2,5,14,35.7,9,7,2,5,8,25,8,0,Matches
182,Paulo Dybala,ar ARG,"FW,MF",Roma,30,1993,15.7,17,7,3,9,5,8,19,42.1,11,12,1,11,2,19,2,0,Matches
183,Enzo Ebosse,cm CMR,DF,Udinese,25,1999,1.0,0,0,0,0,0,0,2,0.0,2,3,3,0,1,1,1,0,Matches
184,Tyronne Ebuehi,ng NGA,"DF,MF",Empoli,28,1995,0.8,3,2,1,2,0,1,1,100.0,0,1,0,1,2,5,0,0,Matches
185,Éderson,br BRA,MF,Atalanta,25,1999,32.0,52,32,19,28,5,22,34,64.7,12,30,6,24,35,87,36,1,Matches
186,Kingsley Ehizibue,nl NED,DF,Udinese,29,1995,27.8,55,35,31,18,6,25,41,61.0,16,41,14,27,23,78,70,5,Matches
187,Jeff Ekhator,it ITA,"FW,MF",Genoa,17,2006,8.5,7,4,4,1,2,4,9,44.4,5,10,1,9,2,9,5,0,Matches
188,Jurgen Ekkelenkamp,nl NED,MF,Udinese,24,2000,21.0,36,25,10,22,4,18,35,51.4,17,26,4,22,12,48,26,0,Matches
189,Emmanuel Ekong,se SWE,"MF,FW",Empoli,22,2002,2.1,4,3,0,2,2,3,3,100.0,0,2,1,1,1,5,1,0,Matches
190,Caleb Ekuban,gh GHA,FW,Genoa,30,1994,6.2,3,3,1,1,1,1,1,100.0,0,4,1,3,1,4,6,0,Matches
191,Mikael Ellertsson,is ISL,"DF,MF",Venezia,22,2002,27.4,58,26,37,14,7,33,61,54.1,28,42,5,37,17,75,79,0,Matches
192,Elif Elmas,mk MKD,"FW,MF",Torino,24,1999,11.3,10,7,3,5,2,4,10,40.0,6,8,2,6,6,16,5,2,Matches
193,Emerson,br BRA,DF,Milan,25,1999,15.3,45,28,24,16,5,16,34,47.1,18,13,2,11,14,59,56,0,Matches
194,Yannik Engelhardt,de GER,"MF,DF",Como,23,2001,12.9,30,12,13,13,4,16,27,59.3,11,13,6,7,11,41,27,0,Matches
195,Martin Erlic,hr CRO,DF,Bologna,26,1998,3.7,2,0,0,2,0,1,2,50.0,1,5,4,1,2,4,9,0,Matches
196,Sebastiano Esposito,it ITA,"FW,MF",Empoli,22,2002,25.9,57,29,15,31,11,18,35,51.4,17,20,2,18,12,69,14,0,Matches
197,Estanis,es ESP,FW,Bologna,20,2003,0.1,0,0,0,0,0,0,0,,0,0,0,0,0,0,0,0,Matches
198,Nahuel Estévez,ar ARG,MF,Parma,28,1995,7.3,16,6,7,8,1,6,15,40.0,9,9,2,7,3,19,26,0,Matches
199,Giovanni Fabbian,it ITA,MF,Bologna,21,2003,11.4,10,6,1,3,6,7,13,53.8,6,7,2,5,2,12,4,0,Matches
200,Alieu Fadera,gm GAM,"FW,DF",Como,22,2001,18.3,64,47,25,27,12,20,45,44.4,25,18,1,17,12,76,10,0,Matches
201,Nicolò Fagioli,it ITA,MF,Fiorentina,23,2001,10.7,19,10,8,9,2,9,22,40.9,13,11,2,9,5,24,12,2,Matches
202,Nicolò Fagioli,it ITA,MF,Juventus,23,2001,6.3,14,10,7,6,1,6,9,66.7,3,4,0,4,2,16,5,0,Matches
203,Wladimiro Falcone,it ITA,GK,Lecce,29,1995,38.0,0,0,0,0,0,0,0,,0,0,0,0,0,0,29,3,Matches
204,Davide Faraoni,it ITA,DF,Hellas Verona,32,1991,2.9,10,9,5,5,0,3,9,33.3,6,7,3,4,2,12,12,1,Matches
205,Jacopo Fazzini,it ITA,MF,Empoli,21,2003,15.4,32,19,11,16,5,13,23,56.5,10,13,1,12,6,38,24,0,Matches
206,Mattia Felici,it ITA,"MF,FW",Cagliari,23,2001,10.3,17,12,8,7,2,4,11,36.4,7,10,0,10,7,24,7,1,Matches
207,João Félix,pt POR,MF,Milan,24,1999,8.4,6,6,3,2,1,4,14,28.6,10,2,0,2,1,7,9,0,Matches
208,Lewis Ferguson,sct SCO,MF,Bologna,24,1999,10.9,24,13,4,14,6,9,16,56.3,7,9,2,7,5,29,9,0,Matches
209,Daniel Fila,cz CZE,FW,Venezia,21,2002,5.5,2,0,0,1,1,0,2,0.0,2,6,0,6,0,2,5,0,Matches
210,Alessandro Florenzi,it ITA,FW,Milan,33,1991,0.1,0,0,0,0,0,0,0,,0,0,0,0,0,0,0,0,Matches
211,Youssouf Fofana,fr FRA,MF,Milan,25,1999,27.8,56,34,20,31,5,26,52,50.0,26,32,9,23,19,75,24,3,Matches
212,Michael Folorunsho,it ITA,"FW,MF",Fiorentina,26,1998,7.2,19,12,9,6,4,8,20,40.0,12,9,1,8,4,23,10,0,Matches
213,Michael Folorunsho,it ITA,"FW,MF",Napoli,26,1998,0.4,3,2,0,3,0,2,4,50.0,2,0,0,0,1,4,1,1,Matches
214,Omari Forson,eng ENG,"MF,FW",Monza,20,2004,2.5,3,3,1,2,0,1,3,33.3,2,3,0,3,1,4,1,0,Matches
215,Davide Frattesi,it ITA,MF,Inter,24,1999,13.6,17,8,6,10,1,10,18,55.6,8,12,4,8,5,22,14,1,Matches
216,Morten Frendrup,dk DEN,MF,Genoa,23,2001,34.5,102,61,23,52,27,34,78,43.6,44,62,16,46,47,149,57,0,Matches
217,Martin Frese,dk DEN,DF,Hellas Verona,26,1998,6.1,18,11,7,10,1,7,13,53.8,6,5,1,4,8,26,16,1,Matches
218,Remo Freuler,ch SUI,MF,Bologna,32,1992,35.6,79,40,28,40,11,33,79,41.8,46,38,4,34,38,117,57,1,Matches
219,Matteo Gabbia,it ITA,DF,Milan,24,1999,23.9,21,15,13,7,1,8,10,80.0,2,25,19,6,15,36,103,1,Matches
220,Tommaso Gabellini,it ITA,FW,Torino,17,2006,0.1,0,0,0,0,0,0,0,,0,0,0,0,0,0,0,0,Matches
221,Tiago Gabriel,pt POR,DF,Lecce,19,2004,1.1,0,0,0,0,0,0,0,,0,4,2,2,0,0,11,0,Matches
222,Alessandro Gabrielloni,it ITA,"FW,MF",Como,30,1994,1.6,0,0,0,0,0,0,3,0.0,3,0,0,0,0,0,1,0,Matches
223,Gianluca Gaetano,it ITA,"MF,FW",Cagliari,24,2000,11.2,11,8,4,6,1,5,15,33.3,10,8,0,8,6,17,8,0,Matches
224,Roberto Gagliardini,it ITA,"MF,DF",Monza,30,1994,2.0,3,2,1,2,0,1,4,25.0,3,1,0,1,2,5,4,0,Matches
225,Antonino Gallo,it ITA,DF,Lecce,24,2000,29.0,65,42,46,15,4,34,62,54.8,28,33,6,27,20,85,133,0,Matches
226,Silvère Ganvoula M'Boussy,cg CGO,FW,Monza,28,1996,3.6,0,0,0,0,0,0,1,0.0,1,1,0,1,1,1,5,0,Matches
227,Federico Gatti,it ITA,DF,Juventus,26,1998,24.4,28,23,18,8,2,14,24,58.3,10,27,18,9,18,46,76,2,Matches
228,David de Gea,es ESP,GK,Fiorentina,33,1990,35.0,1,0,1,0,0,1,1,100.0,0,0,0,0,0,1,12,0,Matches
229,Valentin Gendrey,fr FRA,DF,Lecce,24,2000,2.0,2,2,1,0,1,1,1,100.0,0,3,1,2,2,4,1,0,Matches
230,Daniele Ghilardi,it ITA,DF,Hellas Verona,21,2003,22.5,44,29,27,17,0,25,41,61.0,16,29,15,14,30,74,106,0,Matches
231,Lautaro Gianetti,ar ARG,DF,Udinese,30,1993,9.8,22,10,16,5,1,14,20,70.0,6,20,10,10,15,37,49,1,Matches
232,Samuel Gigot,fr FRA,DF,Lazio,30,1993,7.6,4,3,1,3,0,0,1,0.0,1,8,6,2,13,17,36,0,Matches
233,Mario Gila,es ESP,DF,Lazio,23,2000,30.5,55,37,35,18,2,37,56,66.1,19,20,13,7,28,83,115,4,Matches
234,Billy Gilmour,sct SCO,MF,Napoli,23,2001,13.1,24,16,10,9,5,12,20,60.0,8,6,1,5,9,33,23,0,Matches
235,Santiago Giménez,mx MEX,FW,Milan,23,2001,7.4,5,3,0,4,1,3,4,75.0,1,3,1,2,1,6,13,0,Matches
236,Gvidas Gineitis,lt LTU,MF,Torino,20,2004,15.9,25,15,8,10,7,13,25,52.0,12,16,6,10,18,43,32,0,Matches
237,Ben Godfrey,eng ENG,DF,Atalanta,26,1998,0.3,0,0,0,0,0,0,1,0.0,1,1,1,0,0,0,0,0,Matches
238,Saba Goglichidze,ge GEO,DF,Empoli,20,2004,28.2,64,37,36,25,3,25,51,49.0,26,36,17,19,33,97,97,3,Matches
239,Edoardo Goldaniga,it ITA,DF,Como,30,1993,28.1,34,21,21,8,5,13,18,72.2,5,21,10,11,33,67,102,3,Matches
240,Pierluigi Gollini,it ITA,GK,Genoa,29,1995,7.0,0,0,0,0,0,0,0,,0,1,0,1,0,0,2,1,Matches
241,Nicolás González,ar ARG,"FW,MF",Juventus,26,1998,19.4,24,13,10,9,5,9,25,36.0,16,16,4,12,9,33,37,2,Matches
242,Robin Gosens,de GER,DF,Fiorentina,30,1994,28.0,56,32,31,17,8,25,44,56.8,19,34,11,23,18,74,91,0,Matches
243,Lucas Gourna-Douath,fr FRA,MF,Roma,20,2003,2.5,9,4,5,4,0,2,6,33.3,4,1,1,0,0,9,2,0,Matches
244,Alberto Grassi,it ITA,MF,Empoli,29,1995,24.5,39,21,16,18,5,14,22,63.6,8,22,12,10,33,72,43,1,Matches
245,Mattéo Guendouzi,fr FRA,MF,Lazio,25,1999,36.3,37,21,13,19,5,20,47,42.6,27,34,9,25,32,69,50,2,Matches
246,Frederic Guilbert,fr FRA,DF,Lecce,29,1994,27.1,65,36,30,29,6,36,55,65.5,19,28,8,20,47,112,113,3,Matches
247,Albert Guðmundsson,is ISL,"FW,MF",Fiorentina,27,1997,14.1,9,5,2,4,3,7,17,41.2,10,5,0,5,6,15,9,1,Matches
248,Emmanuel Gyasi,gh GHA,"DF,FW",Empoli,30,1994,35.7,52,29,32,14,6,24,38,63.2,14,27,9,18,11,63,77,0,Matches
249,Christian Gytkjær,dk DEN,FW,Venezia,34,1990,8.4,6,4,2,2,2,1,2,50.0,1,3,1,2,0,6,8,0,Matches
250,Nicolas Haas,ch SUI,MF,Empoli,28,1996,3.2,11,8,4,5,2,5,9,55.6,4,2,1,1,4,15,6,0,Matches
251,Saad El Haddad,ma MAR,MF,Venezia,19,2005,0.3,0,0,0,0,0,0,0,,0,0,0,0,0,0,0,0,Matches
252,Antoine Hainaut,fr FRA,"DF,FW",Parma,22,2002,13.4,26,14,15,8,3,9,13,69.2,4,17,4,13,15,41,59,1,Matches
253,Mohamed Haj,tn TUN,MF,Parma,19,2005,5.0,3,1,2,1,0,1,2,50.0,1,3,1,2,4,7,5,0,Matches
254,Ridgeciano Haps,sr SUR,DF,Venezia,31,1993,15.2,30,16,19,8,3,14,22,63.6,8,18,3,15,7,37,48,0,Matches
255,Abdou Harroui,nl NED,"MF,FW",Hellas Verona,26,1998,5.1,9,6,6,3,0,4,4,100.0,0,5,0,5,2,11,5,0,Matches
256,Liam Henderson,sct SCO,MF,Empoli,28,1996,26.0,42,22,17,22,3,22,53,41.5,31,19,5,14,15,57,42,0,Matches
257,Mario Hermoso,es ESP,DF,Roma,29,1995,2.8,2,1,2,0,0,0,1,0.0,1,1,1,0,4,6,13,0,Matches
258,Theo Hernández,fr FRA,DF,Milan,26,1997,30.0,36,28,23,10,3,21,39,53.8,18,25,10,15,17,53,75,3,Matches
259,Hernani,br BRA,MF,Parma,30,1994,14.7,47,26,25,18,4,27,50,54.0,23,26,6,20,19,66,12,1,Matches
260,Isak Hien,se SWE,DF,Atalanta,25,1999,25.9,48,28,27,21,0,27,44,61.4,17,31,18,13,31,79,82,2,Matches
261,Emil Holm,se SWE,DF,Bologna,24,2000,12.6,34,21,17,14,3,20,31,64.5,11,19,4,15,10,44,51,1,Matches
262,Mats Hummels,de GER,DF,Roma,35,1988,10.2,30,15,16,14,0,11,18,61.1,7,12,4,8,26,56,43,0,Matches
263,Elseid Hysaj,al ALB,DF,Lazio,30,1994,4.7,11,6,6,5,0,3,3,100.0,0,5,2,3,5,16,21,0,Matches
264,Arijon Ibrahimović,de GER,MF,Lazio,18,2005,0.1,0,0,0,0,0,0,0,,0,0,0,0,0,0,0,0,Matches
265,Jay Idzes,id IDN,DF,Venezia,24,2000,34.7,45,29,24,17,4,17,33,51.5,16,52,32,20,32,77,156,0,Matches
266,Jonathan Ikone,fr FRA,FW,Como,26,1998,6.0,15,9,4,3,8,6,11,54.5,5,5,1,4,0,15,1,1,Matches
267,Jonathan Ikone,fr FRA,"FW,MF",Fiorentina,26,1998,3.7,5,2,3,2,0,2,4,50.0,2,3,0,3,1,6,1,0,Matches
268,Ivan Ilić,rs SRB,MF,Torino,23,2001,10.2,5,2,0,4,1,2,8,25.0,6,0,0,0,5,10,10,0,Matches
269,Samuel Iling-Junior,eng ENG,"FW,MF",Bologna,20,2003,1.3,3,2,1,1,1,0,1,0.0,1,1,0,1,2,5,2,0,Matches
270,Alessio Iovine,it ITA,"DF,FW",Como,33,1991,4.3,5,2,2,3,0,4,10,40.0,6,7,1,6,3,8,21,1,Matches
271,Gustav Isaksen,dk DEN,FW,Lazio,23,2001,24.6,16,9,7,8,1,7,28,25.0,21,22,2,20,10,26,21,1,Matches
272,Ardian Ismajli,al ALB,DF,Empoli,27,1996,27.9,30,23,21,9,0,16,20,80.0,4,35,24,11,56,86,249,3,Matches
273,Armando Izzo,it ITA,DF,Monza,32,1992,27.1,40,15,30,9,1,18,36,50.0,18,38,28,10,45,85,101,0,Matches
274,Fellipe Jack,br BRA,DF,Como,18,2006,1.9,9,4,8,1,0,3,5,60.0,2,2,2,0,4,13,5,0,Matches
275,Ali Jasim,iq IRQ,"FW,DF",Como,20,2004,0.1,1,0,1,0,0,1,1,100.0,0,0,0,0,0,1,0,0,Matches
276,Gaby Jean,fr FRA,DF,Lecce,24,2000,15.4,14,7,8,5,1,6,11,54.5,5,13,10,3,9,23,71,1,Matches
277,Juan Jesus,br BRA,DF,Napoli,33,1991,11.9,25,14,16,9,0,12,20,60.0,8,15,3,12,9,34,42,0,Matches
278,Álex Jiménez,es ESP,"DF,FW",Milan,19,2005,14.1,24,13,8,14,2,11,27,40.7,16,24,3,21,15,39,23,0,Matches
279,Þórir Jóhann Helgason,is ISL,MF,Lecce,23,2000,12.8,10,7,3,6,1,7,13,53.8,6,7,2,5,6,16,11,2,Matches
280,Jesse Joronen,fi FIN,GK,Venezia,31,1993,7.8,0,0,0,0,0,0,0,,0,0,0,0,0,0,4,1,Matches
281,Luka Jović,rs SRB,"FW,MF",Milan,26,1997,6.2,0,0,0,0,0,0,0,,0,2,1,1,1,1,3,0,Matches
282,Mohamed Kaba,fr FRA,MF,Lecce,22,2001,5.0,13,8,7,5,1,8,10,80.0,2,11,4,7,4,17,10,1,Matches
283,Christian Kabasele,be BEL,DF,Udinese,33,1991,12.9,17,9,10,7,0,11,14,78.6,3,14,8,6,14,31,75,1,Matches
284,Pierre Kalulu,fr FRA,DF,Juventus,24,2000,26.0,41,25,29,9,3,18,24,75.0,6,27,15,12,17,58,68,1,Matches
285,Hassane Kamara,ci CIV,DF,Udinese,30,1994,22.2,35,25,20,11,4,16,28,57.1,12,23,5,18,26,61,49,1,Matches
286,Yann Karamoh,fr FRA,"MF,FW",Torino,26,1998,11.6,5,2,2,1,2,4,9,44.4,5,10,2,8,3,8,5,0,Matches
287,Jesper Karlsson,se SWE,FW,Bologna,26,1998,3.3,1,0,0,0,1,0,2,0.0,2,4,0,4,0,1,3,0,Matches
288,Jesper Karlsson,se SWE,FW,Lecce,26,1998,5.5,3,2,3,0,0,2,8,25.0,6,2,0,2,0,3,4,0,Matches
289,Jesper Karlström,se SWE,MF,Udinese,29,1995,35.4,61,34,32,21,8,25,51,49.0,26,28,11,17,35,96,82,5,Matches
290,Lior Kasa,il ISR,"MF,FW",Genoa,18,2005,2.6,4,4,2,2,0,2,5,40.0,3,4,1,3,3,7,5,0,Matches
291,Grigoris Kastanos,cy CYP,"MF,FW",Hellas Verona,26,1998,9.7,23,16,8,7,8,9,21,42.9,12,17,2,15,7,30,8,0,Matches
292,Michael Kayode,it ITA,"DF,FW",Fiorentina,20,2004,1.4,1,1,1,0,0,0,0,,0,3,1,2,2,3,7,0,Matches
293,Moise Kean,it ITA,FW,Fiorentina,24,2000,30.0,7,5,1,2,4,3,4,75.0,1,12,0,12,6,13,26,1,Matches
294,Mandela Keita,be BEL,MF,Parma,22,2002,20.3,44,25,13,25,6,18,35,51.4,17,18,7,11,21,65,29,2,Matches
295,Lloyd Kelly,eng ENG,DF,Juventus,25,1998,11.3,15,11,5,9,1,7,9,77.8,2,11,6,5,2,17,56,3,Matches
296,Marc-Oliver Kempf,de GER,DF,Como,29,1995,29.1,30,20,15,14,1,13,24,54.2,11,35,26,9,33,63,136,4,Matches
297,Kialonda,ao ANG,DF,Lecce,26,1997,23.8,34,12,24,10,0,12,17,70.6,5,44,28,16,32,66,132,1,Matches
298,Magnus Kofod Andersen,dk DEN,MF,Venezia,25,1999,7.7,13,4,3,9,1,4,10,40.0,6,7,2,5,6,19,12,0,Matches
299,Sead Kolašinac,ba BIH,DF,Atalanta,31,1993,21.1,41,26,21,20,0,16,30,53.3,14,16,7,9,25,66,53,1,Matches
300,Randal Kolo Muani,fr FRA,FW,Juventus,25,1998,12.9,11,7,3,5,3,4,5,80.0,1,8,0,8,4,15,2,0,Matches
301,Ismael Konate,it ITA,"FW,MF",Empoli,18,2006,1.3,4,2,4,0,0,2,3,66.7,1,3,2,1,0,4,1,0,Matches
302,Manu Koné,fr FRA,MF,Roma,23,2001,28.6,41,26,17,17,7,19,40,47.5,21,27,4,23,24,65,28,0,Matches
303,Teun Koopmeiners,nl NED,"MF,FW",Juventus,26,1998,22.2,32,16,6,19,7,10,30,33.3,20,36,14,22,8,40,26,2,Matches
304,Odilon Kossounou,ci CIV,DF,Atalanta,23,2001,12.5,16,11,8,6,2,6,13,46.2,7,16,6,10,13,29,25,1,Matches
305,Christian Kouamé,ci CIV,"FW,MF",Fiorentina,26,1997,6.9,13,8,4,4,5,0,3,0.0,3,3,1,2,2,15,10,0,Matches
306,Christian Kouamé,ci CIV,"FW,MF",Empoli,26,1997,5.6,5,4,0,3,2,2,4,50.0,2,4,2,2,0,5,4,0,Matches
307,Viktor Kovalenko,ua UKR,MF,Empoli,28,1996,0.9,2,1,0,2,0,0,1,0.0,1,0,0,0,0,2,0,0,Matches
308,Mateusz Kowalski,pl POL,MF,Parma,19,2005,0.6,0,0,0,0,0,0,0,,0,1,0,1,0,0,1,0,Matches
309,Thomas Kristensen,dk DEN,DF,Udinese,22,2002,19.5,31,21,16,11,4,20,32,62.5,12,18,13,5,21,52,80,2,Matches
310,Nikola Krstović,me MNE,FW,Lecce,24,2000,34.0,18,9,4,7,7,7,16,43.8,9,12,7,5,7,25,24,0,Matches
311,Khvicha Kvaratskhelia,ge GEO,"FW,MF",Napoli,23,2001,13.1,15,9,4,10,1,4,15,26.7,11,13,0,13,4,19,7,0,Matches
312,Giorgos Kyriakopoulos,gr GRE,DF,Monza,28,1996,31.6,43,26,20,18,5,30,61,49.2,31,28,10,18,23,66,79,0,Matches
313,Mathis Lambourde,fr FRA,"FW,MF",Hellas Verona,18,2006,1.0,3,1,2,1,0,1,3,33.3,2,3,0,3,0,3,1,0,Matches
314,Gianluca Lapadula,pe PER,"FW,MF",Cagliari,34,1990,3.4,2,0,1,0,1,0,1,0.0,1,0,0,0,0,2,1,0,Matches
315,Valentino Lazaro,at AUT,"DF,FW",Torino,28,1996,25.6,26,12,10,12,4,15,30,50.0,15,28,5,23,11,37,38,1,Matches
316,Darko Lazović,rs SRB,"DF,MF",Hellas Verona,33,1990,16.2,21,10,5,14,2,11,28,39.3,17,19,3,16,11,32,39,0,Matches
317,Manuel Lazzari,it ITA,DF,Lazio,30,1993,15.6,26,16,13,11,2,14,24,58.3,10,9,5,4,10,36,19,0,Matches
318,Enzo Le Fée,fr FRA,MF,Roma,24,2000,3.5,7,4,5,2,0,2,6,33.3,4,9,3,6,5,12,2,0,Matches
319,Nicola Leali,it ITA,GK,Genoa,31,1993,29.0,0,0,0,0,0,0,0,,0,0,0,0,0,0,14,1,Matches
320,Rafael Leão,pt POR,FW,Milan,25,1999,25.8,16,10,4,8,4,11,29,37.9,18,15,1,14,6,22,4,0,Matches
321,Stefan Lekovic,rs SRB,DF,Monza,20,2004,4.1,9,4,6,2,1,5,13,38.5,8,4,4,0,7,16,5,0,Matches
322,Nunzio Lella,it ITA,MF,Venezia,24,2000,0.1,0,0,0,0,0,0,0,,0,0,0,0,0,0,0,0,Matches
323,Giovanni Leoni,it ITA,DF,Parma,17,2006,13.3,14,6,10,4,0,5,10,50.0,5,20,11,9,15,29,63,1,Matches
324,Ben Lhassine Kone,ci CIV,MF,Como,24,2000,0.6,2,2,1,0,1,2,3,66.7,1,0,0,0,1,3,1,0,Matches
325,Mattia Liberali,it ITA,MF,Milan,17,2007,0.7,2,1,0,1,1,2,2,100.0,0,0,0,0,0,2,0,0,Matches
326,Karol Linetty,pl POL,MF,Torino,29,1995,17.1,39,23,17,19,3,20,41,48.8,21,14,5,9,12,51,31,1,Matches
327,Dailon Livramento,cv CPV,"FW,MF",Hellas Verona,23,2001,10.4,15,11,2,7,6,7,13,53.8,6,10,2,8,3,18,9,0,Matches
328,Stanislav Lobotka,sk SVK,MF,Napoli,29,1994,29.3,47,30,16,21,10,19,31,61.3,12,29,11,18,21,68,57,1,Matches
329,Manuel Locatelli,it ITA,MF,Juventus,26,1998,31.4,72,49,29,35,8,32,56,57.1,24,58,20,38,23,95,77,0,Matches
330,Ruben Loftus-Cheek,eng ENG,MF,Milan,28,1996,11.5,19,8,6,9,4,6,12,50.0,6,3,0,3,3,22,20,0,Matches
331,Ademola Lookman,ng NGA,"MF,FW",Atalanta,26,1997,25.0,32,15,9,15,8,11,19,57.9,8,19,0,19,3,35,5,1,Matches
332,Sandi Lovrić,si SVN,MF,Udinese,26,1998,25.6,46,29,25,17,4,22,44,50.0,22,33,5,28,22,68,27,1,Matches
333,Lorenzo Lucca,it ITA,FW,Udinese,23,2000,26.1,10,6,3,2,5,5,11,45.5,6,18,1,17,7,17,27,0,Matches
334,Jhon Lucumí,co COL,DF,Bologna,26,1998,29.0,53,30,23,29,1,29,41,70.7,12,32,14,18,26,79,88,7,Matches
335,José Luis Palomino,ar ARG,DF,Cagliari,34,1990,12.0,27,15,16,9,2,15,21,71.4,6,21,11,10,22,49,46,0,Matches
336,Douglas Luiz,br BRA,MF,Juventus,26,1998,5.9,13,8,7,5,1,6,9,66.7,3,5,2,3,4,17,5,0,Matches
337,Romelu Lukaku,be BEL,FW,Napoli,31,1993,31.6,4,2,0,2,2,1,4,25.0,3,7,2,5,1,5,17,0,Matches
338,Sebastiano Luperto,it ITA,DF,Cagliari,27,1996,36.0,48,27,31,16,1,18,28,64.3,10,30,15,15,33,81,161,1,Matches
339,Zito Luvumbo,ao ANG,"FW,MF",Cagliari,22,2002,17.8,10,6,4,3,3,6,19,31.6,13,5,0,5,4,14,4,0,Matches
340,Charalampos Lykogiannis,gr GRE,DF,Bologna,30,1993,11.6,23,14,14,8,1,10,20,50.0,10,10,5,5,11,34,41,1,Matches
341,Mathias Løvik,no NOR,"DF,FW",Parma,20,2003,1.0,1,0,0,1,0,1,3,33.3,2,1,1,0,2,3,3,0,Matches
342,Giangiacomo Magnani,it ITA,DF,Hellas Verona,28,1995,11.8,20,15,14,6,0,7,7,100.0,0,16,9,7,17,37,73,1,Matches
343,Mike Maignan,fr FRA,GK,Milan,29,1995,36.6,0,0,0,0,0,0,1,0.0,1,1,0,1,0,0,19,3,Matches
344,Antoine Makoumbou,cg CGO,MF,Cagliari,26,1998,23.9,42,23,28,11,3,19,25,76.0,6,26,5,21,17,59,28,0,Matches
345,Daniel Maldini,it ITA,"MF,FW",Monza,22,2001,14.5,14,6,5,9,0,6,13,46.2,7,8,2,6,4,18,12,2,Matches
346,Daniel Maldini,it ITA,"FW,MF",Atalanta,22,2001,2.9,2,2,0,1,1,1,2,50.0,1,1,0,1,2,4,3,0,Matches
347,Youssef Maleh,ma MAR,MF,Empoli,25,1998,16.8,45,23,17,23,5,17,34,50.0,17,25,6,19,16,61,25,0,Matches
348,Ruslan Malinovskyi,ua UKR,"MF,FW",Genoa,31,1993,4.3,12,8,4,7,1,3,6,50.0,3,2,0,2,1,13,4,0,Matches
349,Dennis Man,ro ROU,"FW,MF",Parma,25,1998,22.2,13,6,7,3,3,6,24,25.0,18,15,3,12,8,21,11,0,Matches
350,Gianluca Mancini,it ITA,DF,Roma,28,1996,34.9,42,26,22,18,2,20,34,58.8,14,22,16,6,35,77,103,0,Matches
351,Christos Mandas,gr GRE,GK,Lazio,22,2001,9.0,0,0,0,0,0,0,0,,0,0,0,0,0,0,4,0,Matches
352,Rolando Mandragora,it ITA,MF,Fiorentina,27,1997,21.5,23,13,9,12,2,14,31,45.2,17,22,7,15,17,40,54,1,Matches
353,Alberto Manzoni,it ITA,MF,Atalanta,19,2005,0.1,0,0,0,0,0,0,0,,0,0,0,0,0,0,0,0,Matches
354,Alessandro Marcandalli,it ITA,DF,Genoa,21,2002,0.5,1,0,1,0,0,0,0,,0,0,0,0,0,1,2,0,Matches
355,Alessandro Marcandalli,it ITA,DF,Venezia,21,2002,3.9,8,6,6,2,0,3,6,50.0,3,6,3,3,2,10,26,0,Matches
356,Filip Marchwiński,pl POL,MF,Lecce,22,2002,0.2,0,0,0,0,0,0,0,,0,0,0,0,0,0,0,0,Matches
357,Pablo Marí,es ESP,DF,Monza,30,1993,18.1,26,15,14,12,0,11,21,52.4,10,24,21,3,37,63,85,2,Matches
358,Pablo Marí,es ESP,DF,Fiorentina,30,1993,12.2,14,9,11,3,0,6,11,54.5,5,19,14,5,25,39,94,0,Matches
359,Luca Marianucci,it ITA,DF,Empoli,20,2004,11.9,28,12,17,11,0,11,19,57.9,8,16,8,8,19,47,63,1,Matches
360,Mirko Marić,hr CRO,"FW,MF",Monza,29,1995,1.2,1,0,1,0,0,1,2,50.0,1,1,1,0,1,2,1,0,Matches
361,Mirko Marić,hr CRO,FW,Venezia,29,1995,4.0,6,3,5,1,0,2,5,40.0,3,3,1,2,1,7,10,0,Matches
362,Rafa Marín,es ESP,DF,Napoli,22,2002,1.6,1,0,1,0,0,1,2,50.0,1,1,1,0,1,2,4,0,Matches
363,Răzvan Marin,ro ROU,MF,Cagliari,28,1996,15.6,22,13,8,11,3,13,25,52.0,12,7,0,7,2,24,20,2,Matches
364,Guillermo Maripán,cl CHI,DF,Torino,30,1994,26.0,40,23,25,14,1,21,33,63.6,12,27,13,14,41,81,138,1,Matches
365,Aarón Martín,es ESP,DF,Genoa,27,1997,34.3,71,47,41,26,4,33,51,64.7,18,33,11,22,19,90,73,1,Matches
366,Josep Martinez,es ESP,GK,Inter,26,1998,5.0,0,0,0,0,0,0,0,,0,0,0,0,0,0,0,0,Matches
367,Lautaro Martínez,ar ARG,FW,Inter,26,1997,28.5,30,16,10,12,8,13,25,52.0,12,21,3,18,10,40,15,0,Matches
368,Lucas Martínez Quarta,ar ARG,DF,Fiorentina,28,1996,3.9,12,7,9,3,0,8,13,61.5,5,5,2,3,3,15,25,1,Matches
369,Kevin Martins,it ITA,"MF,DF",Monza,19,2005,2.0,5,4,3,2,0,3,6,50.0,3,1,0,1,1,6,4,1,Matches
370,Adam Marušić,me MNE,DF,Lazio,31,1992,26.0,32,20,18,12,2,18,30,60.0,12,18,8,10,16,48,61,0,Matches
371,Adam Masina,ma MAR,DF,Torino,30,1994,21.3,33,15,22,10,1,23,40,57.5,17,28,15,13,27,60,95,2,Matches
372,Patrizio Masini,it ITA,MF,Genoa,23,2001,17.1,54,29,18,26,10,19,40,47.5,21,26,8,18,15,69,37,0,Matches
373,Alan Matturro,uy URU,DF,Genoa,19,2004,10.0,11,6,6,5,0,3,14,21.4,11,10,3,7,14,25,38,0,Matches
374,Andrea Mazza,it ITA,GK,Monza,20,2004,0.1,0,0,0,0,0,0,0,,0,0,0,0,0,0,0,0,Matches
375,Luca Mazzitelli,it ITA,MF,Como,28,1995,3.7,9,6,4,5,0,5,7,71.4,2,5,2,3,3,12,10,0,Matches
376,Pasquale Mazzocchi,it ITA,"DF,FW",Napoli,29,1995,7.8,15,7,7,5,3,8,15,53.3,7,5,2,3,5,20,25,0,Matches
377,Samuel Mbangula,be BEL,FW,Juventus,20,2004,7.9,15,10,7,6,2,7,13,53.8,6,7,0,7,3,18,4,0,Matches
378,Weston McKennie,us USA,"MF,DF",Juventus,25,1998,25.7,33,12,18,11,4,13,22,59.1,9,28,8,20,14,47,37,0,Matches
379,Scott McTominay,sct SCO,MF,Napoli,27,1996,32.6,43,25,12,27,4,18,36,50.0,18,22,5,17,24,67,51,0,Matches
380,Filippo Melegoni,it ITA,"MF,FW",Genoa,25,1999,1.0,1,1,1,0,0,0,4,0.0,4,0,0,0,0,1,2,0,Matches
381,Alex Meret,it ITA,GK,Napoli,27,1997,33.4,0,0,0,0,0,0,0,,0,1,0,1,0,0,16,0,Matches
382,Junior Messias,br BRA,"MF,FW",Genoa,33,1991,9.4,13,7,6,6,1,3,10,30.0,7,8,2,6,6,19,20,0,Matches
383,Valentin Mihaila,ro ROU,"FW,MF",Parma,24,2000,14.3,29,15,8,13,8,9,22,40.9,13,18,0,18,8,37,6,0,Matches
384,Vanja Milinković-Savić,rs SRB,GK,Torino,27,1997,37.0,1,0,1,0,0,1,3,33.3,2,0,0,0,0,1,18,4,Matches
385,Yerry Mina,co COL,DF,Cagliari,29,1994,28.5,66,32,43,21,2,40,52,76.9,12,59,35,24,37,103,163,3,Matches
386,Juan Miranda,es ESP,DF,Bologna,24,2000,25.3,32,18,11,14,7,14,33,42.4,19,21,3,18,23,55,50,1,Matches
387,Fabio Miretti,it ITA,"MF,FW",Genoa,20,2003,18.6,28,15,6,14,8,18,33,54.5,15,20,1,19,7,35,13,2,Matches
388,Henrikh Mkhitaryan,am ARM,MF,Inter,35,1989,26.6,43,24,17,16,10,20,45,44.4,25,29,5,24,17,60,41,0,Matches
389,Rui Modesto,ao ANG,"DF,MF",Udinese,24,1999,6.8,16,12,4,9,3,7,9,77.8,2,10,0,10,8,24,13,0,Matches
390,Lorenzo Montipò,it ITA,GK,Hellas Verona,28,1996,36.0,1,0,1,0,0,1,4,25.0,3,0,0,0,0,1,24,4,Matches
391,Álvaro Morata,es ESP,"FW,MF",Milan,31,1992,12.2,16,10,5,8,3,5,8,62.5,3,7,2,5,5,21,5,0,Matches
392,Alberto Moreno,es ESP,DF,Como,32,1992,19.2,25,11,17,8,0,12,26,46.2,14,12,3,9,14,39,40,2,Matches
393,Matias Moreno,ar ARG,DF,Fiorentina,20,2003,1.6,8,8,5,3,0,4,4,100.0,0,5,1,4,1,9,9,0,Matches
394,Tete Morente,es ESP,"FW,MF",Lecce,27,1996,22.5,27,17,10,11,6,10,36,27.8,26,16,1,15,14,41,31,1,Matches
395,Nikola Moro,hr CRO,MF,Bologna,26,1998,13.4,35,27,7,21,7,22,33,66.7,11,18,7,11,13,48,18,0,Matches
396,Daniel Mosquera,co COL,FW,Hellas Verona,24,1999,15.3,11,8,3,5,3,1,15,6.7,14,11,1,10,2,13,10,0,Matches
397,Dany Mota,pt POR,"FW,MF",Monza,26,1998,23.4,13,3,2,3,8,4,8,50.0,4,18,1,17,9,22,27,3,Matches
398,Bob Murphy Omoregbe,it ITA,MF,Milan,20,2003,0.0,0,0,0,0,0,0,0,,0,0,0,0,0,0,0,0,Matches
399,Yunus Musah,us USA,"MF,FW",Milan,21,2002,17.5,27,19,13,9,5,12,17,70.6,5,9,1,8,7,34,9,3,Matches
400,Juan Musso,ar ARG,GK,Atalanta,30,1994,1.0,0,0,0,0,0,0,0,,0,0,0,0,0,0,0,0,Matches
401,Kingstone Mutandwa,zm ZAM,"FW,MF",Cagliari,21,2003,1.4,0,0,0,0,0,0,0,,0,0,0,0,0,0,0,0,Matches
402,Obite N'Dicka,ci CIV,DF,Roma,24,1999,38.0,32,26,17,15,0,14,21,66.7,7,46,30,16,33,65,150,2,Matches
403,Konan N'dri,ci CIV,"FW,MF",Lecce,23,2000,3.4,3,3,0,0,3,2,3,66.7,1,4,0,4,1,4,0,0,Matches
404,Michel Ndary Adopo,fr FRA,MF,Cagliari,24,2000,26.8,55,32,16,31,8,15,29,51.7,14,20,5,15,27,82,25,0,Matches
405,Cher Ndour,it ITA,"MF,DF",Fiorentina,20,2004,4.5,4,1,2,1,1,2,10,20.0,8,5,1,4,2,6,7,1,Matches
406,Dan Ndoye,ch SUI,FW,Bologna,23,2000,23.8,26,19,8,8,10,16,28,57.1,12,23,0,23,9,35,4,0,Matches
407,Victor Nelsson,dk DEN,DF,Roma,25,1998,2.1,5,4,3,1,1,3,5,60.0,2,1,0,1,2,7,9,0,Matches
408,David Neres,br BRA,FW,Napoli,27,1997,14.3,21,11,10,4,7,10,15,66.7,5,7,0,7,7,28,4,0,Matches
409,Cyril Ngonge,be BEL,FW,Napoli,24,2000,2.4,8,5,4,4,0,4,7,57.1,3,3,0,3,2,10,4,0,Matches
410,Cheikh Niasse,sn SEN,MF,Hellas Verona,24,2000,8.4,18,15,6,12,0,10,19,52.6,9,17,4,13,17,35,17,2,Matches
411,Hans Nicolussi Caviglia,it ITA,MF,Venezia,24,2000,31.8,47,28,17,22,8,29,64,45.3,35,39,12,27,28,75,55,2,Matches
412,Oliver Nielsen,dk DEN,DF,Lazio,21,2003,0.4,0,0,0,0,0,0,0,,0,1,0,1,1,1,2,0,Matches
413,Alieu Njie,se SWE,"FW,MF",Torino,19,2005,4.4,5,1,3,1,1,0,3,0.0,3,5,1,4,0,5,1,0,Matches
414,Brooke Norton-Cuffy,eng ENG,"DF,FW",Genoa,20,2004,8.0,12,7,9,3,0,9,11,81.8,2,12,2,10,3,15,12,0,Matches
415,Tijjani Noslin,nl NED,"FW,MF",Lazio,25,1999,9.6,6,5,2,1,3,1,8,12.5,7,15,1,14,1,7,7,0,Matches
416,Adam Obert,sk SVK,DF,Cagliari,21,2002,12.0,31,18,12,17,2,16,27,59.3,11,19,7,12,23,54,48,2,Matches
417,Jens Odgaard,dk DEN,"MF,FW",Bologna,25,1999,21.7,20,14,3,12,5,6,21,28.6,15,19,2,17,9,29,12,1,Matches
418,Noah Okafor,ch SUI,FW,Milan,24,2000,4.6,2,1,0,0,2,0,1,0.0,1,1,0,1,2,4,1,0,Matches
419,Noah Okafor,ch SUI,"FW,MF",Napoli,24,2000,0.4,3,2,3,0,0,2,2,100.0,0,0,0,0,0,3,1,0,Matches
420,Yllan Okou,fr FRA,DF,Hellas Verona,21,2002,0.0,0,0,0,0,0,0,0,,0,1,0,1,0,0,0,0,Matches
421,Maduka Okoye,ng NGA,GK,Udinese,24,1999,25.0,0,0,0,0,0,0,0,,0,0,0,0,0,0,12,1,Matches
422,Mathías Olivera,uy URU,DF,Napoli,26,1997,26.3,63,35,31,25,7,32,53,60.4,21,36,12,24,28,91,74,1,Matches
423,Jean Onana,cm CMR,MF,Genoa,24,2000,3.4,12,6,2,10,0,5,9,55.6,4,6,1,5,4,16,8,1,Matches
424,Jacob Ondrejka,se SWE,"MF,FW",Parma,21,2002,4.7,12,6,5,7,0,10,12,83.3,2,2,0,2,7,19,2,0,Matches
425,Gaetano Oristanio,it ITA,"FW,MF",Venezia,21,2002,25.7,17,13,5,8,4,7,15,46.7,8,16,0,16,6,23,6,1,Matches
426,Riccardo Orsolini,it ITA,FW,Bologna,27,1997,20.9,16,13,6,6,4,5,11,45.5,6,26,0,26,8,24,10,1,Matches
427,Yordan Osorio,ve VEN,DF,Parma,30,1994,1.9,5,3,4,1,0,2,2,100.0,0,3,1,2,4,9,6,1,Matches
428,Sebastian Otoa,dk DEN,DF,Genoa,20,2004,2.0,1,0,1,0,0,1,2,50.0,1,1,1,0,3,4,14,0,Matches
429,Remi Oudin,fr FRA,"MF,FW",Lecce,27,1996,3.3,3,1,1,1,1,2,4,50.0,2,6,2,4,2,5,1,0,Matches
430,Cheick Oumar Conde,gn GUI,MF,Venezia,24,2000,1.7,6,5,3,2,1,2,5,40.0,3,7,2,5,4,10,3,0,Matches
431,Daniel Oyegoke,eng ENG,DF,Hellas Verona,21,2003,1.1,2,2,1,0,1,1,1,100.0,0,1,0,1,1,3,7,0,Matches
432,Daniele Padelli,it ITA,GK,Udinese,38,1985,1.0,0,0,0,0,0,0,1,0.0,1,0,0,0,0,0,0,0,Matches
433,Simone Pafundi,it ITA,"MF,DF",Udinese,18,2006,1.3,3,3,2,0,1,1,4,25.0,3,0,0,0,0,3,1,0,Matches
434,Tomás Palacios,ar ARG,DF,Monza,21,2003,5.0,11,5,9,2,0,9,13,69.2,4,7,2,5,8,19,17,2,Matches
435,Tomás Palacios,ar ARG,DF,Inter,21,2003,0.1,0,0,0,0,0,0,0,,0,0,0,0,1,1,0,0,Matches
436,Alberto Paleari,it ITA,GK,Torino,31,1992,1.0,0,0,0,0,0,0,0,,0,0,0,0,0,0,2,0,Matches
437,Marco Palestra,it ITA,DF,Atalanta,19,2005,2.5,6,4,3,2,1,3,3,100.0,0,4,1,3,2,8,4,0,Matches
438,Matteo Palma,de GER,DF,Udinese,16,2008,0.1,0,0,0,0,0,0,0,,0,1,1,0,0,0,1,0,Matches
439,Leandro Paredes,ar ARG,MF,Roma,30,1994,15.3,26,14,9,12,5,16,32,50.0,16,14,5,9,19,45,33,2,Matches
440,Fabiano Parisi,it ITA,"DF,MF",Fiorentina,23,2000,12.5,27,17,11,12,4,12,21,57.1,9,14,2,12,17,44,17,0,Matches
441,Mario Pašalić,hr CRO,MF,Atalanta,29,1995,21.9,26,16,11,13,2,11,26,42.3,15,22,7,15,12,38,28,1,Matches
442,Patric,es ESP,DF,Lazio,31,1993,6.7,9,6,6,3,0,6,10,60.0,4,3,2,1,3,12,22,1,Matches
443,Rui Patrício,pt POR,GK,Atalanta,36,1988,3.0,0,0,0,0,0,0,0,,0,0,0,0,0,0,3,0,Matches
444,Benjamin Pavard,fr FRA,DF,Inter,28,1996,17.6,29,16,12,12,5,18,25,72.0,7,16,12,4,16,45,52,0,Matches
445,Strahinja Pavlović,rs SRB,DF,Milan,23,2001,20.7,52,31,32,19,1,29,50,58.0,21,17,6,11,16,68,82,0,Matches
446,Leonardo Pavoletti,it ITA,"FW,MF",Cagliari,35,1988,4.9,1,0,0,1,0,0,0,,0,4,1,3,0,1,3,0,Matches
447,Martín Payero,ar ARG,MF,Udinese,25,1998,15.3,24,16,4,14,6,8,16,50.0,8,16,2,14,13,37,13,0,Matches
448,Nicolás Paz,ar ARG,"MF,FW",Como,19,2004,29.9,51,33,18,26,7,24,51,47.1,27,49,3,46,21,72,16,0,Matches
449,Marcus Pedersen,no NOR,DF,Torino,24,2000,15.1,13,8,6,6,1,10,16,62.5,6,11,2,9,13,26,34,1,Matches
450,Pedro,es ESP,"FW,MF",Lazio,37,1987,12.2,19,14,5,9,5,10,21,47.6,11,11,0,11,3,22,3,1,Matches
451,Pietro Pellegri,it ITA,FW,Empoli,23,2001,4.6,7,2,0,6,1,2,4,50.0,2,2,0,2,0,7,3,0,Matches
452,Lorenzo Pellegrini,it ITA,MF,Roma,28,1996,18.1,24,16,5,13,6,8,19,42.1,11,8,1,7,6,30,22,0,Matches
453,Luca Pellegrini,it ITA,DF,Lazio,25,1999,11.9,23,11,11,10,2,17,32,53.1,15,10,3,7,19,42,32,0,Matches
454,Mateo Pellegrino,ar ARG,FW,Parma,23,2001,8.2,3,2,1,2,0,1,4,25.0,3,6,1,5,1,4,6,0,Matches
455,Andy Pelmard,mg MAD,DF,Lecce,24,2000,1.4,6,6,5,1,0,4,4,100.0,0,1,0,1,0,6,5,0,Matches
456,Sergiu Perciun,md MDA,"FW,MF",Torino,18,2006,1.7,2,2,0,0,2,1,4,25.0,3,2,0,2,1,3,2,0,Matches
457,Pedro Pereira,pt POR,DF,Monza,26,1998,29.6,53,32,30,18,5,35,55,63.6,20,26,12,14,21,74,85,5,Matches
458,Gastón Pereiro,uy URU,MF,Genoa,29,1995,0.3,1,0,0,1,0,1,1,100.0,0,0,0,0,0,1,1,0,Matches
459,Kike Pérez,es ESP,MF,Venezia,27,1997,12.4,41,25,18,12,11,18,44,40.9,26,14,2,12,10,51,15,0,Matches
460,Nehuén Pérez,ar ARG,DF,Udinese,24,2000,2.0,1,1,0,0,1,0,1,0.0,1,2,2,0,1,2,7,0,Matches
461,Simone Perilli,it ITA,GK,Hellas Verona,29,1995,2.0,0,0,0,0,0,0,0,,0,0,0,0,0,0,1,0,Matches
462,Mattia Perin,it ITA,GK,Juventus,31,1992,5.0,0,0,0,0,0,0,0,,0,0,0,0,0,0,2,0,Matches
463,Máximo Perrone,ar ARG,MF,Como,21,2003,20.6,38,27,19,14,5,13,38,34.2,25,15,2,13,20,58,43,0,Matches
464,Matteo Pessina,it ITA,MF,Monza,27,1997,9.5,15,4,3,11,1,9,14,64.3,5,6,0,6,12,27,7,0,Matches
465,Andrea Petagna,it ITA,FW,Monza,29,1995,3.7,2,1,0,1,1,1,2,50.0,1,0,0,0,1,3,2,0,Matches
466,Giuseppe Pezzella,it ITA,"DF,FW",Empoli,26,1997,32.0,55,31,28,17,10,29,57,50.9,28,32,8,24,15,70,110,2,Matches
467,Roberto Piccoli,it ITA,FW,Cagliari,23,2001,34.7,13,9,2,6,5,3,12,25.0,9,12,4,8,3,16,31,0,Matches
468,Nicholas Pierini,it ITA,MF,Venezia,25,1998,0.9,0,0,0,0,0,0,1,0.0,1,2,0,2,0,0,0,0,Matches
469,Santiago Pierotti,ar ARG,FW,Lecce,23,2001,21.5,46,24,22,18,6,23,51,45.1,28,31,5,26,14,60,32,0,Matches
470,Balthazar Pierret,fr FRA,MF,Lecce,24,2000,19.1,51,31,25,23,3,13,30,43.3,17,19,5,14,19,70,31,1,Matches
471,Andrea Pinamonti,it ITA,FW,Genoa,25,1999,31.7,10,6,0,7,3,2,8,25.0,6,16,4,12,1,11,28,2,Matches
472,Nicola Pintus,it ITA,DF,Cagliari,19,2005,0.0,0,0,0,0,0,0,0,,0,0,0,0,0,0,2,0,Matches
473,Niccolò Pisilli,it ITA,MF,Roma,19,2004,13.6,24,11,11,8,5,12,22,54.5,10,14,3,11,11,35,16,0,Matches
474,Damián Pizarro,cl CHI,"FW,MF",Udinese,19,2005,0.2,0,0,0,0,0,0,0,,0,0,0,0,0,0,0,0,Matches
475,Semuel Pizzignacco,it ITA,GK,Monza,22,2001,8.2,0,0,0,0,0,0,1,0.0,1,0,0,0,0,0,6,0,Matches
476,Tommaso Pobega,it ITA,MF,Bologna,25,1999,13.1,33,19,12,15,6,22,30,73.3,8,16,4,12,14,47,16,0,Matches
477,Joel Pohjanpalo,fi FIN,FW,Venezia,29,1994,17.8,3,3,1,2,0,0,4,0.0,4,7,4,3,4,7,24,0,Matches
478,Matteo Politano,it ITA,"FW,MF",Napoli,30,1993,31.2,29,15,17,11,1,15,43,34.9,28,21,1,20,13,42,50,1,Matches
479,Marin Pongračić,hr CRO,DF,Fiorentina,26,1997,15.2,18,13,13,4,1,7,11,63.6,4,14,6,8,12,30,69,2,Matches
480,Stefan Posch,at AUT,DF,Bologna,27,1997,7.9,26,15,12,9,5,15,25,60.0,10,19,4,15,5,31,22,0,Matches
481,Stefan Posch,at AUT,DF,Atalanta,27,1997,4.3,18,11,7,8,3,8,9,88.9,1,5,1,4,4,22,13,0,Matches
482,Matteo Prati,it ITA,MF,Cagliari,20,2003,6.3,10,4,2,7,1,3,11,27.3,8,5,2,3,7,17,10,1,Matches
483,Ivan Provedel,it ITA,GK,Lazio,30,1994,29.0,0,0,0,0,0,0,0,,0,1,0,1,1,1,12,3,Matches
484,Diego Pugno,it ITA,FW,Juventus,18,2006,0.1,0,0,0,0,0,0,0,,0,0,0,0,0,0,0,0,Matches
485,Christian Pulisic,us USA,"FW,MF",Milan,25,1998,27.5,43,29,17,14,12,15,37,40.5,22,24,2,22,5,48,13,2,Matches
486,Ionuț Radu,ro ROU,GK,Venezia,27,1997,15.0,0,0,0,0,0,0,0,,0,0,0,0,0,0,9,0,Matches
487,Hamza Rafia,tn TUN,MF,Lecce,25,1999,11.8,44,27,14,25,5,15,32,46.9,17,7,2,5,4,48,18,1,Matches
488,Antonio Raimondo,it ITA,"FW,DF",Venezia,20,2004,1.0,2,1,1,1,0,0,0,,0,0,0,0,0,2,0,1,Matches
489,Ylber Ramadani,al ALB,MF,Lecce,28,1996,20.1,51,28,24,27,0,33,52,63.5,19,26,9,17,24,75,26,3,Matches
490,Luca Ranieri,it ITA,DF,Fiorentina,25,1999,34.1,42,24,28,12,2,20,25,80.0,5,47,32,15,28,70,154,1,Matches
491,Giacomo Raspadori,it ITA,"FW,MF",Napoli,24,2000,12.3,18,9,6,10,2,8,12,66.7,4,10,2,8,3,21,13,0,Matches
492,Federico Ravaglia,it ITA,GK,Bologna,24,1999,11.7,0,0,0,0,0,0,0,,0,0,0,0,0,0,9,0,Matches
493,Ante Rebić,hr CRO,"FW,MF",Lecce,30,1993,8.8,12,9,5,5,2,3,9,33.3,6,7,1,6,2,14,4,1,Matches
494,Tijjani Reijnders,nl NED,MF,Milan,26,1998,34.8,26,13,6,14,6,10,26,38.5,16,22,4,18,38,64,28,2,Matches
495,Pepe Reina,es ESP,GK,Como,41,1982,11.5,0,0,0,0,0,0,1,0.0,1,0,0,0,0,0,3,2,Matches
496,Devyne Rensch,nl NED,DF,Roma,21,2003,5.2,17,13,8,8,1,9,10,90.0,1,5,3,2,7,24,12,1,Matches
497,Mateo Retegui,it ITA,FW,Atalanta,25,1999,26.5,14,9,0,9,5,3,16,18.8,13,7,0,7,4,18,17,0,Matches
498,Samuele Ricci,it ITA,MF,Torino,22,2001,31.4,35,21,15,14,6,18,28,64.3,10,23,9,14,25,60,51,2,Matches
499,Amir Richardson,ma MAR,MF,Fiorentina,22,2002,12.2,30,13,13,15,2,9,21,42.9,12,14,1,13,6,36,29,1,Matches
500,Sergi Roberto,es ESP,MF,Como,32,1992,7.7,14,8,5,5,4,5,7,71.4,2,7,1,6,9,23,14,0,Matches
501,Alessio Romagnoli,it ITA,DF,Lazio,29,1995,29.7,48,29,20,26,2,22,27,81.5,5,33,17,16,26,74,118,1,Matches
502,Marten de Roon,nl NED,"MF,DF",Atalanta,33,1991,34.0,74,48,32,38,4,30,66,45.5,36,40,7,33,47,121,67,1,Matches
503,Jonas Rouhi,se SWE,DF,Juventus,20,2004,2.3,4,1,1,3,0,0,1,0.0,1,2,0,2,3,7,2,0,Matches
504,Nicolò Rovella,it ITA,MF,Lazio,22,2001,30.2,84,50,39,38,7,41,79,51.9,38,19,4,15,47,131,46,3,Matches
505,Amir Rrahmani,xk KVX,DF,Napoli,30,1994,37.8,39,31,19,19,1,16,25,64.0,9,43,26,17,27,66,179,2,Matches
506,Tommaso Rubino,it ITA,MF,Fiorentina,17,2006,0.1,0,0,0,0,0,0,1,0.0,1,0,0,0,0,0,0,0,Matches
507,Matteo Ruggeri,it ITA,DF,Atalanta,22,2002,19.5,39,24,15,14,10,25,39,64.1,14,30,4,26,22,61,50,1,Matches
508,Stefano Sabelli,it ITA,DF,Genoa,31,1993,22.9,58,31,27,25,6,20,52,38.5,32,28,7,21,22,80,65,0,Matches
509,Alexis Saelemaekers,be BEL,"DF,FW",Roma,25,1999,15.4,33,20,22,7,4,18,35,51.4,17,12,1,11,9,42,8,1,Matches
510,Alexis Saelemaekers,be BEL,"DF,FW",Milan,25,1999,1.0,1,1,0,0,1,1,1,100.0,0,0,0,0,1,2,0,0,Matches
511,Richie Sagrado,be BEL,DF,Venezia,20,2004,1.6,2,2,1,1,0,1,1,100.0,0,1,0,1,3,5,4,0,Matches
512,Marco Sala,it ITA,DF,Como,25,1999,2.9,9,6,5,3,1,5,8,62.5,3,2,0,2,1,10,9,0,Matches
513,Marco Sala,it ITA,DF,Lecce,25,1999,0.8,1,0,0,1,0,0,1,0.0,1,1,0,1,0,1,0,0,Matches
514,Anass Salah-Eddine,ma MAR,DF,Roma,22,2002,1.7,1,1,1,0,0,0,0,,0,0,0,0,1,2,2,2,Matches
515,Lazar Samardzic,rs SRB,MF,Atalanta,22,2002,13.0,21,15,5,7,9,12,25,48.0,13,9,1,8,2,23,6,0,Matches
516,Junior Sambia,fr FRA,"DF,FW",Empoli,27,1996,4.3,14,10,3,6,5,11,11,100.0,0,3,0,3,2,16,5,0,Matches
517,Antonio Sanabria,py PAR,FW,Torino,28,1996,14.6,3,3,1,1,1,1,4,25.0,3,6,1,5,1,4,13,0,Matches
518,Alexis Sánchez,cl CHI,FW,Udinese,35,1988,4.9,3,1,0,2,1,1,7,14.3,6,5,0,5,4,7,1,1,Matches
519,Nicola Sansone,it ITA,"MF,FW",Lecce,32,1991,0.7,0,0,0,0,0,0,0,,0,0,0,0,0,0,0,0,Matches
520,Amin Sarr,se SWE,FW,Hellas Verona,23,2001,21.2,22,12,3,8,11,5,10,50.0,5,18,3,15,3,25,14,0,Matches
521,Razvan Sava,ro ROU,GK,Udinese,22,2002,12.0,0,0,0,0,0,0,0,,0,0,0,0,0,0,6,2,Matches
522,Nicolò Savona,it ITA,DF,Juventus,21,2003,19.2,29,13,19,9,1,13,25,52.0,12,12,3,9,11,40,38,0,Matches
523,Saba Sazonov,ge GEO,DF,Torino,22,2002,0.0,0,0,0,0,0,0,0,,0,1,1,0,0,0,0,0,Matches
524,Giorgio Scalvini,it ITA,DF,Atalanta,20,2003,3.0,8,4,5,3,0,5,9,55.6,4,0,0,0,4,12,7,0,Matches
525,Gianluca Scamacca,it ITA,FW,Atalanta,25,1999,0.1,0,0,0,0,0,0,0,,0,0,0,0,0,0,0,0,Matches
526,Joël Schingtienne,be BEL,DF,Venezia,21,2002,12.5,27,16,18,7,2,12,19,63.2,7,18,9,9,14,41,25,5,Matches
527,Simone Scuffet,it ITA,GK,Cagliari,28,1996,13.0,0,0,0,0,0,0,1,0.0,1,0,0,0,0,0,8,2,Matches
528,Simone Scuffet,it ITA,GK,Napoli,28,1996,1.0,0,0,0,0,0,0,0,,0,0,0,0,0,0,2,0,Matches
529,Jacopo Seghetti,it ITA,GK,Empoli,19,2005,1.0,0,0,0,0,0,0,0,,0,0,0,0,0,0,0,0,Matches
530,Stefano Sensi,it ITA,MF,Monza,28,1995,3.0,8,5,4,4,0,5,6,83.3,1,4,2,2,3,11,3,1,Matches
531,Suat Serdar,de GER,MF,Hellas Verona,27,1997,15.3,35,22,12,19,4,10,26,38.5,16,19,4,15,8,43,21,0,Matches
532,Stephan El Shaarawy,it ITA,"DF,MF",Roma,31,1992,12.2,16,12,4,6,6,6,12,50.0,6,4,0,4,10,26,13,0,Matches
533,Alen Sherri,al ALB,GK,Cagliari,26,1997,6.9,1,0,1,0,0,1,2,50.0,1,0,0,0,1,2,1,0,Matches
534,Eldor Shomurodov,uz UZB,"FW,MF",Roma,29,1995,12.2,14,6,2,7,5,3,6,50.0,3,10,1,9,3,17,5,0,Matches
535,Benjamin Siegrist,ch SUI,GK,Genoa,32,1992,1.7,0,0,0,0,0,0,0,,0,0,0,0,1,1,1,0,Matches
536,Marco Silvestri,it ITA,GK,Empoli,33,1991,5.0,0,0,0,0,0,0,2,0.0,2,0,0,0,0,0,3,1,Matches
537,Giovanni Simeone,ar ARG,FW,Napoli,29,1995,4.7,2,0,0,1,1,1,6,16.7,5,9,2,7,1,3,6,0,Matches
538,Łukasz Skorupski,pl POL,GK,Bologna,33,1991,26.3,1,0,1,0,0,1,3,33.3,2,0,0,0,0,1,13,2,Matches
539,Ivan Smolčić,hr CRO,DF,Como,23,2000,7.0,16,9,8,7,1,9,13,69.2,4,8,2,6,10,26,24,0,Matches
540,Simon Sohm,ch SUI,MF,Parma,23,2001,33.2,28,17,11,13,4,16,35,45.7,19,11,3,8,26,54,36,0,Matches
541,Ola Solbakken,no NOR,"MF,FW",Empoli,25,1998,8.4,7,4,0,6,1,3,6,50.0,3,0,0,0,2,9,8,0,Matches
542,Oumar Solet,fr FRA,DF,Udinese,24,2000,18.6,33,19,18,13,2,21,30,70.0,9,32,19,13,17,50,78,4,Matches
543,Daniele Sommariva,it ITA,GK,Genoa,27,1997,0.3,0,0,0,0,0,0,0,,0,0,0,0,0,0,1,0,Matches
544,Yann Sommer,ch SUI,GK,Inter,35,1988,33.0,0,0,0,0,0,0,0,,0,0,0,0,0,0,13,1,Matches
545,Borna Sosa,hr CRO,DF,Torino,26,1998,13.1,26,19,14,7,5,16,25,64.0,9,13,6,7,14,40,33,0,Matches
546,Riccardo Sottil,it ITA,"FW,MF",Fiorentina,25,1999,9.3,5,4,3,1,1,3,4,75.0,1,1,0,1,4,9,3,0,Matches
547,Riccardo Sottil,it ITA,"FW,MF",Milan,25,1999,1.4,1,1,1,0,0,0,0,,0,0,0,0,0,1,0,0,Matches
548,Matìas Soulé,ar ARG,"MF,DF",Roma,21,2003,19.8,26,16,12,7,7,10,23,43.5,13,25,3,22,9,35,25,0,Matches
549,Leonardo Spinazzola,it ITA,"DF,FW",Napoli,31,1993,16.9,17,10,6,9,2,10,23,43.5,13,12,1,11,9,26,31,1,Matches
550,Marco Sportiello,it ITA,GK,Milan,32,1992,1.4,0,0,0,0,0,0,0,,0,0,0,0,0,0,1,0,Matches
551,Filip Stankovic,rs SRB,GK,Venezia,22,2002,15.2,0,0,0,0,0,0,0,,0,0,0,0,0,0,11,2,Matches
552,Petar Stojanović,si SVN,MF,Empoli,28,1995,0.0,0,0,0,0,0,0,0,,0,0,0,0,0,0,0,0,Matches
553,Gabriel Strefezza,br BRA,"FW,MF",Como,27,1997,29.1,57,39,20,20,17,21,55,38.2,34,24,2,22,13,70,26,0,Matches
554,Ibrahim Sulemana,gh GHA,MF,Atalanta,21,2003,3.1,9,4,4,5,0,2,8,25.0,6,2,0,2,0,9,1,0,Matches
555,Tomáš Suslov,sk SVK,"MF,FW",Hellas Verona,22,2002,23.1,54,38,23,24,7,23,72,31.9,49,30,2,28,18,72,17,1,Matches
556,Zion Suzuki,jp JPN,GK,Parma,21,2002,36.8,1,0,1,0,0,1,2,50.0,1,0,0,0,0,1,35,4,Matches
557,Marin Šverko,hr CRO,DF,Venezia,26,1998,12.4,20,9,14,6,0,10,12,83.3,2,10,5,5,16,36,45,3,Matches
558,Mile Svilar,rs SRB,GK,Roma,24,1999,38.0,0,0,0,0,0,0,0,,0,0,0,0,0,0,12,2,Matches
559,Michael Svoboda,at AUT,DF,Venezia,25,1998,14.6,26,14,19,6,1,8,19,42.1,11,19,11,8,22,48,66,2,Matches
560,Adrien Tameze,cm CMR,"MF,DF",Torino,30,1994,7.2,5,2,2,3,0,1,10,10.0,9,8,5,3,10,15,8,1,Matches
561,Mehdi Taremi,ir IRN,FW,Inter,32,1992,9.1,7,1,2,2,3,1,4,25.0,3,11,2,9,0,7,11,0,Matches
562,Nuno Tavares,pt POR,DF,Lazio,24,2000,18.7,28,21,15,8,5,14,34,41.2,20,21,3,18,21,49,44,2,Matches
563,Loum Tchaouna,fr FRA,"FW,MF",Lazio,20,2003,7.3,8,4,2,2,4,3,9,33.3,6,5,1,4,4,12,14,2,Matches
564,Jackson Tchatchoua,cm CMR,"DF,MF",Hellas Verona,22,2001,35.2,50,31,34,13,3,28,43,65.1,15,21,9,12,14,64,75,2,Matches
565,Casper Tengstedt,dk DEN,FW,Hellas Verona,24,2000,16.9,7,5,0,5,2,4,9,44.4,5,5,1,4,4,11,29,0,Matches
566,Filippo Terracciano,it ITA,"DF,MF",Milan,21,2003,6.0,9,6,1,6,2,5,10,50.0,5,1,0,1,6,15,11,0,Matches
567,Pietro Terracciano,it ITA,GK,Fiorentina,34,1990,3.0,0,0,0,0,0,0,0,,0,0,0,0,0,0,0,0,Matches
568,Florian Thauvin,fr FRA,"FW,MF",Udinese,31,1993,21.7,20,14,9,8,3,10,25,40.0,15,6,0,6,7,27,10,0,Matches
569,Malick Thiaw,de GER,DF,Milan,22,2001,20.1,24,17,15,6,3,6,10,60.0,4,14,12,2,15,39,76,1,Matches
570,Morten Thorsby,no NOR,"MF,FW",Genoa,28,1996,21.1,49,30,19,20,10,17,29,58.6,12,22,1,21,5,54,28,1,Matches
571,Khéphren Thuram,fr FRA,MF,Juventus,23,2001,25.8,44,21,16,24,4,18,32,56.3,14,32,10,22,14,58,39,2,Matches
572,Marcus Thuram,fr FRA,FW,Inter,26,1997,25.4,18,10,7,5,6,3,14,21.4,11,16,3,13,3,21,15,0,Matches
573,Rafael Tolói,it ITA,DF,Atalanta,33,1990,5.2,10,5,3,5,2,4,11,36.4,7,8,2,6,8,18,11,0,Matches
574,Fikayo Tomori,eng ENG,DF,Milan,26,1997,17.7,40,25,21,16,3,17,25,68.0,8,17,12,5,20,60,61,2,Matches
575,Luka Topalović,si SVN,MF,Inter,18,2006,0.1,1,1,0,1,0,0,0,,0,0,0,0,0,1,0,0,Matches
576,Lorenzo Tosto,it ITA,DF,Empoli,18,2006,0.0,0,0,0,0,0,0,0,,0,0,0,0,0,0,0,0,Matches
577,Souleymane Touré,fr FRA,DF,Udinese,21,2003,8.1,7,6,4,3,0,4,5,80.0,1,15,6,9,9,16,17,1,Matches
578,Stefano Turati,it ITA,GK,Monza,22,2001,29.7,0,0,0,0,0,0,1,0.0,1,0,0,0,0,0,21,2,Matches
579,Kacper Urbanski,pl POL,MF,Bologna,19,2004,2.7,5,2,4,0,1,4,6,66.7,2,5,1,4,2,7,5,0,Matches
580,Kacper Urbanski,pl POL,MF,Monza,19,2004,5.6,5,3,1,2,2,4,7,57.1,3,7,2,5,2,7,9,0,Matches
581,Lautaro Valenti,ar ARG,DF,Parma,25,1999,17.3,17,12,13,3,1,7,9,77.8,2,26,13,13,13,30,94,1,Matches
582,Nicolás Valentini,ar ARG,DF,Hellas Verona,23,2001,12.5,35,23,22,12,1,20,31,64.5,11,15,7,8,15,50,97,0,Matches
583,Emanuele Valeri,it ITA,DF,Parma,25,1998,31.9,51,31,33,15,3,30,61,49.2,31,31,10,21,29,80,103,4,Matches
584,Álex Valle,es ESP,DF,Como,20,2004,11.4,26,12,12,12,2,15,21,71.4,6,13,2,11,8,34,42,0,Matches
585,Mattia Valoti,it ITA,MF,Monza,30,1993,0.4,3,3,3,0,0,0,2,0.0,2,2,0,2,0,3,2,0,Matches
586,Ignace Van Der Brempt,be BEL,DF,Como,22,2002,14.0,40,32,27,10,3,24,33,72.7,9,14,5,9,17,57,34,0,Matches
587,Devis Vásquez,co COL,GK,Empoli,26,1998,32.0,0,0,0,0,0,0,0,,0,0,0,0,0,0,21,4,Matches
588,Johan Vásquez,mx MEX,DF,Genoa,25,1998,33.8,56,31,24,27,5,26,44,59.1,18,59,31,28,50,106,150,1,Matches
589,Matías Vecino,uy URU,MF,Lazio,32,1991,9.7,13,7,3,9,1,4,18,22.2,14,9,3,6,5,18,15,0,Matches
590,Danilo Veiga,pt POR,DF,Lecce,21,2002,4.2,8,6,4,4,0,6,13,46.2,7,5,0,5,4,12,14,0,Matches
591,Renato Veiga,pt POR,DF,Juventus,21,2003,12.1,17,12,7,9,1,9,14,64.3,5,17,13,4,19,36,81,0,Matches
592,Lorenzo Venturino,it ITA,"FW,MF",Genoa,18,2006,1.9,5,3,4,0,1,3,6,50.0,3,3,0,3,0,5,5,0,Matches
593,Simone Verdi,it ITA,"MF,FW",Como,32,1992,1.3,2,2,0,1,1,0,2,0.0,2,2,0,2,0,2,2,0,Matches
594,Samuele Vignato,it ITA,MF,Monza,20,2004,5.2,6,3,0,4,2,3,7,42.9,4,1,0,1,0,6,6,0,Matches
595,Nicolas Viola,it ITA,"FW,MF",Cagliari,34,1989,14.1,14,7,6,7,1,1,10,10.0,9,5,0,5,3,17,5,0,Matches
596,Mattia Viti,it ITA,DF,Empoli,22,2002,28.6,65,45,42,20,3,34,52,65.4,18,41,18,23,48,113,128,4,Matches
597,Vitinha,pt POR,"FW,MF",Genoa,24,2000,14.8,23,8,12,6,5,11,30,36.7,19,14,2,12,12,35,22,0,Matches
598,Dušan Vlahović,rs SRB,FW,Juventus,24,2000,19.8,4,2,0,1,3,1,5,20.0,4,7,3,4,1,5,9,3,Matches
599,Vanja Vlahović,rs SRB,"FW,MF",Atalanta,20,2004,0.7,1,1,0,0,1,0,0,,0,0,0,0,0,1,0,0,Matches
600,Nikola Vlašić,hr CRO,"MF,FW",Torino,26,1997,23.5,37,19,11,17,9,12,30,40.0,18,15,3,12,9,46,15,0,Matches
601,Alessandro Vogliacco,it ITA,DF,Genoa,25,1998,7.9,15,3,7,7,1,10,12,83.3,2,11,7,4,9,24,20,0,Matches
602,Alessandro Vogliacco,it ITA,DF,Parma,25,1998,8.6,5,2,5,0,0,3,5,60.0,2,15,10,5,3,8,37,0,Matches
603,Mërgim Vojvoda,xk KVX,DF,Torino,29,1995,12.3,18,10,5,9,4,7,14,50.0,7,13,3,10,7,25,24,1,Matches
604,Mërgim Vojvoda,xk KVX,DF,Como,29,1995,8.0,9,6,5,4,0,7,9,77.8,2,7,4,3,3,12,18,0,Matches
605,Stefan de Vrij,nl NED,DF,Inter,32,1992,19.2,18,12,12,5,1,9,12,75.0,3,19,11,8,23,41,89,0,Matches
606,Kyle Walker,eng ENG,DF,Milan,34,1990,7.3,17,9,12,4,1,13,17,76.5,4,9,5,4,9,26,15,1,Matches
607,Sebastian Walukiewicz,pl POL,DF,Torino,24,2000,18.5,38,20,18,16,4,23,31,74.2,8,21,8,13,18,56,60,0,Matches
608,Sebastian Walukiewicz,pl POL,DF,Empoli,24,2000,2.0,1,0,1,0,0,0,1,0.0,1,3,3,0,1,2,15,0,Matches
609,Timothy Weah,us USA,"DF,FW",Juventus,24,2000,18.2,36,19,15,13,8,14,25,56.0,11,25,4,21,14,50,27,2,Matches
610,Mateusz Wieteska,pl POL,DF,Cagliari,27,1997,2.0,1,0,0,1,0,1,1,100.0,0,3,2,1,7,8,6,0,Matches
611,John Yeboah,ec ECU,"FW,MF",Venezia,24,2000,13.6,6,3,1,3,2,1,10,10.0,9,4,0,4,4,10,2,0,Matches
612,Kenan Yıldız,tr TUR,"FW,MF",Juventus,19,2005,26.7,54,30,13,26,15,18,32,56.3,14,25,0,25,5,59,13,3,Matches
613,Mattia Zaccagni,it ITA,FW,Lazio,29,1995,29.8,38,27,13,21,4,16,32,50.0,16,19,1,18,29,67,22,2,Matches
614,Nicola Zalewski,pl POL,"DF,FW",Roma,22,2002,5.9,8,6,3,2,3,2,7,28.6,5,7,2,5,4,12,8,2,Matches
615,Nicola Zalewski,pl POL,"DF,MF",Inter,22,2002,4.8,7,4,3,2,2,4,6,66.7,2,5,1,4,2,9,5,1,Matches
616,Andre-Frank Zambo Anguissa,cm CMR,MF,Napoli,28,1995,31.7,42,26,8,28,6,15,34,44.1,19,24,6,18,35,77,40,1,Matches
617,Francesco Zampano,it ITA,DF,Venezia,30,1993,18.2,31,20,19,10,2,14,31,45.2,17,21,1,20,6,37,29,2,Matches
618,Nicolò Zaniolo,it ITA,FW,Fiorentina,25,1999,3.8,3,1,1,2,0,0,4,0.0,4,2,1,1,0,3,2,0,Matches
619,Nicolò Zaniolo,it ITA,"FW,MF",Atalanta,25,1999,4.0,0,0,0,0,0,0,2,0.0,2,0,0,0,1,1,0,0,Matches
620,Alessandro Zanoli,it ITA,"FW,DF",Genoa,23,2000,19.0,29,20,11,14,4,10,23,43.5,13,20,3,17,12,41,40,0,Matches
621,Duván Zapata,co COL,FW,Torino,33,1991,6.5,7,5,2,0,5,0,3,0.0,3,2,1,1,2,9,7,0,Matches
622,Gabriele Zappa,it ITA,DF,Cagliari,24,1999,34.0,40,23,20,17,3,17,34,50.0,17,42,22,20,23,63,93,1,Matches
623,Davide Zappacosta,it ITA,DF,Atalanta,32,1992,23.0,26,16,15,5,6,20,39,51.3,19,28,6,22,11,37,32,2,Matches
624,Oier Zarraga,es ESP,MF,Udinese,25,1999,10.0,19,13,7,10,2,10,22,45.5,12,9,5,4,2,21,8,0,Matches
625,Jordan Zemura,zw ZIM,DF,Udinese,24,1999,15.7,31,14,14,12,5,17,29,58.6,12,17,4,13,16,47,41,0,Matches
626,Alessio Zerbin,it ITA,DF,Venezia,25,1999,16.9,51,28,30,12,9,29,52,55.8,23,28,3,25,15,66,25,1,Matches
627,Alessio Zerbin,it ITA,"FW,DF",Napoli,25,1999,0.0,2,1,2,0,0,1,1,100.0,0,0,0,0,0,2,0,0,Matches
628,Kevin Zeroli,it ITA,MF,Monza,19,2005,4.4,6,2,3,3,0,0,1,0.0,1,6,1,5,2,8,11,0,Matches
629,Kevin Zeroli,it ITA,MF,Milan,19,2005,0.1,1,1,0,1,0,0,0,,0,0,0,0,0,1,0,0,Matches
630,Piotr Zieliński,pl POL,MF,Inter,30,1994,10.9,14,10,6,7,1,6,13,46.2,7,10,5,5,6,20,13,1,Matches
631,Nadir Zortea,it ITA,"DF,MF",Cagliari,25,1999,30.1,30,14,16,12,2,14,37,37.8,23,11,0,11,19,49,47,2,Matches
632,Szymon Żurkowski,pl POL,MF,Empoli,26,1997,1.2,6,4,2,4,0,4,4,100.0,0,3,0,3,1,7,2,0,Matches
633,Milan Đurić,ba BIH,FW,Monza,34,1990,14.1,1,1,0,1,0,0,3,0.0,3,6,0,6,2,3,17,0,Matches
634,Milan Đurić,ba BIH,FW,Parma,34,1990,3.0,0,0,0,0,0,0,2,0.0,2,3,0,3,0,0,2,0,Matches
