Unnamed: 0_level_0_Rk,Unnamed: 1_level_0_Player,Unnamed: 2_level_0_Nation,Unnamed: 3_level_0_Pos,Unnamed: 4_level_0_Squad,Unnamed: 5_level_0_Age,Unnamed: 6_level_0_Born,Unnamed: 7_level_0_90s,Performance_CrdY,Performance_CrdR,Performance_2CrdY,Performance_Fls,Performance_Fld,Performance_Off,Performance_Crs,Performance_Int,Performance_TklW,Performance_PKwon,Performance_PKcon,Performance_OG,Performance_Recov,Aerial Duels_Won,Aerial Duels_Lost,Aerial Duels_Won%,Unnamed: 24_level_0_Matches
1,James Abankwah,ie IRL,"DF,MF",Udinese,20,2004,1.0,1,0,0,4,3,0,0,1,2,0,0,0,7,2,2,50.0,Matches
2,Saud Abdulhamid,sa KSA,DF,Roma,25,1999,2.3,0,0,0,2,5,0,7,2,2,0,1,0,3,0,1,0.0,Matches
3,Oliver Abildgaard,dk DEN,MF,Como,28,1996,0.1,0,0,0,0,1,0,0,0,0,0,0,0,0,0,0,,Matches
4,Tammy Abraham,eng ENG,FW,Roma,26,1997,0.0,0,0,0,0,0,0,0,0,0,0,0,0,0,1,0,100.0,Matches
5,Tammy Abraham,eng ENG,FW,Milan,26,1997,13.1,1,0,0,23,12,7,3,2,11,1,0,0,12,36,33,52.2,Matches
6,Federico Accornero,it ITA,MF,Genoa,20,2004,0.1,0,0,0,0,0,0,1,0,0,0,0,0,1,0,1,0.0,Matches
7,Francesco Acerbi,it ITA,DF,Inter,36,1988,19.0,0,0,0,11,18,2,10,26,19,0,0,0,62,61,30,67.0,Matches
8,Che Adams,sct SCO,FW,Torino,28,1996,29.5,2,0,0,29,40,23,10,2,6,0,0,0,50,36,62,36.7,Matches
9,Yacine Adli,fr FRA,MF,Fiorentina,24,2000,13.7,3,1,1,9,20,0,63,6,19,0,0,0,77,5,16,23.8,Matches
10,Vasilije Adžić,me MNE,"MF,FW",Juventus,18,2006,0.5,0,0,0,1,1,0,0,0,2,0,0,0,3,2,3,40.0,Matches
11,Michel Aebischer,ch SUI,MF,Bologna,27,1997,8.0,2,0,0,16,16,0,14,7,13,0,0,0,35,5,9,35.7,Matches
12,Honest Ahanor,it ITA,"DF,MF",Genoa,16,2008,3.0,0,0,0,2,8,0,4,1,5,0,0,0,14,5,3,62.5,Matches
13,Junior Ajayi,ci CIV,FW,Hellas Verona,19,2004,0.1,0,0,0,1,1,0,0,0,0,0,0,0,1,0,0,,Matches
14,Jean-Daniel Akpa-Akpro,ci CIV,MF,Monza,31,1992,10.7,4,0,0,24,18,0,6,13,18,0,0,0,54,11,15,42.3,Matches
15,David Akpan Ankeye,ng NGA,"FW,MF",Genoa,22,2002,0.5,0,0,0,3,1,0,0,0,0,0,0,0,0,0,1,0.0,Matches
16,Faride Alidou,de GER,"FW,MF",Hellas Verona,23,2001,0.8,0,0,0,1,0,0,3,1,0,0,0,0,0,1,0,100.0,Matches
17,Dele Alli,eng ENG,MF,Como,28,1996,0.1,0,1,0,1,0,0,0,0,0,0,0,0,0,0,0,,Matches
18,Pontus Almqvist,se SWE,"FW,MF",Parma,25,1999,12.4,5,0,0,15,15,2,11,19,13,1,0,0,40,9,15,37.5,Matches
19,Giorgio Altare,it ITA,DF,Venezia,25,1998,8.4,2,0,0,10,2,0,7,17,12,0,0,1,27,19,17,52.8,Matches
20,Sofyan Amrabat,ma MAR,MF,Fiorentina,27,1996,2.0,0,0,0,4,1,0,3,0,2,0,0,0,7,1,1,50.0,Matches
21,Angeliño,es ESP,DF,Roma,27,1997,35.3,1,0,0,32,33,5,116,28,24,1,0,0,101,30,27,52.6,Matches
22,Lorenzo Anghelè,it ITA,FW,Juventus,19,2005,0.1,0,0,0,0,0,0,0,0,0,0,0,0,0,0,2,0.0,Matches
23,Faustino Anjorin,eng ENG,MF,Empoli,22,2001,12.4,3,0,0,24,19,0,17,13,13,0,1,0,65,9,15,37.5,Matches
24,Marko Arnautović,at AUT,FW,Inter,35,1989,6.1,1,0,0,4,6,8,5,1,6,0,0,0,10,12,7,63.2,Matches
25,Kristjan Asllani,al ALB,MF,Inter,22,2002,11.0,4,0,0,9,19,0,43,9,3,0,0,0,49,4,3,57.1,Matches
26,Arthur Atta,fr FRA,"MF,FW",Udinese,21,2003,13.9,5,0,0,16,14,1,24,7,12,0,0,0,57,14,20,41.2,Matches
27,Emil Audero,id IDN,GK,Como,27,1997,8.0,0,0,0,0,1,0,0,0,0,0,0,0,12,2,1,66.7,Matches
28,Tommaso Augello,it ITA,DF,Cagliari,29,1994,30.1,3,0,0,15,11,3,207,16,28,0,0,0,135,49,22,69.0,Matches
29,Carlos Augusto,br BRA,DF,Inter,25,1999,18.8,1,0,0,10,12,3,20,9,14,0,0,0,70,57,35,62.0,Matches
30,Yann Aurel Bisseck,de GER,DF,Inter,23,2000,18.3,4,0,0,16,9,1,8,17,12,0,2,0,66,47,15,75.8,Matches
31,Paulo Azzi,br BRA,DF,Cagliari,30,1994,4.7,2,0,0,5,3,0,22,5,9,0,0,0,24,6,5,54.5,Matches
32,Oussama El Azzouzi,ma MAR,MF,Bologna,23,2001,0.2,0,0,0,0,2,0,0,2,0,0,0,0,1,0,0,,Matches
33,Jacopo Bacci,it ITA,MF,Empoli,19,2005,0.3,0,0,0,0,1,0,0,1,0,0,0,0,0,1,0,100.0,Matches
34,Milan Badelj,hr CRO,MF,Genoa,35,1989,16.4,2,0,0,18,19,0,5,20,16,0,0,0,74,10,6,62.5,Matches
35,Mitchel Bakker,nl NED,MF,Atalanta,24,2000,0.2,0,0,0,1,0,0,1,0,0,0,0,0,2,1,1,50.0,Matches
36,Tommaso Baldanzi,it ITA,"MF,FW",Roma,21,2003,9.2,2,0,0,7,16,0,7,6,4,0,0,0,48,1,3,25.0,Matches
37,Keita Baldé,sn SEN,FW,Monza,29,1995,7.1,2,0,0,7,23,3,6,2,1,0,0,0,12,5,11,31.3,Matches
38,Botond Balogh,hu HUN,DF,Parma,22,2002,22.8,5,0,0,17,7,0,1,25,16,0,2,0,64,34,29,54.0,Matches
39,Mario Balotelli,it ITA,"FW,MF",Genoa,33,1990,0.7,2,0,0,2,2,0,3,0,0,0,0,0,1,2,2,50.0,Matches
40,Lameck Banda,zm ZAM,"FW,MF",Lecce,23,2001,6.8,1,0,0,10,20,2,26,2,5,0,0,0,30,2,13,13.3,Matches
41,Daniel Bandeira,pt POR,MF,Hellas Verona,24,2000,4.5,1,0,0,4,4,0,8,6,0,0,0,0,36,7,3,70.0,Matches
42,Mattia Bani,it ITA,DF,Genoa,30,1993,16.7,3,0,0,7,11,1,4,22,10,0,0,0,60,22,23,48.9,Matches
43,Antonín Barák,cz CZE,MF,Fiorentina,29,1994,0.6,0,0,0,0,0,0,1,0,0,0,0,0,2,0,1,0.0,Matches
44,Federico Barba,it ITA,DF,Como,30,1993,4.8,0,0,0,3,1,0,3,4,2,0,0,0,19,5,8,38.5,Matches
45,Nicolò Barella,it ITA,MF,Inter,27,1997,27.7,4,0,0,25,33,4,68,12,31,0,0,0,165,26,25,51.0,Matches
46,Davide Bartesaghi,it ITA,DF,Milan,18,2005,1.3,0,1,0,1,0,1,10,3,2,0,0,0,2,1,0,100.0,Matches
47,Federico Baschirotto,it ITA,DF,Lecce,27,1996,38.0,3,0,0,31,7,0,5,23,25,0,3,0,93,104,55,65.4,Matches
48,Daniele Baselli,it ITA,MF,Como,32,1992,0.2,0,0,0,0,1,0,0,1,0,0,0,0,0,0,1,0.0,Matches
49,Alessandro Bastoni,it ITA,DF,Inter,25,1999,26.7,6,1,1,44,39,1,64,22,24,0,0,0,96,44,24,64.7,Matches
50,Reda Belahyane,ma MAR,MF,Hellas Verona,20,2004,18.4,6,1,1,31,9,0,3,10,26,0,0,0,109,5,15,25.0,Matches
51,Reda Belahyane,ma MAR,MF,Lazio,20,2004,2.2,0,1,0,4,1,0,0,1,6,0,0,0,13,2,0,100.0,Matches
52,Raoul Bellanova,it ITA,DF,Torino,24,2000,1.0,0,0,0,1,1,0,5,0,0,0,0,0,4,1,0,100.0,Matches
53,Raoul Bellanova,it ITA,DF,Atalanta,24,2000,26.7,3,0,0,15,34,0,156,18,14,0,0,0,117,23,23,50.0,Matches
54,Andrea Belotti,it ITA,FW,Como,30,1993,6.6,1,0,0,9,19,5,5,1,5,0,0,0,17,18,26,40.9,Matches
55,Lucas Beltrán,ar ARG,"FW,MF",Fiorentina,23,2001,21.7,6,0,0,32,49,4,7,5,10,1,0,0,59,32,53,37.6,Matches
56,Adrian Benedyczak,pl POL,"FW,MF",Parma,23,2000,2.4,0,0,0,4,5,1,1,0,0,0,0,0,3,9,12,42.9,Matches
57,Ismaël Bennacer,dz ALG,MF,Milan,26,1997,3.3,2,0,0,5,5,0,6,3,4,0,0,0,17,3,1,75.0,Matches
58,Medon Berisha,al ALB,MF,Lecce,20,2003,8.0,5,0,0,16,11,0,29,11,8,0,0,0,36,7,7,50.0,Matches
59,Adrian Bernabe,es ESP,MF,Parma,23,2001,16.1,1,0,0,9,36,0,29,7,18,0,0,0,72,4,4,50.0,Matches
60,Antoine Bernede,fr FRA,MF,Hellas Verona,25,1999,6.6,2,0,0,16,4,0,13,5,8,0,0,0,38,6,8,42.9,Matches
61,Sam Beukema,nl NED,DF,Bologna,25,1998,33.5,1,0,0,28,36,2,8,30,29,0,1,0,135,93,71,56.7,Matches
62,Alessandro Bianco,it ITA,MF,Monza,21,2002,28.9,9,0,0,43,55,3,23,22,28,0,1,0,122,16,28,36.4,Matches
63,Alessandro Bianco,it ITA,MF,Fiorentina,21,2002,0.2,0,0,0,0,0,0,0,0,0,0,0,0,3,0,0,,Matches
64,Jaka Bijol,si SVN,DF,Udinese,25,1999,32.9,13,1,1,49,8,2,3,38,25,0,1,1,101,109,52,67.7,Matches
65,Philip Billing,dk DEN,MF,Napoli,28,1996,2.2,1,0,0,10,1,0,2,4,6,0,1,0,8,11,10,52.4,Matches
66,Cristiano Biraghi,it ITA,DF,Torino,31,1992,12.9,0,0,0,9,12,2,107,8,10,0,0,1,39,8,11,42.1,Matches
67,Cristiano Biraghi,it ITA,DF,Fiorentina,31,1992,4.8,1,0,0,4,7,0,30,4,4,0,0,0,10,2,3,40.0,Matches
68,Samuele Birindelli,it ITA,"DF,MF",Monza,25,1999,16.3,2,0,0,16,15,5,64,10,15,0,0,0,47,5,15,25.0,Matches
69,Bjarki Bjarkason,is ISL,"DF,MF",Venezia,24,2000,1.8,2,0,0,2,8,0,7,2,2,0,0,0,9,0,0,,Matches
70,Emil Bohinen,no NOR,MF,Genoa,25,1999,1.8,0,0,0,3,3,0,0,1,4,0,0,0,9,2,1,66.7,Matches
71,Warren Bondo,fr FRA,MF,Monza,20,2003,18.0,5,1,1,31,36,1,7,5,24,0,0,0,91,5,8,38.5,Matches
72,Warren Bondo,fr FRA,MF,Milan,20,2003,1.8,1,0,0,1,4,0,1,0,3,0,0,0,12,1,1,50.0,Matches
73,Kevin Bonifazi,it ITA,DF,Lecce,28,1996,0.7,0,0,0,0,0,0,0,2,1,0,0,0,7,1,1,50.0,Matches
74,Ange-Yoan Bonny,fr FRA,FW,Parma,20,2003,28.1,2,0,0,21,47,14,14,3,16,1,0,0,64,23,70,24.7,Matches
75,Edoardo Bove,it ITA,"MF,FW",Fiorentina,22,2002,9.5,3,0,0,16,21,0,2,6,17,1,0,0,45,11,15,42.3,Matches
76,Domagoj Bradarić,hr CRO,DF,Hellas Verona,24,1999,21.5,6,0,0,21,14,3,78,15,28,0,0,0,80,16,21,43.2,Matches
77,Matthias Braunöder,at AUT,MF,Como,22,2002,3.0,3,1,1,10,5,0,0,2,4,0,0,0,8,1,4,20.0,Matches
78,Iker Bravo,es ESP,"FW,MF",Udinese,19,2005,7.6,3,0,0,12,10,2,8,1,6,0,0,0,30,12,28,30.0,Matches
79,Gleison Bremer,br BRA,DF,Juventus,27,1997,6.0,2,0,0,9,5,0,0,6,7,0,0,0,23,11,7,61.1,Matches
80,Brenner,br BRA,"MF,FW",Udinese,24,2000,4.3,0,0,0,0,5,0,11,1,4,0,0,0,16,2,3,40.0,Matches
81,Marco Brescianini,it ITA,MF,Atalanta,24,2000,11.0,1,0,0,22,9,2,18,2,11,0,0,0,50,12,10,54.5,Matches
82,Arvid Brorsson,se SWE,DF,Monza,25,1999,4.0,0,0,0,1,4,0,0,2,3,0,0,0,14,7,6,53.8,Matches
83,Tajon Buchanan,ca CAN,"DF,FW",Inter,25,1999,1.1,0,0,0,2,4,0,3,0,0,0,0,0,6,1,0,100.0,Matches
84,Alessandro Buongiorno,it ITA,DF,Napoli,25,1999,21.4,2,0,0,17,21,1,1,35,23,0,0,0,84,43,21,67.2,Matches
85,Rareș-Cătălin Burnete,ro ROU,FW,Lecce,20,2004,0.3,0,0,0,2,2,0,0,0,0,0,0,0,3,0,1,0.0,Matches
86,Gianluca Busio,us USA,MF,Venezia,22,2002,28.0,4,0,0,26,44,4,29,19,31,1,0,0,107,32,34,48.5,Matches
87,Jean Butez,fr FRA,GK,Como,29,1995,18.5,0,0,0,1,2,0,0,0,0,0,1,0,43,6,0,100.0,Matches
88,Liberato Cacace,nz NZL,"MF,DF",Empoli,23,2000,24.8,6,0,0,27,17,5,102,22,25,0,0,0,98,41,51,44.6,Matches
89,Alessio Cacciamani,it ITA,"MF,DF",Torino,17,2007,0.3,0,0,0,0,0,0,3,1,0,0,0,0,1,1,1,50.0,Matches
90,Davide Calabria,it ITA,DF,Bologna,27,1996,7.0,3,0,0,7,5,0,17,3,8,0,0,0,30,9,9,50.0,Matches
91,Davide Calabria,it ITA,DF,Milan,27,1996,3.5,0,0,0,3,4,0,16,8,7,0,0,0,16,2,0,100.0,Matches
92,Luca Caldirola,it ITA,DF,Monza,33,1991,9.7,5,0,0,18,16,1,1,11,7,0,0,0,19,13,13,50.0,Matches
93,Hakan Çalhanoğlu,tr TUR,MF,Inter,30,1994,21.6,5,0,0,22,13,0,122,18,23,0,1,0,110,16,18,47.1,Matches
94,Drissa Camara,ci CIV,"MF,FW",Parma,22,2002,5.0,3,0,0,17,17,1,5,3,7,1,0,0,29,3,9,25.0,Matches
95,Francesco Camarda,it ITA,"FW,MF",Milan,16,2008,2.3,0,0,0,8,1,2,1,0,2,0,0,0,6,6,6,50.0,Matches
96,Nicolò Cambiaghi,it ITA,FW,Bologna,23,2000,6.9,0,0,0,9,34,0,47,2,10,1,0,0,29,3,8,27.3,Matches
97,Andrea Cambiaso,it ITA,"DF,FW",Juventus,24,2000,24.7,4,0,0,28,23,6,66,16,30,0,0,0,116,6,11,35.3,Matches
98,Thomas Campaniello,it ITA,FW,Empoli,16,2008,0.3,0,0,0,0,1,0,0,0,0,0,0,0,0,1,3,25.0,Matches
99,Matteo Cancellieri,it ITA,"FW,MF",Parma,22,2002,15.8,2,1,0,26,41,2,21,13,16,0,0,0,55,29,28,50.9,Matches
100,Fali Candé,gw GNB,DF,Venezia,26,1998,17.0,4,0,0,24,21,0,7,15,19,0,0,0,79,37,41,47.4,Matches
101,Antonio Candela,it ITA,DF,Venezia,24,2000,11.2,2,0,0,14,4,0,22,8,21,0,2,1,38,14,13,51.9,Matches
102,Gianluca Caprari,it ITA,"MF,FW",Monza,31,1993,18.3,3,0,0,18,42,5,80,8,11,0,0,0,57,4,14,22.2,Matches
103,Elia Caprile,it ITA,GK,Cagliari,22,2001,18.0,0,0,0,0,6,0,0,0,0,0,0,0,16,4,0,100.0,Matches
104,Elia Caprile,it ITA,GK,Napoli,22,2001,3.6,0,0,0,0,0,0,0,0,0,0,0,0,3,1,0,100.0,Matches
105,Francesco Caputo,it ITA,FW,Empoli,36,1987,0.1,0,0,0,0,0,0,0,0,0,0,0,0,1,0,0,,Matches
106,Maxence Caqueret,fr FRA,MF,Como,24,2000,12.1,4,0,0,17,11,1,16,7,21,0,0,0,69,3,10,23.1,Matches
107,Andrea Carboni,it ITA,DF,Monza,23,2001,24.3,5,0,0,29,17,0,15,27,35,0,1,0,62,38,42,47.5,Matches
108,Franco Carboni,it ITA,DF,Venezia,21,2003,2.5,2,0,0,3,2,0,8,0,3,1,0,0,13,2,3,40.0,Matches
109,Marco Carnesecchi,it ITA,GK,Atalanta,24,2000,34.0,1,0,0,0,5,0,0,0,0,0,0,0,57,7,0,100.0,Matches
110,Cesare Casadei,it ITA,MF,Torino,21,2003,11.3,1,0,0,16,10,0,2,5,5,0,1,0,41,64,25,71.9,Matches
111,Nicolò Casale,it ITA,DF,Bologna,26,1998,10.0,1,0,0,23,8,0,0,17,5,0,0,1,43,32,23,58.2,Matches
112,Nicolò Casale,it ITA,DF,Lazio,26,1998,1.5,0,0,0,2,0,0,0,1,3,0,0,0,1,6,0,100.0,Matches
113,Federico Cassa,it ITA,"MF,FW",Atalanta,18,2006,0.2,0,0,0,2,1,0,0,0,0,1,0,0,1,0,0,,Matches
114,Valentín Castellanos,ar ARG,FW,Lazio,25,1998,26.5,9,1,0,38,42,17,25,6,6,1,0,0,51,68,60,53.1,Matches
115,Santiago Castro,ar ARG,FW,Bologna,19,2004,25.5,7,0,0,49,52,9,8,3,10,0,0,1,69,37,68,35.2,Matches
116,Gaetano Castrovilli,it ITA,MF,Monza,27,1997,6.6,0,0,0,8,7,2,14,2,7,0,0,0,27,1,6,14.3,Matches
117,Gaetano Castrovilli,it ITA,"MF,FW",Lazio,27,1997,1.6,0,0,0,4,1,0,0,3,2,0,0,0,8,0,0,,Matches
118,Danilo Cataldi,it ITA,MF,Fiorentina,29,1994,19.2,1,0,0,15,22,0,21,22,16,0,0,0,114,6,5,54.5,Matches
119,Zeki Çelik,tr TUR,DF,Roma,27,1997,25.1,5,0,0,31,10,0,42,15,37,0,1,0,75,30,26,53.6,Matches
120,Alberto Cerri,it ITA,FW,Como,28,1996,1.0,0,0,0,3,1,2,0,0,0,0,0,0,3,4,4,50.0,Matches
121,Gabriel Charpentier,cg CGO,FW,Parma,25,1999,3.0,1,0,0,13,10,0,2,0,3,1,0,0,12,9,14,39.1,Matches
122,Walid Cheddira,ma MAR,FW,Napoli,26,1998,0.1,0,0,0,0,0,0,0,0,0,0,0,0,0,0,1,0.0,Matches
123,Leandro Chichizola,ar ARG,GK,Parma,34,1990,1.0,0,0,0,0,0,0,0,0,0,0,0,0,0,1,0,100.0,Matches
124,Samuel Chukwueze,ng NGA,"FW,MF",Milan,25,1999,10.3,0,0,0,3,10,3,50,2,11,0,0,0,38,6,10,37.5,Matches
125,Aaron Ciammaglichella,it ITA,MF,Torino,19,2005,0.0,0,0,0,0,0,0,0,0,0,0,0,0,0,0,0,,Matches
126,Giuseppe Ciocci,it ITA,GK,Cagliari,22,2002,0.1,0,0,0,0,1,0,0,0,0,0,0,0,0,0,0,,Matches
127,Alessandro Circati,au AUS,DF,Parma,20,2003,6.0,1,0,0,4,5,0,0,3,5,0,0,0,11,17,4,81.0,Matches
128,Alphadjo Cissè,it ITA,"FW,MF",Hellas Verona,17,2006,0.1,0,0,0,1,0,0,0,0,0,0,0,0,0,1,0,100.0,Matches
129,Patrick Ciurria,it ITA,"MF,DF",Monza,29,1995,12.3,1,0,0,17,11,1,61,6,14,0,0,0,32,5,15,25.0,Matches
130,Saúl Coco,gq EQG,DF,Torino,25,1999,31.6,10,0,0,53,19,0,2,38,26,0,0,1,87,62,58,51.7,Matches
131,Lorenzo Colombo,it ITA,"FW,MF",Empoli,22,2002,24.8,5,1,1,46,41,6,10,2,14,0,0,0,73,53,121,30.5,Matches
132,Andrea Colpani,it ITA,"FW,MF",Fiorentina,25,1999,16.1,1,0,0,22,24,1,33,9,9,0,0,0,46,10,15,40.0,Matches
133,Florinel Coman,ro ROU,"FW,MF",Cagliari,26,1998,2.9,2,0,0,8,9,0,2,1,3,0,0,0,12,4,2,66.7,Matches
134,Pietro Comuzzo,it ITA,DF,Fiorentina,19,2005,24.4,5,0,0,25,12,0,3,29,21,0,0,0,86,63,43,59.4,Matches
135,Francisco Conceição,pt POR,"FW,MF",Juventus,21,2002,14.9,5,1,1,24,36,4,62,6,14,1,0,0,55,2,9,18.2,Matches
136,Diego Coppola,it ITA,DF,Hellas Verona,20,2003,32.5,10,0,0,44,0,0,0,72,36,0,0,0,89,133,72,64.9,Matches
137,Maxwel Cornet,ci CIV,"FW,MF",Genoa,27,1996,2.7,0,0,0,0,1,1,8,2,1,0,0,0,14,1,9,10.0,Matches
138,Joaquín Correa,ar ARG,"FW,MF",Inter,29,1994,8.1,3,0,0,8,14,2,8,0,5,0,0,0,31,6,18,25.0,Matches
139,Alberto costa,pt POR,DF,Juventus,20,2003,4.0,3,0,0,8,2,0,2,4,10,0,0,0,23,5,3,62.5,Matches
140,Lassana Coulibaly,ml MLI,MF,Lecce,28,1996,29.6,3,0,0,39,44,0,13,18,29,1,1,0,146,31,41,43.1,Matches
141,Woyo Coulibaly,ml MLI,DF,Parma,25,1999,12.0,1,1,0,12,12,1,5,8,10,1,0,1,60,9,9,50.0,Matches
142,Bryan Cristante,it ITA,MF,Roma,29,1995,22.7,8,0,0,37,9,0,15,19,29,0,0,0,109,61,58,51.3,Matches
143,Domen Črnigoj,si SVN,MF,Venezia,28,1995,1.5,0,0,0,2,4,0,2,4,2,0,0,0,8,2,5,28.6,Matches
144,Juan Cuadrado,co COL,"DF,MF",Atalanta,36,1988,9.2,3,0,0,9,27,0,56,7,9,1,0,0,31,12,4,75.0,Matches
145,Patrick Cutrone,it ITA,FW,Como,26,1998,22.7,1,0,0,23,28,20,30,5,11,1,0,0,54,23,66,25.8,Matches
146,Wylan Cyprien,fr FRA,MF,Parma,29,1995,0.3,0,0,0,0,0,0,0,1,0,0,0,0,6,0,0,,Matches
147,Danilo D'Ambrosio,it ITA,DF,Monza,35,1988,12.2,2,1,0,18,11,3,9,15,15,0,0,0,46,16,23,41.0,Matches
148,Lucas Da Cunha,fr FRA,MF,Como,23,2001,29.0,4,0,0,21,29,1,102,17,25,0,0,0,157,16,25,39.0,Matches
149,Samuel Dahl,se SWE,"DF,MF",Roma,24,2000,0.5,0,0,0,2,0,0,1,0,2,0,0,0,1,0,1,0.0,Matches
150,Thijs Dallinga,nl NED,FW,Bologna,23,2000,12.8,1,0,0,24,17,8,3,1,5,1,0,0,35,41,36,53.2,Matches
151,Maat Daniel Caprini,it ITA,FW,Fiorentina,18,2006,0.1,0,0,0,0,0,1,0,0,0,0,0,0,2,0,2,0.0,Matches
152,Flavius Daniliuc,at AUT,DF,Hellas Verona,23,2001,11.2,0,0,0,12,2,0,6,7,21,0,0,0,44,18,17,51.4,Matches
153,Danilo,br BRA,DF,Juventus,33,1991,6.5,2,0,0,11,1,0,3,9,4,0,1,0,24,16,7,69.6,Matches
154,Matteo Darmian,it ITA,DF,Inter,34,1989,19.8,3,0,0,26,19,5,32,10,17,0,1,1,39,13,15,46.4,Matches
155,Juan David Cabal,co COL,DF,Juventus,23,2001,5.1,0,0,0,7,10,1,7,2,4,0,0,0,20,8,3,72.7,Matches
156,Keinan Davis,eng ENG,FW,Udinese,26,1998,11.8,2,0,0,24,12,8,3,1,4,0,0,0,34,37,40,48.1,Matches
157,Paweł Dawidowicz,pl POL,"DF,MF",Hellas Verona,29,1995,20.5,7,1,0,36,11,0,1,20,24,0,1,0,54,33,27,55.0,Matches
158,Charles De Ketelaere,be BEL,"MF,FW",Atalanta,23,2001,23.0,1,0,0,22,39,2,56,3,9,0,0,0,78,36,38,48.6,Matches
159,Mattia De Sciglio,it ITA,DF,Empoli,31,1992,8.5,0,0,0,8,5,0,7,8,13,0,0,0,27,6,2,75.0,Matches
160,Lorenzo De Silvestri,it ITA,DF,Bologna,36,1988,11.8,1,0,0,17,8,1,23,10,6,0,0,0,26,12,16,42.9,Matches
161,Koni De Winter,be BEL,DF,Genoa,22,2002,23.7,6,0,0,43,14,1,4,25,19,0,2,0,114,74,34,68.5,Matches
162,Alessandro Deiola,it ITA,MF,Cagliari,28,1995,15.9,6,0,0,32,11,0,14,13,20,0,0,0,68,37,29,56.1,Matches
163,Enrico Del Prato,it ITA,DF,Parma,24,1999,32.7,8,0,0,20,17,0,16,19,17,0,0,0,120,38,43,46.9,Matches
164,Fisayo Dele-Bashiru,ng NGA,"MF,FW",Lazio,23,2001,10.5,0,0,0,8,4,0,7,4,6,0,0,0,48,3,13,18.8,Matches
165,Ali Dembélé,fr FRA,DF,Torino,20,2004,4.3,4,1,1,9,7,0,7,1,5,0,1,0,15,5,11,31.3,Matches
166,Michele Di Gregorio,it ITA,GK,Juventus,27,1997,33.0,0,0,0,0,7,0,0,1,0,0,0,0,36,7,1,87.5,Matches
167,Giovanni Di Lorenzo,it ITA,DF,Napoli,30,1993,37.0,6,0,0,46,51,5,63,31,44,0,0,0,94,45,46,49.5,Matches
168,Boulaye Dia,sn SEN,"MF,FW",Lazio,27,1996,24.2,2,0,0,23,24,4,2,6,10,1,0,0,55,21,56,27.3,Matches
169,Assane Diao,sn SEN,"FW,MF",Como,18,2005,13.9,2,0,0,20,49,6,12,3,14,0,0,0,41,16,34,32.0,Matches
170,Federico Dimarco,it ITA,"DF,FW",Inter,26,1997,24.2,3,0,0,19,11,8,190,14,14,0,0,0,76,7,13,35.0,Matches
171,Berat Djimsiti,al ALB,DF,Atalanta,31,1993,29.3,6,0,0,23,21,0,11,40,33,0,1,1,102,90,58,60.8,Matches
172,Dodô,br BRA,DF,Fiorentina,25,1998,34.6,8,0,0,24,61,3,144,35,30,2,0,0,183,12,16,42.9,Matches
173,Benjamín Domínguez,ar ARG,FW,Bologna,20,2003,14.2,0,0,0,10,31,4,11,4,7,0,0,0,62,2,21,8.7,Matches
174,Patrick Dorgu,dk DEN,"DF,FW",Lecce,19,2004,20.4,2,1,0,24,55,4,40,18,27,1,0,1,99,31,21,59.6,Matches
175,Alberto Dossena,it ITA,DF,Como,25,1998,20.3,1,1,0,22,16,0,1,22,20,0,2,0,68,59,24,71.1,Matches
176,Issa Doumbia,it ITA,MF,Venezia,20,2003,10.4,0,0,0,18,12,0,10,9,8,0,0,0,45,18,21,46.2,Matches
177,Anastasios Douvikas,gr GRE,FW,Como,24,1999,6.4,1,0,0,13,17,1,2,1,2,0,0,0,11,8,19,29.6,Matches
178,Artem Dovbyk,ua UKR,FW,Roma,27,1997,26.9,0,0,0,30,16,22,1,2,2,0,0,0,26,42,60,41.2,Matches
179,Ondrej Duda,sk SVK,MF,Hellas Verona,29,1994,26.6,12,1,1,51,57,0,89,31,27,0,0,0,188,14,15,48.3,Matches
180,Denzel Dumfries,nl NED,"DF,FW",Inter,28,1996,21.7,4,0,0,54,18,6,57,6,18,2,0,0,65,57,18,76.0,Matches
181,Alfred Duncan,gh GHA,MF,Venezia,31,1993,10.6,2,0,0,22,11,0,17,8,8,0,0,0,52,10,8,55.6,Matches
182,Paulo Dybala,ar ARG,"FW,MF",Roma,30,1993,15.7,2,0,0,6,60,6,62,2,7,2,0,0,63,8,17,32.0,Matches
183,Enzo Ebosse,cm CMR,DF,Udinese,25,1999,1.0,1,0,0,1,0,0,0,1,0,0,0,0,5,1,0,100.0,Matches
184,Tyronne Ebuehi,ng NGA,"DF,MF",Empoli,28,1995,0.8,0,0,0,0,2,0,2,2,2,0,0,0,6,3,2,60.0,Matches
185,Éderson,br BRA,MF,Atalanta,25,1999,32.0,5,1,1,31,53,0,23,35,32,0,0,0,186,53,36,59.6,Matches
186,Kingsley Ehizibue,nl NED,DF,Udinese,29,1995,27.8,5,0,0,33,33,5,61,23,35,0,0,0,110,29,33,46.8,Matches
187,Jeff Ekhator,it ITA,"FW,MF",Genoa,17,2006,8.5,1,0,0,15,13,3,10,2,4,0,0,0,32,15,32,31.9,Matches
188,Jurgen Ekkelenkamp,nl NED,MF,Udinese,24,2000,21.0,2,0,0,29,14,2,12,12,25,0,0,0,82,18,13,58.1,Matches
189,Emmanuel Ekong,se SWE,"MF,FW",Empoli,22,2002,2.1,1,0,0,3,5,1,0,1,3,0,0,0,10,2,7,22.2,Matches
190,Caleb Ekuban,gh GHA,FW,Genoa,30,1994,6.2,1,0,0,15,9,5,3,1,3,0,0,0,20,12,19,38.7,Matches
191,Mikael Ellertsson,is ISL,"DF,MF",Venezia,22,2002,27.4,2,0,0,22,44,2,28,17,26,0,0,0,74,16,16,50.0,Matches
192,Elif Elmas,mk MKD,"FW,MF",Torino,24,1999,11.3,0,0,0,13,14,2,23,6,7,0,0,0,33,2,3,40.0,Matches
193,Emerson,br BRA,DF,Milan,25,1999,15.3,5,0,0,34,32,0,45,14,28,0,0,0,59,24,14,63.2,Matches
194,Yannik Engelhardt,de GER,"MF,DF",Como,23,2001,12.9,4,0,0,21,20,1,1,11,12,0,0,0,62,11,9,55.0,Matches
195,Martin Erlic,hr CRO,DF,Bologna,26,1998,3.7,0,0,0,7,7,0,0,2,0,1,0,0,11,10,9,52.6,Matches
196,Sebastiano Esposito,it ITA,"FW,MF",Empoli,22,2002,25.9,1,0,0,47,56,10,55,12,29,2,0,0,106,26,56,31.7,Matches
197,Estanis,es ESP,FW,Bologna,20,2003,0.1,0,0,0,1,0,0,0,0,0,0,0,0,0,0,0,,Matches
198,Nahuel Estévez,ar ARG,MF,Parma,28,1995,7.3,3,0,0,9,9,0,16,3,6,0,0,0,28,14,3,82.4,Matches
199,Giovanni Fabbian,it ITA,MF,Bologna,21,2003,11.4,2,0,0,21,22,1,9,2,6,0,0,0,31,19,35,35.2,Matches
200,Alieu Fadera,gm GAM,"FW,DF",Como,22,2001,18.3,2,1,0,40,50,14,39,12,47,0,0,0,95,11,15,42.3,Matches
201,Nicolò Fagioli,it ITA,MF,Fiorentina,23,2001,10.7,0,0,0,8,14,0,27,5,10,0,0,0,46,1,4,20.0,Matches
202,Nicolò Fagioli,it ITA,MF,Juventus,23,2001,6.3,4,0,0,11,5,0,13,2,10,0,0,0,33,2,2,50.0,Matches
203,Wladimiro Falcone,it ITA,GK,Lecce,29,1995,38.0,2,0,0,1,10,0,0,0,0,0,1,0,32,13,0,100.0,Matches
204,Davide Faraoni,it ITA,DF,Hellas Verona,32,1991,2.9,1,0,0,7,1,2,12,2,9,0,0,0,9,1,9,10.0,Matches
205,Jacopo Fazzini,it ITA,MF,Empoli,21,2003,15.4,1,1,0,23,32,4,32,6,19,0,0,0,70,19,24,44.2,Matches
206,Mattia Felici,it ITA,"MF,FW",Cagliari,23,2001,10.3,1,0,0,18,17,4,25,7,12,0,1,0,51,7,10,41.2,Matches
207,João Félix,pt POR,MF,Milan,24,1999,8.4,3,0,0,12,30,2,5,1,6,0,0,0,30,7,7,50.0,Matches
208,Lewis Ferguson,sct SCO,MF,Bologna,24,1999,10.9,0,0,0,27,20,1,18,5,13,0,0,0,28,16,14,53.3,Matches
209,Daniel Fila,cz CZE,FW,Venezia,21,2002,5.5,3,1,1,13,7,3,0,0,0,0,0,0,9,7,20,25.9,Matches
210,Alessandro Florenzi,it ITA,FW,Milan,33,1991,0.1,0,0,0,0,0,0,1,0,0,0,0,0,0,0,0,,Matches
211,Youssouf Fofana,fr FRA,MF,Milan,25,1999,27.8,5,0,0,28,17,0,10,19,34,0,0,0,151,11,21,34.4,Matches
212,Michael Folorunsho,it ITA,"FW,MF",Fiorentina,26,1998,7.2,5,0,0,15,23,0,21,4,12,0,0,0,29,16,11,59.3,Matches
213,Michael Folorunsho,it ITA,"FW,MF",Napoli,26,1998,0.4,0,0,0,2,1,0,0,1,2,0,0,0,2,2,2,50.0,Matches
214,Omari Forson,eng ENG,"MF,FW",Monza,20,2004,2.5,0,0,0,2,2,1,9,1,3,0,0,0,11,0,2,0.0,Matches
215,Davide Frattesi,it ITA,MF,Inter,24,1999,13.6,1,0,0,11,32,2,8,5,8,1,0,0,48,10,13,43.5,Matches
216,Morten Frendrup,dk DEN,MF,Genoa,23,2001,34.5,5,0,0,51,31,1,3,47,61,0,0,1,184,30,37,44.8,Matches
217,Martin Frese,dk DEN,DF,Hellas Verona,26,1998,6.1,0,0,0,9,9,0,10,8,11,0,0,0,14,10,10,50.0,Matches
218,Remo Freuler,ch SUI,MF,Bologna,32,1992,35.6,6,0,0,47,18,1,19,38,40,0,0,0,146,28,28,50.0,Matches
219,Matteo Gabbia,it ITA,DF,Milan,24,1999,23.9,4,0,0,20,6,1,2,15,15,1,0,0,69,47,36,56.6,Matches
220,Tommaso Gabellini,it ITA,FW,Torino,17,2006,0.1,0,0,0,0,0,0,0,0,0,0,0,0,1,0,0,,Matches
221,Tiago Gabriel,pt POR,DF,Lecce,19,2004,1.1,0,0,0,0,0,0,0,0,0,0,0,0,2,5,1,83.3,Matches
222,Alessandro Gabrielloni,it ITA,"FW,MF",Como,30,1994,1.6,1,0,0,6,4,1,1,0,0,0,0,0,12,3,11,21.4,Matches
223,Gianluca Gaetano,it ITA,"MF,FW",Cagliari,24,2000,11.2,0,0,0,16,13,4,24,6,8,0,0,0,34,10,20,33.3,Matches
224,Roberto Gagliardini,it ITA,"MF,DF",Monza,30,1994,2.0,1,0,0,6,7,0,1,2,2,0,0,0,6,4,6,40.0,Matches
225,Antonino Gallo,it ITA,DF,Lecce,24,2000,29.0,3,1,0,12,16,3,116,20,42,0,0,2,116,26,37,41.3,Matches
226,Silvère Ganvoula M'Boussy,cg CGO,FW,Monza,28,1996,3.6,0,0,0,4,8,1,0,1,0,0,0,0,6,15,12,55.6,Matches
227,Federico Gatti,it ITA,DF,Juventus,26,1998,24.4,2,0,0,20,19,1,1,18,23,1,0,0,110,37,26,58.7,Matches
228,David de Gea,es ESP,GK,Fiorentina,33,1990,35.0,1,0,0,0,2,0,0,0,0,0,0,0,26,6,0,100.0,Matches
229,Valentin Gendrey,fr FRA,DF,Lecce,24,2000,2.0,0,0,0,1,2,0,3,2,2,0,0,0,3,1,3,25.0,Matches
230,Daniele Ghilardi,it ITA,DF,Hellas Verona,21,2003,22.5,7,1,0,33,29,0,10,30,29,0,0,0,55,41,41,50.0,Matches
231,Lautaro Gianetti,ar ARG,DF,Udinese,30,1993,9.8,4,0,0,7,0,0,0,15,10,0,1,2,28,30,12,71.4,Matches
232,Samuel Gigot,fr FRA,DF,Lazio,30,1993,7.6,2,0,0,8,9,1,0,13,3,0,1,0,15,18,5,78.3,Matches
233,Mario Gila,es ESP,DF,Lazio,23,2000,30.5,8,0,0,32,30,0,6,28,37,0,0,1,153,66,62,51.6,Matches
234,Billy Gilmour,sct SCO,MF,Napoli,23,2001,13.1,0,0,0,14,16,0,18,9,16,0,0,0,64,9,10,47.4,Matches
235,Santiago Giménez,mx MEX,FW,Milan,23,2001,7.4,3,1,0,11,4,7,2,1,3,0,0,0,14,7,11,38.9,Matches
236,Gvidas Gineitis,lt LTU,MF,Torino,20,2004,15.9,5,0,0,23,23,2,51,18,15,0,0,0,57,14,18,43.8,Matches
237,Ben Godfrey,eng ENG,DF,Atalanta,26,1998,0.3,0,0,0,1,0,0,0,0,0,0,0,0,2,0,0,,Matches
238,Saba Goglichidze,ge GEO,DF,Empoli,20,2004,28.2,3,1,0,26,34,1,5,33,37,0,0,0,108,28,54,34.1,Matches
239,Edoardo Goldaniga,it ITA,DF,Como,30,1993,28.1,12,1,1,44,36,4,9,33,21,0,0,0,74,52,35,59.8,Matches
240,Pierluigi Gollini,it ITA,GK,Genoa,29,1995,7.0,1,0,0,0,0,0,0,0,0,0,0,0,5,0,0,,Matches
241,Nicolás González,ar ARG,"FW,MF",Juventus,26,1998,19.4,3,0,0,30,40,6,15,9,13,0,0,0,69,59,47,55.7,Matches
242,Robin Gosens,de GER,DF,Fiorentina,30,1994,28.0,6,0,0,24,23,9,64,18,32,0,0,0,69,71,43,62.3,Matches
243,Lucas Gourna-Douath,fr FRA,MF,Roma,20,2003,2.5,2,0,0,9,5,1,2,0,4,0,0,0,8,0,4,0.0,Matches
244,Alberto Grassi,it ITA,MF,Empoli,29,1995,24.5,8,0,0,28,34,1,10,33,21,1,0,0,124,29,21,58.0,Matches
245,Mattéo Guendouzi,fr FRA,MF,Lazio,25,1999,36.3,7,0,0,28,35,1,21,32,21,0,1,0,173,18,22,45.0,Matches
246,Frederic Guilbert,fr FRA,DF,Lecce,29,1994,27.1,3,2,0,33,24,1,54,47,36,0,1,0,84,40,29,58.0,Matches
247,Albert Guðmundsson,is ISL,"FW,MF",Fiorentina,27,1997,14.1,2,0,0,13,18,3,24,6,5,1,0,0,53,4,12,25.0,Matches
248,Emmanuel Gyasi,gh GHA,"DF,FW",Empoli,30,1994,35.7,5,0,0,56,21,14,37,11,29,0,0,1,135,43,68,38.7,Matches
249,Christian Gytkjær,dk DEN,FW,Venezia,34,1990,8.4,0,0,0,11,5,7,1,0,4,0,0,0,15,23,57,28.8,Matches
250,Nicolas Haas,ch SUI,MF,Empoli,28,1996,3.2,1,0,0,11,3,0,0,4,8,0,0,0,19,3,5,37.5,Matches
251,Saad El Haddad,ma MAR,MF,Venezia,19,2005,0.3,0,0,0,1,1,0,0,0,0,0,0,0,1,0,1,0.0,Matches
252,Antoine Hainaut,fr FRA,"DF,FW",Parma,22,2002,13.4,4,0,0,13,16,1,26,15,14,0,0,0,58,33,16,67.3,Matches
253,Mohamed Haj,tn TUN,MF,Parma,19,2005,5.0,4,0,0,6,11,0,7,4,1,0,0,0,15,6,6,50.0,Matches
254,Ridgeciano Haps,sr SUR,DF,Venezia,31,1993,15.2,3,0,0,14,16,1,26,7,16,0,1,0,54,14,18,43.8,Matches
255,Abdou Harroui,nl NED,"MF,FW",Hellas Verona,26,1998,5.1,1,0,0,10,3,0,9,2,6,0,0,0,22,8,7,53.3,Matches
256,Liam Henderson,sct SCO,MF,Empoli,28,1996,26.0,10,0,0,83,23,2,98,15,22,0,0,0,89,13,20,39.4,Matches
257,Mario Hermoso,es ESP,DF,Roma,29,1995,2.8,2,1,1,7,1,0,3,4,1,0,0,0,11,3,5,37.5,Matches
258,Theo Hernández,fr FRA,DF,Milan,26,1997,30.0,4,1,0,17,43,3,111,17,28,1,1,0,129,37,16,69.8,Matches
259,Hernani,br BRA,MF,Parma,30,1994,14.7,7,0,0,33,25,1,33,19,26,0,0,0,68,18,19,48.6,Matches
260,Isak Hien,se SWE,DF,Atalanta,25,1999,25.9,10,0,0,36,19,0,1,31,28,0,1,0,141,68,56,54.8,Matches
261,Emil Holm,se SWE,DF,Bologna,24,2000,12.6,3,0,0,16,24,1,40,10,21,1,0,0,47,31,20,60.8,Matches
262,Mats Hummels,de GER,DF,Roma,35,1988,10.2,1,0,0,9,4,0,2,26,15,0,0,1,41,23,15,60.5,Matches
263,Elseid Hysaj,al ALB,DF,Lazio,30,1994,4.7,2,1,1,5,1,0,18,5,6,0,0,0,20,8,6,57.1,Matches
264,Arijon Ibrahimović,de GER,MF,Lazio,18,2005,0.1,0,0,0,0,0,0,0,0,0,0,0,0,0,0,0,,Matches
265,Jay Idzes,id IDN,DF,Venezia,24,2000,34.7,5,0,0,50,12,3,6,32,29,0,3,0,113,57,81,41.3,Matches
266,Jonathan Ikone,fr FRA,FW,Como,26,1998,6.0,1,0,0,3,7,2,1,0,9,0,0,0,18,4,1,80.0,Matches
267,Jonathan Ikone,fr FRA,"FW,MF",Fiorentina,26,1998,3.7,0,0,0,3,7,0,1,1,2,0,0,0,19,0,6,0.0,Matches
268,Ivan Ilić,rs SRB,MF,Torino,23,2001,10.2,4,0,0,11,23,1,27,5,2,0,0,0,28,4,14,22.2,Matches
269,Samuel Iling-Junior,eng ENG,"FW,MF",Bologna,20,2003,1.3,0,0,0,2,1,0,9,2,2,0,0,0,8,0,3,0.0,Matches
270,Alessio Iovine,it ITA,"DF,FW",Como,33,1991,4.3,2,0,0,5,6,0,17,3,2,0,0,0,16,2,7,22.2,Matches
271,Gustav Isaksen,dk DEN,FW,Lazio,23,2001,24.6,5,0,0,23,46,3,110,10,9,1,0,0,68,13,24,35.1,Matches
272,Ardian Ismajli,al ALB,DF,Empoli,27,1996,27.9,3,0,0,21,29,0,0,56,23,0,0,0,83,77,54,58.8,Matches
273,Armando Izzo,it ITA,DF,Monza,32,1992,27.1,12,0,0,65,47,0,8,45,15,0,0,0,90,52,64,44.8,Matches
274,Fellipe Jack,br BRA,DF,Como,18,2006,1.9,2,0,0,5,1,0,0,4,4,0,0,0,4,4,3,57.1,Matches
275,Ali Jasim,iq IRQ,"FW,DF",Como,20,2004,0.1,0,0,0,1,0,0,1,0,0,0,0,0,1,1,0,100.0,Matches
276,Gaby Jean,fr FRA,DF,Lecce,24,2000,15.4,0,0,0,15,13,0,1,9,7,0,1,0,55,41,24,63.1,Matches
277,Juan Jesus,br BRA,DF,Napoli,33,1991,11.9,2,0,0,14,5,0,0,9,14,0,0,0,30,24,16,60.0,Matches
278,Álex Jiménez,es ESP,"DF,FW",Milan,19,2005,14.1,6,0,0,12,18,5,37,15,13,0,0,0,69,9,13,40.9,Matches
279,Þórir Jóhann Helgason,is ISL,MF,Lecce,23,2000,12.8,0,0,0,10,10,2,71,6,7,0,0,0,46,17,17,50.0,Matches
280,Jesse Joronen,fi FIN,GK,Venezia,31,1993,7.8,0,0,0,1,0,0,0,0,0,0,1,1,11,3,0,100.0,Matches
281,Luka Jović,rs SRB,"FW,MF",Milan,26,1997,6.2,1,0,0,4,7,0,2,1,0,0,0,0,9,9,9,50.0,Matches
282,Mohamed Kaba,fr FRA,MF,Lecce,22,2001,5.0,1,0,0,6,10,0,1,4,8,0,0,0,19,8,12,40.0,Matches
283,Christian Kabasele,be BEL,DF,Udinese,33,1991,12.9,0,0,0,20,16,0,2,14,9,0,2,0,33,35,20,63.6,Matches
284,Pierre Kalulu,fr FRA,DF,Juventus,24,2000,26.0,2,1,0,26,19,2,22,17,25,0,1,0,95,27,47,36.5,Matches
285,Hassane Kamara,ci CIV,DF,Udinese,30,1994,22.2,8,1,1,25,22,1,106,26,25,0,0,0,92,21,11,65.6,Matches
286,Yann Karamoh,fr FRA,"MF,FW",Torino,26,1998,11.6,2,0,0,12,14,4,23,3,2,0,0,0,42,5,9,35.7,Matches
287,Jesper Karlsson,se SWE,FW,Bologna,26,1998,3.3,1,0,0,6,4,1,4,0,0,0,0,0,8,2,4,33.3,Matches
288,Jesper Karlsson,se SWE,FW,Lecce,26,1998,5.5,2,0,0,4,0,0,28,0,2,0,1,0,12,1,6,14.3,Matches
289,Jesper Karlström,se SWE,MF,Udinese,29,1995,35.4,9,0,0,42,25,1,15,35,34,0,0,0,146,31,31,50.0,Matches
290,Lior Kasa,il ISR,"MF,FW",Genoa,18,2005,2.6,2,0,0,4,3,0,2,3,4,0,0,0,14,1,3,25.0,Matches
291,Grigoris Kastanos,cy CYP,"MF,FW",Hellas Verona,26,1998,9.7,4,0,0,15,19,1,23,7,16,0,0,0,48,15,17,46.9,Matches
292,Michael Kayode,it ITA,"DF,FW",Fiorentina,20,2004,1.4,0,0,0,1,2,0,6,2,1,0,0,0,6,2,0,100.0,Matches
293,Moise Kean,it ITA,FW,Fiorentina,24,2000,30.0,6,0,0,41,52,57,9,6,5,0,1,0,52,51,48,51.5,Matches
294,Mandela Keita,be BEL,MF,Parma,22,2002,20.3,6,1,1,28,33,1,0,21,25,0,1,0,94,14,14,50.0,Matches
295,Lloyd Kelly,eng ENG,DF,Juventus,25,1998,11.3,1,0,0,14,4,0,14,2,11,0,0,0,55,36,25,59.0,Matches
296,Marc-Oliver Kempf,de GER,DF,Como,29,1995,29.1,6,1,1,21,20,0,4,33,20,0,0,0,106,108,39,73.5,Matches
297,Kialonda,ao ANG,DF,Lecce,26,1997,23.8,3,0,0,9,20,0,3,32,12,0,1,0,58,90,44,67.2,Matches
298,Magnus Kofod Andersen,dk DEN,MF,Venezia,25,1999,7.7,1,0,0,7,5,0,16,6,4,0,0,0,31,8,7,53.3,Matches
299,Sead Kolašinac,ba BIH,DF,Atalanta,31,1993,21.1,7,0,0,38,20,3,10,25,26,0,0,1,135,34,26,56.7,Matches
300,Randal Kolo Muani,fr FRA,FW,Juventus,25,1998,12.9,0,0,0,27,20,6,8,4,7,0,0,0,33,10,27,27.0,Matches
301,Ismael Konate,it ITA,"FW,MF",Empoli,18,2006,1.3,0,0,0,5,2,0,1,0,2,0,0,0,3,5,8,38.5,Matches
302,Manu Koné,fr FRA,MF,Roma,23,2001,28.6,6,0,0,28,86,2,2,24,26,0,1,0,131,20,33,37.7,Matches
303,Teun Koopmeiners,nl NED,"MF,FW",Juventus,26,1998,22.2,3,0,0,32,9,3,113,8,16,0,0,0,51,22,22,50.0,Matches
304,Odilon Kossounou,ci CIV,DF,Atalanta,23,2001,12.5,1,0,0,15,6,1,3,13,11,0,0,0,62,23,17,57.5,Matches
305,Christian Kouamé,ci CIV,"FW,MF",Fiorentina,26,1997,6.9,1,0,0,13,14,2,6,2,8,0,0,0,20,29,19,60.4,Matches
306,Christian Kouamé,ci CIV,"FW,MF",Empoli,26,1997,5.6,0,0,0,7,15,2,2,0,4,0,0,0,18,48,24,66.7,Matches
307,Viktor Kovalenko,ua UKR,MF,Empoli,28,1996,0.9,0,0,0,2,2,0,1,0,1,0,0,0,3,3,3,50.0,Matches
308,Mateusz Kowalski,pl POL,MF,Parma,19,2005,0.6,0,0,0,1,0,0,0,0,0,0,0,0,0,0,3,0.0,Matches
309,Thomas Kristensen,dk DEN,DF,Udinese,22,2002,19.5,5,0,0,31,3,1,10,21,21,0,1,0,63,61,32,65.6,Matches
310,Nikola Krstović,me MNE,FW,Lecce,24,2000,34.0,6,0,0,57,55,20,8,7,9,0,0,0,72,91,128,41.6,Matches
311,Khvicha Kvaratskhelia,ge GEO,"FW,MF",Napoli,23,2001,13.1,1,0,0,12,33,0,51,4,9,0,0,0,45,4,5,44.4,Matches
312,Giorgos Kyriakopoulos,gr GRE,DF,Monza,28,1996,31.6,5,0,0,24,37,6,170,23,26,0,1,1,94,26,33,44.1,Matches
313,Mathis Lambourde,fr FRA,"FW,MF",Hellas Verona,18,2006,1.0,1,0,0,4,1,0,1,0,1,0,0,0,3,2,4,33.3,Matches
314,Gianluca Lapadula,pe PER,"FW,MF",Cagliari,34,1990,3.4,1,0,0,9,1,1,3,0,0,0,0,0,5,11,8,57.9,Matches
315,Valentino Lazaro,at AUT,"DF,FW",Torino,28,1996,25.6,6,0,0,30,13,2,145,11,12,0,1,0,94,16,25,39.0,Matches
316,Darko Lazović,rs SRB,"DF,MF",Hellas Verona,33,1990,16.2,0,0,0,9,5,4,70,11,10,1,0,0,59,9,13,40.9,Matches
317,Manuel Lazzari,it ITA,DF,Lazio,30,1993,15.6,3,0,0,12,29,1,97,10,16,0,1,0,50,5,13,27.8,Matches
318,Enzo Le Fée,fr FRA,MF,Roma,24,2000,3.5,1,0,0,6,5,0,7,5,4,0,0,0,22,2,4,33.3,Matches
319,Nicola Leali,it ITA,GK,Genoa,31,1993,29.0,1,0,0,1,6,0,0,0,0,0,0,1,30,6,0,100.0,Matches
320,Rafael Leão,pt POR,FW,Milan,25,1999,25.8,5,0,0,19,52,7,55,6,10,1,0,0,66,26,20,56.5,Matches
321,Stefan Lekovic,rs SRB,DF,Monza,20,2004,4.1,0,0,0,5,3,0,0,7,4,0,0,1,18,6,6,50.0,Matches
322,Nunzio Lella,it ITA,MF,Venezia,24,2000,0.1,0,0,0,1,1,0,0,0,0,0,0,0,0,0,0,,Matches
323,Giovanni Leoni,it ITA,DF,Parma,17,2006,13.3,3,1,0,11,9,0,3,15,6,0,0,0,34,17,10,63.0,Matches
324,Ben Lhassine Kone,ci CIV,MF,Como,24,2000,0.6,1,0,0,1,1,0,0,1,2,0,0,0,7,0,1,0.0,Matches
325,Mattia Liberali,it ITA,MF,Milan,17,2007,0.7,0,0,0,1,0,0,2,0,1,0,0,0,4,1,0,100.0,Matches
326,Karol Linetty,pl POL,MF,Torino,29,1995,17.1,6,0,0,39,13,0,4,12,23,0,0,0,63,8,14,36.4,Matches
327,Dailon Livramento,cv CPV,"FW,MF",Hellas Verona,23,2001,10.4,2,1,0,21,6,8,18,3,11,0,0,0,21,32,51,38.6,Matches
328,Stanislav Lobotka,sk SVK,MF,Napoli,29,1994,29.3,3,0,0,24,31,0,2,21,30,0,1,0,166,6,6,50.0,Matches
329,Manuel Locatelli,it ITA,MF,Juventus,26,1998,31.4,9,0,0,46,22,1,24,23,49,0,1,0,141,35,22,61.4,Matches
330,Ruben Loftus-Cheek,eng ENG,MF,Milan,28,1996,11.5,3,0,0,23,27,0,7,3,8,0,0,0,48,18,11,62.1,Matches
331,Ademola Lookman,ng NGA,"MF,FW",Atalanta,26,1997,25.0,4,0,0,31,20,26,124,3,15,0,0,0,69,17,13,56.7,Matches
332,Sandi Lovrić,si SVN,MF,Udinese,26,1998,25.6,5,0,0,54,34,0,90,22,29,1,0,0,118,1,17,5.6,Matches
333,Lorenzo Lucca,it ITA,FW,Udinese,23,2000,26.1,10,0,0,65,55,16,5,7,6,0,0,0,44,59,68,46.5,Matches
334,Jhon Lucumí,co COL,DF,Bologna,26,1998,29.0,8,1,0,22,16,0,4,26,30,0,1,0,176,45,45,50.0,Matches
335,José Luis Palomino,ar ARG,DF,Cagliari,34,1990,12.0,3,0,0,11,2,0,0,22,15,0,1,0,50,16,12,57.1,Matches
336,Douglas Luiz,br BRA,MF,Juventus,26,1998,5.9,2,0,0,14,7,0,26,4,8,0,1,0,31,5,4,55.6,Matches
337,Romelu Lukaku,be BEL,FW,Napoli,31,1993,31.6,4,0,0,47,36,24,4,1,2,0,0,0,34,42,56,42.9,Matches
338,Sebastiano Luperto,it ITA,DF,Cagliari,27,1996,36.0,4,0,0,23,20,1,8,33,27,0,1,0,139,61,54,53.0,Matches
339,Zito Luvumbo,ao ANG,"FW,MF",Cagliari,22,2002,17.8,2,0,0,38,51,11,65,4,6,0,0,0,50,6,17,26.1,Matches
340,Charalampos Lykogiannis,gr GRE,DF,Bologna,30,1993,11.6,3,0,0,10,7,2,106,11,14,0,0,0,35,26,13,66.7,Matches
341,Mathias Løvik,no NOR,"DF,FW",Parma,20,2003,1.0,0,0,0,2,0,0,3,2,0,0,0,0,2,2,2,50.0,Matches
342,Giangiacomo Magnani,it ITA,DF,Hellas Verona,28,1995,11.8,2,0,0,8,11,0,2,17,15,0,0,0,38,29,18,61.7,Matches
343,Mike Maignan,fr FRA,GK,Milan,29,1995,36.6,1,0,0,1,7,0,0,0,0,0,1,0,67,4,0,100.0,Matches
344,Antoine Makoumbou,cg CGO,MF,Cagliari,26,1998,23.9,4,1,1,27,15,0,7,17,23,0,1,0,109,4,18,18.2,Matches
345,Daniel Maldini,it ITA,"MF,FW",Monza,22,2001,14.5,5,0,0,15,39,2,38,4,6,0,0,0,52,22,27,44.9,Matches
346,Daniel Maldini,it ITA,"FW,MF",Atalanta,22,2001,2.9,0,0,0,3,7,1,5,2,2,0,0,0,8,8,5,61.5,Matches
347,Youssef Maleh,ma MAR,MF,Empoli,25,1998,16.8,5,1,1,32,29,1,16,16,23,0,0,0,96,9,18,33.3,Matches
348,Ruslan Malinovskyi,ua UKR,"MF,FW",Genoa,31,1993,4.3,2,0,0,9,5,0,3,1,8,0,0,0,16,7,6,53.8,Matches
349,Dennis Man,ro ROU,"FW,MF",Parma,25,1998,22.2,0,0,0,8,17,4,33,8,6,0,0,0,72,9,17,34.6,Matches
350,Gianluca Mancini,it ITA,DF,Roma,28,1996,34.9,8,0,0,49,34,6,33,35,26,0,0,0,99,60,34,63.8,Matches
351,Christos Mandas,gr GRE,GK,Lazio,22,2001,9.0,0,0,0,0,3,0,0,0,0,0,0,0,18,6,1,85.7,Matches
352,Rolando Mandragora,it ITA,MF,Fiorentina,27,1997,21.5,7,0,0,21,39,2,40,17,13,0,0,0,61,14,16,46.7,Matches
353,Alberto Manzoni,it ITA,MF,Atalanta,19,2005,0.1,0,0,0,1,1,0,0,0,0,0,0,0,0,1,0,100.0,Matches
354,Alessandro Marcandalli,it ITA,DF,Genoa,21,2002,0.5,0,0,0,0,0,0,0,0,0,0,0,0,3,2,0,100.0,Matches
355,Alessandro Marcandalli,it ITA,DF,Venezia,21,2002,3.9,2,0,0,9,0,0,0,2,6,0,1,0,16,12,12,50.0,Matches
356,Filip Marchwiński,pl POL,MF,Lecce,22,2002,0.2,0,0,0,0,1,0,0,0,0,0,0,0,1,0,0,,Matches
357,Pablo Marí,es ESP,DF,Monza,30,1993,18.1,4,1,1,27,5,0,1,37,15,0,1,0,59,40,21,65.6,Matches
358,Pablo Marí,es ESP,DF,Fiorentina,30,1993,12.2,2,0,0,14,5,0,0,25,9,0,0,0,39,31,12,72.1,Matches
359,Luca Marianucci,it ITA,DF,Empoli,20,2004,11.9,0,1,0,11,5,0,7,19,12,0,0,0,43,28,33,45.9,Matches
360,Mirko Marić,hr CRO,"FW,MF",Monza,29,1995,1.2,0,0,0,2,2,0,2,1,0,0,0,0,4,6,12,33.3,Matches
361,Mirko Marić,hr CRO,FW,Venezia,29,1995,4.0,0,0,0,3,4,3,3,1,3,0,0,0,11,13,22,37.1,Matches
362,Rafa Marín,es ESP,DF,Napoli,22,2002,1.6,1,0,0,2,2,0,0,1,0,0,0,0,4,2,2,50.0,Matches
363,Răzvan Marin,ro ROU,MF,Cagliari,28,1996,15.6,4,0,0,25,13,0,77,2,13,0,0,0,70,9,17,34.6,Matches
364,Guillermo Maripán,cl CHI,DF,Torino,30,1994,26.0,4,1,0,29,8,1,2,41,23,0,0,0,90,72,47,60.5,Matches
365,Aarón Martín,es ESP,DF,Genoa,27,1997,34.3,5,0,0,38,28,4,256,19,47,0,1,0,146,20,33,37.7,Matches
366,Josep Martinez,es ESP,GK,Inter,26,1998,5.0,0,0,0,0,1,0,0,0,0,0,0,0,4,1,0,100.0,Matches
367,Lautaro Martínez,ar ARG,FW,Inter,26,1997,28.5,1,0,0,41,42,22,13,10,16,0,0,0,73,35,38,47.9,Matches
368,Lucas Martínez Quarta,ar ARG,DF,Fiorentina,28,1996,3.9,1,0,0,8,2,0,0,3,7,0,0,0,13,12,10,54.5,Matches
369,Kevin Martins,it ITA,"MF,DF",Monza,19,2005,2.0,1,0,0,3,4,0,6,1,4,0,0,0,12,2,1,66.7,Matches
370,Adam Marušić,me MNE,DF,Lazio,31,1992,26.0,1,0,0,20,14,2,54,16,20,0,0,1,83,29,26,52.7,Matches
371,Adam Masina,ma MAR,DF,Torino,30,1994,21.3,5,0,0,23,18,2,14,27,15,1,0,0,88,66,23,74.2,Matches
372,Patrizio Masini,it ITA,MF,Genoa,23,2001,17.1,3,0,0,36,48,0,26,15,29,0,0,0,87,28,24,53.8,Matches
373,Alan Matturro,uy URU,DF,Genoa,19,2004,10.0,2,0,0,10,5,2,8,14,6,0,1,0,26,16,16,50.0,Matches
374,Andrea Mazza,it ITA,GK,Monza,20,2004,0.1,0,0,0,0,0,0,0,0,0,0,0,0,0,0,0,,Matches
375,Luca Mazzitelli,it ITA,MF,Como,28,1995,3.7,1,0,0,9,4,0,12,3,6,0,0,0,14,2,6,25.0,Matches
376,Pasquale Mazzocchi,it ITA,"DF,FW",Napoli,29,1995,7.8,3,0,0,9,5,1,13,5,7,0,0,0,31,5,8,38.5,Matches
377,Samuel Mbangula,be BEL,FW,Juventus,20,2004,7.9,1,0,0,6,14,0,17,3,10,1,0,0,33,2,7,22.2,Matches
378,Weston McKennie,us USA,"MF,DF",Juventus,25,1998,25.7,3,0,0,32,19,1,19,14,12,0,1,0,104,35,30,53.8,Matches
379,Scott McTominay,sct SCO,MF,Napoli,27,1996,32.6,3,0,0,45,60,5,11,24,25,1,0,0,143,66,50,56.9,Matches
380,Filippo Melegoni,it ITA,"MF,FW",Genoa,25,1999,1.0,0,0,0,0,1,0,2,0,1,0,0,0,2,1,0,100.0,Matches
381,Alex Meret,it ITA,GK,Napoli,27,1997,33.4,0,0,0,1,4,0,0,0,0,0,1,1,61,6,0,100.0,Matches
382,Junior Messias,br BRA,"MF,FW",Genoa,33,1991,9.4,1,0,0,8,21,0,22,6,7,0,0,0,39,14,26,35.0,Matches
383,Valentin Mihaila,ro ROU,"FW,MF",Parma,24,2000,14.3,2,0,0,17,20,1,33,8,15,0,1,0,39,13,27,32.5,Matches
384,Vanja Milinković-Savić,rs SRB,GK,Torino,27,1997,37.0,3,0,0,1,10,0,0,0,0,0,1,0,51,11,2,84.6,Matches
385,Yerry Mina,co COL,DF,Cagliari,29,1994,28.5,6,1,1,40,58,2,1,37,32,0,0,0,158,94,50,65.3,Matches
386,Juan Miranda,es ESP,DF,Bologna,24,2000,25.3,4,1,0,26,33,2,211,23,18,0,0,0,97,36,33,52.2,Matches
387,Fabio Miretti,it ITA,"MF,FW",Genoa,20,2003,18.6,2,0,0,23,53,2,61,7,15,0,0,0,85,11,23,32.4,Matches
388,Henrikh Mkhitaryan,am ARM,MF,Inter,35,1989,26.6,4,0,0,33,24,5,24,17,24,0,0,0,131,23,13,63.9,Matches
389,Rui Modesto,ao ANG,"DF,MF",Udinese,24,1999,6.8,1,0,0,10,5,1,26,8,12,0,0,0,26,10,14,41.7,Matches
390,Lorenzo Montipò,it ITA,GK,Hellas Verona,28,1996,36.0,0,0,0,0,7,0,0,0,0,0,0,1,28,7,1,87.5,Matches
391,Álvaro Morata,es ESP,"FW,MF",Milan,31,1992,12.2,5,0,0,25,18,11,13,5,10,0,0,0,31,14,20,41.2,Matches
392,Alberto Moreno,es ESP,DF,Como,32,1992,19.2,4,0,0,17,14,1,49,14,11,0,0,0,74,11,20,35.5,Matches
393,Matias Moreno,ar ARG,DF,Fiorentina,20,2003,1.6,0,0,0,4,0,0,2,1,8,0,1,0,5,3,4,42.9,Matches
394,Tete Morente,es ESP,"FW,MF",Lecce,27,1996,22.5,5,0,0,26,24,0,56,14,17,0,0,0,104,37,23,61.7,Matches
395,Nikola Moro,hr CRO,MF,Bologna,26,1998,13.4,1,0,0,22,9,0,33,13,27,0,0,0,73,17,16,51.5,Matches
396,Daniel Mosquera,co COL,FW,Hellas Verona,24,1999,15.3,4,0,0,44,17,8,2,2,8,0,0,0,54,79,89,47.0,Matches
397,Dany Mota,pt POR,"FW,MF",Monza,26,1998,23.4,3,0,0,30,36,7,38,9,3,0,0,0,61,60,71,45.8,Matches
398,Bob Murphy Omoregbe,it ITA,MF,Milan,20,2003,0.0,0,0,0,1,0,0,1,0,0,0,0,0,0,0,0,,Matches
399,Yunus Musah,us USA,"MF,FW",Milan,21,2002,17.5,5,0,0,36,17,1,24,7,19,0,0,0,60,8,14,36.4,Matches
400,Juan Musso,ar ARG,GK,Atalanta,30,1994,1.0,0,0,0,0,1,0,0,0,0,0,0,0,1,0,0,,Matches
401,Kingstone Mutandwa,zm ZAM,"FW,MF",Cagliari,21,2003,1.4,0,0,0,7,1,0,1,0,0,0,0,0,6,3,4,42.9,Matches
402,Obite N'Dicka,ci CIV,DF,Roma,24,1999,38.0,2,0,0,37,23,1,0,33,26,0,0,0,134,61,49,55.5,Matches
403,Konan N'dri,ci CIV,"FW,MF",Lecce,23,2000,3.4,0,0,0,7,6,0,13,1,3,0,0,0,7,1,3,25.0,Matches
404,Michel Ndary Adopo,fr FRA,MF,Cagliari,24,2000,26.8,5,1,1,29,16,0,8,27,32,0,0,0,135,29,24,54.7,Matches
405,Cher Ndour,it ITA,"MF,DF",Fiorentina,20,2004,4.5,1,0,0,6,7,0,7,2,1,0,0,0,20,14,14,50.0,Matches
406,Dan Ndoye,ch SUI,FW,Bologna,23,2000,23.8,4,0,0,23,101,13,44,9,19,1,0,0,89,14,21,40.0,Matches
407,Victor Nelsson,dk DEN,DF,Roma,25,1998,2.1,0,0,0,2,5,0,0,2,4,0,0,0,4,7,2,77.8,Matches
408,David Neres,br BRA,FW,Napoli,27,1997,14.3,1,0,0,14,10,4,92,7,11,0,0,0,52,3,10,23.1,Matches
409,Cyril Ngonge,be BEL,FW,Napoli,24,2000,2.4,2,0,0,8,14,1,11,2,5,0,0,0,8,4,6,40.0,Matches
410,Cheikh Niasse,sn SEN,MF,Hellas Verona,24,2000,8.4,4,0,0,11,14,0,2,17,15,0,0,0,26,19,21,47.5,Matches
411,Hans Nicolussi Caviglia,it ITA,MF,Venezia,24,2000,31.8,7,1,1,50,39,0,72,28,28,0,1,0,147,27,23,54.0,Matches
412,Oliver Nielsen,dk DEN,DF,Lazio,21,2003,0.4,1,0,0,2,0,1,0,1,0,0,0,0,1,0,2,0.0,Matches
413,Alieu Njie,se SWE,"FW,MF",Torino,19,2005,4.4,1,0,0,12,12,2,6,0,1,0,0,0,12,12,17,41.4,Matches
414,Brooke Norton-Cuffy,eng ENG,"DF,FW",Genoa,20,2004,8.0,0,0,0,7,3,0,12,3,7,0,0,0,26,12,16,42.9,Matches
415,Tijjani Noslin,nl NED,"FW,MF",Lazio,25,1999,9.6,2,0,0,21,15,1,15,1,5,0,0,0,22,27,29,48.2,Matches
416,Adam Obert,sk SVK,DF,Cagliari,21,2002,12.0,4,0,0,22,7,0,11,23,18,0,0,0,59,25,22,53.2,Matches
417,Jens Odgaard,dk DEN,"MF,FW",Bologna,25,1999,21.7,1,0,0,42,44,4,24,9,14,0,0,0,70,43,62,41.0,Matches
418,Noah Okafor,ch SUI,FW,Milan,24,2000,4.6,0,0,0,6,5,1,13,2,1,0,0,0,8,2,5,28.6,Matches
419,Noah Okafor,ch SUI,"FW,MF",Napoli,24,2000,0.4,0,0,0,2,1,0,3,0,2,0,0,0,3,2,2,50.0,Matches
420,Yllan Okou,fr FRA,DF,Hellas Verona,21,2002,0.0,0,0,0,0,0,0,0,0,0,0,0,0,0,0,0,,Matches
421,Maduka Okoye,ng NGA,GK,Udinese,24,1999,25.0,1,0,0,0,1,0,0,0,0,0,0,1,51,7,0,100.0,Matches
422,Mathías Olivera,uy URU,DF,Napoli,26,1997,26.3,4,0,0,28,22,2,22,28,35,1,0,0,93,41,36,53.2,Matches
423,Jean Onana,cm CMR,MF,Genoa,24,2000,3.4,1,0,0,12,2,0,1,4,6,0,0,0,13,6,10,37.5,Matches
424,Jacob Ondrejka,se SWE,"MF,FW",Parma,21,2002,4.7,0,0,0,1,8,0,16,7,6,0,0,0,18,0,5,0.0,Matches
425,Gaetano Oristanio,it ITA,"FW,MF",Venezia,21,2002,25.7,3,0,0,50,71,11,59,6,13,0,0,0,84,14,38,26.9,Matches
426,Riccardo Orsolini,it ITA,FW,Bologna,27,1997,20.9,2,0,0,27,46,12,70,8,13,0,0,0,65,23,19,54.8,Matches
427,Yordan Osorio,ve VEN,DF,Parma,30,1994,1.9,0,0,0,5,2,0,0,4,3,0,0,0,6,2,1,66.7,Matches
428,Sebastian Otoa,dk DEN,DF,Genoa,20,2004,2.0,1,1,0,5,0,0,0,3,0,0,0,0,5,6,3,66.7,Matches
429,Remi Oudin,fr FRA,"MF,FW",Lecce,27,1996,3.3,1,0,0,2,1,0,23,2,1,0,0,0,18,1,1,50.0,Matches
430,Cheick Oumar Conde,gn GUI,MF,Venezia,24,2000,1.7,2,0,0,5,4,0,0,4,5,0,0,0,13,7,3,70.0,Matches
431,Daniel Oyegoke,eng ENG,DF,Hellas Verona,21,2003,1.1,1,0,0,2,0,0,4,1,2,0,0,0,5,0,2,0.0,Matches
432,Daniele Padelli,it ITA,GK,Udinese,38,1985,1.0,0,0,0,0,0,0,0,0,0,0,0,0,0,0,0,,Matches
433,Simone Pafundi,it ITA,"MF,DF",Udinese,18,2006,1.3,0,0,0,1,6,0,14,0,3,0,0,0,3,0,2,0.0,Matches
434,Tomás Palacios,ar ARG,DF,Monza,21,2003,5.0,2,0,0,2,10,1,1,8,5,0,0,0,29,6,4,60.0,Matches
435,Tomás Palacios,ar ARG,DF,Inter,21,2003,0.1,0,0,0,0,0,0,0,1,0,0,0,0,2,0,0,,Matches
436,Alberto Paleari,it ITA,GK,Torino,31,1992,1.0,0,0,0,0,1,0,0,0,0,0,0,0,2,0,0,,Matches
437,Marco Palestra,it ITA,DF,Atalanta,19,2005,2.5,0,0,0,1,10,1,12,2,4,0,0,0,7,2,2,50.0,Matches
438,Matteo Palma,de GER,DF,Udinese,16,2008,0.1,0,0,0,1,0,0,0,0,0,0,0,0,1,1,0,100.0,Matches
439,Leandro Paredes,ar ARG,MF,Roma,30,1994,15.3,4,0,0,15,16,0,57,19,14,0,1,0,83,9,2,81.8,Matches
440,Fabiano Parisi,it ITA,"DF,MF",Fiorentina,23,2000,12.5,3,0,0,17,28,0,14,17,17,0,0,0,64,13,17,43.3,Matches
441,Mario Pašalić,hr CRO,MF,Atalanta,29,1995,21.9,1,0,0,19,10,2,11,12,16,0,0,0,112,30,29,50.8,Matches
442,Patric,es ESP,DF,Lazio,31,1993,6.7,2,0,0,5,5,0,2,3,6,0,0,0,29,7,6,53.8,Matches
443,Rui Patrício,pt POR,GK,Atalanta,36,1988,3.0,0,0,0,0,0,0,0,0,0,0,0,0,7,1,0,100.0,Matches
444,Benjamin Pavard,fr FRA,DF,Inter,28,1996,17.6,4,0,0,18,9,2,11,16,16,0,0,0,46,40,32,55.6,Matches
445,Strahinja Pavlović,rs SRB,DF,Milan,23,2001,20.7,3,1,0,20,18,2,10,16,31,1,0,0,67,45,21,68.2,Matches
446,Leonardo Pavoletti,it ITA,"FW,MF",Cagliari,35,1988,4.9,5,0,0,25,7,7,0,0,0,0,0,0,9,56,44,56.0,Matches
447,Martín Payero,ar ARG,MF,Udinese,25,1998,15.3,5,0,0,35,39,0,39,13,16,1,2,0,75,21,20,51.2,Matches
448,Nicolás Paz,ar ARG,"MF,FW",Como,19,2004,29.9,6,0,0,47,33,2,41,21,33,0,1,0,118,31,23,57.4,Matches
449,Marcus Pedersen,no NOR,DF,Torino,24,2000,15.1,3,0,0,16,5,4,56,13,8,0,1,0,43,6,19,24.0,Matches
450,Pedro,es ESP,"FW,MF",Lazio,37,1987,12.2,2,0,0,17,24,1,65,3,14,0,0,0,59,1,6,14.3,Matches
451,Pietro Pellegri,it ITA,FW,Empoli,23,2001,4.6,2,0,0,10,5,1,3,0,2,0,0,0,15,3,20,13.0,Matches
452,Lorenzo Pellegrini,it ITA,MF,Roma,28,1996,18.1,4,0,0,26,27,4,49,6,16,0,0,0,61,10,20,33.3,Matches
453,Luca Pellegrini,it ITA,DF,Lazio,25,1999,11.9,5,0,0,18,11,0,89,19,11,1,0,0,41,8,7,53.3,Matches
454,Mateo Pellegrino,ar ARG,FW,Parma,23,2001,8.2,2,0,0,27,16,0,4,1,2,0,0,0,20,49,44,52.7,Matches
455,Andy Pelmard,mg MAD,DF,Lecce,24,2000,1.4,1,0,0,2,0,0,0,0,6,0,0,0,4,0,1,0.0,Matches
456,Sergiu Perciun,md MDA,"FW,MF",Torino,18,2006,1.7,0,0,0,3,4,0,5,1,2,0,0,0,10,0,2,0.0,Matches
457,Pedro Pereira,pt POR,DF,Monza,26,1998,29.6,10,0,0,48,9,0,57,21,32,0,0,0,88,27,40,40.3,Matches
458,Gastón Pereiro,uy URU,MF,Genoa,29,1995,0.3,0,0,0,0,1,0,1,0,0,0,0,0,0,1,1,50.0,Matches
459,Kike Pérez,es ESP,MF,Venezia,27,1997,12.4,4,0,0,31,16,1,49,10,25,0,0,0,71,14,16,46.7,Matches
460,Nehuén Pérez,ar ARG,DF,Udinese,24,2000,2.0,0,0,0,3,2,0,0,1,1,0,0,0,6,3,1,75.0,Matches
461,Simone Perilli,it ITA,GK,Hellas Verona,29,1995,2.0,0,0,0,0,0,0,0,0,0,0,0,0,1,1,0,100.0,Matches
462,Mattia Perin,it ITA,GK,Juventus,31,1992,5.0,0,0,0,0,0,0,0,0,0,0,0,0,6,1,0,100.0,Matches
463,Máximo Perrone,ar ARG,MF,Como,21,2003,20.6,6,0,0,26,13,0,4,20,27,0,0,0,96,11,14,44.0,Matches
464,Matteo Pessina,it ITA,MF,Monza,27,1997,9.5,2,0,0,5,13,0,6,12,4,0,0,0,58,10,8,55.6,Matches
465,Andrea Petagna,it ITA,FW,Monza,29,1995,3.7,1,0,0,6,4,4,1,1,1,0,0,0,7,7,17,29.2,Matches
466,Giuseppe Pezzella,it ITA,"DF,FW",Empoli,26,1997,32.0,7,0,0,49,33,6,178,15,31,0,1,0,88,36,19,65.5,Matches
467,Roberto Piccoli,it ITA,FW,Cagliari,23,2001,34.7,6,0,0,60,54,23,8,3,9,2,0,0,54,110,147,42.8,Matches
468,Nicholas Pierini,it ITA,MF,Venezia,25,1998,0.9,0,0,0,1,2,0,3,0,0,0,0,0,2,1,3,25.0,Matches
469,Santiago Pierotti,ar ARG,FW,Lecce,23,2001,21.5,6,1,1,55,13,12,17,14,24,0,0,0,111,49,61,44.5,Matches
470,Balthazar Pierret,fr FRA,MF,Lecce,24,2000,19.1,2,0,0,34,20,0,9,19,31,0,1,0,93,27,33,45.0,Matches
471,Andrea Pinamonti,it ITA,FW,Genoa,25,1999,31.7,4,0,0,21,43,16,17,1,6,0,0,0,53,83,111,42.8,Matches
472,Nicola Pintus,it ITA,DF,Cagliari,19,2005,0.0,0,0,0,0,0,0,0,0,0,0,0,0,0,0,0,,Matches
473,Niccolò Pisilli,it ITA,MF,Roma,19,2004,13.6,7,0,0,19,13,1,10,11,11,0,0,0,58,3,21,12.5,Matches
474,Damián Pizarro,cl CHI,"FW,MF",Udinese,19,2005,0.2,0,0,0,0,0,0,0,0,0,0,0,0,0,0,1,0.0,Matches
475,Semuel Pizzignacco,it ITA,GK,Monza,22,2001,8.2,0,0,0,0,2,0,0,0,0,0,0,1,7,5,0,100.0,Matches
476,Tommaso Pobega,it ITA,MF,Bologna,25,1999,13.1,6,2,1,33,14,0,8,14,19,1,0,0,45,14,16,46.7,Matches
477,Joel Pohjanpalo,fi FIN,FW,Venezia,29,1994,17.8,1,0,0,12,15,10,3,4,3,1,0,0,20,46,59,43.8,Matches
478,Matteo Politano,it ITA,"FW,MF",Napoli,30,1993,31.2,3,0,0,14,31,6,229,13,15,1,0,0,95,6,20,23.1,Matches
479,Marin Pongračić,hr CRO,DF,Fiorentina,26,1997,15.2,3,1,1,26,7,0,1,12,13,0,0,1,73,25,11,69.4,Matches
480,Stefan Posch,at AUT,DF,Bologna,27,1997,7.9,1,0,0,16,17,1,18,5,15,0,0,0,43,13,8,61.9,Matches
481,Stefan Posch,at AUT,DF,Atalanta,27,1997,4.3,0,0,0,11,0,0,5,4,11,0,0,0,22,4,6,40.0,Matches
482,Matteo Prati,it ITA,MF,Cagliari,20,2003,6.3,1,0,0,8,6,0,5,7,4,0,0,0,24,1,6,14.3,Matches
483,Ivan Provedel,it ITA,GK,Lazio,30,1994,29.0,0,0,0,0,5,0,0,1,0,0,0,0,44,7,1,87.5,Matches
484,Diego Pugno,it ITA,FW,Juventus,18,2006,0.1,0,0,0,0,0,0,0,0,0,0,0,0,1,0,2,0.0,Matches
485,Christian Pulisic,us USA,"FW,MF",Milan,25,1998,27.5,1,0,0,20,37,3,119,5,29,1,0,0,94,11,42,20.8,Matches
486,Ionuț Radu,ro ROU,GK,Venezia,27,1997,15.0,1,0,0,0,1,0,0,0,0,0,0,0,20,1,0,100.0,Matches
487,Hamza Rafia,tn TUN,MF,Lecce,25,1999,11.8,4,0,0,26,25,0,45,4,27,0,0,0,62,5,13,27.8,Matches
488,Antonio Raimondo,it ITA,"FW,DF",Venezia,20,2004,1.0,0,0,0,2,1,1,1,0,1,0,0,0,4,1,6,14.3,Matches
489,Ylber Ramadani,al ALB,MF,Lecce,28,1996,20.1,4,0,0,18,11,0,6,24,28,0,0,0,117,15,25,37.5,Matches
490,Luca Ranieri,it ITA,DF,Fiorentina,25,1999,34.1,7,0,0,25,23,1,9,28,24,0,1,0,95,48,56,46.2,Matches
491,Giacomo Raspadori,it ITA,"FW,MF",Napoli,24,2000,12.3,1,0,0,12,20,1,67,3,9,0,0,0,43,5,11,31.3,Matches
492,Federico Ravaglia,it ITA,GK,Bologna,24,1999,11.7,0,0,0,0,4,0,0,0,0,0,0,0,16,4,0,100.0,Matches
493,Ante Rebić,hr CRO,"FW,MF",Lecce,30,1993,8.8,3,2,0,19,14,7,32,2,9,0,0,0,33,27,37,42.2,Matches
494,Tijjani Reijnders,nl NED,MF,Milan,26,1998,34.8,2,1,0,28,22,2,46,38,13,1,0,0,125,5,15,25.0,Matches
495,Pepe Reina,es ESP,GK,Como,41,1982,11.5,0,1,0,1,1,0,0,0,0,0,0,0,11,1,0,100.0,Matches
496,Devyne Rensch,nl NED,DF,Roma,21,2003,5.2,0,0,0,1,7,1,11,7,13,0,0,0,13,10,7,58.8,Matches
497,Mateo Retegui,it ITA,FW,Atalanta,25,1999,26.5,3,0,0,32,34,6,15,4,9,2,0,0,69,51,68,42.9,Matches
498,Samuele Ricci,it ITA,MF,Torino,22,2001,31.4,8,1,0,38,70,0,30,25,21,0,0,0,130,14,15,48.3,Matches
499,Amir Richardson,ma MAR,MF,Fiorentina,22,2002,12.2,6,0,0,31,19,1,5,6,13,0,0,0,51,19,16,54.3,Matches
500,Sergi Roberto,es ESP,MF,Como,32,1992,7.7,4,0,0,7,14,0,6,9,8,0,2,0,48,7,9,43.8,Matches
501,Alessio Romagnoli,it ITA,DF,Lazio,29,1995,29.7,4,2,0,29,14,2,0,26,29,0,0,0,96,84,47,64.1,Matches
502,Marten de Roon,nl NED,"MF,DF",Atalanta,33,1991,34.0,5,0,0,48,22,1,28,47,48,0,0,0,140,46,29,61.3,Matches
503,Jonas Rouhi,se SWE,DF,Juventus,20,2004,2.3,0,0,0,4,2,0,3,3,1,0,0,0,15,0,4,0.0,Matches
504,Nicolò Rovella,it ITA,MF,Lazio,22,2001,30.2,13,0,0,43,33,2,37,47,50,0,0,0,154,11,19,36.7,Matches
505,Amir Rrahmani,xk KVX,DF,Napoli,30,1994,37.8,2,0,0,42,16,0,1,27,31,0,0,1,135,124,55,69.3,Matches
506,Tommaso Rubino,it ITA,MF,Fiorentina,17,2006,0.1,0,0,0,1,0,0,0,0,0,0,0,0,2,0,0,,Matches
507,Matteo Ruggeri,it ITA,DF,Atalanta,22,2002,19.5,2,0,0,12,5,2,82,22,24,0,0,0,124,23,15,60.5,Matches
508,Stefano Sabelli,it ITA,DF,Genoa,31,1993,22.9,3,0,0,25,23,0,60,22,31,0,0,0,92,16,26,38.1,Matches
509,Alexis Saelemaekers,be BEL,"DF,FW",Roma,25,1999,15.4,4,0,0,13,30,0,53,9,20,2,0,0,75,8,3,72.7,Matches
510,Alexis Saelemaekers,be BEL,"DF,FW",Milan,25,1999,1.0,0,0,0,0,2,0,10,1,1,0,0,0,4,0,0,,Matches
511,Richie Sagrado,be BEL,DF,Venezia,20,2004,1.6,1,0,0,2,2,0,0,3,2,0,0,0,6,2,0,100.0,Matches
512,Marco Sala,it ITA,DF,Como,25,1999,2.9,3,0,0,5,1,0,9,1,6,0,0,0,11,1,2,33.3,Matches
513,Marco Sala,it ITA,DF,Lecce,25,1999,0.8,0,0,0,1,1,0,8,0,0,0,0,0,1,0,2,0.0,Matches
514,Anass Salah-Eddine,ma MAR,DF,Roma,22,2002,1.7,0,0,0,2,1,0,6,1,1,0,0,0,6,0,1,0.0,Matches
515,Lazar Samardzic,rs SRB,MF,Atalanta,22,2002,13.0,3,0,0,19,10,1,60,2,15,0,0,0,50,4,23,14.8,Matches
516,Junior Sambia,fr FRA,"DF,FW",Empoli,27,1996,4.3,0,0,0,6,9,0,28,2,10,0,0,0,18,7,7,50.0,Matches
517,Antonio Sanabria,py PAR,FW,Torino,28,1996,14.6,2,0,0,16,13,1,0,1,3,1,0,0,24,26,58,31.0,Matches
518,Alexis Sánchez,cl CHI,FW,Udinese,35,1988,4.9,0,0,0,4,11,4,8,4,1,0,0,0,17,2,12,14.3,Matches
519,Nicola Sansone,it ITA,"MF,FW",Lecce,32,1991,0.7,1,0,0,0,1,1,4,0,0,0,0,0,1,0,1,0.0,Matches
520,Amin Sarr,se SWE,FW,Hellas Verona,23,2001,21.2,1,0,0,47,20,13,7,3,12,0,1,0,42,65,91,41.7,Matches
521,Razvan Sava,ro ROU,GK,Udinese,22,2002,12.0,1,0,0,1,1,0,0,0,0,0,1,0,13,0,1,0.0,Matches
522,Nicolò Savona,it ITA,DF,Juventus,21,2003,19.2,5,0,0,13,9,1,34,11,13,0,0,0,72,9,18,33.3,Matches
523,Saba Sazonov,ge GEO,DF,Torino,22,2002,0.0,0,0,0,0,0,0,0,0,0,0,0,0,0,0,0,,Matches
524,Giorgio Scalvini,it ITA,DF,Atalanta,20,2003,3.0,2,0,0,7,1,0,0,4,4,0,0,0,13,8,6,57.1,Matches
525,Gianluca Scamacca,it ITA,FW,Atalanta,25,1999,0.1,0,0,0,0,0,0,0,0,0,0,0,0,0,0,0,,Matches
526,Joël Schingtienne,be BEL,DF,Venezia,21,2002,12.5,2,0,0,7,1,0,0,14,16,0,1,0,49,4,14,22.2,Matches
527,Simone Scuffet,it ITA,GK,Cagliari,28,1996,13.0,0,0,0,0,1,0,0,0,0,0,0,0,17,3,1,75.0,Matches
528,Simone Scuffet,it ITA,GK,Napoli,28,1996,1.0,0,0,0,0,0,0,0,0,0,0,0,0,0,1,0,100.0,Matches
529,Jacopo Seghetti,it ITA,GK,Empoli,19,2005,1.0,0,0,0,0,0,0,0,0,0,0,0,0,0,0,0,,Matches
530,Stefano Sensi,it ITA,MF,Monza,28,1995,3.0,0,0,0,3,6,0,12,3,5,0,0,0,16,2,3,40.0,Matches
531,Suat Serdar,de GER,MF,Hellas Verona,27,1997,15.3,4,1,1,33,18,0,9,8,22,0,0,0,74,14,14,50.0,Matches
532,Stephan El Shaarawy,it ITA,"DF,MF",Roma,31,1992,12.2,2,0,0,7,14,5,27,10,12,1,0,0,48,5,19,20.8,Matches
533,Alen Sherri,al ALB,GK,Cagliari,26,1997,6.9,0,0,0,0,0,0,0,1,0,0,0,0,15,0,0,,Matches
534,Eldor Shomurodov,uz UZB,"FW,MF",Roma,29,1995,12.2,1,0,0,14,7,3,6,3,6,0,0,0,36,26,38,40.6,Matches
535,Benjamin Siegrist,ch SUI,GK,Genoa,32,1992,1.7,0,0,0,0,0,0,0,1,0,0,0,0,2,0,0,,Matches
536,Marco Silvestri,it ITA,GK,Empoli,33,1991,5.0,0,0,0,0,0,0,0,0,0,0,0,0,6,1,0,100.0,Matches
537,Giovanni Simeone,ar ARG,FW,Napoli,29,1995,4.7,1,0,0,7,16,2,3,1,0,0,0,0,25,8,34,19.0,Matches
538,Łukasz Skorupski,pl POL,GK,Bologna,33,1991,26.3,1,0,0,1,4,0,0,0,0,0,1,0,47,2,1,66.7,Matches
539,Ivan Smolčić,hr CRO,DF,Como,23,2000,7.0,2,0,0,11,5,0,4,10,9,0,1,0,27,11,10,52.4,Matches
540,Simon Sohm,ch SUI,MF,Parma,23,2001,33.2,6,0,0,19,30,1,15,26,17,0,0,0,127,29,29,50.0,Matches
541,Ola Solbakken,no NOR,"MF,FW",Empoli,25,1998,8.4,2,0,0,8,2,2,7,2,4,0,0,0,19,9,19,32.1,Matches
542,Oumar Solet,fr FRA,DF,Udinese,24,2000,18.6,3,1,1,17,14,0,9,17,19,0,0,0,92,20,20,50.0,Matches
543,Daniele Sommariva,it ITA,GK,Genoa,27,1997,0.3,0,0,0,0,0,0,0,0,0,0,0,0,0,1,0,100.0,Matches
544,Yann Sommer,ch SUI,GK,Inter,35,1988,33.0,0,0,0,0,1,0,0,0,0,0,0,0,46,4,0,100.0,Matches
545,Borna Sosa,hr CRO,DF,Torino,26,1998,13.1,0,0,0,12,7,1,51,14,19,0,1,0,53,16,19,45.7,Matches
546,Riccardo Sottil,it ITA,"FW,MF",Fiorentina,25,1999,9.3,1,0,0,7,33,1,41,4,4,1,0,0,44,4,9,30.8,Matches
547,Riccardo Sottil,it ITA,"FW,MF",Milan,25,1999,1.4,0,0,0,1,3,0,9,0,1,0,0,0,5,1,0,100.0,Matches
548,Matìas Soulé,ar ARG,"MF,DF",Roma,21,2003,19.8,3,0,0,12,36,1,88,9,16,0,0,0,105,10,17,37.0,Matches
549,Leonardo Spinazzola,it ITA,"DF,FW",Napoli,31,1993,16.9,1,0,0,6,13,1,65,9,10,0,0,0,62,3,3,50.0,Matches
550,Marco Sportiello,it ITA,GK,Milan,32,1992,1.4,0,0,0,0,0,0,0,0,0,0,0,0,1,0,0,,Matches
551,Filip Stankovic,rs SRB,GK,Venezia,22,2002,15.2,1,0,0,0,1,0,0,0,0,0,0,0,15,5,0,100.0,Matches
552,Petar Stojanović,si SVN,MF,Empoli,28,1995,0.0,0,0,0,0,0,0,0,0,0,0,0,0,1,0,0,,Matches
553,Gabriel Strefezza,br BRA,"FW,MF",Como,27,1997,29.1,5,0,0,46,71,2,123,13,39,0,0,0,108,10,24,29.4,Matches
554,Ibrahim Sulemana,gh GHA,MF,Atalanta,21,2003,3.1,1,0,0,2,2,0,0,0,4,0,0,0,13,9,4,69.2,Matches
555,Tomáš Suslov,sk SVK,"MF,FW",Hellas Verona,22,2002,23.1,7,1,1,54,65,2,49,18,38,0,0,0,88,5,25,16.7,Matches
556,Zion Suzuki,jp JPN,GK,Parma,21,2002,36.8,2,1,1,3,6,0,0,0,0,0,1,0,44,13,1,92.9,Matches
557,Marin Šverko,hr CRO,DF,Venezia,26,1998,12.4,3,0,0,9,10,0,2,16,9,0,1,0,44,20,20,50.0,Matches
558,Mile Svilar,rs SRB,GK,Roma,24,1999,38.0,1,0,0,0,8,0,0,0,0,0,0,0,53,6,1,85.7,Matches
559,Michael Svoboda,at AUT,DF,Venezia,25,1998,14.6,1,0,0,7,11,0,2,22,14,0,0,0,71,35,28,55.6,Matches
560,Adrien Tameze,cm CMR,"MF,DF",Torino,30,1994,7.2,3,0,0,8,4,0,9,10,2,0,1,0,25,11,8,57.9,Matches
561,Mehdi Taremi,ir IRN,FW,Inter,32,1992,9.1,1,0,0,9,13,6,1,0,1,1,0,0,29,19,24,44.2,Matches
562,Nuno Tavares,pt POR,DF,Lazio,24,2000,18.7,4,1,1,18,30,1,126,21,21,0,1,0,104,11,11,50.0,Matches
563,Loum Tchaouna,fr FRA,"FW,MF",Lazio,20,2003,7.3,4,1,1,10,7,0,32,4,4,0,0,0,18,5,26,16.1,Matches
564,Jackson Tchatchoua,cm CMR,"DF,MF",Hellas Verona,22,2001,35.2,7,1,0,26,11,8,118,14,31,0,1,0,121,30,34,46.9,Matches
565,Casper Tengstedt,dk DEN,FW,Hellas Verona,24,2000,16.9,2,0,0,6,9,6,10,4,5,0,0,0,37,20,61,24.7,Matches
566,Filippo Terracciano,it ITA,"DF,MF",Milan,21,2003,6.0,3,0,0,11,9,1,3,6,6,0,0,0,21,10,5,66.7,Matches
567,Pietro Terracciano,it ITA,GK,Fiorentina,34,1990,3.0,0,0,0,0,0,0,0,0,0,0,0,0,4,0,0,,Matches
568,Florian Thauvin,fr FRA,"FW,MF",Udinese,31,1993,21.7,0,0,0,10,27,3,168,7,14,0,0,0,68,5,10,33.3,Matches
569,Malick Thiaw,de GER,DF,Milan,22,2001,20.1,2,0,0,24,6,1,3,15,17,0,0,3,65,49,27,64.5,Matches
570,Morten Thorsby,no NOR,"MF,FW",Genoa,28,1996,21.1,6,0,0,53,15,9,9,5,30,0,2,1,51,107,99,51.9,Matches
571,Khéphren Thuram,fr FRA,MF,Juventus,23,2001,25.8,5,0,0,36,22,0,13,14,21,0,0,0,110,28,29,49.1,Matches
572,Marcus Thuram,fr FRA,FW,Inter,26,1997,25.4,1,0,0,30,36,13,13,3,10,2,0,0,71,45,34,57.0,Matches
573,Rafael Tolói,it ITA,DF,Atalanta,33,1990,5.2,1,0,0,6,2,0,2,8,5,0,0,0,33,9,1,90.0,Matches
574,Fikayo Tomori,eng ENG,DF,Milan,26,1997,17.7,4,1,1,10,8,0,6,20,25,0,0,0,60,28,30,48.3,Matches
575,Luka Topalović,si SVN,MF,Inter,18,2006,0.1,0,0,0,0,0,0,0,0,1,0,0,0,0,0,0,,Matches
576,Lorenzo Tosto,it ITA,DF,Empoli,18,2006,0.0,0,0,0,0,0,0,0,0,0,0,0,0,0,0,0,,Matches
577,Souleymane Touré,fr FRA,DF,Udinese,21,2003,8.1,2,2,0,15,6,1,6,9,6,0,0,1,23,7,5,58.3,Matches
578,Stefano Turati,it ITA,GK,Monza,22,2001,29.7,1,0,0,0,12,0,0,0,0,0,0,0,32,3,1,75.0,Matches
579,Kacper Urbanski,pl POL,MF,Bologna,19,2004,2.7,2,0,0,5,4,0,8,2,2,0,0,0,16,2,8,20.0,Matches
580,Kacper Urbanski,pl POL,MF,Monza,19,2004,5.6,1,0,0,8,4,0,4,2,3,0,0,0,23,6,13,31.6,Matches
581,Lautaro Valenti,ar ARG,DF,Parma,25,1999,17.3,6,1,1,24,7,0,2,13,12,0,0,0,48,24,21,53.3,Matches
582,Nicolás Valentini,ar ARG,DF,Hellas Verona,23,2001,12.5,5,1,1,22,5,0,5,15,23,0,1,0,43,50,13,79.4,Matches
583,Emanuele Valeri,it ITA,DF,Parma,25,1998,31.9,1,0,0,28,26,0,129,29,31,0,0,0,124,19,19,50.0,Matches
584,Álex Valle,es ESP,DF,Como,20,2004,11.4,2,0,0,14,18,1,16,8,12,0,0,0,51,6,15,28.6,Matches
585,Mattia Valoti,it ITA,MF,Monza,30,1993,0.4,1,0,0,2,2,0,0,0,3,0,0,0,3,0,1,0.0,Matches
586,Ignace Van Der Brempt,be BEL,DF,Como,22,2002,14.0,3,0,0,21,15,0,20,17,32,0,0,0,59,18,15,54.5,Matches
587,Devis Vásquez,co COL,GK,Empoli,26,1998,32.0,2,0,0,1,4,0,0,0,0,0,1,0,43,8,1,88.9,Matches
588,Johan Vásquez,mx MEX,DF,Genoa,25,1998,33.8,9,0,0,31,32,1,7,50,31,1,1,0,122,93,75,55.4,Matches
589,Matías Vecino,uy URU,MF,Lazio,32,1991,9.7,7,0,0,20,3,0,2,5,7,0,0,0,29,30,28,51.7,Matches
590,Danilo Veiga,pt POR,DF,Lecce,21,2002,4.2,0,0,0,6,11,0,17,4,6,0,0,0,19,5,11,31.3,Matches
591,Renato Veiga,pt POR,DF,Juventus,21,2003,12.1,2,0,0,9,2,1,0,19,12,0,0,0,38,27,11,71.1,Matches
592,Lorenzo Venturino,it ITA,"FW,MF",Genoa,18,2006,1.9,0,0,0,3,1,0,10,0,3,0,0,0,8,1,1,50.0,Matches
593,Simone Verdi,it ITA,"MF,FW",Como,32,1992,1.3,1,0,0,1,1,0,14,0,2,0,0,0,5,0,0,,Matches
594,Samuele Vignato,it ITA,MF,Monza,20,2004,5.2,0,0,0,3,3,1,14,0,3,0,0,0,12,5,13,27.8,Matches
595,Nicolas Viola,it ITA,"FW,MF",Cagliari,34,1989,14.1,2,0,0,20,34,8,79,3,7,0,0,0,52,21,24,46.7,Matches
596,Mattia Viti,it ITA,DF,Empoli,22,2002,28.6,3,0,0,30,29,1,0,48,45,0,0,0,97,61,52,54.0,Matches
597,Vitinha,pt POR,"FW,MF",Genoa,24,2000,14.8,2,0,0,23,25,8,45,12,8,0,0,0,53,31,28,52.5,Matches
598,Dušan Vlahović,rs SRB,FW,Juventus,24,2000,19.8,3,0,0,27,18,12,9,1,2,0,0,0,36,39,42,48.1,Matches
599,Vanja Vlahović,rs SRB,"FW,MF",Atalanta,20,2004,0.7,0,0,0,0,3,0,0,0,1,1,0,0,0,0,3,0.0,Matches
600,Nikola Vlašić,hr CRO,"MF,FW",Torino,26,1997,23.5,0,0,0,28,26,6,26,9,19,0,0,0,93,27,29,48.2,Matches
601,Alessandro Vogliacco,it ITA,DF,Genoa,25,1998,7.9,3,0,0,12,2,0,11,9,3,0,1,0,20,11,8,57.9,Matches
602,Alessandro Vogliacco,it ITA,DF,Parma,25,1998,8.6,2,0,0,10,5,0,2,3,2,0,0,1,24,17,13,56.7,Matches
603,Mërgim Vojvoda,xk KVX,DF,Torino,29,1995,12.3,4,0,0,13,4,1,40,7,10,0,0,0,53,8,10,44.4,Matches
604,Mërgim Vojvoda,xk KVX,DF,Como,29,1995,8.0,2,0,0,8,2,1,26,3,6,0,0,0,28,6,6,50.0,Matches
605,Stefan de Vrij,nl NED,DF,Inter,32,1992,19.2,2,0,0,9,5,0,0,23,12,0,0,0,66,65,38,63.1,Matches
606,Kyle Walker,eng ENG,DF,Milan,34,1990,7.3,1,0,0,7,4,0,11,9,9,0,0,0,37,6,3,66.7,Matches
607,Sebastian Walukiewicz,pl POL,DF,Torino,24,2000,18.5,6,0,0,29,7,1,24,18,20,0,0,0,52,23,36,39.0,Matches
608,Sebastian Walukiewicz,pl POL,DF,Empoli,24,2000,2.0,0,0,0,4,0,0,2,1,0,0,0,0,6,5,3,62.5,Matches
609,Timothy Weah,us USA,"DF,FW",Juventus,24,2000,18.2,4,0,0,20,14,3,44,14,19,0,0,0,60,19,24,44.2,Matches
610,Mateusz Wieteska,pl POL,DF,Cagliari,27,1997,2.0,1,0,0,4,0,0,0,7,0,0,1,0,11,2,7,22.2,Matches
611,John Yeboah,ec ECU,"FW,MF",Venezia,24,2000,13.6,6,0,0,14,21,4,26,4,3,1,0,0,45,6,10,37.5,Matches
612,Kenan Yıldız,tr TUR,"FW,MF",Juventus,19,2005,26.7,2,1,0,25,48,4,115,5,30,0,0,0,123,8,26,23.5,Matches
613,Mattia Zaccagni,it ITA,FW,Lazio,29,1995,29.8,10,0,0,35,98,9,156,29,27,0,0,0,86,19,21,47.5,Matches
614,Nicola Zalewski,pl POL,"DF,FW",Roma,22,2002,5.9,0,0,0,2,13,1,29,4,6,0,0,0,23,5,8,38.5,Matches
615,Nicola Zalewski,pl POL,"DF,MF",Inter,22,2002,4.8,4,0,0,7,11,0,23,2,4,0,0,0,21,2,3,40.0,Matches
616,Andre-Frank Zambo Anguissa,cm CMR,MF,Napoli,28,1995,31.7,5,0,0,39,36,2,23,35,26,1,1,0,150,67,50,57.3,Matches
617,Francesco Zampano,it ITA,DF,Venezia,30,1993,18.2,5,0,0,24,19,5,49,6,20,0,0,0,77,10,18,35.7,Matches
618,Nicolò Zaniolo,it ITA,FW,Fiorentina,25,1999,3.8,2,1,0,11,15,3,4,0,1,0,0,0,11,3,9,25.0,Matches
619,Nicolò Zaniolo,it ITA,"FW,MF",Atalanta,25,1999,4.0,4,0,0,9,17,0,4,1,0,0,0,0,11,4,5,44.4,Matches
620,Alessandro Zanoli,it ITA,"FW,DF",Genoa,23,2000,19.0,3,0,0,17,19,1,65,12,20,0,0,0,60,19,19,50.0,Matches
621,Duván Zapata,co COL,FW,Torino,33,1991,6.5,1,0,0,10,8,2,3,2,5,0,0,0,15,20,28,41.7,Matches
622,Gabriele Zappa,it ITA,DF,Cagliari,24,1999,34.0,4,0,0,25,18,0,72,23,23,0,0,0,123,21,27,43.8,Matches
623,Davide Zappacosta,it ITA,DF,Atalanta,32,1992,23.0,3,0,0,19,14,6,95,11,16,0,0,0,89,9,12,42.9,Matches
624,Oier Zarraga,es ESP,MF,Udinese,25,1999,10.0,0,0,0,12,6,0,20,2,13,0,0,0,25,6,11,35.3,Matches
625,Jordan Zemura,zw ZIM,DF,Udinese,24,1999,15.7,2,0,0,22,7,2,39,16,14,0,0,0,60,6,14,30.0,Matches
626,Alessio Zerbin,it ITA,DF,Venezia,25,1999,16.9,4,0,0,36,34,3,74,15,28,0,0,0,69,10,12,45.5,Matches
627,Alessio Zerbin,it ITA,"FW,DF",Napoli,25,1999,0.0,0,0,0,0,0,0,0,0,1,0,0,0,0,0,0,,Matches
628,Kevin Zeroli,it ITA,MF,Monza,19,2005,4.4,0,0,0,5,1,2,2,2,2,0,0,0,15,5,4,55.6,Matches
629,Kevin Zeroli,it ITA,MF,Milan,19,2005,0.1,0,0,0,0,0,0,0,0,1,0,0,0,1,0,0,,Matches
630,Piotr Zieliński,pl POL,MF,Inter,30,1994,10.9,0,0,0,9,16,0,28,6,10,0,0,0,58,9,3,75.0,Matches
631,Nadir Zortea,it ITA,"DF,MF",Cagliari,25,1999,30.1,2,0,0,33,22,1,119,19,14,0,1,0,96,17,30,36.2,Matches
632,Szymon Żurkowski,pl POL,MF,Empoli,26,1997,1.2,0,0,0,2,1,0,0,1,4,0,0,0,10,0,0,,Matches
633,Milan Đurić,ba BIH,FW,Monza,34,1990,14.1,3,0,0,17,18,5,0,2,1,0,0,0,13,132,50,72.5,Matches
634,Milan Đurić,ba BIH,FW,Parma,34,1990,3.0,1,0,0,2,6,1,0,0,0,0,0,0,8,35,15,70.0,Matches
